Order_ID,Customer_ID,Order_Date,Pickup_Location_ID,Delivery_Location_ID,Priority,Order_Value,Weight_KG,Expected_Delivery_Date,Order_Status
ORD_0000001,CUST_000160,2026-04-26 10:56:06,LOC_0020,LOC_0001,Standard,12017.39,1435.24,2025-10-02 23:53:57,Delivered
ORD_0000002,CUST_000237,2026-07-05 07:09:24,LOC_0001,LOC_0036,Standard,37435.49,1250.98,2026-02-25 16:14:44,Delivered
ORD_0000003,CUST_000820,2025-12-12 15:44:41,LOC_0040,LOC_0045,Standard,45449.29,1345.57,2026-06-27 00:14:40,Delivered
ORD_0000004,CUST_000504,2026-01-18 04:57:00,LOC_0013,LOC_0021,Standard,2370.06,4861.72,2025-10-10 10:55:58,Delivered
ORD_0000005,CUST_000320,2025-11-26 09:05:21,LOC_0032,LOC_0024,Express,7278.85,3753.35,2026-04-01 00:18:42,Delivered
ORD_0000006,CUST_000391,2025-10-13 15:47:25,LOC_0001,LOC_0008,Express,82885.15,1237.32,2026-07-27 13:26:13,Delivered
ORD_0000007,CUST_000320,2026-04-05 12:50:12,LOC_0021,LOC_0011,Express,46939.51,612.46,2026-06-03 04:19:28,Delivered
ORD_0000008,CUST_000814,2026-06-25 21:43:18,LOC_0018,LOC_0038,Standard,82366.55,2906.22,2025-11-20 15:42:37,Delivered
ORD_0000009,CUST_000062,2026-01-31 15:40:42,LOC_0004,LOC_0023,Standard,9574.59,2440.24,2026-06-10 03:56:41,Cancelled
ORD_0000010,CUST_000022,2026-05-05 17:56:26,LOC_0045,LOC_0025,Express,3836.78,3533.72,2026-02-19 11:40:35,Delivered
ORD_0000011,CUST_000889,2026-02-20 05:11:25,LOC_0039,LOC_0036,Standard,25484.34,1318.22,2025-12-05 09:28:36,Delivered
ORD_0000012,CUST_000245,2026-04-11 20:56:46,LOC_0021,LOC_0047,Express,33242.98,2621.3,2025-10-27 22:21:54,Delivered
ORD_0000013,CUST_000045,2026-06-06 21:00:39,LOC_0009,LOC_0012,Standard,16691.61,161.02,2026-09-07 18:59:53,Delivered
ORD_0000014,CUST_000073,2025-10-24 05:13:07,LOC_0001,LOC_0014,Standard,7256.35,4005.5,2026-06-14 21:24:30,Delivered
ORD_0000015,CUST_000752,2026-04-25 02:53:31,LOC_0005,LOC_0020,Urgent,8706.58,3626.41,2025-10-31 16:22:31,Delivered
ORD_0000016,CUST_000426,2026-09-08 11:58:05,LOC_0048,LOC_0007,Express,39261.89,3326.88,2026-07-27 06:30:28,Delivered
ORD_0000017,CUST_000454,2026-03-16 20:49:25,LOC_0023,LOC_0021,Same Day,31910.3,3821.39,2026-05-02 13:31:54,Delivered
ORD_0000018,CUST_000261,2025-10-06 23:24:06,LOC_0024,LOC_0029,Same Day,3429.02,1423.84,2026-03-23 22:41:40,Delivered
ORD_0000019,CUST_000791,2025-10-15 07:10:47,LOC_0045,LOC_0018,Express,78740.45,775.26,2026-09-25 13:36:49,Delivered
ORD_0000020,CUST_000585,2026-04-08 06:31:04,LOC_0026,LOC_0037,Standard,27936.48,2413.7,2026-09-26 08:59:46,Delivered
ORD_0000021,CUST_000081,2026-07-26 20:00:27,LOC_0004,LOC_0022,Urgent,79105.79,604.46,2026-02-13 11:05:00,Delivered
ORD_0000022,CUST_000043,2026-07-11 18:15:30,LOC_0021,LOC_0035,Standard,19157.36,254.5,2026-05-11 03:54:09,Cancelled
ORD_0000023,CUST_000228,2025-10-19 19:03:52,LOC_0028,LOC_0019,Standard,7475.06,2858.06,2026-08-04 10:36:34,Delivered
ORD_0000024,CUST_000203,2026-01-02 17:59:32,LOC_0032,LOC_0026,Express,84753.16,2622.19,2026-06-13 00:21:14,Delivered
ORD_0000025,CUST_000196,2026-08-15 17:10:13,LOC_0021,LOC_0023,Express,14802.07,1749.88,2026-05-20 09:25:06,Cancelled
ORD_0000026,CUST_000240,2026-01-03 00:49:34,LOC_0013,LOC_0044,Standard,7751.32,3698.43,2026-02-26 20:39:36,Cancelled
ORD_0000027,CUST_000114,2026-04-21 20:38:36,LOC_0020,LOC_0029,Standard,45961.46,1020.6,2026-04-04 00:29:26,Delivered
ORD_0000028,CUST_000540,2026-03-30 05:12:03,LOC_0003,LOC_0017,Standard,59356.51,1357.86,2025-12-08 07:23:31,Delivered
ORD_0000029,CUST_000020,2026-01-31 03:42:52,LOC_0019,LOC_0042,Standard,83023.71,499.82,2026-03-03 20:58:14,Delivered
ORD_0000030,CUST_000023,2026-02-12 07:40:29,LOC_0003,LOC_0016,Standard,33742.28,786.71,2026-09-26 07:34:45,Delivered
ORD_0000031,CUST_000912,2026-07-11 02:31:00,LOC_0002,LOC_0036,Standard,33695.54,688.03,2026-01-20 12:41:03,Delivered
ORD_0000032,CUST_000932,2026-08-07 08:58:17,LOC_0039,LOC_0022,Standard,12209.72,2707.69,2026-03-28 10:12:32,Delivered
ORD_0000033,CUST_000672,2026-08-22 16:22:07,LOC_0037,LOC_0011,Standard,61292.72,922.31,2026-02-05 03:45:13,Delivered
ORD_0000034,CUST_000842,2026-05-26 07:32:01,LOC_0041,LOC_0048,Standard,11615.63,132.94,2026-01-17 15:34:59,Delivered
ORD_0000035,CUST_000705,2026-02-28 02:50:36,LOC_0031,LOC_0009,Urgent,55388.54,921.51,2026-04-14 22:34:35,Delivered
ORD_0000036,CUST_000974,2026-03-20 05:53:12,LOC_0027,LOC_0015,Express,17785.5,887.04,2026-07-17 12:08:06,Delivered
ORD_0000037,CUST_000845,2026-06-06 17:40:32,LOC_0025,LOC_0047,Standard,48828.46,2681.72,2026-02-02 12:05:51,Delivered
ORD_0000038,CUST_000252,2025-10-19 18:55:07,LOC_0034,LOC_0035,Same Day,33235.12,3826.27,2026-03-03 11:25:59,Delivered
ORD_0000039,CUST_000707,2026-07-30 01:45:08,LOC_0034,LOC_0010,Urgent,61563.65,567.63,2026-03-31 04:46:29,Delivered
ORD_0000040,CUST_000605,2026-08-05 23:14:29,LOC_0046,LOC_0013,Standard,58950.12,4536.0,2026-09-12 04:46:06,Delivered
ORD_0000041,CUST_000394,2026-02-07 19:40:42,LOC_0047,LOC_0033,Urgent,32661.29,3841.77,2026-05-27 08:42:55,Delivered
ORD_0000042,CUST_000317,2026-05-30 10:08:05,LOC_0047,LOC_0029,Express,11617.75,1015.85,2026-01-23 09:46:02,Delivered
ORD_0000043,CUST_000223,2026-09-08 05:51:08,LOC_0038,LOC_0043,Standard,51302.8,34.85,2026-04-06 21:46:00,Delivered
ORD_0000044,CUST_000875,2026-03-11 13:46:19,LOC_0003,LOC_0043,Urgent,78272.51,247.06,2026-05-15 06:21:10,Cancelled
ORD_0000045,CUST_000610,2026-07-26 02:30:10,LOC_0037,LOC_0036,Same Day,30935.94,181.13,2025-12-09 23:25:56,Delivered
ORD_0000046,CUST_000138,2026-05-26 08:12:22,LOC_0008,LOC_0045,Standard,44832.6,3479.76,2026-09-02 17:16:59,Delivered
ORD_0000047,CUST_000724,2025-11-20 00:27:57,LOC_0019,LOC_0028,Urgent,49099.56,3116.97,2026-05-25 23:37:32,Delivered
ORD_0000048,CUST_000298,2026-08-07 03:55:54,LOC_0013,LOC_0001,Standard,10464.72,4240.65,2025-11-18 03:44:19,Delivered
ORD_0000049,CUST_000207,2025-10-03 00:35:58,LOC_0045,LOC_0019,Express,43315.27,1620.97,2026-01-10 09:56:39,Delivered
ORD_0000050,CUST_000854,2026-06-01 05:23:03,LOC_0022,LOC_0044,Urgent,55057.61,2408.51,2026-04-06 22:24:02,Delivered
ORD_0000051,CUST_000743,2026-09-10 12:29:11,LOC_0044,LOC_0021,Standard,58424.18,3998.08,2026-05-08 07:17:20,Delivered
ORD_0000052,CUST_000170,2026-08-29 18:54:32,LOC_0037,LOC_0039,Standard,66608.06,1542.79,2026-03-02 23:04:36,Delivered
ORD_0000053,CUST_000310,2025-11-05 14:35:05,LOC_0014,LOC_0034,Standard,3659.88,1012.09,2026-01-29 05:08:34,Delivered
ORD_0000054,CUST_000537,2025-11-21 04:27:55,LOC_0020,LOC_0021,Express,83502.11,2581.7,2025-11-26 07:39:56,Delivered
ORD_0000055,CUST_000609,2025-10-09 08:58:59,LOC_0006,LOC_0022,Urgent,65242.23,3728.28,2026-03-31 15:46:11,Delivered
ORD_0000056,CUST_000452,2026-04-18 06:50:40,LOC_0043,LOC_0008,Standard,1789.19,3115.48,2026-01-17 22:42:19,Delivered
ORD_0000057,CUST_000251,2026-04-01 11:01:31,LOC_0011,LOC_0005,Express,37988.23,652.11,2026-01-30 19:53:40,Delivered
ORD_0000058,CUST_000607,2026-07-22 04:16:33,LOC_0041,LOC_0045,Standard,28582.06,992.34,2026-07-02 20:21:02,Delivered
ORD_0000059,CUST_000480,2025-12-26 13:22:02,LOC_0007,LOC_0030,Express,39826.01,1160.01,2026-01-30 15:32:01,Delivered
ORD_0000060,CUST_000882,2025-12-05 23:26:15,LOC_0021,LOC_0030,Standard,30196.75,2307.29,2026-04-10 08:01:02,Delivered
ORD_0000061,CUST_000334,2026-05-29 18:25:29,LOC_0036,LOC_0042,Express,34368.99,2068.38,2025-10-30 06:23:02,Delivered
ORD_0000062,CUST_000804,2026-07-14 18:51:08,LOC_0028,LOC_0037,Standard,15125.72,3348.69,2026-08-06 05:47:11,Delivered
ORD_0000063,CUST_000456,2026-02-24 19:09:30,LOC_0012,LOC_0020,Standard,69288.64,3857.17,2026-03-09 11:44:40,Delivered
ORD_0000064,CUST_000652,2025-12-15 15:11:49,LOC_0001,LOC_0010,Standard,33453.53,2890.5,2026-06-16 18:47:51,Delivered
ORD_0000065,CUST_000938,2026-01-22 21:27:06,LOC_0023,LOC_0006,Standard,34654.68,639.52,2026-05-17 02:39:55,Delivered
ORD_0000066,CUST_000289,2026-02-25 19:53:45,LOC_0002,LOC_0016,Express,27381.76,1915.18,2026-03-18 18:46:17,Delivered
ORD_0000067,CUST_000861,2025-10-06 17:51:33,LOC_0027,LOC_0010,Same Day,11846.44,360.59,2026-01-21 04:36:40,Delivered
ORD_0000068,CUST_000467,2026-02-27 01:15:10,LOC_0045,LOC_0039,Express,36338.54,4100.72,2026-03-17 11:35:50,Delivered
ORD_0000069,CUST_000276,2025-11-13 14:13:13,LOC_0027,LOC_0035,Standard,48508.64,3525.0,2026-05-15 07:57:42,Delivered
ORD_0000070,CUST_000798,2026-07-15 16:28:03,LOC_0018,LOC_0030,Standard,7973.72,2363.31,2026-04-21 20:23:48,Delivered
ORD_0000071,CUST_000481,2026-08-06 15:25:53,LOC_0030,LOC_0033,Standard,36075.86,4802.99,2026-09-20 12:14:03,Delivered
ORD_0000072,CUST_000645,2025-10-11 05:53:18,LOC_0031,LOC_0038,Express,25153.15,3687.43,2025-12-07 13:18:35,Delivered
ORD_0000073,CUST_000264,2026-02-21 05:55:42,LOC_0001,LOC_0048,Express,62942.73,3296.46,2025-11-15 08:33:15,Delivered
ORD_0000074,CUST_000087,2026-01-01 01:16:58,LOC_0010,LOC_0039,Standard,84457.98,3852.3,2026-08-20 00:01:37,Delivered
ORD_0000075,CUST_000774,2026-04-25 10:54:21,LOC_0008,LOC_0004,Standard,40744.5,4741.36,2025-12-07 07:12:02,Delivered
ORD_0000076,CUST_000950,2026-04-24 23:27:53,LOC_0029,LOC_0025,Standard,81271.08,488.63,2026-06-23 05:37:48,Delivered
ORD_0000077,CUST_000101,2026-05-17 06:45:36,LOC_0017,LOC_0042,Standard,63798.18,3672.1,2026-05-19 12:42:53,Delivered
ORD_0000078,CUST_000013,2025-12-14 15:05:01,LOC_0027,LOC_0007,Standard,19040.68,1417.92,2026-04-25 05:02:00,Delivered
ORD_0000079,CUST_000125,2026-05-08 11:35:44,LOC_0046,LOC_0008,Urgent,55965.35,4499.69,2025-11-04 18:51:07,Delivered
ORD_0000080,CUST_000465,2025-10-29 09:09:16,LOC_0018,LOC_0028,Urgent,27827.65,811.51,2026-06-27 10:36:07,Delivered
ORD_0000081,CUST_000072,2026-03-17 03:01:35,LOC_0032,LOC_0013,Standard,9662.37,2704.08,2026-05-28 19:55:43,Delivered
ORD_0000082,CUST_000020,2026-06-29 12:26:21,LOC_0032,LOC_0010,Express,56659.19,1333.65,2026-06-13 04:43:24,Delivered
ORD_0000083,CUST_000865,2025-11-16 17:09:06,LOC_0047,LOC_0005,Standard,58742.58,3899.59,2026-05-01 20:33:51,Delivered
ORD_0000084,CUST_000093,2026-06-09 05:18:58,LOC_0024,LOC_0035,Same Day,39339.53,3833.01,2026-08-29 08:27:11,Delivered
ORD_0000085,CUST_000368,2026-07-07 03:54:21,LOC_0032,LOC_0006,Express,12325.18,967.08,2026-09-11 07:58:01,Cancelled
ORD_0000086,CUST_000512,2025-11-15 13:02:08,LOC_0035,LOC_0029,Standard,67067.29,215.99,2025-10-10 01:28:16,Delivered
ORD_0000087,CUST_000239,2025-10-18 10:21:16,LOC_0005,LOC_0003,Standard,40318.06,4590.26,2026-07-15 14:18:54,Delivered
ORD_0000088,CUST_000468,2026-08-07 00:18:17,LOC_0040,LOC_0011,Express,9484.99,2486.72,2026-08-23 21:43:46,Delivered
ORD_0000089,CUST_000333,2025-10-18 08:20:57,LOC_0008,LOC_0044,Standard,82016.51,1067.73,2026-05-15 17:36:01,Delivered
ORD_0000090,CUST_000169,2026-02-23 17:14:50,LOC_0029,LOC_0016,Express,67343.92,3161.71,2026-09-26 16:08:06,Delivered
ORD_0000091,CUST_000608,2026-06-06 03:03:35,LOC_0019,LOC_0027,Urgent,59004.28,1032.39,2026-06-27 17:16:02,Delivered
ORD_0000092,CUST_000627,2025-11-15 06:42:15,LOC_0006,LOC_0041,Express,886.17,1179.72,2026-08-20 11:12:34,Cancelled
ORD_0000093,CUST_000520,2025-11-27 14:15:32,LOC_0015,LOC_0030,Express,4984.33,565.17,2026-07-28 10:51:39,Delivered
ORD_0000094,CUST_000373,2025-11-10 04:43:37,LOC_0019,LOC_0014,Standard,75711.73,2266.83,2026-03-20 18:42:05,Delivered
ORD_0000095,CUST_000456,2026-02-04 07:13:28,LOC_0038,LOC_0021,Standard,28020.38,3895.32,2026-03-16 13:19:09,Delivered
ORD_0000096,CUST_000912,2026-07-07 04:40:19,LOC_0028,LOC_0010,Urgent,33229.41,683.75,2025-12-24 13:15:22,Delivered
ORD_0000097,CUST_000140,2025-11-30 12:49:23,LOC_0008,LOC_0030,Standard,19077.63,1477.22,2026-03-30 04:50:32,Delivered
ORD_0000098,CUST_000878,2026-07-11 03:42:38,LOC_0034,LOC_0032,Same Day,71225.57,1397.3,2026-08-31 18:45:41,Delivered
ORD_0000099,CUST_000153,2025-10-13 16:49:05,LOC_0037,LOC_0001,Same Day,40270.15,3843.49,2026-03-14 08:03:03,Delivered
ORD_0000100,CUST_000750,2026-06-17 11:18:56,LOC_0027,LOC_0014,Standard,84911.42,81.62,2025-11-23 18:04:06,Delivered
ORD_0000101,CUST_000721,2026-06-01 06:21:30,LOC_0026,LOC_0012,Urgent,59979.72,8.82,2026-08-04 05:50:38,Delivered
ORD_0000102,CUST_000628,2025-10-21 22:20:01,LOC_0035,LOC_0037,Standard,52928.47,1679.8,2026-08-08 11:21:46,Delivered
ORD_0000103,CUST_000376,2026-02-07 17:13:22,LOC_0012,LOC_0042,Express,65867.13,693.75,2026-05-08 15:14:42,Delivered
ORD_0000104,CUST_000362,2026-04-13 09:18:20,LOC_0018,LOC_0033,Standard,32002.76,2263.15,2026-06-25 07:33:18,Delivered
ORD_0000105,CUST_000377,2025-11-03 13:13:42,LOC_0044,LOC_0045,Same Day,16415.88,4420.13,2026-08-10 22:28:12,Delivered
ORD_0000106,CUST_000896,2026-04-02 16:33:57,LOC_0014,LOC_0034,Standard,58163.09,4658.74,2026-06-04 09:39:19,Delivered
ORD_0000107,CUST_000661,2026-06-28 06:41:28,LOC_0022,LOC_0027,Standard,28072.89,2967.6,2026-05-15 14:10:10,Delivered
ORD_0000108,CUST_000267,2026-03-26 16:59:42,LOC_0015,LOC_0031,Same Day,4498.45,1766.9,2026-02-23 09:18:36,Cancelled
ORD_0000109,CUST_000180,2026-01-31 14:37:07,LOC_0046,LOC_0045,Express,20603.0,207.67,2026-09-20 00:04:25,Delivered
ORD_0000110,CUST_000152,2026-04-12 14:21:17,LOC_0024,LOC_0029,Same Day,10765.91,126.58,2026-04-28 18:28:41,Delivered
ORD_0000111,CUST_000663,2026-06-16 15:17:46,LOC_0046,LOC_0019,Urgent,64226.66,4970.34,2026-04-04 16:50:27,Delivered
ORD_0000112,CUST_000695,2026-02-04 09:24:28,LOC_0036,LOC_0008,Standard,19120.83,1788.25,2026-01-30 20:05:58,Delivered
ORD_0000113,CUST_000086,2026-02-01 01:10:09,LOC_0035,LOC_0029,Express,43746.05,973.86,2026-06-22 14:54:04,Delivered
ORD_0000114,CUST_000382,2026-07-10 07:32:12,LOC_0001,LOC_0019,Standard,74378.5,439.82,2026-02-13 21:32:38,Delivered
ORD_0000115,CUST_000747,2026-09-02 13:22:43,LOC_0027,LOC_0009,Express,18057.73,2374.12,2026-08-22 18:16:08,Delivered
ORD_0000116,CUST_000180,2026-01-21 01:26:39,LOC_0036,LOC_0030,Express,17337.26,4161.75,2026-07-05 07:01:42,Delivered
ORD_0000117,CUST_000811,2026-06-16 06:12:54,LOC_0001,LOC_0010,Standard,54289.39,622.64,2026-01-13 02:56:53,Delivered
ORD_0000118,CUST_000069,2026-04-03 12:28:22,LOC_0039,LOC_0048,Express,73875.23,3140.72,2026-02-20 00:24:50,Cancelled
ORD_0000119,CUST_000866,2025-12-03 01:36:02,LOC_0017,LOC_0011,Standard,74717.81,679.22,2026-05-16 18:04:22,Delivered
ORD_0000120,CUST_000527,2026-01-31 10:44:48,LOC_0013,LOC_0041,Express,14622.99,1614.39,2025-12-13 21:17:49,Delivered
ORD_0000121,CUST_000361,2025-12-02 22:59:37,LOC_0010,LOC_0001,Standard,41473.97,1702.88,2025-11-25 07:53:17,Delivered
ORD_0000122,CUST_000545,2026-08-14 15:38:17,LOC_0046,LOC_0036,Express,39411.52,383.85,2026-07-02 00:40:49,Delivered
ORD_0000123,CUST_000612,2026-08-29 09:32:54,LOC_0034,LOC_0022,Express,69331.51,1113.34,2025-12-08 16:12:01,Delivered
ORD_0000124,CUST_000080,2026-05-19 00:15:16,LOC_0002,LOC_0031,Standard,3270.98,3299.62,2026-07-25 00:53:18,Delivered
ORD_0000125,CUST_000943,2026-08-25 03:27:09,LOC_0039,LOC_0014,Urgent,30204.59,455.72,2026-05-19 22:36:38,Delivered
ORD_0000126,CUST_000248,2025-12-14 00:48:15,LOC_0033,LOC_0037,Standard,1681.67,1086.56,2025-10-30 11:03:02,Cancelled
ORD_0000127,CUST_000102,2025-11-11 07:47:19,LOC_0014,LOC_0033,Express,50302.66,2199.45,2026-08-29 12:46:13,Delivered
ORD_0000128,CUST_000322,2026-07-08 02:15:09,LOC_0008,LOC_0030,Standard,31025.66,1442.78,2025-11-14 23:34:00,Delivered
ORD_0000129,CUST_000862,2026-09-13 03:10:10,LOC_0029,LOC_0015,Standard,36662.76,4284.16,2026-05-06 07:03:04,Delivered
ORD_0000130,CUST_000406,2025-11-09 03:34:16,LOC_0029,LOC_0034,Express,33861.57,3475.8,2026-06-15 10:09:34,Delivered
ORD_0000131,CUST_000414,2026-05-19 04:40:14,LOC_0008,LOC_0015,Standard,65127.04,3830.33,2026-08-25 02:32:46,Delivered
ORD_0000132,CUST_000497,2026-06-01 16:17:39,LOC_0033,LOC_0018,Express,21683.29,2487.37,2025-11-29 08:26:57,Cancelled
ORD_0000133,CUST_000028,2025-10-30 08:38:40,LOC_0012,LOC_0025,Express,53056.19,483.48,2026-05-24 20:14:59,Delivered
ORD_0000134,CUST_000556,2025-11-15 21:51:44,LOC_0022,LOC_0035,Standard,84215.13,4400.87,2026-05-03 20:59:50,Delivered
ORD_0000135,CUST_000799,2025-11-12 02:57:57,LOC_0020,LOC_0046,Standard,60978.61,2438.3,2025-12-07 06:18:26,Delivered
ORD_0000136,CUST_000058,2026-01-19 02:36:07,LOC_0026,LOC_0017,Express,57663.22,3832.82,2026-04-12 03:57:14,Delivered
ORD_0000137,CUST_000913,2026-06-14 10:39:19,LOC_0041,LOC_0022,Standard,30697.43,1757.64,2026-03-01 11:20:21,Delivered
ORD_0000138,CUST_000174,2026-03-13 05:03:55,LOC_0002,LOC_0035,Standard,36198.97,2574.77,2026-02-07 06:56:41,Delivered
ORD_0000139,CUST_000828,2026-02-09 12:11:19,LOC_0032,LOC_0007,Express,42983.94,3824.99,2026-06-27 16:16:43,Delivered
ORD_0000140,CUST_000871,2026-05-31 04:53:15,LOC_0035,LOC_0014,Standard,48962.5,4023.41,2026-01-23 10:17:03,Delivered
ORD_0000141,CUST_000438,2026-06-15 07:18:59,LOC_0014,LOC_0023,Standard,43142.04,1500.95,2026-08-07 22:33:29,Delivered
ORD_0000142,CUST_000903,2026-08-16 14:49:51,LOC_0002,LOC_0041,Standard,42682.71,3304.71,2026-07-04 18:40:34,Delivered
ORD_0000143,CUST_000745,2026-07-24 22:42:34,LOC_0041,LOC_0004,Standard,20811.6,3732.67,2026-04-25 06:02:25,Delivered
ORD_0000144,CUST_000662,2026-01-04 00:29:06,LOC_0011,LOC_0017,Express,10095.7,961.2,2026-06-25 14:29:30,Delivered
ORD_0000145,CUST_000280,2025-10-17 01:05:10,LOC_0009,LOC_0002,Express,47034.67,3222.18,2026-01-10 14:39:24,Cancelled
ORD_0000146,CUST_000306,2026-07-08 21:48:22,LOC_0005,LOC_0027,Standard,8130.88,4715.92,2026-09-16 02:45:05,Delivered
ORD_0000147,CUST_000954,2026-02-05 12:37:08,LOC_0034,LOC_0017,Urgent,10832.39,4033.82,2026-04-13 05:42:02,Delivered
ORD_0000148,CUST_000451,2026-01-31 13:21:07,LOC_0027,LOC_0017,Express,32162.57,4743.66,2026-09-02 03:40:46,Delivered
ORD_0000149,CUST_000022,2026-08-02 23:37:33,LOC_0042,LOC_0039,Urgent,80001.68,3454.03,2025-10-14 22:07:37,Delivered
ORD_0000150,CUST_000125,2026-01-07 21:11:54,LOC_0035,LOC_0016,Standard,81683.2,4637.68,2026-09-02 02:13:12,Delivered
ORD_0000151,CUST_000647,2026-04-09 14:21:08,LOC_0021,LOC_0042,Express,7267.99,3897.72,2026-03-10 14:43:18,Delivered
ORD_0000152,CUST_000361,2025-10-20 21:02:53,LOC_0027,LOC_0039,Urgent,38800.62,138.7,2026-07-13 05:56:15,Delivered
ORD_0000153,CUST_000085,2026-08-25 13:41:43,LOC_0008,LOC_0011,Standard,70687.51,3816.29,2026-01-08 07:26:47,Delivered
ORD_0000154,CUST_000847,2026-08-20 19:13:28,LOC_0021,LOC_0019,Standard,33750.26,1887.85,2025-12-18 19:41:42,Delivered
ORD_0000155,CUST_000474,2025-11-27 14:34:26,LOC_0013,LOC_0017,Urgent,52721.34,3002.76,2026-06-30 18:16:25,Delivered
ORD_0000156,CUST_000465,2026-01-12 00:38:32,LOC_0044,LOC_0032,Standard,80441.42,4067.44,2025-11-19 16:46:00,Delivered
ORD_0000157,CUST_000694,2026-05-28 12:38:56,LOC_0013,LOC_0027,Standard,25021.31,1310.47,2025-12-12 06:13:14,Delivered
ORD_0000158,CUST_000408,2026-05-04 23:04:04,LOC_0044,LOC_0014,Standard,50963.06,367.13,2026-07-08 21:32:46,Delivered
ORD_0000159,CUST_000613,2026-03-02 22:17:34,LOC_0046,LOC_0048,Standard,52861.09,1513.93,2026-08-13 04:24:33,Delivered
ORD_0000160,CUST_000348,2025-10-17 19:04:23,LOC_0030,LOC_0009,Standard,12481.74,585.98,2025-11-06 22:36:49,Cancelled
ORD_0000161,CUST_000898,2026-01-31 04:31:30,LOC_0017,LOC_0040,Express,26949.37,4463.57,2026-08-22 02:50:55,Delivered
ORD_0000162,CUST_000056,2026-09-13 07:05:22,LOC_0015,LOC_0012,Standard,39972.72,581.89,2025-10-16 17:35:57,Delivered
ORD_0000163,CUST_000127,2026-01-14 14:03:12,LOC_0023,LOC_0006,Urgent,14720.93,2544.67,2025-12-19 11:03:51,Delivered
ORD_0000164,CUST_000079,2025-11-17 00:29:23,LOC_0016,LOC_0032,Standard,24521.77,4906.71,2026-06-23 21:40:54,Delivered
ORD_0000165,CUST_000492,2026-03-25 14:40:07,LOC_0030,LOC_0041,Express,82445.61,3281.55,2026-01-16 05:28:16,Delivered
ORD_0000166,CUST_000818,2026-01-01 21:09:39,LOC_0004,LOC_0048,Standard,8320.56,1277.31,2025-10-31 10:58:52,Cancelled
ORD_0000167,CUST_000799,2026-03-17 13:19:28,LOC_0026,LOC_0019,Express,10690.87,2455.24,2026-06-10 05:32:42,Delivered
ORD_0000168,CUST_000502,2026-02-20 15:39:37,LOC_0029,LOC_0025,Standard,8123.79,2113.84,2026-04-05 18:18:52,Delivered
ORD_0000169,CUST_000664,2026-03-31 11:34:15,LOC_0044,LOC_0046,Urgent,55190.55,421.68,2025-12-02 04:25:11,Delivered
ORD_0000170,CUST_000255,2026-04-16 23:04:10,LOC_0034,LOC_0028,Express,78012.02,2568.05,2026-01-25 07:12:16,Delivered
ORD_0000171,CUST_000017,2026-03-11 07:11:51,LOC_0008,LOC_0048,Standard,71725.88,228.2,2026-06-17 11:54:39,Delivered
ORD_0000172,CUST_000990,2026-03-18 02:45:03,LOC_0012,LOC_0014,Standard,22412.34,3367.7,2025-12-13 16:07:45,Delivered
ORD_0000173,CUST_000674,2026-06-19 07:45:08,LOC_0048,LOC_0039,Standard,82796.4,1804.92,2026-07-12 10:16:22,Cancelled
ORD_0000174,CUST_000015,2026-06-09 13:03:30,LOC_0013,LOC_0008,Standard,73086.52,1047.73,2026-08-16 09:36:18,Delivered
ORD_0000175,CUST_000433,2025-10-08 06:23:45,LOC_0002,LOC_0008,Urgent,38124.97,2426.26,2025-12-05 04:57:17,Delivered
ORD_0000176,CUST_000106,2026-05-03 21:56:40,LOC_0041,LOC_0046,Same Day,62783.12,2980.01,2026-03-18 01:32:44,Cancelled
ORD_0000177,CUST_000627,2025-10-25 07:24:48,LOC_0044,LOC_0032,Express,36159.38,1580.62,2026-01-01 13:34:09,Delivered
ORD_0000178,CUST_000447,2026-05-16 20:49:41,LOC_0002,LOC_0011,Express,37520.35,2539.16,2026-01-21 23:17:07,Delivered
ORD_0000179,CUST_000427,2025-12-20 02:46:33,LOC_0044,LOC_0042,Standard,82544.57,811.8,2026-07-16 11:11:53,Delivered
ORD_0000180,CUST_000813,2026-01-09 22:21:31,LOC_0027,LOC_0032,Standard,84937.57,1795.22,2026-01-29 15:29:34,Delivered
ORD_0000181,CUST_000230,2026-09-13 17:44:18,LOC_0032,LOC_0017,Express,65573.02,2786.0,2026-02-12 01:06:21,Delivered
ORD_0000182,CUST_000986,2025-10-16 22:38:07,LOC_0008,LOC_0007,Express,80553.91,4118.4,2026-08-01 05:29:12,Delivered
ORD_0000183,CUST_000519,2026-08-26 04:55:53,LOC_0032,LOC_0047,Standard,28774.34,690.59,2026-09-06 04:39:50,Delivered
ORD_0000184,CUST_000176,2026-07-20 03:50:35,LOC_0006,LOC_0018,Express,53687.71,1228.77,2026-02-23 16:17:00,Delivered
ORD_0000185,CUST_000873,2026-04-19 13:29:28,LOC_0034,LOC_0044,Urgent,65577.83,3588.69,2026-02-20 11:12:23,Cancelled
ORD_0000186,CUST_000063,2026-07-04 16:32:15,LOC_0026,LOC_0003,Urgent,49050.09,4888.71,2026-06-14 16:44:19,Delivered
ORD_0000187,CUST_000739,2025-11-26 16:18:11,LOC_0048,LOC_0021,Standard,76567.62,3052.78,2026-09-22 07:31:57,Delivered
ORD_0000188,CUST_000909,2026-07-09 05:51:41,LOC_0042,LOC_0026,Standard,3623.98,1673.8,2026-08-01 16:26:48,Delivered
ORD_0000189,CUST_000349,2026-07-28 07:07:31,LOC_0041,LOC_0011,Standard,50566.55,1208.22,2025-10-13 14:20:58,Delivered
ORD_0000190,CUST_000363,2026-03-25 15:05:22,LOC_0008,LOC_0004,Express,25677.71,3684.82,2026-07-23 02:05:01,Delivered
ORD_0000191,CUST_000865,2025-11-24 00:04:50,LOC_0039,LOC_0015,Standard,69374.2,2864.68,2026-02-17 23:15:45,Delivered
ORD_0000192,CUST_000466,2025-11-20 03:43:47,LOC_0007,LOC_0010,Standard,8295.01,2125.58,2026-07-06 20:17:17,Delivered
ORD_0000193,CUST_000271,2026-03-11 13:26:59,LOC_0038,LOC_0032,Standard,79172.51,2448.73,2026-06-08 03:31:56,Delivered
ORD_0000194,CUST_000542,2025-11-15 18:25:54,LOC_0008,LOC_0045,Standard,13752.95,2796.02,2025-12-25 17:37:47,Delivered
ORD_0000195,CUST_000313,2025-10-19 12:54:45,LOC_0024,LOC_0020,Standard,12510.81,2948.94,2026-01-24 22:14:58,Delivered
ORD_0000196,CUST_000358,2026-02-24 04:11:43,LOC_0005,LOC_0003,Standard,38725.64,1690.44,2026-03-14 04:09:38,Delivered
ORD_0000197,CUST_000684,2026-02-28 00:44:41,LOC_0029,LOC_0010,Express,53293.1,3118.7,2026-09-03 14:24:45,Delivered
ORD_0000198,CUST_000887,2025-11-17 17:10:48,LOC_0011,LOC_0046,Express,60275.2,2806.1,2025-10-12 18:01:07,Delivered
ORD_0000199,CUST_000769,2026-01-15 10:17:18,LOC_0031,LOC_0033,Standard,45442.12,4811.96,2026-09-15 23:21:17,Delivered
ORD_0000200,CUST_000604,2026-04-23 15:51:10,LOC_0003,LOC_0032,Urgent,15752.93,122.24,2026-09-02 02:52:07,Delivered
ORD_0000201,CUST_000092,2026-07-04 15:53:44,LOC_0010,LOC_0020,Express,81714.92,908.93,2026-03-09 01:45:22,Delivered
ORD_0000202,CUST_000922,2026-04-14 12:59:55,LOC_0008,LOC_0004,Standard,20483.5,2544.09,2025-12-20 20:37:28,Delivered
ORD_0000203,CUST_000240,2026-08-01 14:10:43,LOC_0002,LOC_0018,Same Day,21313.71,2774.43,2026-05-04 10:39:20,Delivered
ORD_0000204,CUST_000554,2026-08-12 05:50:25,LOC_0011,LOC_0016,Same Day,47410.36,210.88,2026-04-27 17:55:18,Delivered
ORD_0000205,CUST_000257,2025-12-02 07:57:39,LOC_0044,LOC_0025,Urgent,71537.81,1407.99,2026-02-16 09:42:43,Delivered
ORD_0000206,CUST_000287,2026-06-04 07:39:51,LOC_0028,LOC_0014,Standard,75192.22,4727.15,2026-05-28 07:02:18,Delivered
ORD_0000207,CUST_000983,2025-10-02 07:20:14,LOC_0039,LOC_0022,Urgent,78430.78,3044.72,2025-10-09 16:47:40,Delivered
ORD_0000208,CUST_000807,2026-02-14 17:36:04,LOC_0042,LOC_0005,Standard,57251.31,3361.89,2026-05-01 11:06:26,Cancelled
ORD_0000209,CUST_000787,2025-10-08 07:49:49,LOC_0045,LOC_0001,Standard,38066.81,1109.16,2025-11-21 11:17:57,Delivered
ORD_0000210,CUST_000736,2025-10-03 09:57:31,LOC_0015,LOC_0032,Standard,59992.03,3030.92,2026-02-21 20:06:39,Delivered
ORD_0000211,CUST_000676,2025-10-25 21:45:20,LOC_0048,LOC_0037,Express,6022.97,642.98,2026-06-20 13:39:08,Delivered
ORD_0000212,CUST_000994,2026-03-15 12:26:50,LOC_0045,LOC_0044,Express,75122.11,11.77,2026-04-26 15:20:45,Delivered
ORD_0000213,CUST_000531,2026-03-12 18:42:51,LOC_0030,LOC_0032,Standard,61443.11,236.73,2026-02-21 05:08:12,Delivered
ORD_0000214,CUST_000756,2025-10-25 01:12:05,LOC_0015,LOC_0045,Same Day,17136.09,1647.46,2026-03-16 08:04:00,Delivered
ORD_0000215,CUST_000257,2026-08-05 01:06:14,LOC_0016,LOC_0007,Standard,5099.58,1669.28,2026-04-05 12:38:40,Delivered
ORD_0000216,CUST_000088,2026-08-08 06:14:30,LOC_0004,LOC_0003,Standard,5994.88,639.42,2026-02-26 12:30:35,Delivered
ORD_0000217,CUST_000412,2026-03-25 17:33:03,LOC_0007,LOC_0040,Standard,67041.62,3120.79,2026-07-22 19:31:48,Delivered
ORD_0000218,CUST_000465,2026-08-03 05:20:46,LOC_0034,LOC_0022,Standard,50792.3,339.59,2026-05-20 01:20:09,Delivered
ORD_0000219,CUST_000191,2026-06-10 17:46:57,LOC_0016,LOC_0009,Standard,49892.13,2566.6,2026-08-09 04:56:45,Delivered
ORD_0000220,CUST_000994,2026-05-05 21:54:11,LOC_0001,LOC_0034,Express,20559.23,4096.28,2026-05-18 12:42:32,Delivered
ORD_0000221,CUST_000684,2026-02-08 00:02:03,LOC_0031,LOC_0045,Same Day,28481.79,2892.9,2026-06-28 07:21:09,Delivered
ORD_0000222,CUST_000943,2026-07-26 00:58:41,LOC_0001,LOC_0041,Express,18510.2,2404.77,2025-12-29 02:11:05,Cancelled
ORD_0000223,CUST_000846,2025-12-15 03:25:24,LOC_0001,LOC_0024,Standard,10233.5,1454.3,2025-10-06 20:22:19,Delivered
ORD_0000224,CUST_000269,2026-01-10 07:29:54,LOC_0047,LOC_0012,Urgent,17060.95,882.03,2026-02-11 20:05:56,Delivered
ORD_0000225,CUST_000216,2026-08-06 22:53:04,LOC_0020,LOC_0030,Standard,14979.9,2635.58,2026-01-04 06:35:11,Cancelled
ORD_0000226,CUST_000947,2026-06-04 16:44:02,LOC_0009,LOC_0013,Standard,27366.91,2148.84,2025-12-17 00:04:17,Delivered
ORD_0000227,CUST_000254,2026-04-08 13:10:30,LOC_0004,LOC_0041,Standard,43448.77,2921.24,2026-08-09 13:55:16,Delivered
ORD_0000228,CUST_000770,2026-04-06 08:06:25,LOC_0033,LOC_0024,Standard,60705.14,2628.33,2026-04-15 12:26:01,Delivered
ORD_0000229,CUST_000213,2026-05-10 13:00:35,LOC_0015,LOC_0013,Urgent,26356.92,4443.77,2026-03-25 17:42:07,Delivered
ORD_0000230,CUST_000236,2026-02-20 08:54:41,LOC_0038,LOC_0003,Standard,38622.28,2163.66,2026-04-03 10:05:09,Delivered
ORD_0000231,CUST_000924,2025-12-28 02:09:26,LOC_0006,LOC_0019,Standard,7104.44,1383.57,2026-08-26 04:07:23,Delivered
ORD_0000232,CUST_000764,2026-07-14 23:05:00,LOC_0044,LOC_0018,Express,84865.23,3762.41,2025-12-16 11:21:54,Delivered
ORD_0000233,CUST_000416,2026-03-04 00:28:11,LOC_0038,LOC_0042,Standard,64818.07,748.11,2025-10-07 12:37:48,Delivered
ORD_0000234,CUST_000740,2026-03-11 20:35:06,LOC_0030,LOC_0022,Standard,36733.01,4709.77,2026-08-06 11:04:21,Delivered
ORD_0000235,CUST_000756,2026-07-19 22:26:11,LOC_0001,LOC_0032,Express,19553.96,2129.75,2026-08-13 13:50:58,Delivered
ORD_0000236,CUST_000143,2026-02-25 17:35:54,LOC_0010,LOC_0022,Express,51862.25,4334.99,2026-05-10 11:17:44,Delivered
ORD_0000237,CUST_000655,2026-04-08 09:39:29,LOC_0020,LOC_0006,Standard,3209.0,3445.74,2025-12-08 12:14:30,Delivered
ORD_0000238,CUST_000059,2025-11-12 15:39:37,LOC_0024,LOC_0034,Standard,35217.77,786.86,2025-10-07 20:38:36,Delivered
ORD_0000239,CUST_000211,2026-05-16 19:16:25,LOC_0020,LOC_0028,Express,51513.45,4695.89,2026-08-15 15:35:20,Delivered
ORD_0000240,CUST_000409,2025-10-15 19:44:54,LOC_0039,LOC_0016,Standard,41986.0,2314.55,2026-04-27 04:39:17,Delivered
ORD_0000241,CUST_000844,2026-06-13 14:31:23,LOC_0012,LOC_0027,Standard,37010.47,1924.56,2026-01-07 18:10:14,Delivered
ORD_0000242,CUST_000551,2026-03-09 08:50:31,LOC_0019,LOC_0043,Standard,76738.83,4543.86,2026-09-25 06:23:33,Cancelled
ORD_0000243,CUST_000785,2026-06-05 18:07:13,LOC_0021,LOC_0027,Standard,4271.67,135.54,2026-03-27 01:26:56,Delivered
ORD_0000244,CUST_000257,2025-11-01 16:51:39,LOC_0008,LOC_0046,Standard,39728.75,2307.86,2026-09-24 18:28:11,Delivered
ORD_0000245,CUST_000019,2026-07-24 04:37:03,LOC_0039,LOC_0007,Standard,33526.78,389.77,2025-12-11 21:56:06,Delivered
ORD_0000246,CUST_000453,2025-11-09 13:33:17,LOC_0045,LOC_0004,Express,56484.63,3300.88,2026-08-24 06:05:33,Delivered
ORD_0000247,CUST_000256,2025-12-14 06:26:12,LOC_0024,LOC_0016,Standard,84095.06,1686.91,2025-12-19 12:28:17,Delivered
ORD_0000248,CUST_000335,2025-11-16 13:25:35,LOC_0021,LOC_0036,Standard,46273.87,4694.74,2026-06-04 06:38:35,Delivered
ORD_0000249,CUST_000470,2025-12-24 12:35:12,LOC_0015,LOC_0005,Urgent,31678.81,338.52,2026-06-14 01:25:56,Delivered
ORD_0000250,CUST_000176,2026-07-27 05:28:50,LOC_0017,LOC_0007,Standard,33333.78,4622.92,2026-05-24 12:11:21,Delivered
ORD_0000251,CUST_000600,2025-12-29 23:29:46,LOC_0029,LOC_0025,Express,50141.09,4941.93,2026-04-18 04:54:08,Delivered
ORD_0000252,CUST_000062,2026-07-09 07:48:59,LOC_0009,LOC_0024,Standard,17770.56,191.46,2026-04-15 03:02:14,Delivered
ORD_0000253,CUST_000534,2026-01-02 17:22:34,LOC_0027,LOC_0042,Standard,72065.99,1657.69,2026-08-16 08:07:31,Delivered
ORD_0000254,CUST_000534,2025-10-20 21:07:23,LOC_0021,LOC_0012,Express,42043.77,4768.4,2026-03-22 16:22:44,Delivered
ORD_0000255,CUST_000210,2026-03-14 07:34:29,LOC_0016,LOC_0033,Standard,14371.42,989.29,2025-11-03 07:52:57,Delivered
ORD_0000256,CUST_000493,2026-03-17 23:19:00,LOC_0006,LOC_0024,Standard,36217.92,3047.75,2026-03-06 11:40:38,Delivered
ORD_0000257,CUST_000929,2026-03-25 19:20:21,LOC_0020,LOC_0039,Standard,22241.15,2319.33,2026-05-01 09:48:40,Delivered
ORD_0000258,CUST_000195,2026-07-15 21:12:04,LOC_0001,LOC_0033,Express,78720.9,4701.54,2026-07-13 10:54:46,Delivered
ORD_0000259,CUST_000955,2026-02-13 00:26:26,LOC_0037,LOC_0011,Express,65672.35,3758.38,2025-12-18 01:34:14,Delivered
ORD_0000260,CUST_000253,2026-06-16 03:59:54,LOC_0016,LOC_0031,Urgent,60204.23,143.22,2025-10-15 21:58:45,Delivered
ORD_0000261,CUST_000166,2026-09-15 13:20:24,LOC_0001,LOC_0008,Standard,32977.38,3530.94,2026-07-29 14:37:22,Delivered
ORD_0000262,CUST_000675,2025-11-12 01:57:36,LOC_0025,LOC_0038,Express,78605.09,4347.35,2026-01-31 03:06:21,Delivered
ORD_0000263,CUST_000316,2026-03-11 12:42:14,LOC_0001,LOC_0011,Standard,65881.34,2090.36,2026-08-16 05:22:58,Delivered
ORD_0000264,CUST_000972,2026-07-22 11:22:46,LOC_0008,LOC_0029,Urgent,5483.98,915.28,2026-05-09 22:06:48,Delivered
ORD_0000265,CUST_000301,2026-06-18 22:26:42,LOC_0006,LOC_0025,Standard,49987.12,2390.53,2025-11-20 06:13:23,Delivered
ORD_0000266,CUST_000535,2026-07-21 14:22:47,LOC_0001,LOC_0025,Standard,22963.12,2430.66,2026-05-24 22:33:40,Delivered
ORD_0000267,CUST_000388,2026-03-05 16:34:38,LOC_0040,LOC_0004,Urgent,760.65,4352.97,2026-02-18 00:53:32,Delivered
ORD_0000268,CUST_000770,2025-12-12 15:07:57,LOC_0016,LOC_0024,Express,40654.35,2066.81,2026-03-26 08:21:12,Delivered
ORD_0000269,CUST_000695,2026-04-03 13:13:47,LOC_0029,LOC_0015,Standard,67589.65,1742.97,2026-05-26 20:23:24,Cancelled
ORD_0000270,CUST_000730,2026-08-06 02:21:35,LOC_0010,LOC_0034,Express,43141.79,641.05,2026-09-07 20:38:04,Delivered
ORD_0000271,CUST_000554,2026-07-05 14:52:00,LOC_0016,LOC_0014,Express,8056.99,2175.6,2025-12-07 01:35:37,Delivered
ORD_0000272,CUST_000975,2026-06-26 07:21:04,LOC_0043,LOC_0008,Standard,61797.52,454.03,2026-06-19 09:47:04,Delivered
ORD_0000273,CUST_000754,2025-12-26 11:05:48,LOC_0047,LOC_0025,Express,72843.92,4042.62,2026-06-14 01:46:33,Delivered
ORD_0000274,CUST_000119,2025-10-24 16:15:40,LOC_0037,LOC_0024,Urgent,49249.47,10.39,2025-11-21 13:30:46,Delivered
ORD_0000275,CUST_000130,2026-01-31 08:05:52,LOC_0034,LOC_0043,Express,1276.43,4262.11,2026-05-25 06:45:55,Delivered
ORD_0000276,CUST_000682,2026-08-25 20:18:07,LOC_0045,LOC_0003,Standard,58686.7,1368.72,2026-05-24 17:53:15,Delivered
ORD_0000277,CUST_000342,2026-09-01 17:51:42,LOC_0010,LOC_0046,Urgent,19518.56,3679.16,2025-12-23 08:38:31,Delivered
ORD_0000278,CUST_000023,2025-10-28 12:53:34,LOC_0036,LOC_0026,Standard,29931.96,1958.03,2026-02-11 15:03:46,Delivered
ORD_0000279,CUST_000771,2026-03-21 06:06:24,LOC_0038,LOC_0004,Urgent,55816.57,2886.63,2026-08-29 06:14:49,Delivered
ORD_0000280,CUST_000371,2026-03-15 12:24:56,LOC_0047,LOC_0037,Express,12972.66,4752.09,2025-11-11 00:24:53,Delivered
ORD_0000281,CUST_000528,2025-11-15 18:46:18,LOC_0042,LOC_0022,Standard,61555.51,1226.52,2026-05-23 05:40:17,Delivered
ORD_0000282,CUST_000815,2026-03-22 12:15:18,LOC_0043,LOC_0006,Standard,32787.53,3162.4,2026-08-02 07:33:31,Delivered
ORD_0000283,CUST_000601,2026-06-07 23:31:41,LOC_0037,LOC_0031,Express,50598.28,1921.03,2026-01-17 09:40:44,Delivered
ORD_0000284,CUST_000190,2025-10-25 11:20:17,LOC_0026,LOC_0045,Standard,66703.6,2651.38,2025-10-11 19:46:54,Delivered
ORD_0000285,CUST_000186,2026-05-11 23:35:44,LOC_0039,LOC_0045,Standard,27058.02,197.64,2025-12-13 00:57:18,Delivered
ORD_0000286,CUST_000373,2026-04-20 09:00:44,LOC_0035,LOC_0011,Same Day,21484.48,232.74,2026-03-15 01:52:54,Delivered
ORD_0000287,CUST_000361,2025-12-12 16:25:31,LOC_0039,LOC_0035,Standard,69770.0,1187.03,2026-04-20 10:37:51,Delivered
ORD_0000288,CUST_000747,2026-03-26 18:18:41,LOC_0040,LOC_0028,Standard,55405.48,818.27,2025-11-02 08:34:31,Delivered
ORD_0000289,CUST_000649,2025-12-03 08:26:39,LOC_0045,LOC_0042,Express,55236.66,2558.11,2025-12-16 22:54:37,Delivered
ORD_0000290,CUST_000128,2026-02-07 04:03:32,LOC_0035,LOC_0008,Standard,54595.0,1815.37,2026-06-25 22:11:40,Delivered
ORD_0000291,CUST_000388,2025-11-06 17:57:16,LOC_0007,LOC_0008,Standard,50255.89,4034.38,2025-12-09 21:52:55,Delivered
ORD_0000292,CUST_000970,2026-09-08 04:29:05,LOC_0025,LOC_0012,Urgent,67149.16,2759.26,2026-02-12 13:05:53,Delivered
ORD_0000293,CUST_000147,2026-07-29 14:32:22,LOC_0025,LOC_0037,Standard,54511.85,1852.01,2026-07-17 01:30:30,Delivered
ORD_0000294,CUST_000294,2026-08-29 19:51:34,LOC_0018,LOC_0028,Urgent,69284.96,1527.33,2026-04-21 18:37:42,Delivered
ORD_0000295,CUST_000170,2026-03-14 07:15:56,LOC_0037,LOC_0004,Express,42145.87,4372.02,2025-11-05 10:43:40,Delivered
ORD_0000296,CUST_000715,2026-06-30 12:04:52,LOC_0008,LOC_0026,Express,63530.01,3571.37,2025-10-07 13:25:36,Delivered
ORD_0000297,CUST_000691,2026-03-13 19:30:32,LOC_0034,LOC_0015,Standard,43906.34,4762.51,2025-12-10 13:20:48,Delivered
ORD_0000298,CUST_000121,2025-12-24 02:21:20,LOC_0019,LOC_0020,Standard,62863.17,2845.07,2026-04-08 07:05:16,Delivered
ORD_0000299,CUST_000059,2026-07-08 05:01:15,LOC_0023,LOC_0001,Standard,9555.36,1749.91,2026-05-30 00:42:26,Delivered
ORD_0000300,CUST_000421,2026-01-24 20:59:23,LOC_0008,LOC_0032,Standard,19605.05,1978.0,2025-10-06 00:00:47,Delivered
ORD_0000301,CUST_000144,2026-01-19 06:54:36,LOC_0023,LOC_0048,Standard,60429.04,555.11,2026-03-21 14:39:46,Delivered
ORD_0000302,CUST_000682,2026-07-19 08:07:02,LOC_0018,LOC_0008,Standard,58106.73,638.92,2026-03-16 03:04:08,Delivered
ORD_0000303,CUST_000353,2026-05-20 12:42:16,LOC_0033,LOC_0001,Express,70621.12,2149.47,2026-07-27 23:33:20,Delivered
ORD_0000304,CUST_000747,2026-06-16 10:06:06,LOC_0033,LOC_0012,Standard,22768.35,3505.38,2026-01-08 18:52:40,Delivered
ORD_0000305,CUST_000876,2025-12-14 06:40:30,LOC_0038,LOC_0041,Standard,34408.43,1370.76,2026-06-06 08:26:55,Delivered
ORD_0000306,CUST_000717,2026-01-26 19:38:24,LOC_0041,LOC_0015,Standard,43583.48,3220.08,2025-12-29 22:01:19,Delivered
ORD_0000307,CUST_000677,2026-01-06 14:42:50,LOC_0048,LOC_0021,Standard,51751.09,2155.68,2025-12-25 18:19:33,Cancelled
ORD_0000308,CUST_000700,2026-05-23 11:47:35,LOC_0036,LOC_0009,Standard,63277.76,2945.38,2026-02-08 19:08:21,Delivered
ORD_0000309,CUST_000124,2025-11-07 22:49:09,LOC_0003,LOC_0038,Urgent,16802.37,2229.96,2026-09-22 05:54:13,Delivered
ORD_0000310,CUST_000158,2026-08-25 05:33:50,LOC_0003,LOC_0009,Standard,75839.07,3797.26,2025-12-16 15:21:06,Delivered
ORD_0000311,CUST_000430,2025-10-18 07:01:55,LOC_0034,LOC_0033,Standard,59371.68,646.41,2026-08-05 22:06:39,Cancelled
ORD_0000312,CUST_000507,2026-05-07 02:19:07,LOC_0044,LOC_0035,Standard,37489.45,2547.37,2026-09-07 15:11:16,Delivered
ORD_0000313,CUST_000010,2026-07-02 16:51:51,LOC_0033,LOC_0030,Express,26138.16,1103.24,2026-04-16 08:23:41,Delivered
ORD_0000314,CUST_000950,2026-04-26 06:14:16,LOC_0009,LOC_0018,Express,21541.18,4117.4,2026-09-06 17:39:21,Delivered
ORD_0000315,CUST_000271,2025-10-04 16:27:47,LOC_0047,LOC_0009,Urgent,83754.58,3130.52,2026-03-09 18:59:55,Delivered
ORD_0000316,CUST_000797,2026-06-03 23:36:29,LOC_0038,LOC_0007,Express,55748.19,4350.39,2026-07-10 18:24:14,Delivered
ORD_0000317,CUST_000771,2025-11-06 00:42:57,LOC_0026,LOC_0010,Standard,31650.08,4511.04,2026-03-25 05:04:18,Delivered
ORD_0000318,CUST_000022,2025-10-28 14:59:39,LOC_0020,LOC_0011,Standard,51860.97,349.13,2026-09-11 15:55:37,Delivered
ORD_0000319,CUST_000618,2025-10-17 15:08:19,LOC_0007,LOC_0025,Standard,65011.17,3223.12,2026-03-01 06:48:26,Delivered
ORD_0000320,CUST_000811,2026-07-22 16:06:21,LOC_0007,LOC_0035,Urgent,7679.56,697.87,2026-07-14 13:17:18,Delivered
ORD_0000321,CUST_000274,2026-09-09 21:49:43,LOC_0041,LOC_0035,Standard,46522.26,514.63,2025-11-20 16:08:48,Delivered
ORD_0000322,CUST_000232,2025-11-12 09:59:26,LOC_0044,LOC_0025,Urgent,9998.53,849.46,2026-06-26 09:06:07,Delivered
ORD_0000323,CUST_000918,2025-11-27 23:36:14,LOC_0003,LOC_0039,Standard,51167.17,3397.81,2025-12-02 07:35:27,Delivered
ORD_0000324,CUST_000378,2026-06-12 08:27:19,LOC_0017,LOC_0046,Standard,79346.52,744.92,2026-08-10 20:38:42,Delivered
ORD_0000325,CUST_000149,2026-06-26 22:36:09,LOC_0006,LOC_0021,Standard,27482.18,2120.31,2025-11-21 11:26:45,Cancelled
ORD_0000326,CUST_000670,2025-12-29 00:16:28,LOC_0016,LOC_0025,Standard,42124.82,2681.99,2026-03-14 14:56:24,Delivered
ORD_0000327,CUST_000090,2025-11-21 12:37:33,LOC_0016,LOC_0024,Standard,31122.67,2370.68,2025-10-03 22:40:09,Delivered
ORD_0000328,CUST_000874,2026-06-27 20:35:54,LOC_0036,LOC_0027,Standard,63621.11,587.94,2026-01-05 20:17:04,Delivered
ORD_0000329,CUST_000858,2026-08-19 09:34:01,LOC_0039,LOC_0011,Standard,21206.37,64.36,2025-10-16 19:49:28,Delivered
ORD_0000330,CUST_000482,2025-10-23 22:41:59,LOC_0027,LOC_0047,Standard,1616.2,558.11,2026-02-12 02:33:19,Delivered
ORD_0000331,CUST_000971,2026-03-14 04:20:41,LOC_0030,LOC_0036,Urgent,42908.22,3547.35,2026-07-05 05:49:06,Delivered
ORD_0000332,CUST_000058,2026-06-26 13:20:08,LOC_0015,LOC_0026,Urgent,51629.55,387.89,2025-12-11 22:21:14,Delivered
ORD_0000333,CUST_000200,2026-01-18 05:48:40,LOC_0018,LOC_0007,Standard,72038.48,142.19,2025-11-13 02:19:59,Delivered
ORD_0000334,CUST_000654,2026-04-06 12:51:35,LOC_0003,LOC_0016,Standard,4291.9,4932.5,2026-01-15 15:30:09,Delivered
ORD_0000335,CUST_000323,2026-07-15 14:16:45,LOC_0026,LOC_0047,Same Day,8728.6,2037.62,2026-02-17 10:16:55,Delivered
ORD_0000336,CUST_000873,2026-07-06 16:00:35,LOC_0003,LOC_0019,Standard,75299.73,468.27,2025-12-04 14:32:55,Delivered
ORD_0000337,CUST_000747,2026-02-17 13:50:37,LOC_0039,LOC_0042,Urgent,66862.23,1696.43,2026-04-22 15:36:44,Delivered
ORD_0000338,CUST_000157,2026-09-02 13:27:06,LOC_0037,LOC_0041,Standard,65253.81,1549.09,2026-04-14 04:14:57,Cancelled
ORD_0000339,CUST_000174,2026-07-27 10:27:32,LOC_0019,LOC_0011,Standard,8039.87,897.57,2025-10-29 08:09:06,Delivered
ORD_0000340,CUST_000500,2026-03-20 20:15:49,LOC_0003,LOC_0024,Standard,52863.26,3403.56,2026-09-01 14:03:41,Delivered
ORD_0000341,CUST_000897,2026-05-06 10:29:26,LOC_0044,LOC_0003,Same Day,67304.91,3499.33,2026-05-31 13:46:32,Delivered
ORD_0000342,CUST_000896,2025-11-12 00:30:54,LOC_0030,LOC_0043,Standard,45717.28,4091.81,2025-11-09 12:34:16,Delivered
ORD_0000343,CUST_000498,2026-04-01 03:52:01,LOC_0014,LOC_0045,Standard,3734.86,780.39,2026-07-19 19:42:03,Delivered
ORD_0000344,CUST_000485,2026-06-04 12:29:13,LOC_0014,LOC_0004,Urgent,58270.24,1350.7,2025-12-22 15:57:48,Delivered
ORD_0000345,CUST_000538,2026-02-10 11:18:05,LOC_0014,LOC_0043,Standard,8311.29,4508.41,2026-09-16 11:19:52,Cancelled
ORD_0000346,CUST_000549,2026-05-06 11:29:51,LOC_0045,LOC_0011,Standard,48691.78,4115.43,2026-07-01 23:59:31,Delivered
ORD_0000347,CUST_000752,2026-01-31 12:35:12,LOC_0048,LOC_0047,Standard,79407.74,2498.23,2026-02-02 14:04:50,Delivered
ORD_0000348,CUST_000878,2025-12-12 12:32:29,LOC_0009,LOC_0041,Express,3583.06,3729.05,2026-03-26 08:51:17,Delivered
ORD_0000349,CUST_000696,2026-09-02 15:32:38,LOC_0037,LOC_0001,Urgent,76267.34,2511.42,2026-02-24 05:33:51,Delivered
ORD_0000350,CUST_000998,2026-04-29 10:22:07,LOC_0022,LOC_0008,Standard,15447.64,2975.27,2026-09-28 03:30:31,Delivered
ORD_0000351,CUST_000878,2025-11-09 21:46:32,LOC_0007,LOC_0006,Urgent,1888.04,4662.62,2026-08-10 18:26:21,Delivered
ORD_0000352,CUST_000297,2025-11-17 23:19:19,LOC_0027,LOC_0014,Express,10175.34,4282.0,2025-12-27 17:23:27,Delivered
ORD_0000353,CUST_000384,2026-03-10 16:53:24,LOC_0015,LOC_0033,Standard,26475.02,4513.56,2026-01-21 22:59:42,Delivered
ORD_0000354,CUST_000532,2026-03-01 15:12:49,LOC_0048,LOC_0039,Standard,84394.06,1210.67,2026-02-03 17:40:42,Delivered
ORD_0000355,CUST_000178,2025-11-15 14:45:56,LOC_0026,LOC_0021,Standard,60497.1,633.4,2026-04-21 19:42:41,Delivered
ORD_0000356,CUST_000027,2025-10-31 05:39:53,LOC_0028,LOC_0001,Express,52729.42,2719.28,2026-06-03 00:13:21,Delivered
ORD_0000357,CUST_000669,2026-07-26 20:01:19,LOC_0015,LOC_0020,Standard,66412.45,3930.67,2025-12-17 06:18:01,Delivered
ORD_0000358,CUST_000114,2026-04-10 14:08:58,LOC_0030,LOC_0039,Standard,76094.1,465.7,2025-11-21 08:06:34,Delivered
ORD_0000359,CUST_000079,2025-12-09 11:22:09,LOC_0014,LOC_0044,Standard,77251.55,4043.13,2026-03-17 00:11:43,Delivered
ORD_0000360,CUST_000496,2026-05-24 00:48:49,LOC_0040,LOC_0039,Standard,22005.34,609.72,2026-05-03 03:46:11,Delivered
ORD_0000361,CUST_000142,2025-11-05 08:40:22,LOC_0015,LOC_0006,Express,23624.82,997.79,2026-07-11 17:15:32,Delivered
ORD_0000362,CUST_000945,2025-11-09 14:29:56,LOC_0013,LOC_0017,Standard,61119.97,4809.43,2025-12-09 00:53:21,Delivered
ORD_0000363,CUST_000434,2026-05-08 21:35:55,LOC_0039,LOC_0048,Urgent,51816.48,2147.71,2026-01-15 12:26:58,Delivered
ORD_0000364,CUST_000420,2025-11-14 04:04:01,LOC_0019,LOC_0039,Urgent,45327.1,1992.74,2026-08-20 05:22:31,Delivered
ORD_0000365,CUST_000149,2026-08-05 11:37:14,LOC_0021,LOC_0008,Standard,28289.46,2327.95,2025-10-07 08:03:12,Delivered
ORD_0000366,CUST_000285,2026-06-22 13:22:56,LOC_0046,LOC_0039,Urgent,48998.64,3232.06,2026-09-10 01:26:58,Delivered
ORD_0000367,CUST_000282,2025-10-08 21:41:26,LOC_0027,LOC_0008,Standard,50453.96,1183.64,2025-11-20 09:33:51,Delivered
ORD_0000368,CUST_000918,2026-03-10 20:16:02,LOC_0035,LOC_0034,Standard,40205.99,4149.59,2025-10-17 20:42:03,Delivered
ORD_0000369,CUST_000049,2026-08-24 01:29:11,LOC_0026,LOC_0020,Same Day,54672.71,4552.54,2026-06-28 13:11:40,Delivered
ORD_0000370,CUST_000742,2026-04-27 09:51:32,LOC_0028,LOC_0015,Standard,69137.83,4081.11,2025-12-08 07:25:47,Cancelled
ORD_0000371,CUST_000970,2025-12-05 19:07:22,LOC_0020,LOC_0005,Standard,69155.03,1351.02,2026-01-13 08:39:15,Delivered
ORD_0000372,CUST_000990,2026-04-08 23:33:02,LOC_0027,LOC_0041,Express,20824.23,2390.68,2026-03-25 23:02:19,Cancelled
ORD_0000373,CUST_000785,2026-08-29 00:40:39,LOC_0019,LOC_0046,Standard,20980.79,3236.38,2025-11-05 08:32:12,Delivered
ORD_0000374,CUST_000193,2026-07-22 23:42:48,LOC_0032,LOC_0007,Standard,45085.97,4292.58,2026-02-12 13:02:58,Cancelled
ORD_0000375,CUST_000134,2025-12-12 15:18:19,LOC_0015,LOC_0024,Same Day,43887.71,3900.55,2026-02-27 19:55:53,Delivered
ORD_0000376,CUST_000763,2026-03-25 10:22:15,LOC_0008,LOC_0016,Urgent,2915.54,3310.1,2025-10-08 14:32:55,Delivered
ORD_0000377,CUST_000521,2026-03-13 18:15:39,LOC_0022,LOC_0004,Standard,55308.54,3660.54,2026-03-23 06:11:28,Delivered
ORD_0000378,CUST_000698,2026-01-12 00:24:46,LOC_0004,LOC_0042,Same Day,4990.14,180.37,2026-01-07 09:21:29,Delivered
ORD_0000379,CUST_000226,2026-07-01 18:28:55,LOC_0047,LOC_0045,Standard,17702.13,3185.22,2026-01-16 19:50:09,Delivered
ORD_0000380,CUST_000874,2025-11-24 17:26:14,LOC_0045,LOC_0016,Standard,16330.6,4499.55,2025-12-10 00:05:25,Cancelled
ORD_0000381,CUST_000271,2025-10-01 00:49:58,LOC_0005,LOC_0011,Express,30256.14,2370.2,2026-06-22 16:53:05,Delivered
ORD_0000382,CUST_000538,2026-03-25 10:08:31,LOC_0033,LOC_0011,Standard,26238.89,3681.46,2026-07-24 02:48:01,Delivered
ORD_0000383,CUST_000362,2026-05-20 00:11:03,LOC_0020,LOC_0046,Urgent,72912.8,4511.03,2026-02-09 08:02:42,Delivered
ORD_0000384,CUST_000146,2026-07-16 17:26:15,LOC_0023,LOC_0032,Standard,82743.05,1798.38,2025-10-15 17:06:42,Delivered
ORD_0000385,CUST_000461,2026-01-15 22:15:42,LOC_0034,LOC_0012,Urgent,28486.03,2946.56,2026-01-13 05:41:51,Delivered
ORD_0000386,CUST_000812,2025-11-27 23:40:33,LOC_0023,LOC_0019,Same Day,58427.01,2332.65,2025-11-12 17:25:54,Delivered
ORD_0000387,CUST_000042,2026-06-14 01:27:31,LOC_0014,LOC_0019,Express,26341.92,2152.75,2026-08-18 14:30:46,Delivered
ORD_0000388,CUST_000575,2025-10-31 23:47:51,LOC_0010,LOC_0006,Standard,17123.47,2926.95,2026-07-06 20:15:04,Delivered
ORD_0000389,CUST_000101,2026-05-13 04:21:46,LOC_0017,LOC_0020,Standard,57869.01,1613.75,2026-05-22 15:22:51,Delivered
ORD_0000390,CUST_000581,2026-04-23 03:27:11,LOC_0041,LOC_0030,Standard,70960.52,482.02,2026-05-04 05:44:04,Delivered
ORD_0000391,CUST_000473,2026-01-26 01:55:51,LOC_0002,LOC_0036,Same Day,64369.87,3076.81,2025-10-12 02:49:12,Delivered
ORD_0000392,CUST_000774,2026-08-22 13:20:40,LOC_0026,LOC_0009,Express,64973.12,2591.01,2026-03-07 16:48:52,Delivered
ORD_0000393,CUST_000708,2025-12-19 06:47:28,LOC_0022,LOC_0004,Express,62976.21,267.0,2025-11-17 23:47:09,Delivered
ORD_0000394,CUST_000644,2025-11-29 01:43:16,LOC_0020,LOC_0047,Urgent,17459.14,337.58,2025-10-05 07:16:16,Delivered
ORD_0000395,CUST_000057,2026-01-09 17:21:30,LOC_0008,LOC_0020,Standard,20351.4,4238.95,2026-03-09 15:48:58,Delivered
ORD_0000396,CUST_000839,2026-01-21 06:47:06,LOC_0048,LOC_0043,Standard,46694.55,2381.84,2026-01-05 20:05:35,Delivered
ORD_0000397,CUST_000110,2025-10-04 22:09:44,LOC_0030,LOC_0027,Standard,39123.45,2821.92,2026-08-14 16:14:54,Delivered
ORD_0000398,CUST_000480,2025-12-21 12:03:54,LOC_0047,LOC_0030,Standard,42803.94,4305.39,2026-01-19 18:31:23,Delivered
ORD_0000399,CUST_000577,2026-03-02 15:08:01,LOC_0022,LOC_0030,Urgent,66829.2,3292.9,2026-07-06 05:10:53,Delivered
ORD_0000400,CUST_000520,2026-05-28 10:44:10,LOC_0043,LOC_0034,Standard,81213.94,1741.78,2026-01-13 04:35:59,Delivered
ORD_0000401,CUST_000332,2026-07-21 04:08:52,LOC_0015,LOC_0047,Standard,15202.83,4462.58,2026-08-09 04:07:32,Cancelled
ORD_0000402,CUST_000868,2026-02-02 08:52:22,LOC_0048,LOC_0005,Express,71537.41,4617.91,2026-03-23 11:17:02,Delivered
ORD_0000403,CUST_000293,2026-05-14 17:05:28,LOC_0015,LOC_0013,Standard,68832.8,963.09,2026-07-17 21:19:48,Delivered
ORD_0000404,CUST_000418,2026-06-07 01:29:29,LOC_0037,LOC_0035,Standard,62183.07,4555.12,2026-09-04 20:18:04,Delivered
ORD_0000405,CUST_000874,2026-07-31 11:49:50,LOC_0009,LOC_0005,Standard,6488.31,392.56,2026-03-22 16:05:16,Delivered
ORD_0000406,CUST_000964,2025-10-29 16:25:30,LOC_0019,LOC_0017,Express,74139.5,4840.64,2026-03-02 10:03:52,Delivered
ORD_0000407,CUST_000914,2026-03-13 07:14:15,LOC_0008,LOC_0038,Urgent,55698.1,163.31,2026-04-03 07:51:06,Delivered
ORD_0000408,CUST_000776,2026-08-20 22:14:53,LOC_0043,LOC_0004,Standard,48145.85,3050.79,2026-01-03 18:43:46,Delivered
ORD_0000409,CUST_000491,2026-03-17 05:28:06,LOC_0009,LOC_0018,Standard,43392.56,3252.38,2026-07-11 14:57:56,Delivered
ORD_0000410,CUST_000623,2026-06-27 17:25:39,LOC_0025,LOC_0044,Express,4905.87,3828.88,2026-06-25 18:05:05,Delivered
ORD_0000411,CUST_000377,2025-12-27 20:25:07,LOC_0023,LOC_0013,Standard,20106.82,2943.91,2026-02-13 05:53:53,Delivered
ORD_0000412,CUST_000256,2026-06-12 02:26:31,LOC_0004,LOC_0005,Standard,4194.29,1749.64,2025-10-24 16:06:14,Delivered
ORD_0000413,CUST_000961,2026-03-21 21:33:41,LOC_0035,LOC_0014,Express,76350.59,4294.08,2026-04-12 21:27:57,Delivered
ORD_0000414,CUST_000327,2026-04-07 11:14:10,LOC_0045,LOC_0035,Standard,35215.46,4752.92,2026-04-18 00:22:41,Delivered
ORD_0000415,CUST_000743,2026-04-12 09:36:24,LOC_0010,LOC_0003,Express,38842.97,572.96,2026-01-01 10:12:29,Delivered
ORD_0000416,CUST_000394,2026-06-13 22:24:18,LOC_0032,LOC_0002,Standard,19465.89,1897.88,2026-09-03 21:29:32,Delivered
ORD_0000417,CUST_000773,2026-05-30 00:32:10,LOC_0022,LOC_0017,Express,2810.66,3629.48,2026-08-12 12:59:22,Delivered
ORD_0000418,CUST_000295,2026-02-25 17:20:31,LOC_0035,LOC_0030,Express,44348.14,814.42,2026-03-16 03:28:27,Delivered
ORD_0000419,CUST_000256,2026-01-05 22:24:17,LOC_0035,LOC_0019,Express,23675.8,1345.2,2026-02-11 00:23:19,Delivered
ORD_0000420,CUST_000868,2026-06-05 07:38:54,LOC_0012,LOC_0029,Standard,3626.82,1794.9,2026-03-31 20:48:33,Delivered
ORD_0000421,CUST_000066,2026-06-02 10:37:46,LOC_0029,LOC_0012,Express,73935.18,637.86,2026-01-10 07:46:59,Delivered
ORD_0000422,CUST_000594,2026-01-08 15:00:50,LOC_0021,LOC_0003,Express,60879.44,1296.76,2026-05-04 23:12:01,Delivered
ORD_0000423,CUST_000520,2026-06-22 02:59:00,LOC_0029,LOC_0008,Standard,48695.92,4146.03,2026-04-19 15:33:37,Delivered
ORD_0000424,CUST_000418,2026-01-21 14:34:52,LOC_0042,LOC_0024,Urgent,3132.8,1842.77,2026-04-03 23:57:30,Delivered
ORD_0000425,CUST_000760,2026-07-09 16:41:00,LOC_0033,LOC_0038,Standard,70696.41,164.93,2026-07-07 21:18:08,Delivered
ORD_0000426,CUST_000589,2025-10-20 14:49:41,LOC_0041,LOC_0036,Standard,72121.78,2639.73,2026-07-15 16:54:29,Delivered
ORD_0000427,CUST_000250,2025-11-14 11:12:56,LOC_0022,LOC_0016,Express,39016.89,3741.45,2026-08-08 03:53:20,Delivered
ORD_0000428,CUST_000670,2025-11-18 07:09:28,LOC_0031,LOC_0039,Standard,48609.42,4134.27,2026-01-01 10:24:57,Delivered
ORD_0000429,CUST_000322,2026-07-27 17:01:30,LOC_0008,LOC_0006,Standard,49172.99,3163.88,2026-03-10 19:13:31,Delivered
ORD_0000430,CUST_000953,2025-10-28 23:59:54,LOC_0031,LOC_0048,Standard,36954.98,3450.85,2025-11-11 09:54:38,Delivered
ORD_0000431,CUST_000301,2026-07-08 02:39:12,LOC_0008,LOC_0022,Urgent,51940.0,540.64,2026-09-15 10:22:40,Delivered
ORD_0000432,CUST_000776,2026-04-16 11:09:41,LOC_0031,LOC_0045,Express,50317.66,4100.89,2025-11-24 16:12:48,Delivered
ORD_0000433,CUST_000181,2025-10-19 09:31:41,LOC_0033,LOC_0047,Standard,20126.27,2467.48,2026-05-19 11:54:44,Delivered
ORD_0000434,CUST_000977,2026-01-16 16:59:16,LOC_0010,LOC_0003,Urgent,62268.22,2153.83,2026-08-13 17:08:58,Delivered
ORD_0000435,CUST_000230,2026-01-16 20:27:35,LOC_0011,LOC_0019,Standard,9467.09,1159.91,2026-09-24 06:01:29,Delivered
ORD_0000436,CUST_000819,2026-05-10 11:05:49,LOC_0013,LOC_0001,Urgent,17665.41,4709.15,2026-04-09 12:27:35,Delivered
ORD_0000437,CUST_000123,2025-11-14 20:57:44,LOC_0029,LOC_0028,Standard,84415.03,3658.71,2026-04-12 05:25:23,Cancelled
ORD_0000438,CUST_000161,2026-06-24 19:29:41,LOC_0033,LOC_0022,Standard,57290.88,372.29,2026-01-18 22:39:01,Delivered
ORD_0000439,CUST_000677,2025-12-25 03:57:13,LOC_0041,LOC_0003,Express,50046.02,4360.83,2026-06-07 00:08:08,Delivered
ORD_0000440,CUST_000897,2026-05-26 00:24:32,LOC_0006,LOC_0034,Express,37199.94,2454.47,2026-08-31 10:27:23,Delivered
ORD_0000441,CUST_000496,2026-04-09 00:39:06,LOC_0034,LOC_0043,Urgent,74440.8,3340.54,2025-12-11 17:11:30,Delivered
ORD_0000442,CUST_000919,2026-02-01 11:52:15,LOC_0019,LOC_0027,Standard,10286.72,2324.75,2026-03-25 13:27:43,Delivered
ORD_0000443,CUST_000616,2026-03-08 11:39:45,LOC_0027,LOC_0044,Standard,18676.47,4255.24,2026-01-03 14:36:51,Delivered
ORD_0000444,CUST_000935,2026-03-08 19:10:20,LOC_0004,LOC_0018,Express,69665.33,1543.94,2026-04-08 14:43:45,Delivered
ORD_0000445,CUST_000338,2026-07-01 08:00:59,LOC_0009,LOC_0039,Standard,68303.89,453.08,2026-05-01 15:18:00,Delivered
ORD_0000446,CUST_000204,2026-02-06 09:16:32,LOC_0011,LOC_0035,Urgent,68208.62,4553.45,2026-03-04 20:08:06,Delivered
ORD_0000447,CUST_000514,2026-01-04 16:32:11,LOC_0026,LOC_0032,Standard,19935.44,3862.51,2025-10-20 04:54:24,Delivered
ORD_0000448,CUST_000883,2026-07-16 01:28:12,LOC_0006,LOC_0005,Standard,62407.98,102.73,2025-10-31 08:40:30,Delivered
ORD_0000449,CUST_000880,2026-01-11 06:37:35,LOC_0020,LOC_0021,Standard,23657.2,1014.93,2026-03-16 18:46:59,Cancelled
ORD_0000450,CUST_000991,2025-10-07 07:53:03,LOC_0027,LOC_0036,Standard,45555.73,1224.58,2026-01-19 16:25:54,Cancelled
ORD_0000451,CUST_000230,2026-01-29 06:32:43,LOC_0037,LOC_0002,Express,40790.13,546.52,2026-03-06 23:59:48,Delivered
ORD_0000452,CUST_000256,2025-12-29 21:51:15,LOC_0006,LOC_0010,Express,61596.24,2834.06,2026-03-07 11:33:10,Delivered
ORD_0000453,CUST_000579,2026-04-30 12:42:27,LOC_0039,LOC_0027,Standard,64300.71,3973.89,2026-09-07 23:50:23,Delivered
ORD_0000454,CUST_000751,2026-07-18 04:42:13,LOC_0006,LOC_0007,Express,64456.93,812.14,2026-03-16 13:12:12,Delivered
ORD_0000455,CUST_000144,2026-09-07 11:45:16,LOC_0048,LOC_0036,Standard,37298.01,1472.53,2026-03-14 15:44:03,Delivered
ORD_0000456,CUST_000210,2026-07-17 15:47:56,LOC_0040,LOC_0046,Standard,39613.37,4681.14,2026-02-24 11:27:00,Delivered
ORD_0000457,CUST_000184,2025-11-06 02:10:38,LOC_0010,LOC_0031,Same Day,59773.76,997.94,2025-10-28 03:26:14,Delivered
ORD_0000458,CUST_000354,2026-01-27 09:15:05,LOC_0041,LOC_0001,Standard,73853.87,2923.17,2025-12-18 03:13:50,Delivered
ORD_0000459,CUST_000106,2026-06-08 01:42:15,LOC_0047,LOC_0014,Standard,11206.5,2612.54,2026-01-21 01:41:35,Delivered
ORD_0000460,CUST_000685,2026-05-27 10:57:22,LOC_0031,LOC_0014,Standard,18789.47,4647.88,2025-12-08 06:09:45,Delivered
ORD_0000461,CUST_000436,2026-07-28 04:54:20,LOC_0043,LOC_0031,Standard,20845.31,1967.45,2026-02-08 10:00:52,Delivered
ORD_0000462,CUST_000979,2026-06-27 14:15:04,LOC_0011,LOC_0041,Standard,37447.05,2209.35,2026-08-24 14:11:23,Delivered
ORD_0000463,CUST_000790,2025-12-13 19:33:07,LOC_0043,LOC_0023,Standard,74546.91,4603.19,2026-07-14 08:29:08,Delivered
ORD_0000464,CUST_000318,2025-10-13 15:57:26,LOC_0022,LOC_0007,Standard,78372.15,3034.66,2026-09-22 05:21:51,Delivered
ORD_0000465,CUST_000586,2026-09-05 10:27:15,LOC_0002,LOC_0046,Same Day,41930.39,2368.3,2026-04-03 03:34:54,Delivered
ORD_0000466,CUST_000754,2025-10-24 20:22:02,LOC_0012,LOC_0009,Standard,5236.06,3188.12,2025-11-04 13:32:50,Delivered
ORD_0000467,CUST_000920,2026-06-15 16:59:50,LOC_0046,LOC_0011,Same Day,31448.68,72.83,2026-09-19 01:26:23,Delivered
ORD_0000468,CUST_000274,2026-06-04 08:52:27,LOC_0006,LOC_0012,Standard,58696.56,2047.44,2026-03-24 02:15:22,Delivered
ORD_0000469,CUST_000089,2026-05-18 05:21:20,LOC_0037,LOC_0030,Standard,62147.01,929.92,2025-11-08 01:05:00,Delivered
ORD_0000470,CUST_000966,2026-07-14 07:08:24,LOC_0016,LOC_0020,Express,73557.51,3737.55,2026-08-22 22:31:47,Delivered
ORD_0000471,CUST_000856,2025-11-05 12:47:41,LOC_0013,LOC_0018,Standard,22415.42,2199.11,2026-09-10 23:54:24,Delivered
ORD_0000472,CUST_000973,2026-08-11 13:39:55,LOC_0038,LOC_0025,Standard,59834.84,1735.91,2025-12-04 06:41:44,Delivered
ORD_0000473,CUST_000792,2025-12-12 01:03:49,LOC_0014,LOC_0017,Standard,10242.7,3292.34,2025-12-26 16:29:47,Delivered
ORD_0000474,CUST_000719,2026-06-09 06:08:36,LOC_0007,LOC_0041,Urgent,36108.96,1674.89,2026-02-18 22:54:56,Delivered
ORD_0000475,CUST_000829,2026-01-06 17:37:09,LOC_0040,LOC_0030,Express,34243.68,4170.81,2026-05-21 22:10:37,Delivered
ORD_0000476,CUST_000958,2025-12-03 08:17:05,LOC_0033,LOC_0007,Standard,49297.74,2966.19,2026-03-15 21:09:34,Delivered
ORD_0000477,CUST_000680,2025-12-03 20:33:06,LOC_0022,LOC_0004,Standard,68225.87,2294.65,2025-11-06 22:20:10,Delivered
ORD_0000478,CUST_000448,2025-12-01 12:30:48,LOC_0006,LOC_0047,Standard,66038.92,26.71,2026-01-07 01:55:29,Delivered
ORD_0000479,CUST_000475,2026-03-04 22:38:12,LOC_0046,LOC_0016,Urgent,27401.14,4676.44,2026-07-26 07:20:11,Delivered
ORD_0000480,CUST_000994,2026-04-13 09:21:35,LOC_0038,LOC_0002,Urgent,20370.82,1812.68,2025-12-28 10:24:28,Delivered
ORD_0000481,CUST_000310,2026-06-19 21:27:06,LOC_0028,LOC_0006,Standard,13238.17,1556.84,2026-02-11 19:00:09,Delivered
ORD_0000482,CUST_000826,2025-12-02 02:59:50,LOC_0006,LOC_0023,Express,34678.01,4034.96,2026-06-25 06:09:59,Delivered
ORD_0000483,CUST_000790,2026-03-24 12:16:19,LOC_0004,LOC_0020,Standard,51507.25,4012.49,2026-03-16 23:47:29,Delivered
ORD_0000484,CUST_000545,2025-12-16 09:20:20,LOC_0025,LOC_0044,Standard,79437.96,2951.58,2025-11-04 10:32:54,Delivered
ORD_0000485,CUST_000376,2025-10-09 18:46:14,LOC_0004,LOC_0039,Standard,57537.19,3834.64,2026-06-28 05:33:06,Delivered
ORD_0000486,CUST_000115,2025-11-18 14:21:58,LOC_0023,LOC_0047,Standard,15307.24,2675.86,2025-10-18 11:55:35,Delivered
ORD_0000487,CUST_000846,2026-07-08 17:51:07,LOC_0047,LOC_0034,Standard,32001.21,735.46,2026-05-12 07:37:42,Delivered
ORD_0000488,CUST_000433,2026-08-21 15:29:24,LOC_0026,LOC_0002,Same Day,55669.66,4414.86,2025-12-11 09:25:32,Delivered
ORD_0000489,CUST_000875,2026-01-15 08:39:00,LOC_0016,LOC_0045,Standard,18685.18,4677.52,2026-08-10 21:14:26,Delivered
ORD_0000490,CUST_000292,2026-03-29 05:42:59,LOC_0018,LOC_0001,Standard,56034.48,1375.29,2026-03-10 05:19:33,Delivered
ORD_0000491,CUST_000627,2026-04-28 22:12:20,LOC_0019,LOC_0047,Express,36054.62,2976.96,2026-07-06 21:30:26,Delivered
ORD_0000492,CUST_000875,2026-06-14 05:36:29,LOC_0048,LOC_0032,Standard,33460.18,2015.89,2025-12-23 23:34:04,Delivered
ORD_0000493,CUST_000379,2025-12-04 09:31:41,LOC_0020,LOC_0019,Standard,2998.21,3125.06,2026-07-21 06:28:16,Delivered
ORD_0000494,CUST_000241,2025-12-21 16:57:31,LOC_0025,LOC_0035,Standard,10935.24,1979.96,2025-11-23 15:20:16,Cancelled
ORD_0000495,CUST_000753,2026-07-26 21:01:45,LOC_0026,LOC_0036,Standard,76588.78,1395.84,2026-03-11 07:27:18,Delivered
ORD_0000496,CUST_000507,2025-10-01 22:33:30,LOC_0030,LOC_0019,Urgent,74297.39,2001.47,2026-08-18 08:56:45,Delivered
ORD_0000497,CUST_000998,2025-10-31 21:49:13,LOC_0027,LOC_0013,Standard,52020.16,2517.8,2026-06-07 08:35:15,Delivered
ORD_0000498,CUST_000094,2025-12-14 14:38:11,LOC_0024,LOC_0002,Express,33399.18,2557.65,2026-07-17 11:28:45,Delivered
ORD_0000499,CUST_000136,2026-03-21 22:35:57,LOC_0019,LOC_0005,Standard,39301.8,3418.99,2026-09-15 07:27:43,Cancelled
ORD_0000500,CUST_000619,2026-06-20 12:21:35,LOC_0022,LOC_0011,Standard,1081.64,163.55,2026-01-05 21:04:25,Delivered
ORD_0000501,CUST_000551,2026-08-18 02:40:36,LOC_0008,LOC_0046,Express,60897.58,2193.73,2026-07-31 02:51:51,Delivered
ORD_0000502,CUST_000451,2025-11-13 01:21:06,LOC_0028,LOC_0008,Standard,70231.82,3768.38,2025-11-12 09:44:17,Delivered
ORD_0000503,CUST_000100,2026-01-09 14:49:24,LOC_0022,LOC_0042,Standard,42038.25,1225.15,2026-06-30 19:38:23,Delivered
ORD_0000504,CUST_000144,2026-01-27 17:45:20,LOC_0010,LOC_0034,Standard,48119.08,3569.59,2026-01-23 13:47:08,Cancelled
ORD_0000505,CUST_000690,2026-01-08 13:42:55,LOC_0019,LOC_0010,Urgent,51829.48,4296.02,2026-07-17 05:39:33,Delivered
ORD_0000506,CUST_000764,2026-08-27 18:21:27,LOC_0034,LOC_0026,Express,29586.04,781.07,2026-04-05 22:10:36,Delivered
ORD_0000507,CUST_000919,2026-01-16 17:32:27,LOC_0025,LOC_0001,Urgent,26636.55,1123.1,2026-06-17 23:58:28,Delivered
ORD_0000508,CUST_000013,2025-11-08 00:42:27,LOC_0048,LOC_0034,Standard,56628.63,1993.66,2026-09-17 01:48:41,Cancelled
ORD_0000509,CUST_000551,2026-06-25 11:54:46,LOC_0006,LOC_0004,Express,22138.09,3697.7,2026-03-24 02:57:13,Delivered
ORD_0000510,CUST_000094,2025-10-24 06:45:21,LOC_0048,LOC_0013,Urgent,76814.79,2613.74,2026-07-14 20:24:32,Delivered
ORD_0000511,CUST_000327,2026-05-17 12:49:59,LOC_0041,LOC_0005,Standard,40725.03,501.18,2025-12-19 17:24:51,Delivered
ORD_0000512,CUST_000454,2026-07-20 16:27:47,LOC_0042,LOC_0013,Urgent,39053.5,4.47,2026-05-19 22:24:24,Delivered
ORD_0000513,CUST_000307,2025-11-12 22:25:41,LOC_0017,LOC_0035,Standard,43008.76,3130.36,2026-01-08 12:05:11,Cancelled
ORD_0000514,CUST_000522,2026-08-31 10:09:10,LOC_0031,LOC_0032,Standard,57366.49,474.65,2025-12-05 00:27:02,Delivered
ORD_0000515,CUST_000514,2026-05-10 09:38:10,LOC_0020,LOC_0021,Standard,25855.19,3048.41,2026-07-27 07:36:55,Delivered
ORD_0000516,CUST_000980,2026-01-10 17:26:31,LOC_0034,LOC_0031,Express,61886.57,1145.16,2026-06-12 13:44:45,Delivered
ORD_0000517,CUST_000323,2025-10-22 02:57:16,LOC_0029,LOC_0020,Express,979.33,4700.06,2026-03-16 03:29:42,Cancelled
ORD_0000518,CUST_000020,2026-03-15 16:01:31,LOC_0046,LOC_0013,Express,70850.62,120.35,2025-12-23 11:07:38,Delivered
ORD_0000519,CUST_000077,2025-10-18 12:12:09,LOC_0016,LOC_0011,Express,50603.45,4760.32,2026-02-05 05:28:06,Delivered
ORD_0000520,CUST_000104,2025-11-21 19:04:34,LOC_0004,LOC_0041,Standard,78544.71,556.93,2026-02-14 13:19:40,Delivered
ORD_0000521,CUST_000576,2026-08-14 01:19:59,LOC_0006,LOC_0029,Standard,56328.37,2784.26,2026-01-06 02:52:24,Delivered
ORD_0000522,CUST_000927,2025-12-16 22:07:41,LOC_0029,LOC_0048,Standard,19739.15,1812.29,2026-09-12 16:37:32,Delivered
ORD_0000523,CUST_000438,2025-10-06 22:27:31,LOC_0026,LOC_0032,Standard,77647.0,2562.28,2026-08-09 15:58:39,Delivered
ORD_0000524,CUST_000753,2026-08-25 07:32:00,LOC_0005,LOC_0037,Same Day,45433.93,3993.36,2025-11-07 10:48:26,Delivered
ORD_0000525,CUST_000442,2025-12-10 04:46:28,LOC_0018,LOC_0030,Urgent,13361.35,1653.49,2026-03-25 20:08:09,Delivered
ORD_0000526,CUST_000400,2026-07-25 19:40:09,LOC_0002,LOC_0001,Standard,72796.06,2922.71,2025-12-29 03:20:42,Delivered
ORD_0000527,CUST_000733,2026-05-22 09:45:59,LOC_0037,LOC_0010,Express,15844.08,133.07,2025-12-16 09:33:19,Cancelled
ORD_0000528,CUST_000336,2025-12-24 00:14:11,LOC_0021,LOC_0015,Standard,36351.97,1356.85,2026-06-15 13:50:15,Delivered
ORD_0000529,CUST_000214,2025-11-18 01:16:04,LOC_0025,LOC_0004,Standard,65648.13,2951.91,2026-03-25 09:06:39,Delivered
ORD_0000530,CUST_000759,2026-04-15 12:11:50,LOC_0039,LOC_0023,Same Day,18272.67,455.77,2026-07-21 04:08:47,Delivered
ORD_0000531,CUST_000879,2026-01-25 10:07:38,LOC_0007,LOC_0023,Urgent,37185.58,4239.35,2026-02-18 18:26:41,Delivered
ORD_0000532,CUST_000919,2025-11-24 02:24:01,LOC_0021,LOC_0003,Urgent,1283.65,2594.07,2025-11-25 04:30:01,Delivered
ORD_0000533,CUST_000425,2026-06-17 07:53:15,LOC_0011,LOC_0027,Standard,13291.65,4047.47,2025-12-08 23:01:06,Delivered
ORD_0000534,CUST_000931,2026-07-13 01:41:24,LOC_0017,LOC_0040,Standard,2907.99,2353.57,2026-02-06 19:01:56,Delivered
ORD_0000535,CUST_000103,2026-03-30 00:17:03,LOC_0001,LOC_0023,Standard,6104.52,4843.71,2026-09-16 09:41:32,Cancelled
ORD_0000536,CUST_000829,2026-04-28 08:29:13,LOC_0041,LOC_0001,Standard,22204.81,1615.74,2026-02-02 05:41:12,Delivered
ORD_0000537,CUST_000129,2026-07-06 04:52:29,LOC_0015,LOC_0033,Urgent,56203.24,3716.44,2025-11-21 21:41:08,Delivered
ORD_0000538,CUST_000728,2025-11-20 19:03:03,LOC_0030,LOC_0043,Standard,75162.75,3799.95,2026-05-21 14:31:33,Delivered
ORD_0000539,CUST_000648,2026-03-03 17:33:24,LOC_0004,LOC_0013,Standard,71089.53,1190.67,2025-12-12 19:00:12,Delivered
ORD_0000540,CUST_000463,2026-04-18 10:51:17,LOC_0014,LOC_0030,Standard,63449.16,3277.99,2026-06-01 13:24:06,Delivered
ORD_0000541,CUST_000680,2026-06-07 02:03:13,LOC_0007,LOC_0043,Standard,5833.45,1828.38,2026-09-01 12:00:30,Delivered
ORD_0000542,CUST_000895,2026-04-14 15:49:04,LOC_0023,LOC_0020,Standard,7510.73,4335.1,2026-03-27 12:14:18,Delivered
ORD_0000543,CUST_000752,2026-08-07 10:24:56,LOC_0048,LOC_0023,Express,73163.76,2626.18,2026-04-25 11:47:51,Delivered
ORD_0000544,CUST_000880,2026-03-14 07:33:54,LOC_0040,LOC_0015,Urgent,46199.42,4775.74,2026-08-26 15:20:06,Delivered
ORD_0000545,CUST_000480,2026-01-29 15:49:27,LOC_0021,LOC_0009,Urgent,21737.32,2779.68,2026-07-09 07:24:40,Delivered
ORD_0000546,CUST_000165,2026-02-13 17:29:06,LOC_0016,LOC_0026,Standard,50474.69,1244.37,2026-08-04 09:51:51,Delivered
ORD_0000547,CUST_000156,2026-01-29 11:40:43,LOC_0014,LOC_0029,Express,1409.98,588.23,2025-11-26 12:37:42,Delivered
ORD_0000548,CUST_000761,2026-01-14 07:38:01,LOC_0040,LOC_0030,Standard,77437.77,1708.2,2025-12-02 20:42:16,Cancelled
ORD_0000549,CUST_000600,2025-11-04 01:00:42,LOC_0011,LOC_0046,Urgent,25098.54,2615.15,2026-06-28 06:20:48,Cancelled
ORD_0000550,CUST_000681,2026-07-08 20:06:32,LOC_0032,LOC_0045,Standard,73606.63,1402.46,2026-03-21 09:31:27,Delivered
ORD_0000551,CUST_000086,2026-06-16 03:33:32,LOC_0001,LOC_0007,Urgent,42325.48,2956.24,2026-07-05 16:39:57,Delivered
ORD_0000552,CUST_000892,2026-05-12 04:40:14,LOC_0043,LOC_0025,Express,67559.2,4770.45,2025-10-19 14:15:32,Delivered
ORD_0000553,CUST_000404,2026-04-21 15:58:42,LOC_0046,LOC_0048,Standard,72513.69,2867.58,2025-10-18 03:31:31,Delivered
ORD_0000554,CUST_000646,2026-01-07 02:22:32,LOC_0022,LOC_0007,Urgent,62105.35,4247.45,2026-01-23 07:37:41,Delivered
ORD_0000555,CUST_000270,2026-02-13 00:04:19,LOC_0011,LOC_0014,Express,27698.96,2007.8,2026-05-06 17:06:01,Delivered
ORD_0000556,CUST_000990,2026-05-30 03:02:43,LOC_0015,LOC_0021,Standard,8141.54,2031.51,2026-08-20 18:02:11,Delivered
ORD_0000557,CUST_000449,2026-06-29 14:03:09,LOC_0024,LOC_0011,Standard,49666.06,4544.33,2025-12-07 06:30:12,Delivered
ORD_0000558,CUST_000093,2026-04-25 13:45:59,LOC_0046,LOC_0039,Urgent,22754.77,3580.01,2026-09-22 06:59:41,Delivered
ORD_0000559,CUST_000584,2026-01-14 23:20:37,LOC_0006,LOC_0021,Standard,46804.92,3338.27,2025-12-29 06:59:18,Delivered
ORD_0000560,CUST_000149,2026-05-04 16:45:07,LOC_0001,LOC_0019,Same Day,41336.59,2195.87,2026-01-03 18:07:30,Delivered
ORD_0000561,CUST_000397,2026-02-19 04:58:24,LOC_0048,LOC_0017,Express,68245.79,2157.71,2026-07-04 22:57:35,Delivered
ORD_0000562,CUST_000848,2026-04-15 17:15:52,LOC_0045,LOC_0016,Standard,83395.43,3921.52,2026-08-09 19:36:45,Delivered
ORD_0000563,CUST_000568,2026-03-19 00:59:01,LOC_0015,LOC_0030,Express,52789.1,2486.67,2026-01-14 20:03:46,Delivered
ORD_0000564,CUST_000152,2026-07-10 06:40:17,LOC_0005,LOC_0044,Standard,48644.18,4736.86,2026-02-18 23:15:39,Delivered
ORD_0000565,CUST_000691,2026-04-28 05:00:21,LOC_0020,LOC_0022,Express,80459.63,722.88,2025-12-31 01:47:21,Cancelled
ORD_0000566,CUST_000367,2026-07-12 03:22:18,LOC_0038,LOC_0008,Same Day,45265.73,3652.44,2026-07-30 00:52:31,Delivered
ORD_0000567,CUST_000340,2026-06-28 02:30:38,LOC_0006,LOC_0007,Express,33239.62,2039.06,2026-03-07 20:55:01,Delivered
ORD_0000568,CUST_000512,2026-02-09 13:52:24,LOC_0006,LOC_0012,Standard,83786.24,3165.77,2026-01-12 02:12:49,Delivered
ORD_0000569,CUST_000098,2026-05-09 06:19:43,LOC_0011,LOC_0001,Standard,26379.3,4000.59,2026-04-26 15:03:13,Delivered
ORD_0000570,CUST_000354,2026-08-25 04:29:32,LOC_0007,LOC_0044,Standard,15450.44,2204.61,2026-09-23 11:12:30,Delivered
ORD_0000571,CUST_000813,2025-11-08 08:55:27,LOC_0008,LOC_0020,Standard,50363.98,838.59,2026-01-24 14:42:57,Delivered
ORD_0000572,CUST_000459,2026-04-09 05:44:33,LOC_0008,LOC_0043,Standard,12446.73,4802.01,2026-05-07 09:36:10,Delivered
ORD_0000573,CUST_000860,2026-05-11 23:38:57,LOC_0038,LOC_0007,Standard,27586.73,2637.63,2026-08-29 06:34:07,Delivered
ORD_0000574,CUST_000203,2026-02-02 12:11:03,LOC_0019,LOC_0041,Standard,41944.32,2457.21,2026-03-19 07:59:10,Delivered
ORD_0000575,CUST_000852,2026-06-06 13:22:30,LOC_0003,LOC_0013,Standard,76573.35,2714.85,2025-11-06 21:39:36,Delivered
ORD_0000576,CUST_000844,2025-10-18 00:16:44,LOC_0044,LOC_0028,Standard,43489.0,3406.3,2026-07-17 21:22:26,Delivered
ORD_0000577,CUST_000585,2026-01-21 10:33:52,LOC_0041,LOC_0040,Standard,76577.1,583.42,2025-10-08 17:20:50,Delivered
ORD_0000578,CUST_000046,2026-07-03 10:44:19,LOC_0010,LOC_0039,Express,78424.02,3402.62,2026-01-07 15:03:07,Delivered
ORD_0000579,CUST_000285,2026-03-24 01:37:48,LOC_0013,LOC_0032,Express,33917.09,3480.62,2026-01-09 05:44:01,Delivered
ORD_0000580,CUST_000550,2026-04-26 21:45:29,LOC_0021,LOC_0011,Standard,79137.33,1992.23,2026-07-17 06:19:42,Delivered
ORD_0000581,CUST_000974,2025-11-12 02:36:39,LOC_0006,LOC_0036,Standard,84624.69,2345.85,2026-08-28 06:59:10,Delivered
ORD_0000582,CUST_000631,2026-07-25 10:27:15,LOC_0024,LOC_0029,Standard,3968.89,4668.21,2026-07-16 16:19:44,Cancelled
ORD_0000583,CUST_000972,2026-06-07 19:13:36,LOC_0010,LOC_0022,Same Day,30084.9,1004.85,2026-08-30 18:05:00,Delivered
ORD_0000584,CUST_000739,2025-12-02 04:59:38,LOC_0029,LOC_0002,Standard,51340.27,1440.46,2026-09-06 03:27:00,Delivered
ORD_0000585,CUST_000738,2026-02-25 16:37:05,LOC_0011,LOC_0047,Standard,9270.47,1169.84,2026-02-06 07:53:54,Delivered
ORD_0000586,CUST_000559,2026-06-23 21:48:00,LOC_0005,LOC_0002,Urgent,48791.06,1931.5,2026-06-10 11:18:47,Delivered
ORD_0000587,CUST_000652,2026-01-20 01:12:49,LOC_0030,LOC_0031,Urgent,74813.04,1120.75,2026-09-24 06:42:35,Delivered
ORD_0000588,CUST_000044,2026-05-31 22:51:15,LOC_0030,LOC_0027,Urgent,83942.85,626.87,2026-07-04 05:31:16,Delivered
ORD_0000589,CUST_000373,2025-12-13 19:22:31,LOC_0022,LOC_0021,Standard,17899.82,1086.36,2026-06-18 03:53:07,Delivered
ORD_0000590,CUST_000419,2026-01-25 06:38:23,LOC_0024,LOC_0042,Standard,9680.94,3261.88,2026-01-31 23:32:01,Delivered
ORD_0000591,CUST_000676,2026-06-16 16:16:56,LOC_0025,LOC_0034,Standard,59140.43,1931.08,2026-03-20 07:07:10,Delivered
ORD_0000592,CUST_000203,2026-01-31 10:47:08,LOC_0010,LOC_0027,Standard,11531.9,4656.4,2026-02-02 21:22:42,Delivered
ORD_0000593,CUST_000340,2025-10-26 06:49:54,LOC_0006,LOC_0021,Standard,81447.33,1539.19,2026-09-18 03:30:25,Delivered
ORD_0000594,CUST_000822,2026-03-08 17:56:43,LOC_0036,LOC_0011,Urgent,10508.22,4551.34,2026-09-17 02:05:55,Delivered
ORD_0000595,CUST_000969,2025-12-05 20:14:06,LOC_0010,LOC_0029,Express,32690.2,1898.09,2025-11-08 20:04:27,Delivered
ORD_0000596,CUST_000504,2025-11-22 01:12:56,LOC_0043,LOC_0037,Urgent,75408.46,346.31,2026-02-13 00:00:16,Delivered
ORD_0000597,CUST_000812,2025-12-05 07:12:24,LOC_0006,LOC_0023,Same Day,53047.36,2952.43,2026-05-23 02:21:54,Delivered
ORD_0000598,CUST_000054,2026-07-18 21:56:11,LOC_0042,LOC_0016,Standard,37084.25,204.2,2026-07-03 21:03:45,Cancelled
ORD_0000599,CUST_000134,2026-02-28 11:34:32,LOC_0040,LOC_0001,Express,17369.78,2351.66,2026-07-15 20:37:59,Delivered
ORD_0000600,CUST_000435,2026-01-18 00:32:15,LOC_0027,LOC_0046,Standard,22604.18,966.13,2026-02-14 01:42:24,Delivered
ORD_0000601,CUST_000024,2026-07-30 03:06:31,LOC_0009,LOC_0007,Standard,13513.52,4007.68,2026-01-05 00:34:30,Delivered
ORD_0000602,CUST_000160,2026-05-26 12:58:23,LOC_0038,LOC_0041,Same Day,28461.1,3325.36,2026-09-04 11:19:30,Delivered
ORD_0000603,CUST_000811,2026-04-03 12:30:16,LOC_0044,LOC_0015,Standard,27574.22,2647.61,2025-12-25 17:02:28,Delivered
ORD_0000604,CUST_000886,2026-09-06 16:39:05,LOC_0004,LOC_0029,Standard,82819.09,1317.78,2025-12-13 17:43:52,Delivered
ORD_0000605,CUST_000775,2026-01-19 11:36:03,LOC_0015,LOC_0011,Express,51331.31,2534.26,2026-03-04 01:48:17,Delivered
ORD_0000606,CUST_000289,2026-08-14 05:00:03,LOC_0011,LOC_0005,Standard,62431.25,3099.99,2025-10-26 19:58:18,Delivered
ORD_0000607,CUST_000790,2026-02-01 13:20:37,LOC_0024,LOC_0045,Express,48597.5,3636.29,2026-06-24 18:59:37,Delivered
ORD_0000608,CUST_000763,2026-02-03 14:46:43,LOC_0013,LOC_0015,Standard,35122.39,4400.11,2026-05-18 17:20:30,Delivered
ORD_0000609,CUST_000430,2025-10-06 01:28:36,LOC_0002,LOC_0009,Standard,53920.31,1998.29,2026-08-05 06:57:21,Delivered
ORD_0000610,CUST_000484,2026-08-28 05:34:52,LOC_0010,LOC_0018,Standard,13877.73,4149.23,2026-02-10 20:34:19,Delivered
ORD_0000611,CUST_000500,2026-01-21 00:07:37,LOC_0043,LOC_0004,Same Day,27817.37,2384.55,2026-02-17 00:46:08,Delivered
ORD_0000612,CUST_000347,2026-02-10 02:42:31,LOC_0041,LOC_0020,Express,51125.29,2649.12,2026-06-26 07:14:01,Delivered
ORD_0000613,CUST_000253,2026-04-03 13:50:34,LOC_0014,LOC_0021,Standard,26909.38,4578.86,2026-06-27 05:47:37,Delivered
ORD_0000614,CUST_000587,2026-09-11 12:02:43,LOC_0015,LOC_0046,Express,21548.87,2817.36,2026-05-21 10:37:44,Delivered
ORD_0000615,CUST_000474,2026-07-04 02:54:42,LOC_0039,LOC_0047,Standard,16823.86,3850.19,2026-01-14 20:37:34,Delivered
ORD_0000616,CUST_000495,2026-04-26 22:13:30,LOC_0036,LOC_0010,Standard,83756.55,3024.65,2026-08-04 01:04:58,Delivered
ORD_0000617,CUST_000200,2026-01-24 10:39:47,LOC_0034,LOC_0033,Standard,59704.59,4263.8,2026-01-20 11:23:42,Delivered
ORD_0000618,CUST_000795,2026-01-14 21:08:30,LOC_0010,LOC_0029,Standard,38029.77,1571.81,2026-06-03 04:58:12,Delivered
ORD_0000619,CUST_000054,2026-06-01 21:08:05,LOC_0021,LOC_0036,Standard,61382.36,2751.54,2026-04-07 02:36:56,Delivered
ORD_0000620,CUST_000775,2025-10-27 00:16:33,LOC_0037,LOC_0003,Standard,60804.62,2484.39,2026-09-12 13:30:54,Delivered
ORD_0000621,CUST_000423,2026-06-27 09:28:06,LOC_0022,LOC_0005,Standard,35681.82,3949.06,2026-04-12 02:26:47,Delivered
ORD_0000622,CUST_000246,2025-10-17 02:36:01,LOC_0004,LOC_0042,Express,71724.47,1129.15,2026-06-26 02:09:54,Delivered
ORD_0000623,CUST_000406,2025-10-27 00:53:57,LOC_0002,LOC_0033,Standard,60895.71,2075.86,2026-07-28 06:48:36,Delivered
ORD_0000624,CUST_000903,2026-06-01 09:51:05,LOC_0024,LOC_0033,Urgent,13365.62,38.74,2026-09-16 06:52:42,Delivered
ORD_0000625,CUST_000263,2026-03-22 16:13:04,LOC_0022,LOC_0013,Urgent,55464.09,2259.35,2026-02-05 11:27:47,Delivered
ORD_0000626,CUST_000956,2026-09-09 23:38:56,LOC_0014,LOC_0013,Express,70882.56,3371.68,2026-07-23 17:25:56,Delivered
ORD_0000627,CUST_000259,2026-04-12 15:59:36,LOC_0014,LOC_0033,Standard,15787.67,1670.99,2025-10-13 05:21:13,Cancelled
ORD_0000628,CUST_000170,2025-10-30 19:25:38,LOC_0032,LOC_0031,Express,56863.55,4689.25,2026-05-07 11:16:11,Delivered
ORD_0000629,CUST_000311,2025-12-13 17:42:04,LOC_0029,LOC_0025,Express,5023.95,1078.11,2026-07-11 18:16:06,Cancelled
ORD_0000630,CUST_000023,2026-08-07 13:10:53,LOC_0020,LOC_0003,Standard,39110.39,4661.36,2026-09-16 23:26:38,Delivered
ORD_0000631,CUST_000891,2026-06-26 07:30:34,LOC_0038,LOC_0045,Standard,48092.99,318.29,2026-05-08 20:08:14,Delivered
ORD_0000632,CUST_000180,2026-01-17 23:51:41,LOC_0001,LOC_0037,Standard,65525.54,1405.55,2026-09-18 10:12:54,Delivered
ORD_0000633,CUST_000459,2026-04-08 08:51:33,LOC_0001,LOC_0042,Urgent,37286.61,4760.83,2025-10-19 22:44:21,Delivered
ORD_0000634,CUST_000484,2026-07-13 03:57:56,LOC_0035,LOC_0011,Express,47061.53,730.19,2026-02-24 15:40:03,Delivered
ORD_0000635,CUST_000834,2026-09-09 06:07:40,LOC_0044,LOC_0032,Standard,36979.61,3011.56,2026-06-24 00:09:33,Delivered
ORD_0000636,CUST_000044,2026-08-19 18:22:33,LOC_0022,LOC_0033,Urgent,51097.97,2701.97,2026-09-23 21:01:03,Delivered
ORD_0000637,CUST_000902,2026-06-15 18:19:01,LOC_0008,LOC_0033,Standard,841.42,4672.66,2026-05-02 16:37:03,Cancelled
ORD_0000638,CUST_000750,2026-03-08 02:16:23,LOC_0024,LOC_0036,Standard,19011.54,1756.97,2026-03-05 22:59:07,Delivered
ORD_0000639,CUST_000001,2026-03-07 08:45:48,LOC_0033,LOC_0007,Standard,80784.35,1210.68,2026-04-13 17:56:38,Delivered
ORD_0000640,CUST_000848,2026-03-06 03:41:30,LOC_0044,LOC_0005,Standard,36152.03,1788.86,2025-10-30 06:23:47,Delivered
ORD_0000641,CUST_000490,2025-10-12 16:46:07,LOC_0041,LOC_0040,Standard,3163.27,1599.52,2026-05-21 02:17:26,Delivered
ORD_0000642,CUST_000902,2025-11-03 08:45:12,LOC_0023,LOC_0044,Same Day,81853.92,3795.73,2026-04-11 03:30:47,Delivered
ORD_0000643,CUST_000389,2026-07-01 01:34:52,LOC_0048,LOC_0022,Express,27782.73,2764.02,2026-01-04 23:22:02,Delivered
ORD_0000644,CUST_000029,2026-04-26 16:11:32,LOC_0033,LOC_0029,Standard,59407.57,1942.11,2025-10-30 13:03:17,Delivered
ORD_0000645,CUST_000875,2025-10-30 11:28:20,LOC_0011,LOC_0003,Express,58535.22,4842.89,2026-01-22 20:55:56,Delivered
ORD_0000646,CUST_000386,2026-07-04 20:48:38,LOC_0003,LOC_0020,Standard,49811.65,2467.77,2025-12-12 21:42:56,Delivered
ORD_0000647,CUST_000577,2026-06-27 02:14:57,LOC_0002,LOC_0029,Standard,2235.43,2626.83,2026-04-13 10:30:06,Delivered
ORD_0000648,CUST_000067,2026-09-05 16:00:38,LOC_0006,LOC_0017,Urgent,34412.13,4596.53,2026-09-07 10:32:37,Delivered
ORD_0000649,CUST_000383,2026-05-05 23:55:21,LOC_0036,LOC_0017,Standard,16175.61,2067.45,2026-04-07 08:16:24,Delivered
ORD_0000650,CUST_000116,2026-01-03 06:40:41,LOC_0034,LOC_0043,Express,74892.5,687.03,2026-01-14 22:55:56,Delivered
ORD_0000651,CUST_000643,2026-04-04 03:49:49,LOC_0035,LOC_0005,Express,12786.52,3803.07,2025-11-28 03:29:50,Delivered
ORD_0000652,CUST_000961,2025-10-11 09:18:38,LOC_0015,LOC_0017,Standard,74071.51,3903.6,2026-03-09 17:05:21,Delivered
ORD_0000653,CUST_000131,2026-01-02 08:54:33,LOC_0031,LOC_0040,Standard,74173.12,3177.45,2026-08-06 16:23:32,Delivered
ORD_0000654,CUST_000722,2026-02-10 06:18:02,LOC_0010,LOC_0042,Standard,39750.85,4034.44,2025-10-20 05:11:07,Delivered
ORD_0000655,CUST_000705,2026-03-31 21:54:24,LOC_0038,LOC_0045,Urgent,56355.25,2870.79,2026-05-08 03:38:55,Delivered
ORD_0000656,CUST_000896,2025-12-13 22:11:08,LOC_0019,LOC_0039,Standard,27891.89,1198.6,2026-04-22 02:42:08,Delivered
ORD_0000657,CUST_000675,2026-06-24 01:14:44,LOC_0013,LOC_0040,Express,58664.07,951.45,2026-09-14 11:15:07,Delivered
ORD_0000658,CUST_000898,2026-06-09 02:22:41,LOC_0019,LOC_0041,Standard,70667.89,917.02,2026-01-08 11:45:40,Delivered
ORD_0000659,CUST_000150,2025-10-01 21:54:11,LOC_0017,LOC_0039,Standard,69208.18,4919.37,2025-11-01 17:50:04,Delivered
ORD_0000660,CUST_000524,2025-11-11 14:49:22,LOC_0037,LOC_0027,Standard,53575.53,2448.82,2025-12-20 19:00:30,Delivered
ORD_0000661,CUST_000043,2026-06-24 08:11:09,LOC_0005,LOC_0018,Standard,66737.07,4628.89,2025-11-13 19:04:16,Delivered
ORD_0000662,CUST_000284,2026-05-03 06:12:16,LOC_0019,LOC_0028,Standard,48717.14,1335.15,2026-01-04 11:14:18,Delivered
ORD_0000663,CUST_000845,2026-01-13 09:30:35,LOC_0025,LOC_0014,Express,8204.52,3702.8,2026-04-30 11:53:16,Delivered
ORD_0000664,CUST_000940,2026-08-26 14:12:01,LOC_0015,LOC_0018,Standard,37273.83,4304.75,2025-11-13 13:37:45,Delivered
ORD_0000665,CUST_000394,2026-08-03 06:56:35,LOC_0040,LOC_0025,Standard,75012.63,2458.62,2025-10-13 11:58:59,Delivered
ORD_0000666,CUST_000382,2025-12-20 02:03:07,LOC_0010,LOC_0046,Express,32412.63,3940.77,2025-11-02 04:35:54,Delivered
ORD_0000667,CUST_000481,2026-02-28 15:58:54,LOC_0002,LOC_0044,Standard,38714.77,4000.9,2026-05-10 21:18:36,Delivered
ORD_0000668,CUST_000262,2026-08-28 04:01:05,LOC_0023,LOC_0015,Standard,40935.85,844.37,2026-01-15 10:16:57,Delivered
ORD_0000669,CUST_000093,2026-01-07 17:34:43,LOC_0046,LOC_0011,Express,21658.05,2627.22,2025-11-08 02:03:24,Delivered
ORD_0000670,CUST_000238,2026-07-15 10:57:26,LOC_0006,LOC_0040,Express,74169.46,4334.3,2025-10-23 13:02:30,Delivered
ORD_0000671,CUST_000079,2026-07-23 03:11:01,LOC_0005,LOC_0007,Urgent,10989.6,2313.76,2026-01-14 05:46:02,Delivered
ORD_0000672,CUST_000279,2025-11-30 04:37:58,LOC_0033,LOC_0002,Standard,11903.2,243.63,2026-04-16 12:01:28,Delivered
ORD_0000673,CUST_000728,2025-11-22 10:10:17,LOC_0008,LOC_0046,Standard,4072.11,4914.32,2026-01-08 00:01:59,Delivered
ORD_0000674,CUST_000911,2026-07-18 15:50:15,LOC_0034,LOC_0030,Urgent,51666.2,3592.34,2026-06-10 12:07:37,Delivered
ORD_0000675,CUST_000615,2026-01-30 19:13:31,LOC_0024,LOC_0020,Express,32267.29,1869.37,2025-11-15 15:17:34,Delivered
ORD_0000676,CUST_000810,2026-03-20 03:28:16,LOC_0048,LOC_0009,Express,12525.65,4502.72,2026-06-11 17:48:53,Delivered
ORD_0000677,CUST_000053,2026-02-27 18:25:22,LOC_0016,LOC_0010,Express,32106.01,1754.07,2026-09-15 06:04:46,Delivered
ORD_0000678,CUST_000957,2025-11-08 23:39:42,LOC_0031,LOC_0005,Standard,43317.63,57.26,2026-02-17 13:02:55,Delivered
ORD_0000679,CUST_000460,2026-08-07 19:24:01,LOC_0026,LOC_0022,Express,28093.02,1841.1,2026-08-07 23:07:19,Delivered
ORD_0000680,CUST_000767,2026-07-05 00:56:30,LOC_0037,LOC_0033,Same Day,70188.25,1652.1,2025-10-28 09:01:06,Delivered
ORD_0000681,CUST_000283,2025-12-14 20:32:01,LOC_0026,LOC_0015,Standard,11733.6,2093.04,2025-10-19 11:45:36,Delivered
ORD_0000682,CUST_000068,2025-12-03 22:59:32,LOC_0011,LOC_0003,Express,19013.48,4575.84,2026-01-13 04:56:34,Delivered
ORD_0000683,CUST_000979,2026-02-04 10:57:38,LOC_0017,LOC_0037,Standard,63208.41,3158.36,2026-05-09 17:16:57,Delivered
ORD_0000684,CUST_000252,2026-07-08 22:12:03,LOC_0015,LOC_0002,Standard,43496.56,2495.37,2026-03-20 19:01:58,Cancelled
ORD_0000685,CUST_000152,2025-11-07 22:26:41,LOC_0036,LOC_0015,Express,21518.36,4526.06,2026-08-26 14:48:34,Delivered
ORD_0000686,CUST_000639,2026-03-17 11:32:49,LOC_0031,LOC_0043,Express,5308.31,2030.81,2025-10-29 01:50:26,Delivered
ORD_0000687,CUST_000504,2025-12-03 16:22:45,LOC_0026,LOC_0038,Standard,24706.51,3053.64,2025-12-26 14:29:24,Delivered
ORD_0000688,CUST_000554,2025-10-20 14:08:28,LOC_0028,LOC_0032,Standard,68784.32,3240.55,2026-09-16 18:30:26,Delivered
ORD_0000689,CUST_000683,2025-11-01 14:58:13,LOC_0037,LOC_0006,Standard,8947.58,4981.59,2025-10-20 10:39:49,Cancelled
ORD_0000690,CUST_000503,2025-11-23 11:26:48,LOC_0007,LOC_0018,Standard,6557.24,3064.46,2026-05-21 22:38:36,Delivered
ORD_0000691,CUST_000230,2026-03-25 09:08:11,LOC_0045,LOC_0019,Standard,14257.15,2364.36,2025-10-17 00:46:50,Delivered
ORD_0000692,CUST_000317,2026-05-16 21:03:19,LOC_0043,LOC_0021,Standard,13616.01,399.11,2025-12-25 11:36:33,Delivered
ORD_0000693,CUST_000328,2026-06-18 11:35:48,LOC_0038,LOC_0016,Standard,79074.29,3342.01,2026-07-11 03:46:59,Delivered
ORD_0000694,CUST_000354,2026-03-29 15:37:18,LOC_0005,LOC_0004,Urgent,33417.74,4062.97,2025-10-13 08:26:01,Delivered
ORD_0000695,CUST_000433,2025-12-03 09:42:44,LOC_0043,LOC_0021,Express,16044.78,4346.13,2026-09-23 21:40:09,Cancelled
ORD_0000696,CUST_000144,2025-10-15 13:49:24,LOC_0016,LOC_0033,Standard,17590.58,904.2,2026-05-26 13:58:01,Delivered
ORD_0000697,CUST_000207,2026-03-01 08:56:54,LOC_0014,LOC_0010,Express,63372.43,1368.68,2026-02-07 22:31:59,Delivered
ORD_0000698,CUST_000466,2025-10-07 14:25:51,LOC_0047,LOC_0038,Standard,39068.87,1423.86,2026-05-03 21:39:22,Delivered
ORD_0000699,CUST_000906,2026-09-11 20:57:25,LOC_0039,LOC_0037,Urgent,19335.01,1324.97,2025-12-29 20:31:03,Delivered
ORD_0000700,CUST_000975,2026-04-26 12:24:52,LOC_0029,LOC_0016,Standard,6930.93,4016.81,2026-03-06 08:39:37,Delivered
ORD_0000701,CUST_000807,2026-01-20 07:40:43,LOC_0020,LOC_0039,Standard,18533.53,3307.12,2026-06-19 06:11:21,Delivered
ORD_0000702,CUST_000702,2026-07-18 16:27:42,LOC_0028,LOC_0006,Express,2248.38,651.13,2026-02-06 13:05:14,Delivered
ORD_0000703,CUST_000371,2025-11-30 01:27:23,LOC_0007,LOC_0019,Same Day,54497.41,382.98,2026-01-29 18:45:22,Delivered
ORD_0000704,CUST_000989,2026-03-30 08:20:11,LOC_0012,LOC_0008,Standard,65226.98,3898.13,2026-07-27 14:58:14,Delivered
ORD_0000705,CUST_000559,2025-10-25 06:41:24,LOC_0017,LOC_0047,Urgent,82416.17,3832.89,2025-10-09 22:56:51,Delivered
ORD_0000706,CUST_000031,2025-12-22 02:47:25,LOC_0022,LOC_0025,Express,43799.47,4059.42,2026-08-05 17:09:14,Delivered
ORD_0000707,CUST_000855,2025-10-16 22:35:26,LOC_0043,LOC_0032,Express,54793.56,997.17,2026-05-08 01:26:18,Delivered
ORD_0000708,CUST_000426,2026-05-06 16:11:37,LOC_0048,LOC_0001,Urgent,71735.39,2974.05,2026-02-02 06:29:38,Delivered
ORD_0000709,CUST_000640,2025-11-11 00:47:45,LOC_0003,LOC_0041,Standard,36466.63,196.62,2026-02-04 13:57:19,Delivered
ORD_0000710,CUST_000077,2026-01-19 09:17:28,LOC_0034,LOC_0024,Standard,34880.59,132.69,2025-11-01 18:25:47,Delivered
ORD_0000711,CUST_000787,2025-10-19 16:53:55,LOC_0022,LOC_0021,Standard,49698.28,396.04,2026-09-12 18:49:23,Delivered
ORD_0000712,CUST_000708,2025-10-16 11:09:08,LOC_0035,LOC_0020,Express,76155.03,3762.01,2026-09-19 19:38:20,Delivered
ORD_0000713,CUST_000005,2026-05-18 02:36:32,LOC_0007,LOC_0031,Standard,46295.99,1322.88,2025-10-19 21:17:20,Delivered
ORD_0000714,CUST_000888,2026-08-15 22:41:03,LOC_0007,LOC_0041,Standard,60339.65,848.51,2026-08-15 10:32:05,Delivered
ORD_0000715,CUST_000795,2026-08-17 01:14:44,LOC_0013,LOC_0032,Standard,52320.3,1943.43,2026-05-04 12:46:31,Delivered
ORD_0000716,CUST_000877,2026-05-18 01:31:23,LOC_0008,LOC_0046,Standard,622.75,574.82,2026-03-15 19:16:52,Delivered
ORD_0000717,CUST_000255,2026-03-02 22:29:51,LOC_0009,LOC_0046,Standard,4434.68,362.85,2025-10-19 07:43:02,Delivered
ORD_0000718,CUST_000015,2026-09-03 01:15:55,LOC_0027,LOC_0007,Standard,61704.55,3928.42,2026-02-12 20:05:12,Delivered
ORD_0000719,CUST_000150,2026-04-08 12:27:22,LOC_0014,LOC_0025,Standard,80501.66,1215.36,2026-02-17 07:26:57,Cancelled
ORD_0000720,CUST_000063,2026-01-18 17:21:42,LOC_0004,LOC_0048,Standard,9830.19,1437.48,2026-03-31 07:15:53,Delivered
ORD_0000721,CUST_000660,2025-12-01 23:01:53,LOC_0015,LOC_0029,Express,40792.58,1954.19,2025-12-19 07:25:48,Delivered
ORD_0000722,CUST_000972,2026-06-25 13:51:33,LOC_0036,LOC_0033,Urgent,61445.01,2611.1,2026-06-07 14:10:41,Delivered
ORD_0000723,CUST_000248,2026-05-11 17:22:31,LOC_0019,LOC_0017,Standard,79200.9,4279.54,2026-08-13 05:19:52,Delivered
ORD_0000724,CUST_000707,2026-07-07 14:32:51,LOC_0036,LOC_0027,Standard,16332.92,3663.63,2026-05-12 04:04:45,Delivered
ORD_0000725,CUST_000617,2026-08-29 18:41:39,LOC_0037,LOC_0023,Standard,75726.72,1624.93,2025-11-11 01:23:37,Delivered
ORD_0000726,CUST_000707,2026-03-09 18:55:28,LOC_0005,LOC_0007,Urgent,73723.61,1026.39,2026-05-09 05:32:29,Delivered
ORD_0000727,CUST_000380,2026-05-17 05:50:45,LOC_0007,LOC_0003,Standard,10663.45,1403.49,2026-01-10 19:15:45,Delivered
ORD_0000728,CUST_000550,2026-07-21 18:14:44,LOC_0048,LOC_0041,Standard,23913.39,836.85,2026-07-25 18:35:51,Delivered
ORD_0000729,CUST_000948,2026-06-27 22:04:25,LOC_0037,LOC_0018,Standard,30658.02,2262.87,2025-10-05 03:43:09,Delivered
ORD_0000730,CUST_000240,2025-10-24 10:34:40,LOC_0048,LOC_0003,Standard,17200.97,1476.41,2026-07-15 12:28:09,Delivered
ORD_0000731,CUST_000775,2025-10-03 14:30:05,LOC_0020,LOC_0044,Standard,76647.72,2369.7,2026-03-21 11:24:01,Delivered
ORD_0000732,CUST_000426,2026-09-08 21:19:54,LOC_0007,LOC_0028,Express,60807.4,3569.18,2025-12-30 04:47:57,Delivered
ORD_0000733,CUST_000546,2026-01-17 01:33:18,LOC_0043,LOC_0037,Same Day,52125.17,3973.99,2025-12-25 01:28:40,Delivered
ORD_0000734,CUST_000950,2026-04-25 20:25:55,LOC_0006,LOC_0038,Express,5045.44,3685.54,2025-11-17 15:29:27,Cancelled
ORD_0000735,CUST_000756,2025-10-20 08:33:08,LOC_0009,LOC_0004,Standard,68010.67,1203.93,2026-04-22 07:15:48,Delivered
ORD_0000736,CUST_000266,2025-12-19 08:59:24,LOC_0017,LOC_0022,Standard,36642.4,4251.52,2026-05-04 01:13:09,Delivered
ORD_0000737,CUST_000650,2026-02-08 18:52:17,LOC_0035,LOC_0006,Express,58073.14,4963.77,2026-07-15 23:59:05,Delivered
ORD_0000738,CUST_000086,2026-04-05 08:38:42,LOC_0021,LOC_0011,Express,7349.84,3440.41,2026-07-23 01:10:17,Cancelled
ORD_0000739,CUST_000807,2025-11-14 08:47:53,LOC_0041,LOC_0048,Standard,30356.96,1896.47,2026-05-26 05:35:58,Delivered
ORD_0000740,CUST_000685,2026-08-16 19:00:58,LOC_0037,LOC_0035,Standard,65394.91,754.59,2026-04-07 03:28:45,Delivered
ORD_0000741,CUST_000046,2025-11-04 02:05:21,LOC_0039,LOC_0004,Express,32432.19,3184.07,2025-10-04 12:43:21,Delivered
ORD_0000742,CUST_000524,2026-02-23 09:44:21,LOC_0015,LOC_0021,Express,69923.36,3926.13,2026-02-22 11:44:59,Delivered
ORD_0000743,CUST_000629,2026-08-29 03:24:26,LOC_0036,LOC_0030,Standard,65764.97,3893.51,2026-05-31 11:41:37,Delivered
ORD_0000744,CUST_000259,2026-01-09 02:21:10,LOC_0034,LOC_0008,Express,920.11,3128.64,2026-09-12 22:34:55,Cancelled
ORD_0000745,CUST_000255,2026-01-02 17:10:22,LOC_0034,LOC_0013,Express,55234.25,1999.74,2026-02-26 16:26:21,Delivered
ORD_0000746,CUST_000661,2026-07-06 02:17:36,LOC_0043,LOC_0047,Standard,21009.52,2100.16,2026-02-01 01:43:21,Delivered
ORD_0000747,CUST_000474,2026-02-22 18:15:42,LOC_0003,LOC_0025,Urgent,13738.78,4730.82,2026-01-22 13:01:14,Delivered
ORD_0000748,CUST_000557,2026-04-01 02:36:14,LOC_0044,LOC_0012,Standard,62121.31,3343.98,2026-01-26 14:17:55,Delivered
ORD_0000749,CUST_000941,2026-08-19 03:29:11,LOC_0002,LOC_0015,Standard,59430.82,2594.7,2026-07-14 02:46:55,Cancelled
ORD_0000750,CUST_000064,2026-01-01 09:23:19,LOC_0044,LOC_0045,Standard,5360.73,4265.12,2026-02-11 16:20:17,Delivered
ORD_0000751,CUST_000726,2026-05-21 14:30:27,LOC_0008,LOC_0026,Standard,9133.84,474.69,2026-07-13 04:16:18,Delivered
ORD_0000752,CUST_000094,2025-10-15 20:55:34,LOC_0041,LOC_0044,Standard,54920.39,4997.22,2025-12-20 05:39:10,Delivered
ORD_0000753,CUST_000777,2026-09-01 04:39:48,LOC_0021,LOC_0025,Standard,34908.19,2763.64,2025-11-08 22:19:45,Delivered
ORD_0000754,CUST_000115,2026-04-02 01:21:19,LOC_0036,LOC_0009,Express,21150.6,1887.7,2026-08-23 10:39:09,Delivered
ORD_0000755,CUST_000004,2025-10-30 06:10:17,LOC_0040,LOC_0044,Standard,29719.47,4429.65,2025-12-26 03:08:40,Delivered
ORD_0000756,CUST_000232,2026-03-07 19:34:03,LOC_0015,LOC_0026,Standard,50064.07,3783.09,2026-04-26 21:28:42,Delivered
ORD_0000757,CUST_000282,2026-01-22 19:14:58,LOC_0022,LOC_0027,Standard,59262.74,4286.67,2025-11-01 15:14:23,Delivered
ORD_0000758,CUST_000505,2026-07-17 11:52:19,LOC_0026,LOC_0028,Same Day,44384.17,481.73,2026-03-18 23:45:53,Delivered
ORD_0000759,CUST_000400,2025-10-28 20:52:23,LOC_0026,LOC_0039,Urgent,33141.01,3425.17,2025-11-06 08:24:17,Delivered
ORD_0000760,CUST_000838,2026-03-14 11:49:56,LOC_0028,LOC_0033,Standard,41515.13,4237.46,2026-05-05 09:10:59,Delivered
ORD_0000761,CUST_000987,2026-07-30 15:50:46,LOC_0003,LOC_0008,Standard,67577.06,4925.76,2026-01-05 05:46:37,Delivered
ORD_0000762,CUST_000661,2025-10-07 15:43:44,LOC_0024,LOC_0040,Standard,31812.56,3456.16,2026-07-12 22:19:35,Delivered
ORD_0000763,CUST_000187,2026-07-01 21:21:19,LOC_0002,LOC_0046,Same Day,14493.29,3781.58,2026-03-27 07:02:42,Delivered
ORD_0000764,CUST_000851,2026-08-28 09:11:35,LOC_0036,LOC_0042,Express,57614.28,3805.9,2026-05-25 11:48:43,Delivered
ORD_0000765,CUST_000583,2026-05-09 19:24:16,LOC_0016,LOC_0010,Express,65759.31,4436.92,2026-02-07 03:53:34,Delivered
ORD_0000766,CUST_000229,2026-03-08 00:36:05,LOC_0019,LOC_0010,Same Day,47807.22,4687.77,2026-07-29 12:27:44,Delivered
ORD_0000767,CUST_000658,2026-05-24 06:35:43,LOC_0029,LOC_0012,Standard,84551.46,1142.1,2026-07-21 01:54:09,Delivered
ORD_0000768,CUST_000919,2026-03-07 21:22:04,LOC_0036,LOC_0002,Urgent,759.6,1724.73,2026-08-22 21:18:34,Delivered
ORD_0000769,CUST_000416,2026-02-26 03:59:38,LOC_0038,LOC_0023,Express,22980.26,3918.44,2026-05-03 07:18:56,Delivered
ORD_0000770,CUST_000689,2026-07-19 01:53:23,LOC_0044,LOC_0010,Standard,48792.34,4902.41,2026-07-29 07:31:08,Delivered
ORD_0000771,CUST_000319,2026-07-19 19:42:08,LOC_0033,LOC_0018,Urgent,70848.78,822.9,2026-06-02 11:38:42,Delivered
ORD_0000772,CUST_000057,2026-08-16 11:35:33,LOC_0008,LOC_0025,Standard,16836.63,3060.23,2026-04-16 23:26:01,Cancelled
ORD_0000773,CUST_000627,2026-03-25 14:59:38,LOC_0042,LOC_0018,Standard,72987.21,1608.32,2025-11-04 20:30:52,Delivered
ORD_0000774,CUST_000643,2026-03-20 18:36:12,LOC_0010,LOC_0004,Standard,23325.27,4478.8,2026-07-13 09:21:30,Delivered
ORD_0000775,CUST_000782,2026-09-04 11:15:35,LOC_0027,LOC_0043,Express,47436.75,462.16,2025-11-22 20:19:33,Delivered
ORD_0000776,CUST_000069,2025-12-16 17:02:23,LOC_0017,LOC_0002,Urgent,22706.52,4851.54,2026-03-04 21:02:40,Delivered
ORD_0000777,CUST_000985,2026-09-14 19:48:04,LOC_0026,LOC_0007,Standard,1399.2,4248.03,2026-04-02 17:08:06,Delivered
ORD_0000778,CUST_000845,2025-11-16 17:42:58,LOC_0033,LOC_0043,Standard,48955.31,1726.14,2026-02-04 21:52:16,Delivered
ORD_0000779,CUST_000173,2025-11-06 08:24:25,LOC_0038,LOC_0021,Standard,43617.7,4865.45,2025-10-23 12:38:47,Delivered
ORD_0000780,CUST_000482,2025-12-12 03:08:25,LOC_0035,LOC_0007,Urgent,42721.13,2567.93,2025-11-25 17:48:48,Delivered
ORD_0000781,CUST_000105,2026-07-12 21:56:06,LOC_0041,LOC_0013,Standard,15001.86,2731.53,2026-01-13 22:34:48,Delivered
ORD_0000782,CUST_000896,2026-03-08 06:15:01,LOC_0035,LOC_0016,Standard,46426.74,4979.58,2026-09-09 06:56:05,Delivered
ORD_0000783,CUST_000737,2026-03-06 00:30:32,LOC_0041,LOC_0028,Express,38826.98,3501.16,2026-03-08 14:20:22,Delivered
ORD_0000784,CUST_000783,2026-02-13 07:11:58,LOC_0001,LOC_0025,Standard,14944.45,1121.09,2026-04-30 17:30:12,Delivered
ORD_0000785,CUST_000108,2025-12-07 07:15:03,LOC_0044,LOC_0017,Express,44679.77,3850.91,2026-03-09 19:21:04,Delivered
ORD_0000786,CUST_000571,2026-07-31 20:47:48,LOC_0038,LOC_0035,Express,53180.43,2710.2,2026-07-30 02:56:58,Delivered
ORD_0000787,CUST_000709,2026-01-06 00:48:35,LOC_0047,LOC_0015,Urgent,61271.47,3584.32,2026-06-17 02:21:23,Delivered
ORD_0000788,CUST_000645,2026-08-11 07:37:00,LOC_0005,LOC_0042,Standard,46611.01,2290.51,2025-11-06 01:31:32,Delivered
ORD_0000789,CUST_000412,2026-05-27 17:06:00,LOC_0029,LOC_0025,Standard,55993.41,133.04,2026-04-06 05:03:19,Delivered
ORD_0000790,CUST_000626,2026-04-11 17:56:05,LOC_0035,LOC_0032,Standard,49053.1,2183.45,2026-03-01 01:54:38,Delivered
ORD_0000791,CUST_000810,2026-08-04 09:12:14,LOC_0042,LOC_0035,Express,54879.93,3412.33,2026-02-03 11:48:34,Delivered
ORD_0000792,CUST_000391,2026-01-17 05:29:08,LOC_0047,LOC_0040,Express,3088.58,625.88,2026-02-08 02:57:00,Delivered
ORD_0000793,CUST_000472,2026-01-04 10:09:41,LOC_0038,LOC_0026,Standard,52162.24,930.07,2025-12-19 15:41:42,Delivered
ORD_0000794,CUST_000964,2025-10-31 13:26:32,LOC_0013,LOC_0035,Urgent,29245.72,823.78,2026-09-17 06:06:11,Delivered
ORD_0000795,CUST_000936,2026-06-27 09:34:17,LOC_0022,LOC_0025,Same Day,80442.47,1109.82,2025-12-05 03:45:17,Delivered
ORD_0000796,CUST_000574,2026-02-27 15:50:02,LOC_0046,LOC_0026,Standard,41873.91,1315.72,2026-02-24 08:50:46,Cancelled
ORD_0000797,CUST_000792,2026-09-06 12:40:31,LOC_0044,LOC_0019,Standard,26409.33,3116.66,2026-08-21 03:38:40,Delivered
ORD_0000798,CUST_000204,2025-12-21 06:31:34,LOC_0034,LOC_0046,Express,3684.85,4193.14,2026-02-08 19:49:17,Delivered
ORD_0000799,CUST_000747,2026-04-22 08:22:38,LOC_0012,LOC_0024,Urgent,40709.8,4229.69,2026-05-29 20:12:35,Delivered
ORD_0000800,CUST_000154,2026-02-15 01:39:41,LOC_0045,LOC_0042,Standard,67462.39,177.89,2026-08-11 14:59:10,Delivered
ORD_0000801,CUST_000751,2026-08-29 06:10:34,LOC_0009,LOC_0031,Standard,71877.33,2634.86,2025-10-06 00:56:36,Delivered
ORD_0000802,CUST_000060,2026-08-31 15:23:54,LOC_0021,LOC_0038,Standard,46038.31,1399.13,2026-04-19 10:42:47,Delivered
ORD_0000803,CUST_000648,2026-08-23 11:30:43,LOC_0022,LOC_0047,Standard,73744.07,3938.46,2026-05-20 18:30:52,Delivered
ORD_0000804,CUST_000439,2026-01-27 19:25:11,LOC_0022,LOC_0002,Urgent,3829.48,781.4,2025-11-23 08:56:06,Delivered
ORD_0000805,CUST_000819,2026-06-03 11:29:14,LOC_0021,LOC_0005,Standard,3355.2,1022.05,2025-12-22 20:55:02,Delivered
ORD_0000806,CUST_000393,2025-12-25 21:26:20,LOC_0025,LOC_0038,Same Day,42714.89,4252.01,2026-05-31 14:05:20,Delivered
ORD_0000807,CUST_000007,2025-12-20 20:52:43,LOC_0009,LOC_0024,Standard,14671.41,1845.43,2026-08-27 20:45:44,Cancelled
ORD_0000808,CUST_000836,2026-08-23 07:41:49,LOC_0007,LOC_0048,Standard,17415.3,717.78,2025-11-24 16:47:45,Delivered
ORD_0000809,CUST_000426,2026-07-25 11:48:15,LOC_0017,LOC_0032,Standard,29653.1,2663.5,2025-12-05 03:25:06,Delivered
ORD_0000810,CUST_000329,2026-05-10 11:35:49,LOC_0017,LOC_0048,Express,11963.83,775.47,2026-02-21 13:58:07,Cancelled
ORD_0000811,CUST_000876,2025-10-21 06:20:48,LOC_0043,LOC_0048,Standard,20872.02,513.05,2026-03-29 13:15:14,Delivered
ORD_0000812,CUST_000454,2025-10-12 00:14:09,LOC_0046,LOC_0047,Urgent,82179.41,4783.54,2025-12-24 13:04:36,Delivered
ORD_0000813,CUST_000104,2026-05-03 11:03:24,LOC_0047,LOC_0028,Standard,6868.16,1517.39,2026-08-10 10:06:27,Delivered
ORD_0000814,CUST_000877,2026-06-07 23:37:11,LOC_0035,LOC_0014,Express,35810.47,2446.54,2026-02-04 04:22:01,Delivered
ORD_0000815,CUST_000585,2026-07-09 05:13:09,LOC_0022,LOC_0017,Standard,65981.67,3056.84,2026-09-03 22:36:05,Delivered
ORD_0000816,CUST_000166,2026-07-06 18:49:25,LOC_0004,LOC_0022,Express,64698.51,4553.5,2026-01-05 13:23:36,Delivered
ORD_0000817,CUST_000134,2026-07-10 20:07:02,LOC_0010,LOC_0002,Express,11883.53,1822.81,2026-08-13 13:07:38,Delivered
ORD_0000818,CUST_000622,2026-06-26 21:39:32,LOC_0044,LOC_0030,Standard,37542.26,3418.62,2026-04-23 11:42:51,Delivered
ORD_0000819,CUST_000063,2026-08-13 00:45:07,LOC_0003,LOC_0013,Standard,78455.02,3227.74,2025-10-10 01:08:10,Delivered
ORD_0000820,CUST_000216,2025-12-04 16:28:45,LOC_0047,LOC_0037,Urgent,66320.84,3215.27,2026-09-16 02:05:00,Delivered
ORD_0000821,CUST_000670,2026-04-01 05:04:11,LOC_0048,LOC_0033,Standard,77534.8,2883.59,2025-12-16 23:39:00,Delivered
ORD_0000822,CUST_000155,2026-03-28 10:10:33,LOC_0047,LOC_0010,Standard,58533.41,3502.61,2025-11-18 07:07:54,Delivered
ORD_0000823,CUST_000116,2026-03-23 01:02:59,LOC_0025,LOC_0026,Standard,10720.85,3608.91,2025-11-12 06:06:25,Delivered
ORD_0000824,CUST_000765,2025-10-05 20:26:00,LOC_0047,LOC_0014,Standard,32633.96,1043.59,2025-10-18 21:23:30,Delivered
ORD_0000825,CUST_000181,2026-02-08 13:58:12,LOC_0007,LOC_0006,Standard,33859.22,2625.03,2026-01-21 15:59:22,Delivered
ORD_0000826,CUST_000843,2026-08-03 19:52:44,LOC_0038,LOC_0013,Urgent,30072.92,1903.72,2026-07-02 07:54:50,Delivered
ORD_0000827,CUST_000798,2025-11-24 17:51:36,LOC_0045,LOC_0038,Urgent,19838.94,2269.76,2026-04-13 09:07:31,Delivered
ORD_0000828,CUST_000134,2026-04-05 18:38:32,LOC_0014,LOC_0002,Urgent,66285.03,130.18,2026-01-10 10:44:10,Delivered
ORD_0000829,CUST_000171,2026-05-18 02:13:30,LOC_0039,LOC_0040,Standard,7714.07,2132.14,2025-10-26 19:14:39,Delivered
ORD_0000830,CUST_000268,2026-01-05 14:48:02,LOC_0011,LOC_0044,Express,60523.03,1428.71,2026-06-06 03:23:34,Delivered
ORD_0000831,CUST_000434,2026-01-19 08:15:03,LOC_0020,LOC_0040,Standard,66273.14,1741.46,2025-10-29 20:13:45,Delivered
ORD_0000832,CUST_000445,2025-10-15 16:26:43,LOC_0001,LOC_0008,Express,67868.39,2571.89,2025-10-19 07:43:05,Delivered
ORD_0000833,CUST_000966,2026-07-09 21:22:28,LOC_0006,LOC_0032,Standard,1609.4,488.95,2025-12-05 14:24:29,Delivered
ORD_0000834,CUST_000475,2025-12-28 15:38:53,LOC_0006,LOC_0013,Standard,21329.5,2310.81,2026-04-18 11:33:27,Delivered
ORD_0000835,CUST_000411,2026-08-30 09:40:58,LOC_0012,LOC_0008,Standard,37265.62,1745.97,2026-07-04 00:37:45,Delivered
ORD_0000836,CUST_000342,2026-03-20 07:40:02,LOC_0013,LOC_0043,Urgent,34518.0,4113.28,2026-08-11 13:59:05,Delivered
ORD_0000837,CUST_000851,2026-03-14 21:59:30,LOC_0009,LOC_0045,Standard,83295.03,2016.12,2026-08-31 17:17:17,Delivered
ORD_0000838,CUST_000603,2026-05-16 01:18:34,LOC_0032,LOC_0043,Standard,2160.24,3276.21,2026-04-04 03:23:20,Delivered
ORD_0000839,CUST_000714,2025-12-06 11:43:55,LOC_0018,LOC_0037,Standard,60303.09,1584.7,2025-10-06 02:20:01,Delivered
ORD_0000840,CUST_000952,2026-05-17 21:36:23,LOC_0026,LOC_0039,Same Day,55258.27,994.92,2026-04-26 06:26:37,Delivered
ORD_0000841,CUST_000392,2026-01-05 01:13:59,LOC_0007,LOC_0010,Standard,41484.31,2855.95,2025-12-26 08:43:20,Delivered
ORD_0000842,CUST_000606,2025-10-26 15:53:46,LOC_0039,LOC_0019,Express,52091.15,4035.45,2026-05-18 12:35:20,Delivered
ORD_0000843,CUST_000472,2025-10-11 07:06:45,LOC_0035,LOC_0011,Standard,13881.29,3327.46,2025-11-13 20:01:13,Delivered
ORD_0000844,CUST_000701,2026-09-15 11:49:08,LOC_0045,LOC_0040,Standard,84412.84,2924.4,2026-05-14 03:36:50,Delivered
ORD_0000845,CUST_000297,2026-09-12 21:39:38,LOC_0043,LOC_0033,Urgent,82507.94,4640.52,2025-10-14 16:59:04,Delivered
ORD_0000846,CUST_000756,2025-10-24 14:40:21,LOC_0015,LOC_0037,Same Day,79296.84,2696.42,2026-03-23 06:33:38,Delivered
ORD_0000847,CUST_000185,2025-11-02 06:41:30,LOC_0013,LOC_0025,Standard,8232.06,3240.46,2026-05-09 22:58:23,Delivered
ORD_0000848,CUST_000926,2026-08-25 22:45:16,LOC_0033,LOC_0010,Express,80206.33,3352.04,2026-03-31 18:00:31,Delivered
ORD_0000849,CUST_000810,2026-01-05 00:01:08,LOC_0006,LOC_0038,Standard,42273.04,2760.14,2026-03-18 03:39:55,Delivered
ORD_0000850,CUST_000798,2026-06-06 04:40:17,LOC_0030,LOC_0038,Urgent,54679.45,910.26,2026-08-08 20:29:42,Delivered
ORD_0000851,CUST_000959,2025-11-29 01:02:32,LOC_0040,LOC_0028,Standard,13317.75,2220.84,2025-10-14 07:25:23,Delivered
ORD_0000852,CUST_000282,2026-04-26 06:29:27,LOC_0035,LOC_0009,Standard,67199.58,1111.57,2025-10-03 08:17:20,Delivered
ORD_0000853,CUST_000155,2026-01-25 02:43:10,LOC_0034,LOC_0029,Express,53163.7,318.92,2026-05-24 08:33:17,Delivered
ORD_0000854,CUST_000615,2026-07-07 03:40:36,LOC_0041,LOC_0011,Urgent,9622.66,1068.29,2026-08-17 18:52:30,Delivered
ORD_0000855,CUST_000411,2026-04-11 02:42:13,LOC_0022,LOC_0045,Urgent,81294.53,3752.88,2025-10-11 13:36:35,Delivered
ORD_0000856,CUST_000281,2026-07-17 22:51:36,LOC_0002,LOC_0037,Standard,64348.66,2422.23,2026-03-15 15:01:13,Delivered
ORD_0000857,CUST_000560,2025-10-31 13:33:32,LOC_0035,LOC_0047,Urgent,47072.42,486.3,2025-10-02 20:27:33,Delivered
ORD_0000858,CUST_000970,2026-05-14 13:56:15,LOC_0017,LOC_0035,Express,68502.76,1246.38,2026-03-15 19:04:37,Delivered
ORD_0000859,CUST_000093,2026-05-26 23:31:24,LOC_0021,LOC_0022,Standard,56262.11,555.01,2026-05-19 06:17:56,Delivered
ORD_0000860,CUST_000952,2025-10-24 16:05:43,LOC_0025,LOC_0045,Standard,7142.23,3414.46,2025-10-21 18:11:37,Delivered
ORD_0000861,CUST_000727,2026-04-07 04:42:56,LOC_0042,LOC_0009,Standard,31966.82,280.95,2025-11-11 19:29:25,Delivered
ORD_0000862,CUST_000257,2026-07-15 05:58:19,LOC_0012,LOC_0004,Urgent,58163.51,1371.31,2026-01-23 07:04:18,Delivered
ORD_0000863,CUST_000015,2025-10-11 23:28:06,LOC_0020,LOC_0021,Urgent,37941.62,2688.51,2026-03-14 16:08:53,Delivered
ORD_0000864,CUST_000436,2025-11-20 10:39:12,LOC_0009,LOC_0016,Express,34674.89,1907.54,2026-08-31 11:24:00,Delivered
ORD_0000865,CUST_000623,2025-12-12 03:58:36,LOC_0023,LOC_0015,Standard,57560.11,803.0,2026-09-27 07:16:42,Delivered
ORD_0000866,CUST_000319,2026-01-17 17:54:53,LOC_0026,LOC_0009,Standard,2844.78,397.17,2026-07-26 21:55:35,Delivered
ORD_0000867,CUST_000062,2026-04-10 16:50:41,LOC_0001,LOC_0035,Standard,83477.19,2407.04,2025-10-09 11:29:35,Cancelled
ORD_0000868,CUST_000965,2026-07-06 14:17:28,LOC_0023,LOC_0029,Urgent,23585.16,676.28,2026-08-02 12:10:34,Delivered
ORD_0000869,CUST_000542,2026-05-17 06:55:37,LOC_0017,LOC_0015,Express,19763.97,1729.9,2026-07-14 11:44:48,Delivered
ORD_0000870,CUST_000378,2026-04-14 04:03:51,LOC_0017,LOC_0033,Standard,47608.08,3756.39,2025-12-11 00:12:49,Delivered
ORD_0000871,CUST_000669,2025-10-30 10:22:59,LOC_0024,LOC_0019,Standard,74004.04,4227.86,2026-06-13 01:12:42,Delivered
ORD_0000872,CUST_000504,2026-07-24 09:54:50,LOC_0044,LOC_0040,Urgent,37543.82,3868.22,2026-07-14 16:57:31,Delivered
ORD_0000873,CUST_000552,2026-04-29 11:39:54,LOC_0025,LOC_0044,Urgent,30381.75,65.05,2025-12-07 13:11:48,Delivered
ORD_0000874,CUST_000200,2026-08-18 21:13:19,LOC_0003,LOC_0025,Same Day,27962.48,2727.5,2026-05-25 09:46:48,Delivered
ORD_0000875,CUST_000807,2026-01-19 22:48:39,LOC_0041,LOC_0048,Standard,33990.65,2371.9,2025-11-12 13:20:36,Delivered
ORD_0000876,CUST_000369,2025-10-26 06:13:09,LOC_0017,LOC_0028,Urgent,45714.28,1809.44,2025-10-22 10:47:03,Delivered
ORD_0000877,CUST_000820,2026-04-13 17:35:34,LOC_0047,LOC_0043,Standard,12928.56,2283.55,2026-02-05 21:32:50,Delivered
ORD_0000878,CUST_000527,2025-11-21 05:39:22,LOC_0010,LOC_0045,Standard,27075.43,2894.72,2026-05-24 23:27:11,Delivered
ORD_0000879,CUST_000613,2026-05-04 20:42:38,LOC_0035,LOC_0048,Express,11671.0,1020.27,2026-02-27 09:01:28,Delivered
ORD_0000880,CUST_000116,2026-05-08 16:22:18,LOC_0042,LOC_0043,Standard,69529.01,4718.62,2026-05-05 16:47:36,Delivered
ORD_0000881,CUST_000125,2026-04-21 09:02:43,LOC_0003,LOC_0008,Standard,678.51,317.03,2025-10-09 01:38:01,Delivered
ORD_0000882,CUST_000572,2026-02-22 09:00:02,LOC_0044,LOC_0031,Standard,7565.16,1478.77,2026-07-09 09:56:07,Delivered
ORD_0000883,CUST_000967,2026-07-25 07:08:16,LOC_0006,LOC_0038,Express,23852.72,3915.63,2026-04-19 16:34:04,Delivered
ORD_0000884,CUST_000693,2026-03-06 15:35:35,LOC_0007,LOC_0003,Standard,1928.19,4176.83,2025-10-04 14:19:31,Delivered
ORD_0000885,CUST_000021,2025-10-29 07:33:28,LOC_0045,LOC_0003,Standard,33449.43,1344.83,2026-03-22 07:30:32,Delivered
ORD_0000886,CUST_000966,2026-05-18 08:27:25,LOC_0015,LOC_0019,Urgent,8998.3,3071.36,2025-10-02 01:50:47,Delivered
ORD_0000887,CUST_000441,2026-05-30 03:19:42,LOC_0027,LOC_0036,Standard,45648.0,2838.21,2025-12-21 06:13:48,Delivered
ORD_0000888,CUST_000920,2026-05-27 05:45:03,LOC_0041,LOC_0037,Standard,56304.8,2427.5,2025-11-17 20:03:03,Delivered
ORD_0000889,CUST_000466,2026-09-07 20:38:25,LOC_0025,LOC_0002,Express,80206.15,665.24,2026-06-28 00:19:33,Delivered
ORD_0000890,CUST_000310,2025-11-23 16:53:30,LOC_0006,LOC_0036,Standard,76323.74,1843.98,2026-08-31 08:23:28,Cancelled
ORD_0000891,CUST_000981,2026-01-23 21:48:30,LOC_0008,LOC_0030,Standard,57196.48,691.57,2026-04-10 02:42:24,Delivered
ORD_0000892,CUST_000288,2025-11-24 08:51:31,LOC_0006,LOC_0039,Express,37320.24,886.78,2026-07-07 05:54:47,Delivered
ORD_0000893,CUST_000936,2026-06-22 02:58:27,LOC_0017,LOC_0047,Standard,9392.42,2768.65,2026-07-15 07:24:18,Delivered
ORD_0000894,CUST_000130,2026-06-03 03:13:16,LOC_0024,LOC_0032,Standard,79769.19,250.81,2026-08-22 07:00:57,Delivered
ORD_0000895,CUST_000140,2026-09-09 12:42:45,LOC_0018,LOC_0031,Standard,52131.74,4437.35,2025-12-11 19:44:38,Delivered
ORD_0000896,CUST_000165,2026-04-29 05:32:27,LOC_0045,LOC_0017,Standard,84466.45,364.29,2026-07-10 08:45:49,Delivered
ORD_0000897,CUST_000657,2026-03-29 18:35:05,LOC_0045,LOC_0004,Standard,586.67,891.65,2025-11-08 23:34:38,Delivered
ORD_0000898,CUST_000372,2026-08-11 02:02:55,LOC_0015,LOC_0029,Urgent,4205.34,2312.95,2025-10-22 11:31:43,Delivered
ORD_0000899,CUST_000089,2026-06-08 11:18:03,LOC_0033,LOC_0037,Standard,59576.22,1136.56,2026-08-04 19:45:31,Delivered
ORD_0000900,CUST_000353,2025-11-03 20:31:02,LOC_0009,LOC_0039,Standard,10265.42,4181.99,2026-01-11 22:43:21,Cancelled
ORD_0000901,CUST_000319,2025-10-18 06:38:50,LOC_0035,LOC_0006,Urgent,6476.11,1290.57,2025-12-23 17:44:51,Delivered
ORD_0000902,CUST_000304,2026-09-04 01:05:19,LOC_0014,LOC_0047,Standard,74970.61,1211.3,2026-02-21 03:22:06,Delivered
ORD_0000903,CUST_000459,2026-04-29 02:43:03,LOC_0013,LOC_0038,Standard,21740.84,1499.28,2026-05-05 16:20:05,Delivered
ORD_0000904,CUST_000993,2026-03-22 04:56:25,LOC_0020,LOC_0026,Standard,28722.37,2228.69,2026-09-23 07:02:08,Delivered
ORD_0000905,CUST_000407,2026-02-07 02:05:37,LOC_0011,LOC_0014,Standard,50698.63,2705.13,2026-05-10 01:36:35,Delivered
ORD_0000906,CUST_000615,2026-02-28 06:56:39,LOC_0007,LOC_0015,Same Day,39598.13,2538.54,2025-11-09 09:22:22,Delivered
ORD_0000907,CUST_000399,2025-12-30 10:41:56,LOC_0004,LOC_0044,Standard,34817.39,3105.67,2026-07-04 06:12:23,Delivered
ORD_0000908,CUST_000187,2025-11-30 23:16:02,LOC_0029,LOC_0021,Express,74177.49,299.49,2026-08-02 20:05:03,Delivered
ORD_0000909,CUST_000953,2026-05-28 12:13:45,LOC_0012,LOC_0023,Express,22438.71,3169.32,2026-08-07 16:41:01,Delivered
ORD_0000910,CUST_000475,2025-10-11 12:53:59,LOC_0039,LOC_0036,Urgent,50345.47,1832.06,2025-10-21 15:38:31,Delivered
ORD_0000911,CUST_000222,2025-11-18 14:23:01,LOC_0020,LOC_0047,Standard,10514.73,1388.62,2025-10-08 22:20:07,Delivered
ORD_0000912,CUST_000074,2026-09-07 14:18:28,LOC_0035,LOC_0020,Express,19206.73,3270.4,2026-06-03 08:36:09,Delivered
ORD_0000913,CUST_000581,2026-05-09 18:35:35,LOC_0022,LOC_0010,Standard,5512.95,4818.84,2025-10-20 13:59:01,Cancelled
ORD_0000914,CUST_000936,2026-06-27 17:31:58,LOC_0036,LOC_0004,Standard,40848.8,222.36,2025-11-01 00:42:50,Delivered
ORD_0000915,CUST_000679,2025-12-27 00:52:03,LOC_0013,LOC_0037,Standard,81888.72,1876.09,2026-08-30 09:32:11,Delivered
ORD_0000916,CUST_000224,2026-01-07 17:11:32,LOC_0011,LOC_0041,Urgent,18457.65,1898.66,2026-02-15 12:32:33,Delivered
ORD_0000917,CUST_000192,2025-11-06 15:14:10,LOC_0043,LOC_0037,Express,19201.74,1656.49,2026-07-03 01:32:53,Delivered
ORD_0000918,CUST_000048,2026-01-07 00:09:48,LOC_0023,LOC_0016,Express,47463.91,2071.19,2025-10-04 00:12:10,Delivered
ORD_0000919,CUST_000950,2026-07-20 13:27:04,LOC_0001,LOC_0019,Express,78538.25,2283.78,2026-09-15 01:35:56,Delivered
ORD_0000920,CUST_000176,2026-08-24 02:18:44,LOC_0038,LOC_0048,Express,33897.89,1156.26,2026-05-21 02:38:27,Delivered
ORD_0000921,CUST_000080,2025-11-14 02:59:25,LOC_0017,LOC_0030,Urgent,11153.96,4536.84,2026-03-30 13:21:36,Delivered
ORD_0000922,CUST_000981,2026-04-22 07:31:15,LOC_0011,LOC_0007,Express,14942.47,1764.15,2026-06-10 16:31:01,Delivered
ORD_0000923,CUST_000516,2026-01-30 04:19:57,LOC_0028,LOC_0014,Standard,7391.23,2943.53,2026-04-29 05:40:43,Delivered
ORD_0000924,CUST_000726,2025-12-23 12:13:33,LOC_0004,LOC_0022,Standard,68801.0,3020.16,2026-09-24 00:38:27,Delivered
ORD_0000925,CUST_000522,2025-12-04 22:27:23,LOC_0018,LOC_0022,Standard,8609.84,2570.54,2026-09-10 10:47:12,Delivered
ORD_0000926,CUST_000641,2026-01-16 21:41:38,LOC_0015,LOC_0009,Urgent,7993.5,1395.17,2026-06-16 12:25:25,Delivered
ORD_0000927,CUST_000369,2025-10-05 17:02:50,LOC_0037,LOC_0039,Standard,11192.04,3137.26,2026-07-05 14:47:22,Delivered
ORD_0000928,CUST_000735,2026-07-06 10:19:14,LOC_0029,LOC_0032,Urgent,74505.99,1220.01,2026-02-18 19:10:15,Delivered
ORD_0000929,CUST_000260,2025-12-29 06:44:55,LOC_0026,LOC_0013,Express,29604.7,3965.65,2025-10-03 05:32:19,Delivered
ORD_0000930,CUST_000787,2026-08-12 08:44:19,LOC_0005,LOC_0044,Express,8076.17,3413.82,2025-10-12 02:57:56,Delivered
ORD_0000931,CUST_000768,2026-04-28 19:54:56,LOC_0034,LOC_0014,Urgent,21451.06,4826.87,2025-11-17 18:26:40,Delivered
ORD_0000932,CUST_000430,2026-03-11 20:32:57,LOC_0032,LOC_0001,Standard,75265.44,4844.26,2026-04-16 10:26:11,Delivered
ORD_0000933,CUST_000585,2026-01-07 13:45:39,LOC_0033,LOC_0026,Standard,24746.41,3815.81,2026-02-21 09:23:55,Delivered
ORD_0000934,CUST_000231,2025-11-19 22:15:12,LOC_0037,LOC_0027,Standard,32350.48,2269.17,2026-02-15 02:23:12,Delivered
ORD_0000935,CUST_000421,2026-01-12 03:55:30,LOC_0043,LOC_0009,Urgent,55809.14,3477.74,2026-09-24 16:27:10,Delivered
ORD_0000936,CUST_000974,2026-01-29 11:26:21,LOC_0044,LOC_0040,Express,12965.35,1202.03,2025-11-10 02:49:59,Delivered
ORD_0000937,CUST_000347,2025-12-12 03:14:23,LOC_0016,LOC_0009,Same Day,80541.33,4870.59,2026-07-08 07:38:18,Delivered
ORD_0000938,CUST_000835,2026-04-12 15:12:22,LOC_0003,LOC_0045,Standard,31413.85,3342.97,2026-01-05 15:17:36,Delivered
ORD_0000939,CUST_000707,2026-07-07 11:29:00,LOC_0037,LOC_0044,Standard,34416.33,3561.11,2026-01-16 07:54:21,Delivered
ORD_0000940,CUST_000484,2025-10-25 08:04:49,LOC_0018,LOC_0026,Urgent,42985.73,4811.45,2026-02-28 16:37:06,Delivered
ORD_0000941,CUST_000931,2025-11-03 15:22:06,LOC_0001,LOC_0037,Urgent,77992.0,1533.13,2026-02-08 21:29:30,Delivered
ORD_0000942,CUST_000407,2026-01-15 21:40:20,LOC_0020,LOC_0029,Standard,1644.66,4350.84,2025-12-12 12:55:13,Delivered
ORD_0000943,CUST_000293,2026-03-10 23:47:00,LOC_0004,LOC_0043,Express,21440.15,4486.51,2026-01-14 04:41:33,Delivered
ORD_0000944,CUST_000674,2026-06-24 03:50:39,LOC_0030,LOC_0015,Same Day,2027.08,2671.72,2025-11-10 20:43:07,Delivered
ORD_0000945,CUST_000458,2026-07-14 16:35:25,LOC_0006,LOC_0036,Standard,69422.04,3290.39,2026-01-20 14:40:29,Delivered
ORD_0000946,CUST_000511,2026-06-20 10:48:14,LOC_0004,LOC_0008,Standard,73989.11,4668.93,2026-04-14 05:55:57,Delivered
ORD_0000947,CUST_000464,2025-11-12 22:28:31,LOC_0009,LOC_0037,Standard,16411.37,2341.22,2026-03-20 03:31:30,Delivered
ORD_0000948,CUST_000950,2026-04-06 13:12:48,LOC_0024,LOC_0021,Standard,3572.97,4604.03,2026-06-11 19:47:07,Delivered
ORD_0000949,CUST_000200,2026-07-26 09:16:57,LOC_0008,LOC_0028,Express,48974.63,3959.22,2025-10-12 10:44:33,Delivered
ORD_0000950,CUST_000203,2026-07-07 14:13:19,LOC_0025,LOC_0040,Standard,66035.28,881.7,2026-02-15 22:35:09,Delivered
ORD_0000951,CUST_000361,2026-08-13 00:50:04,LOC_0043,LOC_0044,Urgent,13240.6,3466.74,2025-12-22 23:17:56,Delivered
ORD_0000952,CUST_000708,2026-02-13 13:45:48,LOC_0045,LOC_0015,Standard,36262.67,437.36,2026-08-04 15:46:00,Cancelled
ORD_0000953,CUST_000047,2025-12-01 03:47:58,LOC_0033,LOC_0012,Express,10707.02,2529.32,2026-03-02 19:19:29,Delivered
ORD_0000954,CUST_000661,2025-11-04 10:57:45,LOC_0036,LOC_0015,Same Day,53914.14,916.06,2026-09-13 15:42:50,Cancelled
ORD_0000955,CUST_000547,2025-12-23 19:09:28,LOC_0017,LOC_0026,Standard,22694.4,727.45,2026-04-06 20:39:21,Cancelled
ORD_0000956,CUST_000650,2026-07-15 06:02:02,LOC_0007,LOC_0039,Standard,47838.01,3352.42,2026-01-25 15:43:12,Delivered
ORD_0000957,CUST_000188,2026-06-04 10:06:17,LOC_0040,LOC_0022,Standard,33422.16,4165.91,2025-12-25 19:29:27,Delivered
ORD_0000958,CUST_000701,2026-05-05 16:41:20,LOC_0032,LOC_0018,Urgent,57030.7,1147.12,2025-11-12 06:10:55,Cancelled
ORD_0000959,CUST_000910,2026-01-20 00:50:36,LOC_0043,LOC_0005,Express,56362.82,2544.57,2025-12-27 22:05:34,Delivered
ORD_0000960,CUST_000047,2026-02-20 16:08:22,LOC_0024,LOC_0021,Express,79658.2,3299.12,2026-01-07 09:31:46,Delivered
ORD_0000961,CUST_000439,2025-12-21 18:57:39,LOC_0018,LOC_0002,Urgent,61415.76,2962.94,2026-05-10 20:58:37,Delivered
ORD_0000962,CUST_000019,2026-04-11 07:43:21,LOC_0017,LOC_0011,Same Day,6509.69,4334.65,2026-03-18 18:56:38,Delivered
ORD_0000963,CUST_000734,2026-04-21 20:12:51,LOC_0028,LOC_0040,Standard,38854.82,183.61,2026-03-10 01:14:43,Delivered
ORD_0000964,CUST_000190,2026-05-12 15:23:25,LOC_0009,LOC_0029,Standard,39402.3,1696.92,2026-06-13 07:48:18,Cancelled
ORD_0000965,CUST_000861,2025-11-14 10:00:54,LOC_0041,LOC_0014,Express,59504.96,1545.22,2026-06-05 15:09:13,Delivered
ORD_0000966,CUST_000805,2025-10-27 12:56:14,LOC_0038,LOC_0041,Standard,4360.02,607.01,2026-02-09 23:54:33,Delivered
ORD_0000967,CUST_000819,2026-03-03 07:06:50,LOC_0019,LOC_0031,Express,36063.08,2807.19,2025-10-05 18:29:50,Delivered
ORD_0000968,CUST_000946,2025-10-13 18:15:18,LOC_0020,LOC_0006,Urgent,29868.71,3453.75,2026-03-13 11:29:42,Delivered
ORD_0000969,CUST_000039,2026-03-21 01:24:23,LOC_0038,LOC_0048,Same Day,52590.76,4814.5,2026-02-28 15:21:59,Delivered
ORD_0000970,CUST_000051,2026-04-24 02:14:25,LOC_0045,LOC_0024,Standard,31596.58,552.39,2026-05-23 06:30:10,Delivered
ORD_0000971,CUST_000939,2026-01-18 01:01:14,LOC_0034,LOC_0040,Express,28841.23,1968.57,2026-08-28 18:57:02,Delivered
ORD_0000972,CUST_000764,2026-03-03 05:59:00,LOC_0015,LOC_0020,Standard,76270.12,3060.71,2026-07-05 08:48:04,Delivered
ORD_0000973,CUST_000593,2026-07-22 10:30:05,LOC_0029,LOC_0019,Express,35138.06,87.85,2025-12-28 22:52:30,Delivered
ORD_0000974,CUST_000132,2026-06-07 04:24:27,LOC_0039,LOC_0047,Express,49139.85,4088.23,2026-04-05 20:31:55,Delivered
ORD_0000975,CUST_000779,2026-04-04 15:24:17,LOC_0037,LOC_0029,Standard,73205.6,3808.9,2025-11-23 21:20:34,Delivered
ORD_0000976,CUST_000345,2026-01-16 15:52:58,LOC_0031,LOC_0038,Urgent,21154.66,216.47,2025-11-22 19:28:27,Delivered
ORD_0000977,CUST_000029,2026-03-28 20:40:22,LOC_0010,LOC_0048,Standard,10200.49,3669.73,2026-09-09 01:42:16,Delivered
ORD_0000978,CUST_000644,2026-05-25 08:15:14,LOC_0044,LOC_0031,Express,68620.89,4613.64,2025-10-04 10:46:02,Delivered
ORD_0000979,CUST_000398,2026-01-23 20:10:56,LOC_0015,LOC_0006,Standard,31848.37,4425.32,2025-10-31 04:35:44,Delivered
ORD_0000980,CUST_000469,2026-03-24 16:51:38,LOC_0019,LOC_0012,Standard,2081.55,1161.49,2026-01-13 19:47:33,Delivered
ORD_0000981,CUST_000322,2026-09-09 18:41:52,LOC_0046,LOC_0010,Urgent,49726.89,252.51,2026-05-11 18:53:07,Delivered
ORD_0000982,CUST_000310,2025-10-18 20:53:12,LOC_0014,LOC_0021,Standard,67371.19,1834.33,2025-10-25 15:54:25,Delivered
ORD_0000983,CUST_000748,2025-11-22 13:47:13,LOC_0011,LOC_0013,Standard,53194.92,1170.4,2025-12-19 20:45:03,Delivered
ORD_0000984,CUST_000260,2026-03-26 20:25:21,LOC_0027,LOC_0030,Standard,57142.68,2140.03,2026-03-22 23:41:47,Delivered
ORD_0000985,CUST_000834,2025-10-31 00:43:09,LOC_0021,LOC_0016,Express,54728.29,1054.63,2026-09-15 18:37:52,Cancelled
ORD_0000986,CUST_000836,2025-10-18 18:25:02,LOC_0032,LOC_0011,Standard,78062.53,3962.43,2026-01-03 02:24:24,Delivered
ORD_0000987,CUST_000466,2026-03-20 06:27:32,LOC_0046,LOC_0011,Express,4904.07,1867.75,2025-12-05 20:39:45,Delivered
ORD_0000988,CUST_000488,2026-08-19 22:01:32,LOC_0042,LOC_0041,Standard,35476.24,3112.25,2026-06-28 00:23:20,Delivered
ORD_0000989,CUST_000943,2025-10-25 12:48:17,LOC_0029,LOC_0010,Express,29185.92,4361.3,2026-08-04 08:19:02,Delivered
ORD_0000990,CUST_000730,2026-03-24 22:31:14,LOC_0017,LOC_0033,Express,41522.03,3136.75,2026-07-11 06:40:19,Delivered
ORD_0000991,CUST_000469,2026-07-16 02:21:30,LOC_0033,LOC_0003,Express,47211.51,4037.1,2026-01-02 05:19:20,Delivered
ORD_0000992,CUST_000818,2026-06-27 08:08:52,LOC_0041,LOC_0015,Standard,82602.26,3087.02,2026-05-25 08:46:46,Delivered
ORD_0000993,CUST_000969,2026-08-29 12:42:56,LOC_0025,LOC_0048,Standard,15861.08,109.28,2026-01-10 22:55:29,Delivered
ORD_0000994,CUST_000901,2026-04-28 04:41:15,LOC_0042,LOC_0025,Same Day,63033.2,9.54,2026-08-28 13:05:38,Delivered
ORD_0000995,CUST_000515,2026-08-09 01:22:17,LOC_0034,LOC_0032,Express,1492.33,2324.2,2026-04-17 06:30:24,Delivered
ORD_0000996,CUST_000896,2026-03-03 22:11:32,LOC_0021,LOC_0013,Express,53220.74,4519.06,2026-08-03 23:53:15,Delivered
ORD_0000997,CUST_000944,2026-03-12 02:51:28,LOC_0032,LOC_0031,Express,30809.54,769.75,2026-02-02 12:28:29,Delivered
ORD_0000998,CUST_000743,2026-07-26 03:22:08,LOC_0011,LOC_0010,Standard,78583.12,4775.34,2026-05-20 18:50:09,Delivered
ORD_0000999,CUST_000447,2026-07-08 07:41:21,LOC_0016,LOC_0030,Express,35027.17,4133.69,2026-06-18 17:46:57,Delivered
ORD_0001000,CUST_000527,2026-06-11 21:42:36,LOC_0002,LOC_0042,Express,17802.45,536.63,2026-06-20 10:11:51,Delivered
ORD_0001001,CUST_000161,2025-10-30 06:20:04,LOC_0005,LOC_0042,Standard,80754.45,866.13,2025-11-06 02:22:27,Delivered
ORD_0001002,CUST_000428,2026-02-04 12:40:17,LOC_0035,LOC_0032,Standard,65022.16,550.46,2026-03-07 16:59:43,Delivered
ORD_0001003,CUST_000044,2026-04-05 05:29:30,LOC_0025,LOC_0012,Urgent,42566.47,3192.13,2026-05-10 20:19:46,Delivered
ORD_0001004,CUST_000319,2026-05-25 17:51:51,LOC_0048,LOC_0008,Standard,25528.42,903.1,2026-05-23 02:56:36,Delivered
ORD_0001005,CUST_000066,2026-07-12 05:04:25,LOC_0003,LOC_0019,Express,67748.28,565.61,2025-12-04 07:50:57,Delivered
ORD_0001006,CUST_000779,2026-06-10 17:37:17,LOC_0027,LOC_0038,Express,49118.54,2635.18,2026-05-28 06:26:51,Delivered
ORD_0001007,CUST_000022,2026-07-18 03:16:39,LOC_0048,LOC_0045,Standard,954.83,4681.36,2026-07-21 02:56:25,Delivered
ORD_0001008,CUST_000830,2026-02-15 14:53:00,LOC_0012,LOC_0018,Urgent,46960.91,11.55,2026-01-04 04:40:19,Delivered
ORD_0001009,CUST_000062,2026-01-03 10:18:30,LOC_0029,LOC_0026,Express,39149.34,2181.87,2026-04-27 03:04:24,Delivered
ORD_0001010,CUST_000983,2026-06-02 17:47:08,LOC_0014,LOC_0031,Urgent,28910.8,572.0,2026-03-09 19:00:34,Cancelled
ORD_0001011,CUST_000108,2025-11-29 20:38:46,LOC_0016,LOC_0028,Standard,569.33,373.78,2026-05-05 12:48:46,Delivered
ORD_0001012,CUST_000749,2026-04-03 20:12:33,LOC_0015,LOC_0023,Standard,62043.29,318.38,2026-09-16 13:34:32,Delivered
ORD_0001013,CUST_000667,2026-09-14 17:22:40,LOC_0003,LOC_0028,Express,49679.1,33.36,2026-07-22 04:29:39,Delivered
ORD_0001014,CUST_000456,2026-05-13 17:17:59,LOC_0027,LOC_0008,Urgent,30273.01,2967.92,2026-03-29 14:08:24,Delivered
ORD_0001015,CUST_000734,2026-02-26 22:59:33,LOC_0047,LOC_0010,Standard,81057.32,1997.47,2026-07-03 17:33:55,Delivered
ORD_0001016,CUST_000520,2026-03-18 15:23:36,LOC_0038,LOC_0037,Same Day,19387.08,1365.6,2026-09-11 21:45:27,Delivered
ORD_0001017,CUST_000643,2026-07-24 12:49:38,LOC_0031,LOC_0010,Express,84025.1,1523.95,2026-07-26 19:48:23,Delivered
ORD_0001018,CUST_000703,2026-01-15 18:05:26,LOC_0044,LOC_0032,Express,72376.4,1422.56,2026-01-10 10:14:23,Delivered
ORD_0001019,CUST_000860,2025-11-11 03:03:58,LOC_0030,LOC_0034,Standard,49638.86,4042.52,2026-06-05 05:18:16,Cancelled
ORD_0001020,CUST_000324,2025-12-06 00:22:04,LOC_0001,LOC_0039,Express,33835.12,51.54,2025-12-07 08:49:43,Delivered
ORD_0001021,CUST_000297,2026-01-06 18:26:19,LOC_0036,LOC_0039,Standard,15637.46,2674.14,2026-09-19 01:53:20,Delivered
ORD_0001022,CUST_000682,2026-07-13 19:47:44,LOC_0003,LOC_0022,Standard,47065.01,3095.03,2026-04-08 07:39:44,Delivered
ORD_0001023,CUST_000153,2026-03-01 06:01:56,LOC_0029,LOC_0024,Standard,4380.6,1725.88,2026-09-23 09:57:43,Delivered
ORD_0001024,CUST_000397,2026-06-15 21:23:18,LOC_0019,LOC_0007,Standard,70252.05,4893.78,2026-05-08 03:13:39,Delivered
ORD_0001025,CUST_000935,2025-10-12 18:32:12,LOC_0002,LOC_0042,Standard,74706.79,4018.62,2025-11-19 14:11:00,Delivered
ORD_0001026,CUST_000311,2026-03-13 12:12:46,LOC_0017,LOC_0009,Express,41393.6,3327.0,2026-05-24 06:50:15,Delivered
ORD_0001027,CUST_000130,2026-03-14 21:07:18,LOC_0008,LOC_0021,Standard,74204.51,686.36,2026-09-21 22:10:49,Delivered
ORD_0001028,CUST_000664,2026-01-26 12:57:59,LOC_0043,LOC_0019,Express,26467.12,4504.03,2026-03-23 08:34:23,Delivered
ORD_0001029,CUST_000869,2026-02-06 23:23:41,LOC_0015,LOC_0035,Standard,7415.11,687.63,2025-12-30 05:27:31,Delivered
ORD_0001030,CUST_000190,2026-03-29 13:51:19,LOC_0006,LOC_0005,Express,66308.68,717.65,2026-07-07 04:10:56,Delivered
ORD_0001031,CUST_000329,2026-06-22 05:19:42,LOC_0046,LOC_0044,Express,49886.53,1527.76,2026-02-05 09:34:13,Delivered
ORD_0001032,CUST_000630,2026-02-18 17:23:59,LOC_0006,LOC_0029,Standard,45208.36,3184.39,2025-10-28 17:04:51,Delivered
ORD_0001033,CUST_000220,2025-11-13 04:37:32,LOC_0023,LOC_0010,Standard,63313.07,3661.78,2026-01-26 08:52:59,Delivered
ORD_0001034,CUST_000205,2026-04-26 03:38:03,LOC_0017,LOC_0019,Urgent,28669.77,2442.68,2026-08-26 09:16:50,Delivered
ORD_0001035,CUST_000246,2026-04-15 03:58:15,LOC_0042,LOC_0034,Express,79620.65,2565.87,2026-09-24 12:30:34,Delivered
ORD_0001036,CUST_000010,2026-06-26 04:47:15,LOC_0019,LOC_0036,Standard,26987.45,612.89,2026-03-21 13:46:31,Delivered
ORD_0001037,CUST_000525,2026-01-22 06:05:52,LOC_0004,LOC_0007,Express,36400.31,2392.87,2026-04-19 01:14:56,Delivered
ORD_0001038,CUST_000408,2026-01-08 10:25:23,LOC_0038,LOC_0005,Standard,12038.62,3023.8,2026-02-02 00:34:19,Delivered
ORD_0001039,CUST_000030,2025-10-07 05:32:53,LOC_0045,LOC_0003,Standard,29254.03,1140.92,2025-11-16 16:30:43,Delivered
ORD_0001040,CUST_000535,2026-01-24 04:43:59,LOC_0019,LOC_0011,Standard,79751.11,3882.84,2026-06-12 12:32:31,Delivered
ORD_0001041,CUST_000933,2026-04-19 22:28:36,LOC_0024,LOC_0032,Express,64232.75,633.84,2026-02-07 08:53:20,Delivered
ORD_0001042,CUST_000552,2026-04-24 00:22:36,LOC_0039,LOC_0043,Express,6751.2,690.02,2026-09-16 12:33:49,Delivered
ORD_0001043,CUST_000307,2026-07-23 00:17:11,LOC_0017,LOC_0022,Standard,78744.03,2128.42,2026-08-13 18:53:34,Delivered
ORD_0001044,CUST_000215,2026-01-04 02:07:00,LOC_0034,LOC_0033,Express,10139.5,411.42,2026-02-11 11:23:43,Delivered
ORD_0001045,CUST_000841,2026-06-02 10:02:28,LOC_0002,LOC_0048,Express,82132.99,3601.24,2026-08-07 18:13:07,Delivered
ORD_0001046,CUST_000436,2026-01-30 05:34:41,LOC_0028,LOC_0038,Standard,8056.86,4145.64,2025-12-24 02:23:50,Delivered
ORD_0001047,CUST_000130,2025-10-31 15:25:49,LOC_0044,LOC_0026,Express,49144.39,3936.75,2025-10-11 05:43:53,Delivered
ORD_0001048,CUST_000323,2026-08-17 13:36:31,LOC_0023,LOC_0008,Express,5491.48,2656.53,2026-01-04 23:36:57,Delivered
ORD_0001049,CUST_000732,2026-04-11 08:16:18,LOC_0030,LOC_0014,Standard,59410.02,3935.51,2026-03-07 19:18:23,Delivered
ORD_0001050,CUST_000411,2026-02-07 07:17:03,LOC_0037,LOC_0016,Standard,5599.88,37.56,2025-12-25 00:05:31,Delivered
ORD_0001051,CUST_000253,2025-12-11 20:30:50,LOC_0006,LOC_0042,Urgent,20730.04,2437.74,2026-02-09 14:46:11,Delivered
ORD_0001052,CUST_000044,2026-08-28 19:03:21,LOC_0043,LOC_0009,Standard,41580.44,2285.76,2026-08-25 15:30:00,Delivered
ORD_0001053,CUST_000534,2025-10-14 05:19:14,LOC_0006,LOC_0025,Standard,60055.21,2062.22,2026-08-12 08:29:01,Delivered
ORD_0001054,CUST_000838,2025-12-13 00:12:53,LOC_0041,LOC_0020,Urgent,32044.27,623.95,2026-03-11 13:07:28,Delivered
ORD_0001055,CUST_000433,2026-04-24 00:51:50,LOC_0009,LOC_0033,Standard,57658.52,2267.53,2026-09-07 02:47:23,Delivered
ORD_0001056,CUST_000508,2026-06-26 09:52:33,LOC_0026,LOC_0017,Express,73192.57,3134.23,2026-06-28 23:21:05,Delivered
ORD_0001057,CUST_000466,2026-07-25 11:39:26,LOC_0018,LOC_0021,Same Day,60234.05,4156.13,2026-07-20 22:27:48,Delivered
ORD_0001058,CUST_000658,2026-08-15 09:29:53,LOC_0028,LOC_0036,Same Day,64513.73,4196.04,2026-05-07 02:41:14,Delivered
ORD_0001059,CUST_000923,2026-04-17 11:21:05,LOC_0005,LOC_0033,Standard,55585.51,1797.0,2026-04-13 05:32:59,Delivered
ORD_0001060,CUST_000735,2026-08-17 09:26:28,LOC_0001,LOC_0039,Express,80902.93,966.62,2025-10-08 17:05:27,Delivered
ORD_0001061,CUST_000994,2026-05-26 00:22:15,LOC_0003,LOC_0017,Express,74005.77,4472.4,2025-10-28 12:08:03,Delivered
ORD_0001062,CUST_000058,2025-12-01 14:40:06,LOC_0046,LOC_0045,Express,23493.41,2826.0,2026-04-13 11:02:15,Delivered
ORD_0001063,CUST_000317,2026-05-16 18:14:46,LOC_0007,LOC_0041,Standard,46466.83,2329.15,2026-09-27 12:09:36,Delivered
ORD_0001064,CUST_000182,2026-08-19 21:48:43,LOC_0024,LOC_0006,Urgent,16176.62,71.92,2026-04-11 22:34:13,Delivered
ORD_0001065,CUST_000037,2025-10-05 07:17:33,LOC_0013,LOC_0020,Standard,32735.27,253.2,2026-02-28 13:58:36,Delivered
ORD_0001066,CUST_000609,2025-12-15 23:50:22,LOC_0022,LOC_0016,Urgent,11953.3,2857.06,2026-03-02 04:12:55,Delivered
ORD_0001067,CUST_000099,2026-03-28 19:57:49,LOC_0032,LOC_0016,Standard,82101.38,131.93,2025-11-25 21:32:08,Delivered
ORD_0001068,CUST_000554,2025-11-24 23:58:29,LOC_0025,LOC_0037,Express,6885.71,1950.46,2025-10-19 16:29:58,Delivered
ORD_0001069,CUST_000508,2026-03-26 06:23:05,LOC_0008,LOC_0037,Standard,6280.03,4171.5,2025-12-07 20:19:16,Delivered
ORD_0001070,CUST_000925,2025-12-23 00:21:25,LOC_0009,LOC_0012,Standard,1801.03,1712.92,2026-02-20 10:59:51,Delivered
ORD_0001071,CUST_000279,2025-10-09 10:08:09,LOC_0020,LOC_0048,Standard,75139.01,1880.39,2026-08-19 22:25:43,Delivered
ORD_0001072,CUST_000081,2025-11-21 15:49:51,LOC_0042,LOC_0030,Urgent,2536.99,4853.43,2026-05-24 20:07:42,Delivered
ORD_0001073,CUST_000109,2025-12-05 22:45:59,LOC_0037,LOC_0043,Standard,49631.86,4208.29,2025-11-15 21:05:41,Delivered
ORD_0001074,CUST_000491,2026-03-29 16:36:02,LOC_0036,LOC_0028,Urgent,57492.25,636.25,2026-08-05 04:51:16,Delivered
ORD_0001075,CUST_000768,2025-10-13 06:38:39,LOC_0015,LOC_0029,Express,83032.9,549.46,2026-08-16 23:12:59,Delivered
ORD_0001076,CUST_000744,2026-02-04 06:19:18,LOC_0034,LOC_0013,Express,11303.96,988.51,2026-03-04 07:55:07,Cancelled
ORD_0001077,CUST_000968,2026-03-17 07:07:35,LOC_0003,LOC_0033,Standard,45097.75,1594.17,2025-12-04 01:02:50,Delivered
ORD_0001078,CUST_000703,2025-12-24 05:31:56,LOC_0048,LOC_0010,Standard,625.91,1042.27,2026-09-05 11:36:37,Delivered
ORD_0001079,CUST_000413,2026-07-29 20:17:17,LOC_0030,LOC_0016,Standard,44115.35,2859.54,2026-05-21 18:43:58,Delivered
ORD_0001080,CUST_000394,2026-03-27 00:38:10,LOC_0037,LOC_0048,Standard,58425.68,1009.3,2026-06-04 09:45:49,Delivered
ORD_0001081,CUST_000010,2026-09-02 04:45:23,LOC_0035,LOC_0047,Standard,80855.69,4714.13,2026-02-10 23:40:56,Delivered
ORD_0001082,CUST_000528,2026-03-22 17:23:24,LOC_0018,LOC_0044,Standard,8678.0,4175.49,2025-12-28 23:43:43,Delivered
ORD_0001083,CUST_000266,2025-12-13 02:06:31,LOC_0022,LOC_0033,Express,26614.38,4863.95,2025-11-26 14:51:17,Delivered
ORD_0001084,CUST_000423,2026-05-14 16:07:42,LOC_0027,LOC_0002,Standard,51809.21,1253.41,2026-03-25 03:39:55,Delivered
ORD_0001085,CUST_000274,2026-04-15 12:59:37,LOC_0042,LOC_0047,Urgent,46051.83,459.83,2025-10-07 22:51:39,Delivered
ORD_0001086,CUST_000153,2026-02-03 18:27:00,LOC_0026,LOC_0010,Standard,6417.35,1311.88,2025-10-16 01:55:53,Delivered
ORD_0001087,CUST_000953,2026-07-27 07:11:15,LOC_0015,LOC_0023,Standard,13975.25,475.32,2026-03-28 10:45:47,Delivered
ORD_0001088,CUST_000644,2025-11-14 01:56:40,LOC_0012,LOC_0041,Standard,56739.7,4461.49,2026-02-09 01:53:38,Delivered
ORD_0001089,CUST_000088,2026-07-17 05:17:53,LOC_0009,LOC_0036,Standard,3003.29,3617.58,2026-01-05 07:36:56,Delivered
ORD_0001090,CUST_000092,2026-07-13 06:08:33,LOC_0009,LOC_0002,Urgent,60945.4,59.62,2026-06-12 23:41:24,Delivered
ORD_0001091,CUST_000182,2025-10-10 09:53:48,LOC_0010,LOC_0029,Same Day,25836.97,4126.44,2026-03-12 22:18:06,Delivered
ORD_0001092,CUST_000210,2025-11-01 21:45:33,LOC_0047,LOC_0020,Urgent,30051.54,4805.59,2026-04-11 23:14:44,Delivered
ORD_0001093,CUST_000470,2026-08-10 22:06:49,LOC_0043,LOC_0012,Standard,33622.7,2092.69,2026-03-07 01:13:20,Delivered
ORD_0001094,CUST_000949,2026-01-13 07:57:23,LOC_0040,LOC_0029,Same Day,37848.82,4281.58,2026-09-10 15:47:20,Delivered
ORD_0001095,CUST_000038,2025-11-26 04:18:14,LOC_0027,LOC_0007,Standard,41344.99,1508.08,2026-08-12 08:03:36,Delivered
ORD_0001096,CUST_000772,2026-08-24 05:13:26,LOC_0025,LOC_0036,Urgent,28915.53,3186.72,2025-11-30 08:19:30,Delivered
ORD_0001097,CUST_000410,2026-06-18 01:42:58,LOC_0043,LOC_0045,Urgent,7931.05,620.38,2026-01-16 12:19:30,Delivered
ORD_0001098,CUST_000878,2026-09-05 05:44:39,LOC_0043,LOC_0028,Standard,50081.17,1438.93,2026-01-02 22:32:14,Delivered
ORD_0001099,CUST_000024,2025-10-17 15:09:38,LOC_0026,LOC_0017,Express,8809.7,505.58,2026-09-03 10:28:50,Delivered
ORD_0001100,CUST_000191,2026-03-14 06:20:12,LOC_0016,LOC_0002,Express,52154.92,4755.41,2025-11-17 04:12:54,Delivered
ORD_0001101,CUST_000055,2026-08-18 05:38:31,LOC_0004,LOC_0013,Standard,9375.42,2234.72,2025-12-05 09:36:04,Delivered
ORD_0001102,CUST_000942,2026-03-30 20:48:11,LOC_0031,LOC_0008,Standard,63667.01,2949.29,2026-01-04 19:03:00,Delivered
ORD_0001103,CUST_000963,2025-11-07 21:44:42,LOC_0023,LOC_0044,Express,4803.46,2537.62,2026-07-08 04:17:51,Delivered
ORD_0001104,CUST_000124,2026-04-02 03:55:14,LOC_0005,LOC_0014,Standard,14497.3,598.66,2026-03-22 00:16:58,Delivered
ORD_0001105,CUST_000614,2026-06-25 17:08:09,LOC_0004,LOC_0046,Standard,9438.72,139.4,2025-12-30 22:08:27,Delivered
ORD_0001106,CUST_000603,2026-08-21 21:31:46,LOC_0041,LOC_0025,Standard,45747.54,2426.85,2026-01-09 22:17:06,Delivered
ORD_0001107,CUST_000016,2025-10-12 20:50:47,LOC_0044,LOC_0047,Standard,39836.62,4851.46,2026-07-09 12:59:14,Delivered
ORD_0001108,CUST_000167,2026-05-02 19:40:27,LOC_0008,LOC_0026,Standard,51408.28,3817.56,2026-05-18 08:58:23,Delivered
ORD_0001109,CUST_000068,2026-06-28 07:47:23,LOC_0028,LOC_0040,Standard,83524.86,4657.73,2026-06-29 08:03:25,Delivered
ORD_0001110,CUST_000844,2026-08-12 12:36:39,LOC_0010,LOC_0025,Standard,18885.98,1821.17,2025-10-31 04:52:56,Delivered
ORD_0001111,CUST_000635,2025-10-09 19:16:51,LOC_0035,LOC_0015,Standard,25244.55,331.66,2026-05-16 04:09:11,Delivered
ORD_0001112,CUST_000048,2026-07-05 01:16:31,LOC_0010,LOC_0007,Urgent,61314.24,3818.73,2026-02-22 00:19:11,Delivered
ORD_0001113,CUST_000630,2026-09-07 13:58:31,LOC_0022,LOC_0015,Standard,28034.46,4101.29,2026-01-31 07:44:49,Delivered
ORD_0001114,CUST_000600,2026-09-01 06:38:05,LOC_0028,LOC_0008,Standard,27620.41,3825.06,2026-02-04 10:07:28,Delivered
ORD_0001115,CUST_000784,2026-06-05 23:56:51,LOC_0037,LOC_0032,Standard,13577.6,4270.7,2026-04-18 18:43:56,Delivered
ORD_0001116,CUST_000806,2026-03-29 06:58:21,LOC_0019,LOC_0028,Express,65708.81,2115.41,2026-07-23 11:48:13,Delivered
ORD_0001117,CUST_000475,2026-07-19 22:33:03,LOC_0008,LOC_0024,Urgent,41117.83,4974.55,2026-02-28 01:38:14,Delivered
ORD_0001118,CUST_000017,2026-03-27 21:49:00,LOC_0012,LOC_0029,Urgent,43025.04,1622.94,2026-01-24 17:04:07,Delivered
ORD_0001119,CUST_000541,2026-03-23 21:35:28,LOC_0026,LOC_0010,Standard,70965.01,4985.16,2026-09-14 23:56:10,Delivered
ORD_0001120,CUST_000969,2026-04-03 11:02:58,LOC_0005,LOC_0046,Urgent,46847.39,4604.39,2025-12-21 20:32:12,Delivered
ORD_0001121,CUST_000487,2026-04-21 21:06:22,LOC_0039,LOC_0004,Urgent,67874.48,2586.03,2026-03-09 20:59:24,Cancelled
ORD_0001122,CUST_000799,2026-05-23 04:59:31,LOC_0024,LOC_0016,Standard,58577.2,4718.06,2026-01-11 16:40:47,Delivered
ORD_0001123,CUST_000461,2026-03-24 11:55:00,LOC_0028,LOC_0017,Standard,55952.08,1609.7,2026-07-31 17:55:38,Delivered
ORD_0001124,CUST_000871,2026-08-24 20:09:06,LOC_0005,LOC_0038,Urgent,66516.16,1299.84,2026-07-03 20:38:43,Delivered
ORD_0001125,CUST_000180,2026-06-10 13:31:51,LOC_0042,LOC_0010,Standard,71134.95,4151.0,2026-04-09 18:18:58,Delivered
ORD_0001126,CUST_000905,2025-10-13 05:16:24,LOC_0035,LOC_0024,Standard,34650.53,2768.19,2025-11-16 20:31:23,Delivered
ORD_0001127,CUST_000031,2026-09-11 11:21:33,LOC_0012,LOC_0048,Same Day,67653.29,71.54,2026-03-11 16:48:08,Delivered
ORD_0001128,CUST_000462,2026-09-10 03:46:00,LOC_0030,LOC_0002,Standard,34305.25,971.7,2026-09-25 15:52:35,Delivered
ORD_0001129,CUST_000856,2026-08-10 13:43:33,LOC_0030,LOC_0012,Urgent,19417.59,567.44,2026-01-08 04:11:09,Delivered
ORD_0001130,CUST_000228,2026-02-13 11:46:07,LOC_0037,LOC_0003,Standard,22479.26,783.06,2026-07-19 09:23:15,Delivered
ORD_0001131,CUST_000131,2026-09-13 03:39:50,LOC_0030,LOC_0045,Same Day,46207.58,436.86,2025-12-02 17:21:19,Delivered
ORD_0001132,CUST_000440,2025-12-06 07:18:13,LOC_0004,LOC_0009,Standard,33888.73,1656.98,2026-08-21 17:21:43,Delivered
ORD_0001133,CUST_000767,2026-01-25 16:15:43,LOC_0041,LOC_0038,Standard,43228.73,2731.57,2026-02-25 00:08:44,Delivered
ORD_0001134,CUST_000559,2025-10-18 16:28:00,LOC_0001,LOC_0043,Urgent,71683.19,860.44,2026-07-07 06:46:17,Delivered
ORD_0001135,CUST_000936,2025-12-06 22:50:51,LOC_0003,LOC_0038,Standard,81376.51,1237.84,2025-12-31 06:56:03,Delivered
ORD_0001136,CUST_000340,2026-08-05 20:42:36,LOC_0023,LOC_0004,Express,84096.74,1419.83,2025-11-14 21:57:15,Delivered
ORD_0001137,CUST_000712,2026-01-04 07:02:20,LOC_0014,LOC_0040,Express,74449.92,1474.13,2025-12-18 03:22:57,Delivered
ORD_0001138,CUST_000552,2025-12-02 10:32:00,LOC_0042,LOC_0015,Standard,23269.86,1352.57,2025-11-21 02:24:26,Delivered
ORD_0001139,CUST_000616,2026-04-05 11:50:06,LOC_0040,LOC_0009,Standard,42446.9,992.04,2025-10-25 21:29:34,Delivered
ORD_0001140,CUST_000888,2025-11-07 14:54:38,LOC_0018,LOC_0042,Express,29390.37,4929.95,2025-11-08 16:19:33,Delivered
ORD_0001141,CUST_000411,2026-06-02 03:19:57,LOC_0009,LOC_0028,Same Day,13271.73,4265.53,2026-08-29 07:54:36,Delivered
ORD_0001142,CUST_000829,2026-01-12 22:47:46,LOC_0015,LOC_0002,Express,63184.36,2666.16,2025-10-04 01:49:45,Delivered
ORD_0001143,CUST_000364,2025-11-10 10:45:06,LOC_0001,LOC_0021,Standard,12294.0,2910.27,2025-11-08 12:15:20,Delivered
ORD_0001144,CUST_000268,2025-11-05 22:13:46,LOC_0030,LOC_0039,Standard,73167.43,768.32,2025-11-22 17:24:00,Delivered
ORD_0001145,CUST_000754,2026-08-18 19:05:25,LOC_0001,LOC_0020,Standard,36955.16,3170.97,2026-07-29 15:57:54,Delivered
ORD_0001146,CUST_000367,2026-01-15 10:03:05,LOC_0040,LOC_0004,Standard,56735.78,4800.25,2025-12-07 17:53:48,Delivered
ORD_0001147,CUST_000555,2025-10-07 15:07:33,LOC_0011,LOC_0021,Standard,11905.45,3943.1,2026-07-01 11:34:24,Delivered
ORD_0001148,CUST_000222,2025-12-06 16:19:35,LOC_0041,LOC_0021,Standard,33606.26,2778.13,2026-07-17 19:45:40,Delivered
ORD_0001149,CUST_000651,2026-05-17 09:09:56,LOC_0026,LOC_0011,Urgent,15042.73,2057.12,2026-07-22 11:20:41,Delivered
ORD_0001150,CUST_000945,2026-06-30 08:06:36,LOC_0018,LOC_0006,Express,1467.07,69.2,2026-01-21 17:01:13,Delivered
ORD_0001151,CUST_000851,2026-06-08 22:04:38,LOC_0022,LOC_0004,Standard,6140.65,4180.1,2026-05-16 09:05:24,Delivered
ORD_0001152,CUST_000782,2026-05-18 12:13:53,LOC_0013,LOC_0035,Standard,71171.91,470.04,2026-06-01 07:53:01,Delivered
ORD_0001153,CUST_000498,2026-08-19 08:29:58,LOC_0043,LOC_0003,Standard,78533.12,3742.31,2026-02-05 15:09:21,Delivered
ORD_0001154,CUST_000363,2026-08-17 11:50:35,LOC_0001,LOC_0037,Standard,23431.35,452.48,2026-02-08 06:32:06,Delivered
ORD_0001155,CUST_000118,2025-11-22 22:24:21,LOC_0001,LOC_0042,Express,8371.47,2177.49,2026-08-07 08:49:44,Delivered
ORD_0001156,CUST_000202,2026-03-12 20:12:59,LOC_0030,LOC_0012,Standard,44723.83,2384.09,2026-04-01 05:15:25,Delivered
ORD_0001157,CUST_000839,2026-03-21 01:24:52,LOC_0018,LOC_0028,Standard,29245.28,2558.96,2026-08-13 07:01:37,Delivered
ORD_0001158,CUST_000043,2026-04-11 08:28:00,LOC_0011,LOC_0019,Standard,65691.38,390.69,2026-05-08 11:52:17,Delivered
ORD_0001159,CUST_000584,2026-08-23 16:04:56,LOC_0001,LOC_0011,Urgent,31741.6,1128.52,2026-02-17 23:31:26,Delivered
ORD_0001160,CUST_000752,2026-04-13 03:48:13,LOC_0046,LOC_0018,Express,771.49,1695.84,2025-10-27 18:32:06,Delivered
ORD_0001161,CUST_000286,2025-12-25 05:29:28,LOC_0016,LOC_0021,Express,67938.03,2908.59,2026-07-31 19:04:22,Delivered
ORD_0001162,CUST_000755,2026-03-27 03:20:24,LOC_0007,LOC_0019,Standard,44655.5,1380.49,2025-12-28 15:19:14,Delivered
ORD_0001163,CUST_000900,2025-12-30 10:59:57,LOC_0027,LOC_0017,Standard,57912.39,1939.72,2026-09-16 01:09:33,Delivered
ORD_0001164,CUST_000382,2026-06-27 20:34:21,LOC_0034,LOC_0048,Express,13103.4,2377.94,2026-05-26 15:36:34,Delivered
ORD_0001165,CUST_000858,2025-10-13 13:30:55,LOC_0036,LOC_0025,Standard,35305.33,4411.75,2025-10-11 14:05:19,Delivered
ORD_0001166,CUST_000217,2026-06-29 19:46:57,LOC_0002,LOC_0026,Express,2380.39,2023.95,2026-04-07 09:01:29,Delivered
ORD_0001167,CUST_000487,2026-06-08 22:19:38,LOC_0037,LOC_0042,Express,65657.73,2261.71,2026-01-19 02:46:09,Delivered
ORD_0001168,CUST_000770,2026-05-28 14:51:32,LOC_0014,LOC_0037,Standard,14794.02,2576.16,2026-03-14 23:25:34,Delivered
ORD_0001169,CUST_000331,2025-10-23 10:24:51,LOC_0002,LOC_0043,Standard,70502.83,3472.96,2026-06-08 15:40:34,Delivered
ORD_0001170,CUST_000417,2026-06-20 05:46:34,LOC_0026,LOC_0014,Urgent,34487.52,815.97,2025-12-13 04:26:55,Delivered
ORD_0001171,CUST_000083,2026-06-30 10:33:17,LOC_0044,LOC_0037,Standard,10639.83,771.28,2026-08-17 08:11:13,Delivered
ORD_0001172,CUST_000547,2026-07-06 11:21:17,LOC_0028,LOC_0020,Standard,25168.65,152.97,2026-05-28 04:58:23,Delivered
ORD_0001173,CUST_000704,2026-03-12 04:35:26,LOC_0041,LOC_0039,Standard,65994.89,3053.26,2026-06-28 19:28:09,Delivered
ORD_0001174,CUST_000003,2026-04-17 17:30:24,LOC_0024,LOC_0017,Standard,23446.34,2807.93,2026-05-26 16:01:08,Delivered
ORD_0001175,CUST_000842,2025-10-02 19:27:53,LOC_0048,LOC_0005,Express,40339.72,4300.44,2026-04-02 03:11:19,Delivered
ORD_0001176,CUST_000594,2026-06-13 06:02:20,LOC_0004,LOC_0007,Express,65767.7,4605.2,2026-02-26 15:48:17,Delivered
ORD_0001177,CUST_000118,2025-10-19 06:08:12,LOC_0031,LOC_0004,Same Day,25710.05,2232.44,2026-05-22 10:38:40,Delivered
ORD_0001178,CUST_000466,2026-09-03 13:32:48,LOC_0011,LOC_0026,Standard,35535.31,870.92,2025-11-30 07:43:28,Delivered
ORD_0001179,CUST_000151,2026-03-30 23:31:26,LOC_0034,LOC_0033,Express,48238.01,3208.65,2026-06-15 00:15:24,Delivered
ORD_0001180,CUST_000615,2026-04-24 14:59:13,LOC_0025,LOC_0008,Express,11690.48,2788.23,2025-12-07 19:49:46,Delivered
ORD_0001181,CUST_000945,2026-05-19 15:58:07,LOC_0027,LOC_0013,Urgent,23257.84,1631.67,2026-06-19 20:55:25,Delivered
ORD_0001182,CUST_000922,2025-11-25 00:37:09,LOC_0001,LOC_0006,Standard,68987.8,4652.37,2025-12-11 07:43:52,Delivered
ORD_0001183,CUST_000160,2026-03-06 22:58:08,LOC_0015,LOC_0030,Standard,77350.44,2850.24,2026-02-21 17:51:05,Delivered
ORD_0001184,CUST_000941,2026-02-14 07:40:57,LOC_0019,LOC_0016,Standard,75823.07,1543.08,2026-02-25 13:36:00,Delivered
ORD_0001185,CUST_000809,2026-08-23 00:32:56,LOC_0024,LOC_0018,Standard,34309.11,3509.03,2026-06-23 19:55:19,Delivered
ORD_0001186,CUST_000255,2025-11-19 00:47:28,LOC_0034,LOC_0024,Urgent,13366.83,989.53,2026-01-17 13:04:11,Delivered
ORD_0001187,CUST_000600,2026-09-10 07:13:41,LOC_0005,LOC_0009,Express,41448.86,4557.03,2026-02-23 23:49:13,Delivered
ORD_0001188,CUST_000985,2026-05-09 16:44:33,LOC_0027,LOC_0037,Standard,34144.11,4832.56,2026-06-02 11:03:28,Delivered
ORD_0001189,CUST_000674,2026-02-02 03:48:43,LOC_0010,LOC_0038,Express,62524.35,1241.25,2026-09-23 23:43:58,Delivered
ORD_0001190,CUST_000382,2026-09-02 07:51:30,LOC_0028,LOC_0001,Standard,15090.33,2617.24,2026-01-27 16:56:47,Delivered
ORD_0001191,CUST_000783,2026-01-21 02:39:11,LOC_0039,LOC_0006,Same Day,2978.47,4484.23,2025-12-01 23:02:39,Delivered
ORD_0001192,CUST_000069,2026-05-07 16:31:38,LOC_0020,LOC_0048,Express,74075.43,3655.98,2026-06-13 10:21:40,Delivered
ORD_0001193,CUST_000651,2026-06-18 08:59:51,LOC_0035,LOC_0031,Standard,37238.8,1637.47,2025-11-23 04:40:37,Delivered
ORD_0001194,CUST_000665,2026-04-06 19:07:33,LOC_0010,LOC_0004,Standard,20114.77,2852.0,2026-04-22 07:35:27,Cancelled
ORD_0001195,CUST_000573,2026-08-13 17:21:30,LOC_0040,LOC_0026,Urgent,83036.64,3884.39,2025-11-20 12:00:59,Delivered
ORD_0001196,CUST_000252,2026-02-07 01:09:09,LOC_0041,LOC_0001,Express,79629.8,2154.21,2026-03-26 17:05:26,Cancelled
ORD_0001197,CUST_000815,2025-12-15 01:15:30,LOC_0020,LOC_0032,Standard,19557.99,364.57,2026-01-12 01:43:09,Delivered
ORD_0001198,CUST_000174,2025-12-09 07:00:33,LOC_0005,LOC_0032,Standard,64514.61,3809.45,2026-02-16 09:24:25,Cancelled
ORD_0001199,CUST_000612,2026-01-24 11:31:46,LOC_0047,LOC_0005,Standard,18242.23,203.49,2026-05-21 11:49:05,Delivered
ORD_0001200,CUST_000506,2026-01-31 01:27:08,LOC_0028,LOC_0002,Express,73677.12,3872.79,2026-03-23 04:07:23,Cancelled
ORD_0001201,CUST_000797,2026-07-31 01:13:05,LOC_0039,LOC_0005,Standard,78148.58,2787.7,2026-08-06 07:53:30,Cancelled
ORD_0001202,CUST_000552,2026-08-12 17:57:03,LOC_0038,LOC_0023,Standard,82600.25,187.12,2025-11-04 08:11:40,Delivered
ORD_0001203,CUST_000828,2026-06-17 11:42:01,LOC_0007,LOC_0021,Urgent,61197.47,3096.53,2026-09-14 16:12:37,Delivered
ORD_0001204,CUST_000292,2026-01-29 17:14:57,LOC_0001,LOC_0038,Urgent,61071.67,1596.03,2026-01-06 11:16:01,Delivered
ORD_0001205,CUST_000084,2026-07-14 09:59:03,LOC_0035,LOC_0002,Standard,65475.89,3836.37,2026-06-25 04:12:26,Delivered
ORD_0001206,CUST_000711,2026-05-24 19:10:22,LOC_0048,LOC_0002,Standard,13306.12,1609.84,2026-06-17 12:31:56,Delivered
ORD_0001207,CUST_000740,2026-03-31 13:28:06,LOC_0016,LOC_0022,Standard,79299.68,3025.3,2026-07-09 19:30:02,Delivered
ORD_0001208,CUST_000518,2026-06-21 12:50:25,LOC_0047,LOC_0039,Standard,50911.08,207.05,2026-05-08 06:53:11,Delivered
ORD_0001209,CUST_000289,2025-11-08 13:56:33,LOC_0015,LOC_0006,Standard,12774.42,1950.21,2025-11-07 16:39:54,Delivered
ORD_0001210,CUST_000191,2026-06-23 04:24:34,LOC_0043,LOC_0008,Express,25450.2,2275.2,2025-11-15 06:53:15,Delivered
ORD_0001211,CUST_000489,2026-09-01 00:15:28,LOC_0018,LOC_0024,Standard,59499.92,3950.22,2026-07-06 01:10:03,Delivered
ORD_0001212,CUST_000400,2026-09-06 00:05:05,LOC_0048,LOC_0005,Express,21107.93,1362.95,2026-08-18 16:03:06,Delivered
ORD_0001213,CUST_000385,2026-01-25 14:54:12,LOC_0001,LOC_0024,Same Day,32979.04,3699.84,2025-12-30 07:07:39,Delivered
ORD_0001214,CUST_000339,2025-10-17 17:43:05,LOC_0004,LOC_0026,Standard,37170.69,43.8,2026-01-02 16:33:44,Delivered
ORD_0001215,CUST_000559,2025-10-23 10:35:47,LOC_0038,LOC_0008,Urgent,50554.86,4942.21,2025-10-06 19:10:09,Delivered
ORD_0001216,CUST_000706,2025-11-13 04:25:45,LOC_0013,LOC_0030,Standard,50985.02,1157.86,2026-07-24 05:22:29,Delivered
ORD_0001217,CUST_000884,2026-08-11 17:30:17,LOC_0030,LOC_0023,Urgent,25450.8,1609.76,2026-09-22 15:46:38,Delivered
ORD_0001218,CUST_000711,2026-07-06 15:06:38,LOC_0019,LOC_0022,Standard,1876.5,2806.18,2025-12-29 05:05:47,Delivered
ORD_0001219,CUST_000781,2025-11-17 13:08:18,LOC_0022,LOC_0026,Standard,67610.07,1856.23,2026-03-09 14:15:17,Delivered
ORD_0001220,CUST_000831,2026-06-06 07:55:06,LOC_0027,LOC_0009,Standard,1385.98,2245.65,2026-01-31 12:38:32,Delivered
ORD_0001221,CUST_000517,2026-06-21 11:49:57,LOC_0024,LOC_0002,Standard,869.1,2207.21,2025-10-30 13:33:06,Delivered
ORD_0001222,CUST_000064,2026-03-21 10:20:15,LOC_0024,LOC_0009,Standard,21227.42,1633.33,2025-12-12 01:39:46,Delivered
ORD_0001223,CUST_000328,2025-10-31 16:39:28,LOC_0045,LOC_0030,Standard,10902.65,4668.01,2026-05-18 17:23:37,Delivered
ORD_0001224,CUST_000868,2025-12-15 07:11:48,LOC_0046,LOC_0026,Standard,75297.26,2769.54,2026-05-17 17:37:46,Delivered
ORD_0001225,CUST_000008,2026-04-04 09:14:21,LOC_0024,LOC_0044,Standard,21023.98,3730.97,2026-04-04 16:41:43,Delivered
ORD_0001226,CUST_000191,2025-11-25 10:25:37,LOC_0011,LOC_0002,Standard,18837.67,4251.84,2026-05-25 11:31:11,Delivered
ORD_0001227,CUST_000297,2026-08-13 08:14:59,LOC_0017,LOC_0003,Urgent,27722.52,3815.91,2025-12-12 19:50:18,Delivered
ORD_0001228,CUST_000450,2026-06-10 17:47:17,LOC_0031,LOC_0016,Urgent,61418.59,4337.6,2026-06-01 03:14:11,Delivered
ORD_0001229,CUST_000067,2025-12-22 03:19:46,LOC_0028,LOC_0040,Standard,44124.45,1468.09,2025-12-16 14:25:35,Cancelled
ORD_0001230,CUST_000911,2026-08-23 22:22:06,LOC_0039,LOC_0001,Express,27631.44,422.35,2026-08-10 07:29:45,Delivered
ORD_0001231,CUST_000072,2026-01-04 02:59:08,LOC_0013,LOC_0036,Standard,70832.58,3943.43,2025-12-28 19:00:30,Delivered
ORD_0001232,CUST_000461,2025-10-13 18:12:37,LOC_0030,LOC_0014,Urgent,61845.02,3499.82,2025-12-19 21:33:26,Cancelled
ORD_0001233,CUST_000454,2026-01-30 06:36:44,LOC_0001,LOC_0014,Standard,67894.7,1676.62,2026-05-08 05:37:46,Delivered
ORD_0001234,CUST_000485,2026-09-02 22:51:05,LOC_0046,LOC_0020,Standard,23336.01,3377.64,2026-07-13 21:01:01,Delivered
ORD_0001235,CUST_000949,2026-08-09 05:12:00,LOC_0001,LOC_0028,Standard,21211.82,2025.38,2026-08-21 05:56:58,Delivered
ORD_0001236,CUST_000459,2026-05-16 15:23:01,LOC_0018,LOC_0021,Standard,9329.17,4626.71,2026-05-21 20:27:08,Delivered
ORD_0001237,CUST_000080,2026-01-30 23:24:33,LOC_0017,LOC_0039,Express,50293.93,3101.86,2026-09-23 23:40:58,Delivered
ORD_0001238,CUST_000794,2026-02-25 14:41:07,LOC_0028,LOC_0019,Standard,82917.89,1287.79,2025-12-26 01:23:42,Delivered
ORD_0001239,CUST_000077,2025-10-02 05:30:55,LOC_0043,LOC_0007,Express,29182.19,1258.89,2026-02-07 22:43:51,Delivered
ORD_0001240,CUST_000932,2026-09-11 02:13:38,LOC_0013,LOC_0038,Express,42556.3,864.78,2026-04-28 08:54:56,Delivered
ORD_0001241,CUST_000793,2026-06-09 15:55:56,LOC_0033,LOC_0034,Urgent,38546.23,3215.51,2025-11-25 04:21:52,Delivered
ORD_0001242,CUST_000205,2026-05-11 22:24:55,LOC_0045,LOC_0047,Express,26352.55,3738.47,2026-01-10 17:29:45,Delivered
ORD_0001243,CUST_000455,2025-10-02 02:00:23,LOC_0040,LOC_0018,Express,75163.7,2708.8,2026-05-12 05:00:34,Delivered
ORD_0001244,CUST_000588,2026-09-15 12:09:13,LOC_0010,LOC_0027,Standard,8861.82,1614.61,2025-11-04 13:04:18,Delivered
ORD_0001245,CUST_000409,2026-03-17 00:13:43,LOC_0021,LOC_0023,Standard,82132.3,1275.32,2026-09-12 19:42:44,Delivered
ORD_0001246,CUST_000544,2025-11-11 00:12:35,LOC_0009,LOC_0019,Standard,32830.93,1278.26,2026-06-25 22:19:20,Delivered
ORD_0001247,CUST_000304,2026-03-15 00:12:04,LOC_0001,LOC_0010,Urgent,45224.47,4560.92,2026-08-09 00:09:51,Delivered
ORD_0001248,CUST_000419,2026-04-17 18:06:41,LOC_0013,LOC_0003,Express,23127.51,4581.7,2026-09-09 17:26:46,Delivered
ORD_0001249,CUST_000032,2026-03-17 21:42:45,LOC_0039,LOC_0018,Standard,49373.65,2920.24,2026-07-22 04:00:18,Delivered
ORD_0001250,CUST_000899,2026-02-18 10:55:44,LOC_0032,LOC_0009,Standard,47417.67,549.36,2026-08-25 18:19:22,Delivered
ORD_0001251,CUST_000789,2026-04-12 03:37:18,LOC_0025,LOC_0045,Standard,83620.09,2866.04,2026-04-13 09:36:00,Delivered
ORD_0001252,CUST_000780,2026-01-13 14:30:10,LOC_0036,LOC_0003,Express,14745.5,3085.72,2025-11-26 04:41:33,Delivered
ORD_0001253,CUST_000144,2025-11-29 06:46:48,LOC_0022,LOC_0034,Express,40100.4,4222.23,2026-01-19 10:46:43,Delivered
ORD_0001254,CUST_000372,2026-06-24 08:17:37,LOC_0040,LOC_0024,Express,76495.42,3689.59,2025-11-16 23:35:53,Delivered
ORD_0001255,CUST_000533,2026-06-08 19:09:33,LOC_0026,LOC_0045,Urgent,48711.61,797.55,2026-04-20 14:49:14,Delivered
ORD_0001256,CUST_000638,2026-08-26 11:33:45,LOC_0018,LOC_0011,Standard,78923.76,1050.52,2026-03-30 04:50:30,Cancelled
ORD_0001257,CUST_000605,2026-09-12 15:41:07,LOC_0014,LOC_0043,Urgent,8297.04,4060.19,2026-06-09 23:49:00,Delivered
ORD_0001258,CUST_000371,2025-11-28 23:18:07,LOC_0022,LOC_0037,Standard,71139.93,4667.95,2026-02-03 02:33:01,Delivered
ORD_0001259,CUST_000594,2026-07-02 18:29:34,LOC_0002,LOC_0010,Standard,70425.82,284.96,2026-09-11 09:40:52,Delivered
ORD_0001260,CUST_000459,2026-06-30 18:22:29,LOC_0004,LOC_0043,Express,83684.4,2905.46,2026-09-13 08:40:08,Delivered
ORD_0001261,CUST_000839,2026-02-14 15:14:56,LOC_0035,LOC_0040,Standard,18256.06,2571.91,2026-06-26 22:54:34,Delivered
ORD_0001262,CUST_000781,2026-04-17 09:05:16,LOC_0046,LOC_0041,Standard,18253.27,1319.35,2026-03-03 21:46:42,Delivered
ORD_0001263,CUST_000608,2026-06-03 02:26:36,LOC_0026,LOC_0044,Standard,66946.68,3013.93,2025-11-15 08:59:19,Delivered
ORD_0001264,CUST_000536,2026-08-10 14:29:10,LOC_0042,LOC_0025,Express,43657.83,670.81,2026-08-28 09:40:16,Delivered
ORD_0001265,CUST_000895,2025-11-25 13:25:44,LOC_0008,LOC_0004,Express,66353.87,2948.22,2026-03-27 19:58:26,Delivered
ORD_0001266,CUST_000448,2026-03-13 00:52:32,LOC_0043,LOC_0020,Urgent,21000.58,1582.28,2026-05-26 17:59:51,Delivered
ORD_0001267,CUST_000196,2026-07-25 02:33:01,LOC_0022,LOC_0023,Standard,37870.9,3699.2,2026-06-27 20:02:27,Delivered
ORD_0001268,CUST_000787,2026-05-28 14:23:33,LOC_0021,LOC_0029,Urgent,54893.28,2624.94,2026-06-21 02:20:28,Delivered
ORD_0001269,CUST_000377,2025-10-20 14:35:34,LOC_0033,LOC_0035,Standard,5898.82,4439.04,2025-12-23 01:17:34,Delivered
ORD_0001270,CUST_000204,2026-04-25 22:58:06,LOC_0026,LOC_0035,Standard,33754.46,4672.1,2026-03-24 23:37:17,Delivered
ORD_0001271,CUST_000146,2026-01-10 22:33:38,LOC_0015,LOC_0041,Urgent,30680.06,2562.87,2026-01-28 16:59:55,Delivered
ORD_0001272,CUST_000434,2026-02-01 15:31:30,LOC_0047,LOC_0028,Urgent,18915.02,675.29,2026-01-26 13:33:06,Delivered
ORD_0001273,CUST_000724,2026-03-02 11:09:50,LOC_0011,LOC_0039,Express,37610.9,524.09,2026-09-22 12:17:52,Cancelled
ORD_0001274,CUST_000091,2025-12-27 17:05:20,LOC_0022,LOC_0036,Urgent,54794.04,4979.66,2026-02-22 03:12:46,Delivered
ORD_0001275,CUST_000254,2026-08-05 06:40:41,LOC_0038,LOC_0028,Standard,77427.28,1500.86,2026-08-09 22:09:37,Delivered
ORD_0001276,CUST_000366,2026-05-25 10:49:15,LOC_0035,LOC_0019,Standard,23123.59,4659.59,2026-06-13 07:01:04,Delivered
ORD_0001277,CUST_000681,2025-11-08 01:05:52,LOC_0007,LOC_0026,Express,80165.92,4456.42,2026-05-09 10:21:39,Delivered
ORD_0001278,CUST_000209,2026-07-06 20:41:47,LOC_0045,LOC_0032,Standard,84680.91,2958.27,2026-08-15 16:10:20,Delivered
ORD_0001279,CUST_000357,2026-05-05 06:48:24,LOC_0048,LOC_0002,Express,60248.27,937.45,2026-05-14 12:28:31,Delivered
ORD_0001280,CUST_000446,2026-08-11 17:23:16,LOC_0005,LOC_0001,Same Day,77840.37,1390.87,2025-11-24 07:33:39,Cancelled
ORD_0001281,CUST_000226,2026-03-14 01:36:32,LOC_0018,LOC_0040,Standard,84033.97,3626.54,2026-05-21 13:47:45,Delivered
ORD_0001282,CUST_000074,2026-05-28 04:16:16,LOC_0021,LOC_0010,Standard,10665.15,1470.24,2026-06-06 17:08:12,Delivered
ORD_0001283,CUST_000903,2026-04-08 19:00:22,LOC_0020,LOC_0009,Urgent,9798.69,1919.88,2026-09-04 05:06:05,Delivered
ORD_0001284,CUST_000391,2026-03-20 00:10:04,LOC_0040,LOC_0041,Standard,54525.82,2430.87,2026-02-09 17:02:12,Delivered
ORD_0001285,CUST_000332,2026-08-19 15:51:47,LOC_0001,LOC_0012,Urgent,62067.32,4893.89,2026-07-17 04:23:44,Delivered
ORD_0001286,CUST_000185,2026-01-06 18:42:07,LOC_0035,LOC_0015,Standard,20881.43,1168.66,2026-05-14 03:57:54,Delivered
ORD_0001287,CUST_000153,2026-05-17 15:20:44,LOC_0023,LOC_0006,Standard,39200.02,2586.26,2025-11-16 06:15:33,Delivered
ORD_0001288,CUST_000508,2026-04-13 14:52:57,LOC_0042,LOC_0028,Standard,59511.85,4022.35,2026-03-18 13:00:00,Delivered
ORD_0001289,CUST_000333,2026-08-07 09:44:32,LOC_0006,LOC_0005,Standard,35360.71,3157.27,2026-01-07 19:45:26,Delivered
ORD_0001290,CUST_000538,2026-05-01 10:23:54,LOC_0021,LOC_0028,Standard,71391.24,2033.92,2026-01-27 23:04:33,Delivered
ORD_0001291,CUST_000382,2025-10-21 16:54:38,LOC_0017,LOC_0012,Express,3308.81,925.06,2026-07-03 08:22:39,Delivered
ORD_0001292,CUST_000173,2025-10-14 21:13:27,LOC_0019,LOC_0048,Standard,2807.57,2045.47,2025-11-10 08:07:56,Delivered
ORD_0001293,CUST_000915,2025-10-15 03:39:22,LOC_0016,LOC_0014,Express,11965.25,684.88,2026-08-27 13:18:36,Delivered
ORD_0001294,CUST_000029,2026-01-08 01:47:13,LOC_0007,LOC_0043,Express,6881.92,3791.31,2026-07-17 05:28:07,Delivered
ORD_0001295,CUST_000388,2026-06-21 10:45:10,LOC_0008,LOC_0014,Standard,28852.71,4299.87,2025-12-04 02:18:35,Delivered
ORD_0001296,CUST_000454,2026-07-17 03:17:56,LOC_0028,LOC_0001,Standard,36784.2,1339.58,2025-12-09 01:08:39,Delivered
ORD_0001297,CUST_000927,2026-08-19 03:07:52,LOC_0016,LOC_0018,Express,30964.21,3109.91,2026-06-15 17:03:41,Delivered
ORD_0001298,CUST_000414,2025-11-30 21:22:44,LOC_0024,LOC_0022,Urgent,65060.59,1951.65,2026-05-07 16:57:58,Delivered
ORD_0001299,CUST_000273,2026-09-06 16:28:04,LOC_0031,LOC_0024,Standard,59478.4,797.95,2025-12-27 19:26:00,Delivered
ORD_0001300,CUST_000575,2026-05-12 13:37:47,LOC_0038,LOC_0045,Express,64879.65,4403.72,2026-06-27 21:50:00,Delivered
ORD_0001301,CUST_000398,2026-08-31 23:01:42,LOC_0032,LOC_0038,Standard,7411.78,3205.49,2025-12-01 13:06:38,Delivered
ORD_0001302,CUST_000421,2025-11-08 23:20:20,LOC_0036,LOC_0022,Express,49319.97,2065.97,2026-04-14 23:29:49,Delivered
ORD_0001303,CUST_000911,2025-11-01 23:53:12,LOC_0035,LOC_0043,Standard,19478.99,4731.81,2025-11-03 11:10:03,Delivered
ORD_0001304,CUST_000486,2025-11-06 16:49:11,LOC_0009,LOC_0025,Standard,70643.25,22.33,2025-10-26 03:25:35,Delivered
ORD_0001305,CUST_000282,2026-05-18 14:43:13,LOC_0037,LOC_0014,Standard,24622.64,3919.2,2025-11-20 01:03:26,Delivered
ORD_0001306,CUST_000593,2026-08-13 12:36:28,LOC_0041,LOC_0011,Urgent,63930.15,1027.16,2026-03-03 04:12:16,Delivered
ORD_0001307,CUST_000841,2026-03-10 06:35:24,LOC_0037,LOC_0017,Urgent,56926.53,909.25,2026-04-18 04:14:54,Delivered
ORD_0001308,CUST_000027,2025-11-10 08:59:50,LOC_0027,LOC_0044,Express,19146.92,556.47,2026-09-13 16:17:25,Cancelled
ORD_0001309,CUST_000795,2025-12-15 06:04:12,LOC_0046,LOC_0016,Express,3363.48,3772.24,2026-05-11 18:39:50,Delivered
ORD_0001310,CUST_000820,2026-08-06 05:21:28,LOC_0014,LOC_0044,Standard,4352.4,2817.63,2026-01-19 08:13:20,Delivered
ORD_0001311,CUST_000258,2026-06-15 02:17:02,LOC_0035,LOC_0006,Standard,49369.89,3552.47,2025-11-12 16:08:46,Delivered
ORD_0001312,CUST_000155,2026-04-30 00:36:50,LOC_0034,LOC_0036,Urgent,78732.6,2022.18,2026-08-19 19:30:29,Cancelled
ORD_0001313,CUST_000299,2026-01-26 01:40:59,LOC_0010,LOC_0008,Express,76154.43,4672.81,2026-08-26 22:23:14,Delivered
ORD_0001314,CUST_000580,2026-02-26 01:25:07,LOC_0043,LOC_0007,Urgent,8923.75,4604.06,2026-04-08 23:08:45,Delivered
ORD_0001315,CUST_000898,2025-11-22 05:05:13,LOC_0009,LOC_0046,Express,72121.85,83.09,2025-11-09 15:45:03,Delivered
ORD_0001316,CUST_000123,2026-06-28 09:49:49,LOC_0009,LOC_0035,Urgent,12052.62,2423.93,2026-03-29 03:49:14,Delivered
ORD_0001317,CUST_000881,2026-06-05 02:08:25,LOC_0028,LOC_0013,Standard,81956.62,189.47,2026-05-26 06:36:28,Delivered
ORD_0001318,CUST_000657,2026-02-07 22:40:56,LOC_0010,LOC_0008,Standard,60493.86,413.84,2026-02-15 20:42:02,Delivered
ORD_0001319,CUST_000346,2025-11-23 14:22:47,LOC_0011,LOC_0021,Express,26854.53,377.11,2025-12-09 00:10:13,Delivered
ORD_0001320,CUST_000283,2025-12-25 10:26:32,LOC_0034,LOC_0023,Standard,48683.01,4748.29,2026-03-18 03:04:31,Cancelled
ORD_0001321,CUST_000349,2026-04-14 17:08:31,LOC_0028,LOC_0029,Urgent,18093.51,1821.58,2026-02-13 06:18:28,Delivered
ORD_0001322,CUST_000137,2026-06-15 06:11:57,LOC_0042,LOC_0024,Standard,74350.02,2383.1,2026-03-11 01:05:05,Delivered
ORD_0001323,CUST_000664,2026-09-06 05:12:25,LOC_0027,LOC_0012,Standard,38109.24,4040.52,2026-01-12 05:34:30,Delivered
ORD_0001324,CUST_000824,2026-07-07 07:24:38,LOC_0007,LOC_0032,Standard,34945.9,962.49,2025-11-25 02:20:10,Delivered
ORD_0001325,CUST_000570,2026-02-16 15:28:10,LOC_0010,LOC_0019,Standard,73704.73,2630.99,2025-10-07 23:46:33,Cancelled
ORD_0001326,CUST_000040,2025-11-09 04:06:31,LOC_0047,LOC_0036,Standard,19780.62,4449.75,2026-01-15 06:32:01,Delivered
ORD_0001327,CUST_000454,2026-03-19 05:36:38,LOC_0010,LOC_0011,Express,78538.77,40.26,2026-07-26 04:57:26,Delivered
ORD_0001328,CUST_000247,2026-05-30 05:28:06,LOC_0002,LOC_0009,Standard,2505.15,1501.91,2026-09-28 01:03:20,Delivered
ORD_0001329,CUST_000806,2026-07-12 05:18:23,LOC_0033,LOC_0007,Standard,35144.19,2271.75,2026-06-15 00:43:13,Delivered
ORD_0001330,CUST_000229,2025-10-10 07:53:10,LOC_0002,LOC_0025,Express,77625.41,3213.09,2025-12-27 00:03:54,Delivered
ORD_0001331,CUST_000677,2026-07-07 10:58:00,LOC_0040,LOC_0047,Express,78046.69,1199.27,2026-09-18 17:10:54,Delivered
ORD_0001332,CUST_000382,2026-09-13 03:31:29,LOC_0038,LOC_0037,Express,64682.86,934.49,2026-01-28 12:46:07,Delivered
ORD_0001333,CUST_000157,2026-02-06 09:48:36,LOC_0034,LOC_0039,Standard,6134.26,244.26,2026-08-11 06:27:29,Delivered
ORD_0001334,CUST_000455,2026-05-02 22:56:46,LOC_0027,LOC_0006,Standard,6339.97,2939.55,2026-09-27 15:04:18,Delivered
ORD_0001335,CUST_000629,2026-04-12 09:30:37,LOC_0011,LOC_0041,Urgent,25959.34,3869.81,2026-05-29 06:33:20,Delivered
ORD_0001336,CUST_000923,2026-07-03 03:53:37,LOC_0017,LOC_0012,Standard,3196.37,401.92,2025-12-24 10:42:04,Delivered
ORD_0001337,CUST_000548,2026-08-20 13:47:36,LOC_0022,LOC_0021,Standard,78930.07,1922.1,2026-03-29 19:52:21,Delivered
ORD_0001338,CUST_000782,2025-12-10 01:07:59,LOC_0014,LOC_0015,Standard,57592.98,1457.0,2026-06-14 21:07:20,Delivered
ORD_0001339,CUST_000934,2026-03-21 12:59:12,LOC_0009,LOC_0039,Standard,58818.4,3001.27,2026-03-21 22:09:33,Delivered
ORD_0001340,CUST_000555,2025-12-21 04:00:41,LOC_0012,LOC_0008,Express,76537.08,1913.48,2026-02-18 22:45:46,Delivered
ORD_0001341,CUST_000995,2026-08-15 14:44:34,LOC_0014,LOC_0008,Standard,4315.82,2659.13,2026-08-25 13:36:43,Delivered
ORD_0001342,CUST_000250,2025-10-23 05:18:28,LOC_0014,LOC_0024,Standard,7661.6,310.85,2026-05-31 08:24:58,Delivered
ORD_0001343,CUST_000386,2026-05-21 13:04:50,LOC_0046,LOC_0044,Express,63026.78,1770.78,2026-01-20 18:00:24,Delivered
ORD_0001344,CUST_000745,2026-07-31 06:43:42,LOC_0014,LOC_0009,Standard,55500.17,2344.68,2026-07-19 00:48:47,Delivered
ORD_0001345,CUST_000014,2025-11-10 04:37:28,LOC_0048,LOC_0008,Standard,17046.09,3072.17,2026-05-30 09:21:24,Delivered
ORD_0001346,CUST_000675,2026-05-03 17:00:09,LOC_0031,LOC_0042,Express,2739.48,2878.34,2026-09-15 21:53:59,Delivered
ORD_0001347,CUST_000640,2026-06-21 15:12:21,LOC_0004,LOC_0010,Standard,33521.89,3131.07,2025-11-23 04:10:53,Delivered
ORD_0001348,CUST_000204,2026-08-14 14:37:09,LOC_0044,LOC_0032,Standard,6551.24,692.02,2025-11-21 06:48:40,Delivered
ORD_0001349,CUST_000293,2026-08-19 01:16:21,LOC_0010,LOC_0039,Standard,79842.1,1225.72,2026-02-03 04:16:41,Delivered
ORD_0001350,CUST_000715,2026-02-25 06:13:46,LOC_0005,LOC_0014,Standard,56160.62,2512.02,2025-11-27 16:44:17,Delivered
ORD_0001351,CUST_000821,2026-04-22 01:33:20,LOC_0044,LOC_0032,Standard,83768.98,4477.79,2026-03-14 00:59:53,Delivered
ORD_0001352,CUST_000168,2026-09-04 02:27:46,LOC_0045,LOC_0028,Standard,73659.99,4384.37,2026-03-05 19:17:32,Delivered
ORD_0001353,CUST_000986,2026-03-31 21:17:15,LOC_0016,LOC_0032,Standard,79114.77,1930.74,2026-08-24 01:15:28,Cancelled
ORD_0001354,CUST_000164,2026-01-27 19:17:14,LOC_0011,LOC_0018,Urgent,31562.89,603.33,2026-08-13 13:00:12,Delivered
ORD_0001355,CUST_000547,2026-03-23 08:41:02,LOC_0022,LOC_0008,Urgent,36133.77,633.61,2025-11-26 12:05:24,Delivered
ORD_0001356,CUST_000599,2026-01-25 14:28:59,LOC_0014,LOC_0017,Urgent,6664.21,2878.49,2026-06-24 07:48:20,Delivered
ORD_0001357,CUST_000473,2026-04-10 00:11:00,LOC_0036,LOC_0045,Express,1028.33,4553.72,2026-08-31 04:56:05,Delivered
ORD_0001358,CUST_000470,2026-06-21 23:25:24,LOC_0002,LOC_0014,Express,8409.81,2265.01,2025-12-30 16:03:27,Delivered
ORD_0001359,CUST_000058,2026-07-25 02:30:17,LOC_0037,LOC_0045,Standard,78453.7,2442.21,2026-07-04 09:53:40,Delivered
ORD_0001360,CUST_000828,2025-11-28 11:59:17,LOC_0034,LOC_0028,Standard,12187.9,3969.29,2025-12-20 12:37:52,Delivered
ORD_0001361,CUST_000260,2026-02-25 14:52:06,LOC_0035,LOC_0014,Same Day,72250.24,3379.12,2025-12-20 11:33:36,Delivered
ORD_0001362,CUST_000715,2026-09-11 12:56:07,LOC_0014,LOC_0025,Urgent,21894.94,4586.94,2025-10-05 01:00:38,Delivered
ORD_0001363,CUST_000733,2026-05-07 15:37:03,LOC_0004,LOC_0008,Standard,31730.45,4336.09,2026-09-04 23:41:59,Delivered
ORD_0001364,CUST_000487,2025-12-23 19:35:18,LOC_0023,LOC_0034,Express,5571.21,4389.12,2026-07-07 10:28:24,Cancelled
ORD_0001365,CUST_000070,2026-02-09 15:50:00,LOC_0004,LOC_0019,Standard,34778.85,4468.34,2025-10-26 20:32:35,Delivered
ORD_0001366,CUST_000489,2025-11-09 16:30:00,LOC_0020,LOC_0030,Standard,4054.31,3196.53,2026-02-04 05:03:29,Delivered
ORD_0001367,CUST_000563,2026-06-12 19:40:33,LOC_0017,LOC_0003,Same Day,13577.87,2314.02,2025-11-05 16:45:15,Delivered
ORD_0001368,CUST_000096,2025-11-13 11:02:10,LOC_0007,LOC_0024,Urgent,68001.4,4888.87,2026-04-20 06:08:34,Delivered
ORD_0001369,CUST_000204,2026-04-26 22:13:15,LOC_0011,LOC_0027,Standard,27611.62,142.36,2025-10-28 13:15:50,Delivered
ORD_0001370,CUST_000154,2026-07-26 20:41:39,LOC_0035,LOC_0024,Standard,21410.8,3281.36,2026-01-07 14:55:04,Delivered
ORD_0001371,CUST_000494,2026-03-15 18:26:09,LOC_0022,LOC_0036,Standard,69315.44,4645.29,2025-10-20 12:19:10,Delivered
ORD_0001372,CUST_000210,2025-12-25 20:26:31,LOC_0011,LOC_0030,Standard,50568.53,4055.97,2025-12-11 12:25:50,Delivered
ORD_0001373,CUST_000308,2025-10-03 14:47:34,LOC_0028,LOC_0007,Standard,69636.58,4707.0,2026-01-03 18:13:27,Delivered
ORD_0001374,CUST_000230,2026-07-17 17:01:20,LOC_0036,LOC_0046,Standard,40647.29,2280.49,2026-08-27 05:55:39,Cancelled
ORD_0001375,CUST_000132,2025-10-24 12:28:23,LOC_0045,LOC_0047,Express,17266.45,3901.6,2026-04-07 23:41:23,Delivered
ORD_0001376,CUST_000199,2026-06-13 10:29:07,LOC_0019,LOC_0044,Standard,81984.36,1745.3,2026-01-25 02:01:43,Delivered
ORD_0001377,CUST_000729,2026-05-25 12:15:41,LOC_0028,LOC_0008,Express,9654.43,1825.09,2026-06-22 08:49:04,Delivered
ORD_0001378,CUST_000387,2025-11-28 19:21:20,LOC_0034,LOC_0016,Standard,1975.83,3567.57,2025-12-18 13:25:23,Delivered
ORD_0001379,CUST_000470,2026-01-03 08:33:09,LOC_0040,LOC_0013,Standard,49463.98,3801.67,2026-07-01 08:03:49,Cancelled
ORD_0001380,CUST_000490,2025-11-14 00:42:22,LOC_0043,LOC_0016,Standard,42145.13,3203.42,2026-03-17 12:00:23,Delivered
ORD_0001381,CUST_000430,2026-06-17 14:56:30,LOC_0001,LOC_0002,Standard,47864.37,3589.4,2026-04-16 08:52:44,Delivered
ORD_0001382,CUST_000327,2025-11-11 12:11:32,LOC_0019,LOC_0033,Express,76079.41,3001.41,2026-04-15 06:50:23,Delivered
ORD_0001383,CUST_000947,2026-09-06 01:55:21,LOC_0027,LOC_0041,Urgent,20785.51,780.52,2026-03-02 07:18:46,Delivered
ORD_0001384,CUST_000146,2026-07-07 11:58:12,LOC_0020,LOC_0026,Standard,50544.67,833.9,2026-04-30 02:29:17,Delivered
ORD_0001385,CUST_000022,2026-02-01 18:36:54,LOC_0035,LOC_0026,Standard,63560.91,3949.97,2026-06-18 13:04:38,Delivered
ORD_0001386,CUST_000411,2026-02-02 00:34:06,LOC_0042,LOC_0013,Standard,61803.99,4941.78,2026-07-15 01:24:12,Delivered
ORD_0001387,CUST_000014,2025-12-30 19:54:38,LOC_0006,LOC_0004,Express,44974.32,2976.75,2025-10-23 17:59:52,Delivered
ORD_0001388,CUST_000540,2026-05-21 17:07:52,LOC_0042,LOC_0015,Express,28816.2,4404.14,2026-02-11 08:48:35,Delivered
ORD_0001389,CUST_000649,2026-06-07 05:49:26,LOC_0029,LOC_0027,Standard,33785.24,2669.88,2026-03-16 16:00:27,Delivered
ORD_0001390,CUST_000874,2025-10-02 02:21:57,LOC_0037,LOC_0020,Standard,22168.73,2291.08,2026-08-03 15:28:47,Delivered
ORD_0001391,CUST_000218,2026-03-23 13:51:09,LOC_0044,LOC_0048,Standard,42512.95,1015.61,2026-01-07 09:11:47,Delivered
ORD_0001392,CUST_000433,2026-07-10 13:18:54,LOC_0039,LOC_0015,Same Day,30580.16,145.85,2026-04-05 06:27:00,Delivered
ORD_0001393,CUST_000891,2026-04-30 04:51:41,LOC_0009,LOC_0043,Standard,35074.62,1182.47,2026-04-27 23:11:22,Delivered
ORD_0001394,CUST_000656,2026-03-22 00:27:49,LOC_0011,LOC_0030,Standard,16054.38,2162.41,2026-09-27 00:52:55,Delivered
ORD_0001395,CUST_000973,2026-04-27 11:53:04,LOC_0026,LOC_0021,Standard,51388.13,4460.17,2025-12-07 12:29:52,Cancelled
ORD_0001396,CUST_000326,2026-03-18 03:04:44,LOC_0037,LOC_0035,Standard,40774.49,2325.34,2025-11-14 06:45:48,Delivered
ORD_0001397,CUST_000379,2026-01-21 14:55:06,LOC_0048,LOC_0035,Standard,78109.53,4706.07,2025-10-12 17:38:27,Delivered
ORD_0001398,CUST_000977,2026-03-21 01:36:33,LOC_0009,LOC_0038,Standard,68221.04,2672.85,2026-09-04 06:31:56,Delivered
ORD_0001399,CUST_000045,2026-03-23 07:42:41,LOC_0001,LOC_0046,Standard,59988.51,906.37,2026-05-26 15:27:30,Delivered
ORD_0001400,CUST_000604,2026-06-07 15:35:58,LOC_0013,LOC_0002,Standard,29221.16,67.94,2025-11-20 04:05:23,Delivered
ORD_0001401,CUST_000678,2026-05-23 11:55:35,LOC_0042,LOC_0039,Standard,19686.73,946.78,2026-02-13 18:42:44,Delivered
ORD_0001402,CUST_000655,2026-03-14 02:31:14,LOC_0013,LOC_0002,Urgent,76947.03,3256.74,2025-11-23 13:55:47,Delivered
ORD_0001403,CUST_000296,2026-07-23 19:46:24,LOC_0002,LOC_0045,Standard,58837.07,4034.18,2026-08-14 05:03:58,Delivered
ORD_0001404,CUST_000262,2026-01-06 22:59:59,LOC_0004,LOC_0047,Standard,18099.54,3230.41,2026-02-28 18:52:37,Delivered
ORD_0001405,CUST_000550,2026-04-15 10:01:09,LOC_0043,LOC_0027,Urgent,56798.72,4363.16,2026-02-17 05:29:15,Delivered
ORD_0001406,CUST_000440,2026-01-25 00:59:04,LOC_0041,LOC_0011,Standard,37187.92,1959.4,2026-09-01 13:43:10,Delivered
ORD_0001407,CUST_000923,2026-05-06 10:58:39,LOC_0039,LOC_0019,Standard,35019.36,4021.3,2026-01-07 08:20:44,Delivered
ORD_0001408,CUST_000708,2025-10-23 18:42:58,LOC_0022,LOC_0035,Standard,67292.65,1597.0,2025-10-15 21:21:18,Delivered
ORD_0001409,CUST_000009,2026-05-08 21:37:20,LOC_0004,LOC_0030,Standard,64564.38,3792.92,2025-12-18 09:29:15,Delivered
ORD_0001410,CUST_000808,2026-03-13 10:04:30,LOC_0023,LOC_0043,Same Day,48008.28,144.83,2026-06-04 03:58:46,Delivered
ORD_0001411,CUST_000308,2026-09-09 05:37:28,LOC_0022,LOC_0002,Standard,26834.58,1718.4,2026-06-15 11:17:57,Delivered
ORD_0001412,CUST_000230,2025-11-08 16:50:08,LOC_0032,LOC_0040,Urgent,7147.56,3608.31,2026-08-31 14:58:01,Delivered
ORD_0001413,CUST_000190,2026-06-17 00:09:09,LOC_0030,LOC_0017,Express,32635.7,917.53,2025-11-28 22:44:25,Delivered
ORD_0001414,CUST_000359,2026-08-06 15:05:15,LOC_0023,LOC_0019,Same Day,64432.61,4884.04,2026-02-10 20:18:43,Delivered
ORD_0001415,CUST_000353,2026-03-11 22:22:00,LOC_0023,LOC_0021,Express,59526.43,4619.18,2026-07-22 06:41:29,Delivered
ORD_0001416,CUST_000864,2026-07-23 18:26:03,LOC_0009,LOC_0006,Standard,81900.77,3596.27,2026-06-19 13:29:19,Delivered
ORD_0001417,CUST_000539,2025-10-23 15:20:10,LOC_0008,LOC_0033,Express,1692.77,3107.94,2026-08-02 15:50:06,Delivered
ORD_0001418,CUST_000613,2026-02-05 18:37:25,LOC_0022,LOC_0005,Express,26759.61,164.37,2026-03-20 01:36:07,Delivered
ORD_0001419,CUST_000234,2026-04-24 20:52:39,LOC_0044,LOC_0007,Same Day,66548.97,4139.27,2025-12-08 13:16:18,Delivered
ORD_0001420,CUST_000666,2026-08-30 06:06:29,LOC_0010,LOC_0004,Standard,34362.35,1832.61,2025-11-28 07:03:04,Delivered
ORD_0001421,CUST_000453,2025-10-10 01:47:04,LOC_0025,LOC_0030,Express,61199.35,1465.44,2025-12-12 12:20:13,Delivered
ORD_0001422,CUST_000447,2025-11-30 12:46:36,LOC_0040,LOC_0024,Urgent,3722.39,3266.56,2025-12-29 17:08:03,Delivered
ORD_0001423,CUST_000700,2026-02-09 13:59:02,LOC_0038,LOC_0008,Urgent,33440.37,3911.73,2026-06-20 23:08:29,Delivered
ORD_0001424,CUST_000086,2026-05-19 05:10:25,LOC_0048,LOC_0004,Standard,52767.74,785.34,2026-07-15 02:01:44,Delivered
ORD_0001425,CUST_000117,2026-01-22 01:15:08,LOC_0002,LOC_0023,Express,41678.87,2211.47,2025-11-24 02:50:04,Delivered
ORD_0001426,CUST_000011,2026-04-10 15:17:19,LOC_0012,LOC_0001,Express,68684.45,1221.69,2025-11-21 23:51:15,Delivered
ORD_0001427,CUST_000410,2026-07-06 19:24:04,LOC_0029,LOC_0026,Standard,23500.95,3023.73,2025-10-21 01:50:38,Delivered
ORD_0001428,CUST_000741,2026-08-19 00:35:12,LOC_0010,LOC_0016,Standard,4273.22,4443.55,2026-08-05 04:42:02,Delivered
ORD_0001429,CUST_000288,2026-06-13 00:06:44,LOC_0025,LOC_0004,Standard,746.91,1176.64,2025-11-10 21:46:06,Delivered
ORD_0001430,CUST_000079,2025-10-04 03:41:18,LOC_0044,LOC_0025,Standard,35235.81,2077.85,2026-04-25 06:48:36,Delivered
ORD_0001431,CUST_000390,2026-04-05 21:20:52,LOC_0039,LOC_0001,Express,26378.68,2431.49,2026-04-02 12:32:40,Delivered
ORD_0001432,CUST_000990,2025-10-11 08:33:30,LOC_0031,LOC_0001,Standard,47873.12,4357.06,2026-03-30 06:40:21,Delivered
ORD_0001433,CUST_000083,2026-02-18 18:17:34,LOC_0008,LOC_0038,Standard,54798.19,1810.31,2026-07-23 19:01:21,Delivered
ORD_0001434,CUST_000465,2026-07-20 22:52:49,LOC_0028,LOC_0032,Standard,58328.03,583.41,2025-11-03 02:10:29,Delivered
ORD_0001435,CUST_000760,2026-04-10 15:46:11,LOC_0026,LOC_0025,Express,79926.25,1862.53,2026-09-25 09:11:10,Delivered
ORD_0001436,CUST_000747,2025-10-27 09:09:27,LOC_0009,LOC_0014,Express,81228.28,3336.75,2026-06-26 12:42:04,Delivered
ORD_0001437,CUST_000975,2026-05-31 20:08:49,LOC_0044,LOC_0008,Urgent,8676.42,1492.36,2025-10-30 07:52:46,Delivered
ORD_0001438,CUST_000432,2026-05-08 05:08:37,LOC_0014,LOC_0027,Standard,33311.19,1886.78,2026-01-12 20:30:52,Delivered
ORD_0001439,CUST_000004,2026-07-10 17:37:57,LOC_0002,LOC_0018,Standard,78285.13,1140.73,2026-05-01 07:24:31,Delivered
ORD_0001440,CUST_000978,2026-05-21 00:06:23,LOC_0046,LOC_0039,Express,79511.06,1917.74,2025-11-15 17:51:00,Delivered
ORD_0001441,CUST_000084,2025-10-08 13:48:04,LOC_0035,LOC_0029,Standard,41044.3,2593.93,2025-12-08 19:23:36,Delivered
ORD_0001442,CUST_000848,2026-06-12 11:23:21,LOC_0031,LOC_0022,Standard,67259.96,3636.44,2026-06-23 17:28:37,Delivered
ORD_0001443,CUST_000953,2026-03-11 18:55:01,LOC_0009,LOC_0007,Standard,72634.89,3953.06,2026-04-11 02:15:32,Delivered
ORD_0001444,CUST_000010,2026-01-30 08:23:38,LOC_0028,LOC_0005,Standard,72676.18,4326.56,2026-04-12 03:36:42,Delivered
ORD_0001445,CUST_000853,2026-01-27 03:04:51,LOC_0023,LOC_0029,Standard,35518.3,2093.92,2026-08-16 14:06:11,Delivered
ORD_0001446,CUST_000874,2025-12-04 09:06:43,LOC_0045,LOC_0046,Express,5025.14,2652.95,2026-05-20 10:10:54,Delivered
ORD_0001447,CUST_000815,2025-11-16 10:54:48,LOC_0044,LOC_0045,Standard,83620.08,973.96,2025-12-08 08:46:33,Delivered
ORD_0001448,CUST_000047,2026-07-18 19:29:21,LOC_0020,LOC_0045,Urgent,57330.93,3007.68,2026-05-24 22:58:55,Delivered
ORD_0001449,CUST_000889,2026-08-26 23:43:29,LOC_0016,LOC_0044,Urgent,70708.1,767.44,2026-05-23 06:12:11,Delivered
ORD_0001450,CUST_000109,2026-09-06 16:33:57,LOC_0029,LOC_0018,Urgent,16069.64,2789.14,2025-10-28 16:39:16,Delivered
ORD_0001451,CUST_000721,2026-05-10 13:44:10,LOC_0012,LOC_0046,Standard,59330.04,1977.03,2025-12-16 10:00:42,Delivered
ORD_0001452,CUST_000322,2026-05-20 19:29:56,LOC_0025,LOC_0014,Standard,76106.91,4005.3,2026-07-31 13:41:36,Delivered
ORD_0001453,CUST_000372,2026-07-18 15:02:44,LOC_0038,LOC_0035,Standard,62132.59,2812.89,2026-04-02 14:02:25,Delivered
ORD_0001454,CUST_000667,2026-04-01 08:32:11,LOC_0006,LOC_0027,Standard,17923.54,4815.03,2026-03-07 09:20:56,Delivered
ORD_0001455,CUST_000301,2026-08-27 03:11:50,LOC_0001,LOC_0046,Standard,15004.5,855.34,2026-09-26 14:11:28,Cancelled
ORD_0001456,CUST_000829,2025-10-06 05:49:08,LOC_0004,LOC_0027,Urgent,20331.18,1564.73,2026-06-20 00:16:26,Delivered
ORD_0001457,CUST_000894,2026-08-21 14:50:40,LOC_0018,LOC_0010,Same Day,59069.25,1224.76,2026-06-18 00:33:17,Delivered
ORD_0001458,CUST_000121,2025-10-03 18:37:02,LOC_0043,LOC_0048,Standard,28922.68,4948.49,2026-04-22 14:51:17,Delivered
ORD_0001459,CUST_000067,2025-11-05 21:25:54,LOC_0013,LOC_0030,Standard,11842.87,4194.18,2025-10-18 07:27:25,Delivered
ORD_0001460,CUST_000073,2026-05-19 04:30:21,LOC_0002,LOC_0042,Standard,23075.68,3747.25,2025-12-21 02:03:44,Cancelled
ORD_0001461,CUST_000391,2026-02-12 09:29:06,LOC_0028,LOC_0038,Urgent,15141.24,841.07,2026-06-17 23:01:25,Delivered
ORD_0001462,CUST_000624,2026-06-11 12:25:27,LOC_0044,LOC_0002,Express,67592.28,635.83,2026-08-23 21:31:02,Delivered
ORD_0001463,CUST_000420,2026-04-02 04:46:27,LOC_0013,LOC_0020,Standard,80966.98,1288.26,2026-06-21 22:15:17,Delivered
ORD_0001464,CUST_000520,2026-05-29 12:20:29,LOC_0028,LOC_0024,Standard,61970.23,884.62,2026-08-14 07:00:21,Cancelled
ORD_0001465,CUST_000349,2026-04-21 18:44:27,LOC_0002,LOC_0037,Standard,72541.72,3168.74,2026-09-04 04:34:39,Delivered
ORD_0001466,CUST_000438,2026-03-06 20:59:53,LOC_0039,LOC_0028,Standard,8622.66,4309.71,2026-01-22 17:07:33,Delivered
ORD_0001467,CUST_000349,2026-07-14 20:45:41,LOC_0018,LOC_0009,Standard,79470.44,4929.8,2026-05-05 09:02:33,Delivered
ORD_0001468,CUST_000626,2026-06-07 03:46:43,LOC_0038,LOC_0017,Standard,39165.18,4267.06,2026-03-31 08:55:04,Delivered
ORD_0001469,CUST_000085,2026-03-23 15:24:08,LOC_0006,LOC_0002,Standard,67771.95,4755.55,2026-07-24 14:55:07,Delivered
ORD_0001470,CUST_000746,2026-09-10 01:11:55,LOC_0033,LOC_0028,Express,56454.75,1305.28,2025-10-10 11:46:44,Delivered
ORD_0001471,CUST_000530,2026-06-08 09:56:00,LOC_0021,LOC_0002,Same Day,27895.33,4546.84,2026-09-09 00:27:58,Delivered
ORD_0001472,CUST_000730,2026-04-27 05:12:29,LOC_0048,LOC_0017,Standard,6592.53,4157.53,2026-09-19 09:33:06,Delivered
ORD_0001473,CUST_000883,2026-07-21 01:52:25,LOC_0044,LOC_0016,Standard,41947.45,3723.35,2026-05-01 20:25:37,Delivered
ORD_0001474,CUST_000295,2025-12-15 17:01:16,LOC_0037,LOC_0016,Express,73860.57,3356.52,2026-07-25 11:24:50,Delivered
ORD_0001475,CUST_000563,2026-07-22 10:42:08,LOC_0037,LOC_0025,Standard,52077.95,1043.56,2026-05-25 20:52:42,Delivered
ORD_0001476,CUST_000487,2025-12-23 09:17:14,LOC_0004,LOC_0014,Standard,80382.45,3737.29,2026-03-02 12:40:00,Delivered
ORD_0001477,CUST_000757,2026-02-21 15:24:26,LOC_0046,LOC_0016,Standard,81873.84,982.49,2026-01-02 23:26:52,Delivered
ORD_0001478,CUST_000309,2026-02-28 09:01:53,LOC_0018,LOC_0023,Standard,57554.57,4451.18,2026-03-30 21:20:38,Delivered
ORD_0001479,CUST_000937,2026-05-26 19:35:45,LOC_0039,LOC_0032,Standard,82142.93,4293.73,2026-08-15 21:08:28,Delivered
ORD_0001480,CUST_000457,2026-01-01 20:39:27,LOC_0048,LOC_0030,Standard,2823.44,3766.68,2026-08-05 16:33:29,Delivered
ORD_0001481,CUST_000888,2025-11-03 22:09:32,LOC_0031,LOC_0027,Standard,38115.36,1000.21,2026-04-03 06:13:59,Delivered
ORD_0001482,CUST_000659,2026-02-16 07:34:12,LOC_0046,LOC_0003,Urgent,67788.09,1864.26,2026-05-12 08:12:22,Delivered
ORD_0001483,CUST_000820,2026-09-01 13:04:59,LOC_0022,LOC_0042,Standard,81098.73,4569.11,2026-06-16 23:14:10,Delivered
ORD_0001484,CUST_000883,2026-07-13 07:51:19,LOC_0003,LOC_0017,Standard,62764.88,352.56,2026-04-02 04:54:23,Delivered
ORD_0001485,CUST_000514,2026-06-22 20:02:59,LOC_0037,LOC_0038,Standard,7289.56,2739.0,2026-07-15 08:17:45,Delivered
ORD_0001486,CUST_000460,2026-01-17 15:25:52,LOC_0028,LOC_0006,Express,43689.79,3345.31,2026-04-18 05:23:39,Delivered
ORD_0001487,CUST_000907,2026-05-21 19:34:30,LOC_0010,LOC_0046,Standard,11752.63,2021.77,2026-05-30 18:40:43,Delivered
ORD_0001488,CUST_000238,2025-10-07 09:09:25,LOC_0001,LOC_0047,Express,36227.7,1430.29,2025-12-12 10:12:06,Delivered
ORD_0001489,CUST_000260,2026-04-06 19:49:03,LOC_0004,LOC_0023,Standard,33332.46,163.09,2025-10-28 23:19:49,Delivered
ORD_0001490,CUST_000513,2026-02-04 18:14:34,LOC_0022,LOC_0011,Standard,70433.37,15.31,2026-01-12 04:57:15,Delivered
ORD_0001491,CUST_000859,2026-01-29 01:44:08,LOC_0023,LOC_0006,Urgent,64279.1,2032.62,2026-04-27 23:16:09,Delivered
ORD_0001492,CUST_000079,2026-03-12 03:17:53,LOC_0033,LOC_0044,Standard,32093.54,1339.14,2025-12-16 13:24:06,Delivered
ORD_0001493,CUST_000374,2026-08-09 22:43:52,LOC_0041,LOC_0011,Standard,28204.88,4384.37,2026-07-01 01:14:32,Delivered
ORD_0001494,CUST_000175,2026-02-23 23:23:14,LOC_0036,LOC_0025,Standard,75459.86,4327.02,2026-02-08 20:24:09,Delivered
ORD_0001495,CUST_000319,2025-12-15 19:01:52,LOC_0035,LOC_0037,Standard,3968.92,279.32,2025-11-08 12:44:47,Cancelled
ORD_0001496,CUST_000721,2026-03-29 13:49:00,LOC_0039,LOC_0012,Urgent,51898.49,1851.14,2026-02-01 17:10:10,Delivered
ORD_0001497,CUST_000159,2026-01-05 12:34:28,LOC_0031,LOC_0013,Standard,61655.11,442.43,2026-01-26 15:41:57,Delivered
ORD_0001498,CUST_000040,2026-07-04 05:43:50,LOC_0013,LOC_0004,Standard,37760.37,441.58,2026-08-13 02:17:01,Delivered
ORD_0001499,CUST_000328,2026-09-09 20:47:17,LOC_0030,LOC_0027,Urgent,63816.9,1528.52,2026-07-16 04:13:43,Delivered
ORD_0001500,CUST_000879,2026-07-12 14:25:42,LOC_0039,LOC_0018,Standard,58334.84,4674.81,2026-02-14 14:24:31,Delivered
ORD_0001501,CUST_000917,2025-11-17 14:32:08,LOC_0045,LOC_0047,Express,21629.96,4000.71,2026-04-26 02:17:57,Delivered
ORD_0001502,CUST_000951,2025-11-26 08:22:09,LOC_0041,LOC_0026,Express,52744.93,3895.93,2025-12-08 17:25:56,Delivered
ORD_0001503,CUST_000012,2026-06-03 16:34:28,LOC_0023,LOC_0037,Standard,54018.28,4685.04,2026-01-02 03:04:20,Delivered
ORD_0001504,CUST_000032,2026-07-13 02:17:53,LOC_0003,LOC_0042,Standard,47723.4,3079.19,2026-06-18 00:27:57,Delivered
ORD_0001505,CUST_000191,2026-07-02 00:28:53,LOC_0046,LOC_0003,Express,78705.21,3213.31,2026-02-08 19:13:59,Delivered
ORD_0001506,CUST_000811,2026-03-24 20:31:22,LOC_0012,LOC_0017,Standard,25886.83,2386.58,2025-10-07 19:53:47,Cancelled
ORD_0001507,CUST_000024,2026-06-24 18:18:44,LOC_0017,LOC_0006,Standard,43177.52,2179.39,2026-06-06 10:43:29,Delivered
ORD_0001508,CUST_000528,2026-03-14 22:01:58,LOC_0036,LOC_0032,Standard,62016.44,1905.82,2026-04-26 22:42:48,Delivered
ORD_0001509,CUST_000427,2025-11-07 13:57:35,LOC_0042,LOC_0009,Urgent,2446.04,442.74,2026-09-11 00:08:43,Delivered
ORD_0001510,CUST_000682,2025-11-16 17:36:49,LOC_0029,LOC_0006,Express,43505.41,1038.16,2026-07-21 14:46:34,Delivered
ORD_0001511,CUST_000736,2026-05-07 10:19:37,LOC_0037,LOC_0019,Standard,10811.98,2299.09,2026-02-01 10:06:10,Delivered
ORD_0001512,CUST_000096,2025-11-18 14:44:18,LOC_0048,LOC_0027,Standard,48191.75,3644.11,2026-04-06 12:14:40,Delivered
ORD_0001513,CUST_000642,2026-05-18 22:37:24,LOC_0034,LOC_0048,Standard,32609.82,3304.83,2026-07-29 07:23:55,Delivered
ORD_0001514,CUST_000169,2026-02-22 16:52:44,LOC_0046,LOC_0035,Standard,45026.63,773.0,2026-09-18 03:04:40,Delivered
ORD_0001515,CUST_000852,2026-01-16 19:39:01,LOC_0028,LOC_0032,Standard,2060.89,4745.55,2026-09-20 19:06:07,Delivered
ORD_0001516,CUST_000343,2026-02-11 11:28:37,LOC_0010,LOC_0006,Standard,79729.59,1613.24,2025-12-31 15:31:16,Delivered
ORD_0001517,CUST_000469,2026-09-10 05:53:52,LOC_0018,LOC_0006,Standard,82526.89,1930.09,2026-06-26 08:48:28,Cancelled
ORD_0001518,CUST_000767,2026-05-26 18:13:27,LOC_0042,LOC_0008,Express,22231.02,1121.65,2026-08-05 15:40:48,Delivered
ORD_0001519,CUST_000413,2026-05-08 08:23:12,LOC_0029,LOC_0034,Standard,1170.62,4045.1,2026-05-24 01:02:45,Cancelled
ORD_0001520,CUST_000406,2025-12-06 15:45:09,LOC_0013,LOC_0003,Express,40671.3,3197.23,2025-11-04 15:43:12,Delivered
ORD_0001521,CUST_000679,2026-01-07 07:16:27,LOC_0039,LOC_0011,Standard,48472.81,2600.46,2026-04-09 02:23:14,Delivered
ORD_0001522,CUST_000308,2026-02-23 04:10:10,LOC_0036,LOC_0001,Urgent,19020.17,3739.26,2025-10-30 03:56:25,Delivered
ORD_0001523,CUST_000902,2026-04-06 19:50:19,LOC_0002,LOC_0023,Express,3956.3,4452.87,2026-01-05 02:24:14,Delivered
ORD_0001524,CUST_000405,2026-08-15 11:50:06,LOC_0045,LOC_0020,Express,58878.85,3553.57,2026-06-03 01:55:29,Cancelled
ORD_0001525,CUST_000044,2026-08-01 09:05:08,LOC_0011,LOC_0006,Urgent,27623.01,4430.56,2026-09-07 22:55:11,Delivered
ORD_0001526,CUST_000563,2026-02-21 15:22:36,LOC_0009,LOC_0006,Standard,22454.93,4712.08,2026-09-23 07:06:19,Delivered
ORD_0001527,CUST_000853,2025-11-08 12:01:52,LOC_0002,LOC_0031,Standard,76018.55,3485.44,2026-08-22 03:51:36,Delivered
ORD_0001528,CUST_000307,2026-01-15 16:09:41,LOC_0007,LOC_0020,Express,57299.58,2148.36,2026-05-25 01:40:41,Delivered
ORD_0001529,CUST_000279,2026-02-18 02:13:31,LOC_0029,LOC_0028,Standard,76371.74,2408.08,2026-02-15 18:57:55,Delivered
ORD_0001530,CUST_000550,2025-11-24 08:23:59,LOC_0031,LOC_0043,Standard,68159.41,875.26,2026-04-13 15:57:39,Delivered
ORD_0001531,CUST_000306,2025-10-19 04:24:31,LOC_0008,LOC_0023,Standard,11061.6,256.66,2025-12-24 03:18:14,Delivered
ORD_0001532,CUST_000985,2025-11-21 11:41:11,LOC_0017,LOC_0016,Standard,22674.06,2683.72,2026-06-17 05:31:53,Delivered
ORD_0001533,CUST_000990,2026-03-31 05:44:04,LOC_0047,LOC_0041,Standard,28283.52,3244.21,2026-04-10 17:01:44,Delivered
ORD_0001534,CUST_000019,2026-08-20 02:18:37,LOC_0044,LOC_0048,Express,41565.68,2989.83,2026-05-17 09:14:43,Delivered
ORD_0001535,CUST_000792,2026-07-13 12:02:50,LOC_0017,LOC_0041,Standard,14665.94,1068.6,2026-06-10 15:33:54,Delivered
ORD_0001536,CUST_000827,2026-04-08 14:33:54,LOC_0038,LOC_0029,Express,83231.63,3347.87,2026-06-06 18:26:57,Delivered
ORD_0001537,CUST_000349,2025-10-15 01:03:32,LOC_0003,LOC_0034,Standard,32006.95,3833.38,2026-07-07 10:12:59,Delivered
ORD_0001538,CUST_000032,2026-08-03 16:10:10,LOC_0043,LOC_0003,Standard,79939.9,2301.14,2026-07-25 10:44:03,Delivered
ORD_0001539,CUST_000322,2026-08-11 09:08:06,LOC_0044,LOC_0007,Urgent,63812.56,1827.1,2026-03-06 03:31:28,Delivered
ORD_0001540,CUST_000203,2026-03-07 21:48:23,LOC_0028,LOC_0032,Standard,30585.87,2636.89,2026-01-04 21:47:57,Delivered
ORD_0001541,CUST_000219,2025-10-18 22:43:11,LOC_0015,LOC_0023,Standard,1116.96,1361.98,2026-08-17 12:50:58,Delivered
ORD_0001542,CUST_000415,2026-08-15 04:07:03,LOC_0044,LOC_0015,Standard,48477.09,2209.26,2026-02-03 11:15:10,Delivered
ORD_0001543,CUST_000684,2026-06-01 21:08:04,LOC_0001,LOC_0043,Urgent,19793.66,1822.3,2025-10-22 15:12:36,Delivered
ORD_0001544,CUST_000972,2026-07-29 22:42:02,LOC_0043,LOC_0027,Urgent,50464.64,1323.55,2026-01-02 22:39:50,Delivered
ORD_0001545,CUST_000130,2026-02-02 19:14:18,LOC_0044,LOC_0009,Express,22795.67,3289.06,2025-12-18 06:48:19,Delivered
ORD_0001546,CUST_000151,2026-01-11 05:05:51,LOC_0022,LOC_0040,Standard,64616.83,2258.62,2026-09-05 08:37:52,Delivered
ORD_0001547,CUST_000947,2026-06-28 01:16:47,LOC_0005,LOC_0008,Standard,45481.33,4250.31,2026-04-23 10:13:46,Delivered
ORD_0001548,CUST_000212,2026-07-08 03:33:42,LOC_0036,LOC_0042,Standard,18784.77,4187.83,2026-06-10 13:52:18,Delivered
ORD_0001549,CUST_000267,2025-12-16 15:59:12,LOC_0025,LOC_0043,Standard,22557.5,2612.09,2025-11-25 09:01:23,Delivered
ORD_0001550,CUST_000399,2026-04-06 04:26:56,LOC_0001,LOC_0013,Standard,33868.43,1456.82,2025-10-03 20:11:26,Delivered
ORD_0001551,CUST_000387,2025-10-26 03:38:16,LOC_0010,LOC_0048,Standard,55780.38,3445.84,2026-05-26 16:31:47,Delivered
ORD_0001552,CUST_000405,2025-12-27 11:40:43,LOC_0036,LOC_0004,Standard,69276.44,1113.41,2026-06-15 12:28:49,Delivered
ORD_0001553,CUST_000479,2026-07-19 23:25:05,LOC_0020,LOC_0007,Express,27785.16,4531.22,2026-05-19 03:43:46,Delivered
ORD_0001554,CUST_000499,2026-05-20 04:16:50,LOC_0042,LOC_0001,Standard,56439.31,574.23,2026-01-01 15:43:26,Delivered
ORD_0001555,CUST_000407,2026-02-06 14:58:38,LOC_0035,LOC_0010,Standard,39570.39,877.41,2026-05-16 15:05:13,Delivered
ORD_0001556,CUST_000412,2026-07-02 12:59:22,LOC_0001,LOC_0009,Standard,79019.28,127.37,2025-12-09 20:52:50,Delivered
ORD_0001557,CUST_000204,2026-06-05 17:17:51,LOC_0024,LOC_0035,Express,16734.49,4196.3,2025-12-31 04:57:13,Delivered
ORD_0001558,CUST_000260,2026-07-12 20:35:57,LOC_0025,LOC_0037,Express,10818.95,4380.66,2025-12-27 02:00:36,Delivered
ORD_0001559,CUST_000339,2026-02-09 05:59:37,LOC_0024,LOC_0033,Express,49356.94,4658.8,2026-06-06 07:31:28,Delivered
ORD_0001560,CUST_000197,2025-11-19 23:07:37,LOC_0003,LOC_0023,Standard,75979.77,1518.72,2026-03-11 11:37:22,Delivered
ORD_0001561,CUST_000238,2026-07-21 06:23:15,LOC_0041,LOC_0036,Standard,33048.12,1295.82,2026-05-21 04:08:20,Delivered
ORD_0001562,CUST_000398,2026-08-06 23:01:36,LOC_0018,LOC_0015,Standard,71715.89,4656.24,2026-01-31 07:18:06,Delivered
ORD_0001563,CUST_000234,2026-02-07 02:19:19,LOC_0015,LOC_0012,Express,70526.6,3627.02,2026-01-12 09:33:51,Delivered
ORD_0001564,CUST_000547,2025-11-15 02:36:05,LOC_0003,LOC_0038,Express,61793.07,1087.65,2026-01-29 06:38:48,Delivered
ORD_0001565,CUST_000609,2025-11-15 05:23:30,LOC_0038,LOC_0024,Express,68332.06,2068.96,2026-08-17 03:21:15,Delivered
ORD_0001566,CUST_000762,2026-02-28 02:17:32,LOC_0023,LOC_0027,Standard,67276.03,760.2,2026-02-12 10:45:37,Delivered
ORD_0001567,CUST_000594,2026-03-11 12:53:26,LOC_0001,LOC_0039,Standard,45151.89,1745.68,2026-04-19 15:19:49,Delivered
ORD_0001568,CUST_000736,2026-05-31 06:58:12,LOC_0027,LOC_0005,Standard,66561.07,2382.84,2025-12-26 16:19:49,Delivered
ORD_0001569,CUST_000211,2026-08-10 09:35:54,LOC_0037,LOC_0027,Standard,50292.43,4396.95,2025-11-29 16:58:24,Delivered
ORD_0001570,CUST_000127,2026-09-15 13:26:18,LOC_0009,LOC_0036,Standard,67506.28,2035.52,2026-05-23 03:22:39,Delivered
ORD_0001571,CUST_000807,2026-03-05 10:18:23,LOC_0010,LOC_0014,Express,24153.49,114.74,2026-05-29 08:44:24,Delivered
ORD_0001572,CUST_000627,2025-11-24 05:42:14,LOC_0023,LOC_0042,Standard,74856.18,1616.95,2025-11-24 07:28:02,Delivered
ORD_0001573,CUST_000392,2026-02-09 22:28:19,LOC_0017,LOC_0034,Urgent,45429.33,3899.8,2026-09-11 09:41:27,Delivered
ORD_0001574,CUST_000927,2026-01-26 04:39:53,LOC_0010,LOC_0034,Standard,38023.61,3801.14,2026-08-11 05:59:04,Cancelled
ORD_0001575,CUST_000995,2025-10-16 23:19:23,LOC_0028,LOC_0036,Express,34036.99,3394.32,2026-04-26 09:39:52,Delivered
ORD_0001576,CUST_000637,2026-05-12 14:35:25,LOC_0046,LOC_0021,Standard,18147.62,2960.15,2026-05-09 22:15:23,Delivered
ORD_0001577,CUST_000509,2026-03-08 08:44:09,LOC_0013,LOC_0045,Standard,26670.93,1812.74,2025-11-03 14:57:50,Delivered
ORD_0001578,CUST_000779,2025-10-16 16:39:06,LOC_0012,LOC_0035,Standard,2138.13,394.75,2026-05-07 20:54:42,Delivered
ORD_0001579,CUST_000721,2025-10-26 14:17:22,LOC_0042,LOC_0001,Express,25643.6,4735.68,2025-11-04 09:54:43,Delivered
ORD_0001580,CUST_000416,2025-12-06 02:22:50,LOC_0027,LOC_0009,Standard,2013.09,490.18,2026-09-07 19:00:04,Delivered
ORD_0001581,CUST_000057,2025-12-12 21:41:51,LOC_0031,LOC_0035,Express,46371.07,4694.38,2026-09-19 15:13:33,Delivered
ORD_0001582,CUST_000408,2026-03-22 15:11:59,LOC_0035,LOC_0046,Standard,7929.62,1299.56,2026-06-10 12:13:46,Cancelled
ORD_0001583,CUST_000760,2026-02-19 09:20:10,LOC_0043,LOC_0035,Standard,54095.63,36.82,2026-02-14 13:09:51,Delivered
ORD_0001584,CUST_000029,2026-05-02 03:06:29,LOC_0040,LOC_0009,Standard,10568.86,2812.63,2026-02-17 02:23:34,Delivered
ORD_0001585,CUST_000852,2026-05-19 02:14:44,LOC_0018,LOC_0037,Urgent,49973.95,2528.59,2026-06-11 19:35:39,Delivered
ORD_0001586,CUST_000662,2026-08-19 04:10:45,LOC_0029,LOC_0006,Express,76891.19,2334.29,2026-01-19 12:59:36,Delivered
ORD_0001587,CUST_000597,2026-06-26 19:37:04,LOC_0027,LOC_0011,Standard,44197.61,2727.98,2026-03-01 16:41:32,Delivered
ORD_0001588,CUST_000726,2026-06-02 04:21:04,LOC_0030,LOC_0031,Urgent,16662.26,1529.97,2025-12-08 00:12:01,Delivered
ORD_0001589,CUST_000371,2026-04-20 00:28:38,LOC_0031,LOC_0008,Urgent,72444.11,1115.56,2026-02-09 21:34:17,Delivered
ORD_0001590,CUST_000547,2025-10-20 06:44:55,LOC_0042,LOC_0002,Standard,49609.91,2094.97,2026-06-10 09:29:59,Delivered
ORD_0001591,CUST_000234,2026-06-27 02:48:14,LOC_0031,LOC_0027,Standard,32774.18,3896.47,2025-11-22 08:10:08,Delivered
ORD_0001592,CUST_000237,2025-10-23 10:05:07,LOC_0004,LOC_0039,Standard,78489.49,3148.39,2026-07-26 18:04:54,Delivered
ORD_0001593,CUST_000189,2026-05-10 14:56:38,LOC_0012,LOC_0026,Urgent,81620.14,1642.64,2026-01-30 04:59:02,Cancelled
ORD_0001594,CUST_000941,2026-08-07 18:30:00,LOC_0040,LOC_0015,Same Day,83736.93,1365.94,2025-12-26 07:38:32,Delivered
ORD_0001595,CUST_000426,2026-05-19 18:27:05,LOC_0045,LOC_0031,Standard,83558.27,1247.48,2026-08-06 03:42:24,Delivered
ORD_0001596,CUST_000333,2026-06-04 16:50:45,LOC_0001,LOC_0003,Standard,1843.48,191.6,2026-07-09 04:05:54,Delivered
ORD_0001597,CUST_000463,2025-10-21 00:45:50,LOC_0033,LOC_0032,Urgent,27379.36,3293.98,2026-01-06 00:43:35,Delivered
ORD_0001598,CUST_000723,2026-05-10 08:39:57,LOC_0048,LOC_0004,Standard,69065.39,1339.66,2026-07-16 05:07:36,Delivered
ORD_0001599,CUST_000758,2026-05-05 07:47:29,LOC_0043,LOC_0038,Standard,29801.19,2567.89,2026-09-04 22:45:11,Delivered
ORD_0001600,CUST_000493,2025-12-28 23:13:59,LOC_0015,LOC_0018,Standard,57893.6,254.27,2026-02-12 01:03:52,Delivered
ORD_0001601,CUST_000584,2025-10-18 01:13:36,LOC_0035,LOC_0024,Express,5144.52,1152.3,2025-12-15 19:06:53,Delivered
ORD_0001602,CUST_000500,2026-05-16 21:45:33,LOC_0046,LOC_0006,Urgent,73102.35,272.59,2026-02-21 14:35:53,Cancelled
ORD_0001603,CUST_000917,2026-05-29 16:19:39,LOC_0042,LOC_0044,Standard,26318.84,395.32,2026-06-23 10:06:56,Delivered
ORD_0001604,CUST_000498,2026-02-11 17:30:07,LOC_0034,LOC_0005,Standard,83077.94,4868.64,2026-05-19 06:13:30,Delivered
ORD_0001605,CUST_000781,2026-01-30 14:41:37,LOC_0005,LOC_0040,Urgent,58974.55,4291.89,2026-07-06 23:46:26,Delivered
ORD_0001606,CUST_000285,2026-08-27 13:21:30,LOC_0027,LOC_0016,Urgent,63450.85,672.37,2025-10-08 07:34:22,Delivered
ORD_0001607,CUST_000798,2026-05-24 10:09:32,LOC_0001,LOC_0030,Urgent,24934.17,275.57,2026-03-19 12:26:57,Delivered
ORD_0001608,CUST_000080,2025-10-16 23:13:35,LOC_0020,LOC_0013,Standard,2526.2,4666.49,2026-06-26 06:52:36,Delivered
ORD_0001609,CUST_000099,2025-11-07 18:23:57,LOC_0004,LOC_0047,Express,43886.04,2505.18,2025-12-26 03:27:58,Delivered
ORD_0001610,CUST_000117,2026-02-14 19:42:41,LOC_0027,LOC_0033,Express,7986.28,4086.87,2026-04-04 10:06:22,Delivered
ORD_0001611,CUST_000410,2025-11-30 06:14:43,LOC_0036,LOC_0035,Standard,44778.46,62.13,2026-07-24 07:15:15,Delivered
ORD_0001612,CUST_000159,2026-07-10 00:59:50,LOC_0041,LOC_0013,Standard,1999.25,2579.79,2026-03-31 17:29:45,Delivered
ORD_0001613,CUST_000533,2026-01-18 23:02:31,LOC_0039,LOC_0038,Same Day,54710.4,1734.7,2026-06-02 00:57:23,Delivered
ORD_0001614,CUST_000446,2026-07-23 21:50:10,LOC_0025,LOC_0034,Express,6277.95,2806.81,2026-04-20 15:39:48,Delivered
ORD_0001615,CUST_000375,2026-06-12 08:08:51,LOC_0026,LOC_0014,Standard,43069.47,4580.69,2026-01-29 01:36:54,Delivered
ORD_0001616,CUST_000355,2026-08-05 05:40:42,LOC_0028,LOC_0022,Express,40191.8,2385.13,2026-07-23 12:15:35,Delivered
ORD_0001617,CUST_000165,2025-11-25 09:41:22,LOC_0027,LOC_0007,Standard,13487.56,4260.87,2026-02-24 08:42:29,Delivered
ORD_0001618,CUST_000303,2026-05-02 11:03:24,LOC_0038,LOC_0003,Same Day,56760.77,2931.57,2026-04-17 17:03:57,Delivered
ORD_0001619,CUST_000318,2026-04-22 23:32:35,LOC_0025,LOC_0007,Standard,67555.35,1411.93,2026-03-04 09:05:47,Delivered
ORD_0001620,CUST_000315,2026-05-09 06:53:23,LOC_0040,LOC_0015,Standard,23989.28,2189.54,2025-10-11 10:25:34,Delivered
ORD_0001621,CUST_000710,2026-03-25 07:34:53,LOC_0013,LOC_0023,Standard,13746.41,1685.45,2025-11-10 16:13:53,Delivered
ORD_0001622,CUST_000040,2026-02-17 05:32:33,LOC_0024,LOC_0025,Standard,82937.68,512.22,2026-07-18 14:29:59,Delivered
ORD_0001623,CUST_000791,2025-11-14 05:04:42,LOC_0033,LOC_0001,Standard,4171.06,2712.24,2026-02-11 15:23:05,Delivered
ORD_0001624,CUST_000629,2026-03-01 10:58:44,LOC_0003,LOC_0038,Standard,7504.85,704.39,2026-05-09 02:04:54,Delivered
ORD_0001625,CUST_000711,2026-09-02 20:39:13,LOC_0036,LOC_0010,Standard,16672.7,354.34,2026-01-09 01:34:05,Delivered
ORD_0001626,CUST_000936,2026-01-11 00:06:16,LOC_0035,LOC_0003,Standard,53844.72,4061.24,2026-06-30 17:15:51,Delivered
ORD_0001627,CUST_000895,2026-05-27 17:37:10,LOC_0033,LOC_0037,Express,69332.24,4021.58,2026-08-22 11:16:42,Delivered
ORD_0001628,CUST_000566,2025-12-16 12:59:03,LOC_0043,LOC_0014,Standard,22624.94,1405.96,2026-01-25 12:25:13,Delivered
ORD_0001629,CUST_000715,2026-01-28 22:13:49,LOC_0046,LOC_0015,Standard,74342.38,3343.25,2025-12-04 07:57:47,Delivered
ORD_0001630,CUST_000925,2025-10-09 02:27:54,LOC_0025,LOC_0030,Standard,39266.17,1064.98,2025-11-10 14:16:42,Delivered
ORD_0001631,CUST_000970,2026-07-09 10:56:36,LOC_0010,LOC_0030,Express,23213.03,275.15,2026-02-06 12:28:34,Delivered
ORD_0001632,CUST_000538,2026-07-18 01:23:48,LOC_0029,LOC_0001,Urgent,9502.85,1145.34,2026-05-23 22:25:30,Cancelled
ORD_0001633,CUST_000308,2026-02-13 19:12:52,LOC_0005,LOC_0001,Standard,36550.01,4045.71,2026-08-22 16:19:13,Delivered
ORD_0001634,CUST_000090,2026-03-07 17:00:04,LOC_0044,LOC_0003,Standard,34810.92,1662.77,2025-11-04 17:03:23,Delivered
ORD_0001635,CUST_000452,2026-06-04 16:47:48,LOC_0019,LOC_0034,Standard,47940.89,3874.94,2026-03-08 04:28:46,Delivered
ORD_0001636,CUST_000253,2026-07-20 06:31:15,LOC_0026,LOC_0007,Same Day,39031.57,2343.74,2025-10-11 03:53:46,Delivered
ORD_0001637,CUST_000203,2026-05-11 11:02:39,LOC_0013,LOC_0003,Standard,75279.72,2212.86,2026-03-24 20:13:38,Delivered
ORD_0001638,CUST_000294,2025-12-29 21:13:25,LOC_0019,LOC_0006,Standard,36232.86,1398.02,2026-08-13 13:09:39,Delivered
ORD_0001639,CUST_000963,2026-07-09 22:34:59,LOC_0011,LOC_0015,Same Day,57935.16,4093.08,2026-05-09 09:15:53,Delivered
ORD_0001640,CUST_000394,2026-04-04 03:12:59,LOC_0041,LOC_0026,Standard,9935.96,3699.02,2026-02-16 15:38:53,Delivered
ORD_0001641,CUST_000712,2026-07-17 10:59:23,LOC_0010,LOC_0018,Standard,79008.48,981.99,2026-04-17 13:49:36,Delivered
ORD_0001642,CUST_000887,2026-01-02 09:42:20,LOC_0031,LOC_0043,Standard,8315.3,3507.07,2026-08-15 21:45:17,Delivered
ORD_0001643,CUST_000375,2025-11-18 07:17:22,LOC_0024,LOC_0036,Standard,70191.93,2313.61,2026-06-09 12:44:22,Delivered
ORD_0001644,CUST_000628,2026-06-27 03:38:36,LOC_0013,LOC_0024,Standard,18128.89,2963.46,2026-07-21 06:47:10,Delivered
ORD_0001645,CUST_000735,2026-03-03 02:14:04,LOC_0016,LOC_0017,Standard,83494.95,3622.04,2026-06-16 12:46:32,Delivered
ORD_0001646,CUST_000338,2026-08-01 00:43:58,LOC_0002,LOC_0040,Standard,1098.93,3334.71,2026-09-28 01:44:25,Cancelled
ORD_0001647,CUST_000435,2026-07-27 04:38:19,LOC_0005,LOC_0027,Urgent,47976.16,3939.33,2025-10-28 16:45:58,Delivered
ORD_0001648,CUST_000525,2026-05-11 03:49:58,LOC_0009,LOC_0042,Standard,56777.8,1878.59,2026-07-27 09:46:54,Delivered
ORD_0001649,CUST_000076,2026-03-30 16:47:12,LOC_0004,LOC_0017,Standard,57644.73,4719.79,2026-06-18 11:13:03,Cancelled
ORD_0001650,CUST_000072,2025-11-23 21:38:07,LOC_0039,LOC_0009,Same Day,45310.88,682.79,2025-11-20 06:27:34,Delivered
ORD_0001651,CUST_000394,2026-03-10 05:10:42,LOC_0005,LOC_0041,Express,70505.71,779.39,2026-06-04 20:49:12,Delivered
ORD_0001652,CUST_000641,2025-11-26 20:46:41,LOC_0040,LOC_0038,Standard,23645.82,4183.33,2025-10-28 14:25:34,Delivered
ORD_0001653,CUST_000808,2025-12-07 12:45:05,LOC_0035,LOC_0010,Urgent,68526.16,4557.72,2026-09-10 23:22:41,Delivered
ORD_0001654,CUST_000881,2026-06-23 04:52:30,LOC_0011,LOC_0012,Standard,64856.07,1292.17,2026-02-01 05:32:59,Delivered
ORD_0001655,CUST_000894,2026-05-23 14:27:31,LOC_0008,LOC_0005,Express,4415.07,1289.0,2026-01-30 07:23:02,Delivered
ORD_0001656,CUST_000609,2025-12-04 11:04:03,LOC_0044,LOC_0043,Express,77382.01,3493.6,2026-08-01 06:15:35,Delivered
ORD_0001657,CUST_000017,2025-12-08 23:54:55,LOC_0046,LOC_0047,Same Day,40042.8,582.92,2026-01-12 07:24:02,Delivered
ORD_0001658,CUST_000549,2026-03-31 13:19:21,LOC_0001,LOC_0012,Standard,50307.45,4757.04,2026-06-01 20:38:54,Delivered
ORD_0001659,CUST_000593,2026-01-13 06:44:36,LOC_0021,LOC_0023,Express,12841.12,3599.62,2025-10-27 22:49:36,Delivered
ORD_0001660,CUST_000541,2025-12-01 21:40:27,LOC_0028,LOC_0010,Standard,73410.42,522.16,2026-02-18 00:06:30,Delivered
ORD_0001661,CUST_000371,2026-06-01 15:25:59,LOC_0026,LOC_0016,Express,12849.92,4820.11,2025-10-14 11:37:24,Delivered
ORD_0001662,CUST_000819,2026-06-04 21:42:32,LOC_0008,LOC_0003,Standard,44842.56,417.96,2026-09-13 01:13:37,Delivered
ORD_0001663,CUST_000007,2026-08-18 19:55:32,LOC_0005,LOC_0040,Urgent,12137.91,2350.86,2026-03-26 07:59:38,Delivered
ORD_0001664,CUST_000645,2026-06-23 10:48:48,LOC_0026,LOC_0021,Standard,28151.6,1661.42,2025-10-28 14:43:46,Delivered
ORD_0001665,CUST_000788,2025-12-21 02:57:59,LOC_0017,LOC_0046,Standard,18075.26,240.19,2025-11-23 07:37:29,Delivered
ORD_0001666,CUST_000237,2026-01-15 07:27:01,LOC_0001,LOC_0046,Standard,12528.19,4096.74,2026-09-20 12:27:10,Delivered
ORD_0001667,CUST_000870,2026-03-13 13:01:38,LOC_0036,LOC_0002,Express,60449.73,1107.13,2026-09-03 07:17:36,Delivered
ORD_0001668,CUST_000212,2026-03-18 22:16:46,LOC_0001,LOC_0017,Standard,80172.29,1948.89,2026-02-25 07:43:09,Delivered
ORD_0001669,CUST_000566,2026-03-09 23:43:04,LOC_0002,LOC_0007,Express,34909.82,715.22,2026-02-07 03:19:59,Delivered
ORD_0001670,CUST_000670,2025-12-15 10:18:25,LOC_0040,LOC_0027,Express,8841.46,3594.75,2026-05-30 07:25:19,Delivered
ORD_0001671,CUST_000677,2026-06-04 15:02:17,LOC_0036,LOC_0004,Standard,83656.96,3240.31,2026-02-06 10:06:40,Delivered
ORD_0001672,CUST_000179,2025-11-14 14:53:35,LOC_0022,LOC_0048,Express,4448.08,534.32,2026-09-06 04:43:39,Delivered
ORD_0001673,CUST_000722,2026-04-25 01:37:00,LOC_0035,LOC_0036,Standard,7467.53,2226.82,2026-04-29 17:24:58,Delivered
ORD_0001674,CUST_000008,2026-08-24 04:27:35,LOC_0046,LOC_0038,Standard,6195.89,4444.46,2026-04-04 09:29:18,Delivered
ORD_0001675,CUST_000787,2026-02-14 14:08:59,LOC_0019,LOC_0043,Standard,4319.03,3682.79,2026-07-15 04:15:04,Delivered
ORD_0001676,CUST_000193,2026-03-09 12:33:40,LOC_0029,LOC_0038,Standard,26310.54,1658.13,2026-08-10 13:25:39,Cancelled
ORD_0001677,CUST_000107,2026-05-10 04:20:21,LOC_0006,LOC_0025,Standard,72229.37,4839.96,2025-10-03 00:39:39,Delivered
ORD_0001678,CUST_000796,2026-04-18 06:26:45,LOC_0014,LOC_0013,Express,32268.71,40.8,2026-02-25 19:43:56,Delivered
ORD_0001679,CUST_000601,2025-11-10 17:50:04,LOC_0040,LOC_0047,Standard,42398.65,1953.3,2025-12-30 10:40:21,Delivered
ORD_0001680,CUST_000866,2025-10-19 12:47:48,LOC_0039,LOC_0009,Standard,28246.4,1970.95,2026-04-03 03:22:00,Delivered
ORD_0001681,CUST_000693,2026-04-17 12:35:12,LOC_0023,LOC_0010,Standard,80216.02,4304.18,2026-04-20 04:10:49,Delivered
ORD_0001682,CUST_000249,2026-05-16 18:16:54,LOC_0004,LOC_0046,Urgent,844.15,1187.59,2026-09-20 21:25:05,Delivered
ORD_0001683,CUST_000259,2025-12-05 19:17:18,LOC_0020,LOC_0018,Urgent,34552.82,4528.32,2025-11-13 03:29:54,Delivered
ORD_0001684,CUST_000364,2026-05-13 19:00:42,LOC_0037,LOC_0007,Standard,62491.39,1248.93,2026-06-28 16:05:53,Delivered
ORD_0001685,CUST_000759,2026-08-28 17:18:03,LOC_0004,LOC_0030,Express,82137.69,1820.64,2026-08-13 08:40:49,Delivered
ORD_0001686,CUST_000388,2026-08-23 06:13:02,LOC_0031,LOC_0034,Same Day,26406.27,196.64,2026-01-29 03:03:16,Cancelled
ORD_0001687,CUST_000477,2026-06-06 22:34:01,LOC_0025,LOC_0007,Urgent,16834.29,3288.63,2026-09-08 12:02:35,Delivered
ORD_0001688,CUST_000729,2026-02-09 17:06:40,LOC_0033,LOC_0021,Standard,35043.62,2940.17,2026-01-21 11:59:20,Delivered
ORD_0001689,CUST_000953,2026-02-06 04:43:52,LOC_0044,LOC_0026,Standard,26995.99,3355.52,2026-02-03 16:12:39,Delivered
ORD_0001690,CUST_000252,2026-05-15 21:32:20,LOC_0018,LOC_0031,Standard,52245.62,4431.38,2026-04-11 05:53:50,Delivered
ORD_0001691,CUST_000153,2026-08-04 14:26:21,LOC_0003,LOC_0027,Standard,35829.17,1547.22,2025-11-15 21:30:14,Delivered
ORD_0001692,CUST_000612,2026-02-03 19:59:52,LOC_0006,LOC_0041,Standard,66891.27,4214.01,2025-11-30 14:11:34,Delivered
ORD_0001693,CUST_000243,2026-02-14 14:51:53,LOC_0042,LOC_0046,Standard,24437.45,2788.17,2026-06-05 20:30:22,Delivered
ORD_0001694,CUST_000053,2026-04-27 22:40:36,LOC_0009,LOC_0027,Express,42726.54,2437.47,2025-12-23 15:37:16,Delivered
ORD_0001695,CUST_000197,2025-12-08 18:00:10,LOC_0037,LOC_0047,Standard,35234.56,148.1,2026-05-24 17:41:41,Delivered
ORD_0001696,CUST_000971,2026-02-23 02:16:31,LOC_0028,LOC_0037,Standard,13146.83,2822.04,2025-10-11 05:22:50,Cancelled
ORD_0001697,CUST_000039,2025-11-11 12:21:15,LOC_0028,LOC_0042,Standard,6172.91,1705.12,2026-09-24 22:34:03,Delivered
ORD_0001698,CUST_000916,2026-07-20 19:42:56,LOC_0011,LOC_0008,Standard,55345.01,3429.96,2026-03-01 01:44:09,Delivered
ORD_0001699,CUST_000665,2025-12-06 23:03:48,LOC_0040,LOC_0010,Standard,2603.25,427.03,2025-11-17 09:47:30,Delivered
ORD_0001700,CUST_000456,2026-04-09 07:51:43,LOC_0048,LOC_0018,Standard,24673.08,2799.18,2025-12-14 06:26:06,Delivered
ORD_0001701,CUST_000710,2025-12-04 15:50:09,LOC_0043,LOC_0034,Express,81618.79,4904.29,2026-08-21 21:31:28,Delivered
ORD_0001702,CUST_000332,2026-06-26 15:02:55,LOC_0009,LOC_0048,Standard,71872.29,2085.95,2026-09-10 19:50:01,Delivered
ORD_0001703,CUST_000351,2026-05-01 06:06:07,LOC_0012,LOC_0024,Standard,59217.09,2347.43,2026-03-30 20:33:34,Delivered
ORD_0001704,CUST_000480,2025-11-29 02:56:34,LOC_0030,LOC_0004,Standard,43928.7,3034.11,2026-03-20 09:35:43,Delivered
ORD_0001705,CUST_000411,2025-10-01 03:39:36,LOC_0044,LOC_0047,Express,22229.81,2188.86,2025-10-31 00:20:39,Delivered
ORD_0001706,CUST_000556,2026-01-27 07:59:03,LOC_0033,LOC_0001,Standard,81932.24,2008.29,2026-08-08 10:59:47,Cancelled
ORD_0001707,CUST_000478,2025-11-21 12:05:56,LOC_0038,LOC_0034,Urgent,64801.92,4983.55,2025-12-15 12:13:30,Delivered
ORD_0001708,CUST_000619,2026-06-30 10:46:20,LOC_0006,LOC_0040,Express,44634.31,15.81,2026-05-07 11:01:25,Delivered
ORD_0001709,CUST_000479,2025-12-27 00:00:06,LOC_0042,LOC_0007,Urgent,24602.1,1426.34,2026-07-10 18:44:27,Delivered
ORD_0001710,CUST_000301,2026-05-10 06:17:40,LOC_0027,LOC_0006,Standard,8239.42,4632.01,2026-06-19 21:38:12,Delivered
ORD_0001711,CUST_000181,2026-07-23 19:24:37,LOC_0001,LOC_0024,Standard,48271.74,819.03,2025-10-21 14:47:11,Delivered
ORD_0001712,CUST_000923,2026-06-26 16:59:27,LOC_0031,LOC_0024,Express,23233.07,2304.64,2026-09-19 00:23:01,Delivered
ORD_0001713,CUST_000463,2026-06-21 21:46:11,LOC_0048,LOC_0020,Urgent,13288.9,3316.21,2026-01-09 19:12:50,Delivered
ORD_0001714,CUST_000798,2025-11-05 17:29:19,LOC_0047,LOC_0014,Standard,66993.44,4254.24,2026-03-24 09:05:13,Delivered
ORD_0001715,CUST_000809,2025-11-14 09:18:29,LOC_0028,LOC_0026,Express,51869.65,1897.84,2026-07-16 17:36:54,Delivered
ORD_0001716,CUST_000815,2026-03-01 11:42:02,LOC_0030,LOC_0020,Express,44521.54,3077.65,2026-05-22 11:42:59,Delivered
ORD_0001717,CUST_000516,2025-10-11 01:19:54,LOC_0026,LOC_0011,Express,38035.64,1329.14,2026-01-19 23:24:07,Delivered
ORD_0001718,CUST_000998,2026-06-29 22:29:58,LOC_0029,LOC_0048,Standard,8149.71,4814.06,2026-05-21 12:45:46,Delivered
ORD_0001719,CUST_000568,2026-05-12 16:18:59,LOC_0043,LOC_0047,Express,6953.62,1786.12,2026-02-05 04:38:56,Delivered
ORD_0001720,CUST_000710,2026-01-11 10:36:32,LOC_0035,LOC_0001,Express,12988.82,4292.41,2026-09-08 09:32:27,Delivered
ORD_0001721,CUST_000168,2026-07-06 14:08:08,LOC_0037,LOC_0034,Urgent,67397.37,4322.59,2026-09-05 06:31:43,Delivered
ORD_0001722,CUST_000287,2025-11-09 21:56:48,LOC_0029,LOC_0020,Standard,21448.11,2279.42,2026-03-02 04:06:33,Delivered
ORD_0001723,CUST_000512,2025-12-09 21:50:03,LOC_0022,LOC_0035,Urgent,12672.8,4161.23,2025-10-20 14:41:54,Delivered
ORD_0001724,CUST_000555,2026-07-22 05:06:25,LOC_0034,LOC_0030,Standard,43824.93,4417.62,2026-04-04 09:29:23,Delivered
ORD_0001725,CUST_000959,2026-05-22 11:07:20,LOC_0038,LOC_0045,Standard,775.56,1642.81,2025-12-25 17:32:16,Delivered
ORD_0001726,CUST_000529,2026-01-23 01:22:42,LOC_0039,LOC_0002,Standard,83094.86,1433.14,2025-11-16 20:12:14,Delivered
ORD_0001727,CUST_000420,2026-08-11 18:09:16,LOC_0036,LOC_0026,Express,20779.36,4481.5,2025-11-24 09:27:46,Delivered
ORD_0001728,CUST_000105,2025-10-21 04:07:11,LOC_0025,LOC_0003,Express,78561.37,1207.88,2025-11-21 19:01:42,Delivered
ORD_0001729,CUST_000424,2026-08-31 05:56:08,LOC_0041,LOC_0042,Standard,74381.54,2093.01,2025-12-04 13:29:42,Delivered
ORD_0001730,CUST_000571,2026-09-08 04:19:46,LOC_0032,LOC_0035,Express,35668.6,1596.11,2026-07-23 06:08:53,Delivered
ORD_0001731,CUST_000726,2025-12-08 00:04:57,LOC_0019,LOC_0006,Urgent,72706.47,3403.95,2026-04-22 12:54:07,Delivered
ORD_0001732,CUST_000948,2025-12-07 20:11:29,LOC_0021,LOC_0040,Standard,51683.39,3806.38,2026-01-18 07:43:42,Delivered
ORD_0001733,CUST_000082,2026-03-28 09:29:38,LOC_0043,LOC_0015,Express,46163.3,4335.5,2026-08-25 17:58:03,Delivered
ORD_0001734,CUST_000536,2025-11-22 12:46:44,LOC_0028,LOC_0019,Express,63788.14,2726.61,2025-11-20 04:57:17,Delivered
ORD_0001735,CUST_000030,2026-08-19 10:26:30,LOC_0047,LOC_0016,Standard,41323.4,2806.07,2025-12-01 07:09:37,Delivered
ORD_0001736,CUST_000273,2026-04-05 04:31:57,LOC_0041,LOC_0023,Urgent,81278.42,3521.76,2026-08-14 19:29:19,Delivered
ORD_0001737,CUST_000512,2026-07-01 17:13:43,LOC_0042,LOC_0046,Standard,18495.59,2654.64,2026-07-28 05:20:22,Delivered
ORD_0001738,CUST_000564,2026-07-24 01:56:38,LOC_0023,LOC_0029,Urgent,14291.84,1274.36,2026-09-24 19:57:10,Delivered
ORD_0001739,CUST_000718,2026-01-22 12:00:36,LOC_0044,LOC_0015,Express,83568.91,3246.9,2026-05-16 09:42:27,Delivered
ORD_0001740,CUST_000885,2026-09-04 23:25:30,LOC_0019,LOC_0026,Express,33537.32,3934.28,2026-09-04 14:01:54,Delivered
ORD_0001741,CUST_000442,2026-06-25 12:42:05,LOC_0032,LOC_0048,Standard,53194.17,354.62,2025-12-30 18:08:32,Delivered
ORD_0001742,CUST_000676,2026-06-20 18:06:31,LOC_0028,LOC_0011,Express,26930.4,4201.85,2026-01-02 23:51:37,Delivered
ORD_0001743,CUST_000212,2026-04-17 08:23:46,LOC_0004,LOC_0006,Urgent,73123.92,1226.21,2025-11-20 04:19:28,Delivered
ORD_0001744,CUST_000230,2025-10-30 00:59:36,LOC_0016,LOC_0023,Standard,75797.32,2741.48,2026-03-16 15:45:10,Delivered
ORD_0001745,CUST_000334,2026-03-28 14:29:14,LOC_0026,LOC_0030,Standard,41989.68,2558.45,2025-10-10 22:59:14,Delivered
ORD_0001746,CUST_000939,2026-05-10 00:37:54,LOC_0038,LOC_0043,Standard,29282.95,1717.61,2026-09-17 17:08:26,Delivered
ORD_0001747,CUST_000728,2026-01-19 19:15:43,LOC_0041,LOC_0006,Standard,74465.53,4785.43,2026-03-25 11:59:49,Delivered
ORD_0001748,CUST_000147,2026-07-22 12:42:37,LOC_0004,LOC_0030,Express,83015.68,821.8,2026-09-14 03:52:56,Delivered
ORD_0001749,CUST_000930,2026-08-03 06:03:02,LOC_0024,LOC_0032,Express,5573.57,1024.14,2026-01-25 13:18:27,Delivered
ORD_0001750,CUST_000526,2026-08-29 22:51:24,LOC_0047,LOC_0036,Standard,70004.15,1813.16,2025-11-27 06:35:36,Delivered
ORD_0001751,CUST_000755,2026-08-05 02:51:14,LOC_0045,LOC_0012,Standard,20235.11,3220.64,2026-05-18 19:45:56,Delivered
ORD_0001752,CUST_000736,2026-01-18 06:48:03,LOC_0043,LOC_0011,Standard,48511.47,3537.6,2026-02-19 01:09:40,Delivered
ORD_0001753,CUST_000333,2025-11-13 20:38:29,LOC_0020,LOC_0027,Standard,7848.15,4832.75,2025-10-06 01:13:31,Delivered
ORD_0001754,CUST_000207,2026-05-01 00:36:02,LOC_0014,LOC_0039,Express,15363.6,2309.48,2026-07-28 23:53:34,Delivered
ORD_0001755,CUST_000635,2026-05-18 13:52:45,LOC_0006,LOC_0045,Standard,19410.11,463.15,2026-07-06 11:31:19,Delivered
ORD_0001756,CUST_000729,2026-08-16 20:21:49,LOC_0005,LOC_0038,Express,30959.18,942.9,2026-02-28 06:08:08,Delivered
ORD_0001757,CUST_000402,2026-03-17 01:01:06,LOC_0036,LOC_0047,Express,81544.03,1169.06,2026-08-15 11:12:53,Delivered
ORD_0001758,CUST_000071,2026-05-28 19:10:38,LOC_0031,LOC_0006,Urgent,46793.82,2816.8,2025-10-06 14:16:36,Delivered
ORD_0001759,CUST_000245,2026-08-06 22:47:34,LOC_0047,LOC_0014,Standard,83825.68,1363.61,2026-08-03 20:13:57,Delivered
ORD_0001760,CUST_000354,2026-06-11 06:01:41,LOC_0004,LOC_0046,Standard,13470.42,3538.02,2026-04-14 12:59:48,Delivered
ORD_0001761,CUST_000983,2026-07-26 08:39:53,LOC_0042,LOC_0033,Standard,72559.61,3722.28,2026-07-13 09:42:12,Delivered
ORD_0001762,CUST_000389,2026-01-17 17:57:35,LOC_0014,LOC_0004,Standard,1654.63,2969.85,2026-03-16 22:46:09,Delivered
ORD_0001763,CUST_000785,2026-04-21 17:22:21,LOC_0016,LOC_0014,Standard,9634.02,3406.57,2026-06-27 21:33:37,Delivered
ORD_0001764,CUST_000187,2026-07-29 21:53:04,LOC_0014,LOC_0020,Urgent,34825.66,4447.98,2025-12-24 03:26:51,Delivered
ORD_0001765,CUST_000176,2026-04-22 09:04:05,LOC_0016,LOC_0030,Express,49321.55,934.15,2026-02-09 07:33:58,Delivered
ORD_0001766,CUST_000365,2025-10-09 22:27:38,LOC_0021,LOC_0008,Express,49181.15,2105.31,2025-12-23 17:35:08,Cancelled
ORD_0001767,CUST_000439,2026-05-07 03:11:31,LOC_0032,LOC_0035,Urgent,41823.8,1983.1,2026-05-07 01:33:23,Delivered
ORD_0001768,CUST_000450,2026-04-04 21:43:22,LOC_0024,LOC_0034,Standard,23608.22,2154.78,2026-02-01 10:04:33,Cancelled
ORD_0001769,CUST_000134,2026-04-05 08:42:04,LOC_0003,LOC_0026,Standard,75727.09,2876.29,2025-12-30 08:13:34,Delivered
ORD_0001770,CUST_000260,2026-02-24 22:16:05,LOC_0006,LOC_0024,Standard,26830.69,1072.45,2026-03-22 11:50:18,Delivered
ORD_0001771,CUST_000204,2026-02-06 21:48:57,LOC_0025,LOC_0005,Standard,63749.58,112.63,2025-11-06 13:09:50,Delivered
ORD_0001772,CUST_000994,2025-12-29 12:56:49,LOC_0016,LOC_0025,Express,80190.71,4854.84,2026-04-16 17:21:40,Delivered
ORD_0001773,CUST_000703,2025-10-04 02:05:44,LOC_0021,LOC_0018,Urgent,35167.94,2121.11,2026-02-09 12:45:56,Delivered
ORD_0001774,CUST_000509,2026-06-25 19:03:26,LOC_0010,LOC_0015,Standard,77149.7,3435.57,2026-04-23 18:36:52,Delivered
ORD_0001775,CUST_000238,2026-06-02 16:37:12,LOC_0035,LOC_0024,Express,49588.57,4188.99,2026-06-15 09:03:20,Delivered
ORD_0001776,CUST_000417,2026-01-09 11:18:04,LOC_0044,LOC_0024,Standard,35302.45,3466.48,2025-10-17 14:37:43,Delivered
ORD_0001777,CUST_000194,2026-05-10 04:04:53,LOC_0048,LOC_0031,Standard,35987.67,4052.73,2026-08-14 21:53:58,Delivered
ORD_0001778,CUST_000292,2026-07-15 18:15:47,LOC_0040,LOC_0048,Standard,12176.9,424.55,2026-03-02 15:49:04,Delivered
ORD_0001779,CUST_000991,2026-09-01 07:43:12,LOC_0001,LOC_0008,Same Day,84666.13,4654.35,2026-03-11 11:44:44,Delivered
ORD_0001780,CUST_000770,2026-05-02 13:18:22,LOC_0021,LOC_0038,Standard,69461.69,3558.57,2025-12-15 07:32:20,Delivered
ORD_0001781,CUST_000055,2026-05-30 13:52:59,LOC_0006,LOC_0029,Standard,9240.67,3416.07,2025-10-07 19:33:34,Delivered
ORD_0001782,CUST_000895,2026-07-01 16:15:01,LOC_0037,LOC_0020,Standard,72594.33,870.3,2026-05-10 01:26:24,Delivered
ORD_0001783,CUST_000909,2026-02-17 03:26:20,LOC_0035,LOC_0013,Standard,45696.95,2360.42,2026-06-09 08:56:02,Delivered
ORD_0001784,CUST_000388,2026-05-06 06:27:24,LOC_0018,LOC_0041,Same Day,70460.82,1709.57,2026-03-29 05:07:57,Delivered
ORD_0001785,CUST_000609,2026-03-11 09:43:01,LOC_0018,LOC_0005,Urgent,49244.48,581.74,2026-07-08 18:03:23,Delivered
ORD_0001786,CUST_000597,2026-07-25 16:34:14,LOC_0033,LOC_0016,Express,68120.65,863.96,2025-10-26 09:55:34,Delivered
ORD_0001787,CUST_000190,2026-07-10 08:59:15,LOC_0016,LOC_0032,Express,47783.48,4194.23,2026-07-10 01:25:46,Delivered
ORD_0001788,CUST_000177,2026-05-02 11:25:43,LOC_0022,LOC_0007,Standard,65640.58,4141.9,2025-12-03 05:43:35,Cancelled
ORD_0001789,CUST_000062,2026-07-06 20:18:48,LOC_0040,LOC_0027,Standard,13040.02,2153.03,2026-06-19 22:32:22,Delivered
ORD_0001790,CUST_000413,2026-06-22 20:13:14,LOC_0043,LOC_0034,Same Day,598.35,71.33,2025-11-23 08:46:48,Cancelled
ORD_0001791,CUST_000831,2026-07-04 18:37:57,LOC_0016,LOC_0032,Express,43773.79,3666.41,2026-04-22 23:13:55,Delivered
ORD_0001792,CUST_000771,2026-05-19 06:42:04,LOC_0046,LOC_0003,Same Day,20321.87,2524.03,2026-05-11 19:49:07,Delivered
ORD_0001793,CUST_000701,2026-01-13 02:54:48,LOC_0012,LOC_0040,Standard,67968.46,3366.64,2026-03-12 15:32:54,Delivered
ORD_0001794,CUST_000792,2026-05-12 21:09:41,LOC_0039,LOC_0033,Standard,50015.24,2493.06,2025-12-05 04:00:25,Delivered
ORD_0001795,CUST_000063,2026-08-24 20:52:58,LOC_0012,LOC_0028,Standard,19577.4,1085.1,2025-12-11 18:43:43,Delivered
ORD_0001796,CUST_000248,2026-08-15 02:34:09,LOC_0001,LOC_0040,Express,84409.24,3767.92,2026-09-22 07:37:04,Delivered
ORD_0001797,CUST_000663,2026-05-05 08:12:08,LOC_0010,LOC_0018,Standard,10823.5,1714.3,2026-04-01 10:33:34,Delivered
ORD_0001798,CUST_000901,2026-04-09 22:30:30,LOC_0014,LOC_0026,Urgent,79144.45,972.22,2026-07-09 14:12:01,Delivered
ORD_0001799,CUST_000792,2026-06-19 11:09:58,LOC_0034,LOC_0015,Standard,72735.79,1097.14,2026-04-02 09:40:47,Delivered
ORD_0001800,CUST_000845,2026-06-12 00:18:29,LOC_0047,LOC_0045,Urgent,59052.28,1562.35,2026-07-07 16:16:30,Delivered
ORD_0001801,CUST_000909,2026-01-17 17:54:59,LOC_0013,LOC_0044,Express,69003.96,1054.29,2025-11-20 20:36:57,Delivered
ORD_0001802,CUST_000013,2026-02-21 23:48:09,LOC_0018,LOC_0030,Standard,68180.0,3209.3,2025-12-27 05:14:02,Delivered
ORD_0001803,CUST_000669,2026-06-26 01:32:16,LOC_0041,LOC_0025,Standard,26455.29,3640.08,2026-01-27 05:32:26,Delivered
ORD_0001804,CUST_000031,2026-05-22 15:28:59,LOC_0021,LOC_0014,Standard,17249.51,4848.67,2026-07-06 22:57:16,Delivered
ORD_0001805,CUST_000651,2026-06-20 12:58:34,LOC_0037,LOC_0003,Express,51807.45,4568.7,2025-12-28 09:35:07,Delivered
ORD_0001806,CUST_000523,2026-06-22 02:13:45,LOC_0024,LOC_0038,Express,67919.83,3897.33,2026-08-19 16:29:27,Delivered
ORD_0001807,CUST_000537,2026-04-10 13:50:39,LOC_0026,LOC_0041,Express,39179.25,4952.35,2026-06-21 03:03:03,Delivered
ORD_0001808,CUST_000598,2026-01-29 04:46:18,LOC_0023,LOC_0047,Standard,20028.88,1676.08,2026-05-31 05:36:25,Delivered
ORD_0001809,CUST_000930,2026-01-08 12:27:35,LOC_0044,LOC_0029,Standard,35536.42,2983.66,2026-01-26 16:28:26,Delivered
ORD_0001810,CUST_000293,2026-04-18 02:03:48,LOC_0027,LOC_0024,Express,17263.65,2350.71,2026-03-19 23:15:25,Delivered
ORD_0001811,CUST_000963,2026-03-01 07:22:35,LOC_0014,LOC_0025,Standard,82716.27,1755.92,2026-06-20 22:11:40,Delivered
ORD_0001812,CUST_000463,2025-11-06 22:35:34,LOC_0018,LOC_0037,Express,56906.43,27.43,2025-12-26 08:49:26,Delivered
ORD_0001813,CUST_000024,2026-07-21 00:48:03,LOC_0048,LOC_0029,Same Day,35428.1,1522.43,2025-12-21 21:26:07,Delivered
ORD_0001814,CUST_000962,2025-10-09 15:46:28,LOC_0018,LOC_0006,Same Day,66992.38,3082.57,2026-04-07 06:27:54,Delivered
ORD_0001815,CUST_000573,2026-03-18 17:00:46,LOC_0007,LOC_0001,Standard,21365.15,1360.96,2026-01-22 02:49:52,Cancelled
ORD_0001816,CUST_000992,2026-07-03 23:28:48,LOC_0015,LOC_0035,Express,63384.92,3932.32,2026-03-22 17:17:31,Delivered
ORD_0001817,CUST_000090,2026-05-19 02:28:50,LOC_0036,LOC_0013,Standard,63042.68,2213.83,2026-03-24 11:52:30,Delivered
ORD_0001818,CUST_000621,2025-10-23 01:47:38,LOC_0026,LOC_0033,Express,33883.53,3735.04,2026-02-03 13:52:52,Delivered
ORD_0001819,CUST_000656,2026-05-19 15:59:31,LOC_0011,LOC_0017,Standard,30778.64,2642.89,2025-12-28 03:52:42,Delivered
ORD_0001820,CUST_000066,2026-02-25 21:43:14,LOC_0001,LOC_0034,Standard,26723.85,3110.25,2026-05-03 17:29:07,Delivered
ORD_0001821,CUST_000441,2025-11-14 14:42:53,LOC_0048,LOC_0038,Express,36499.47,932.94,2025-11-19 00:54:15,Delivered
ORD_0001822,CUST_000360,2026-06-05 17:47:01,LOC_0036,LOC_0027,Standard,6425.97,2816.02,2026-07-06 07:10:16,Delivered
ORD_0001823,CUST_000135,2026-01-30 12:14:11,LOC_0035,LOC_0027,Express,8985.25,1118.68,2026-07-07 04:08:54,Delivered
ORD_0001824,CUST_000532,2026-08-29 03:21:14,LOC_0001,LOC_0007,Urgent,72795.43,4053.61,2026-09-06 23:31:39,Delivered
ORD_0001825,CUST_000093,2026-08-01 06:41:08,LOC_0039,LOC_0019,Express,16529.04,2007.06,2026-05-27 19:49:57,Delivered
ORD_0001826,CUST_000608,2025-10-30 11:18:25,LOC_0015,LOC_0037,Standard,37096.91,3302.0,2026-03-14 05:18:03,Delivered
ORD_0001827,CUST_000167,2026-06-30 06:31:00,LOC_0036,LOC_0046,Urgent,1959.53,4592.21,2026-08-01 03:13:44,Delivered
ORD_0001828,CUST_000287,2026-08-10 13:59:37,LOC_0037,LOC_0023,Same Day,74144.58,4298.31,2025-12-05 15:31:37,Delivered
ORD_0001829,CUST_000535,2025-11-10 21:27:51,LOC_0036,LOC_0023,Standard,46206.16,1944.52,2026-03-02 07:38:52,Delivered
ORD_0001830,CUST_000398,2026-05-03 22:31:47,LOC_0038,LOC_0024,Standard,8384.05,552.62,2025-11-02 07:51:20,Delivered
ORD_0001831,CUST_000685,2025-12-15 15:12:04,LOC_0046,LOC_0042,Standard,71797.4,4630.97,2026-08-02 03:02:52,Delivered
ORD_0001832,CUST_000440,2026-06-13 05:26:19,LOC_0010,LOC_0015,Express,29301.29,2153.51,2025-11-15 10:57:36,Delivered
ORD_0001833,CUST_000415,2025-10-19 15:43:43,LOC_0036,LOC_0004,Standard,8025.04,706.63,2026-01-23 10:03:11,Delivered
ORD_0001834,CUST_000706,2026-04-28 19:00:45,LOC_0036,LOC_0001,Standard,34897.4,214.42,2026-01-09 21:49:59,Delivered
ORD_0001835,CUST_000280,2025-10-05 03:09:04,LOC_0028,LOC_0037,Standard,30277.54,4101.49,2026-02-08 00:24:00,Delivered
ORD_0001836,CUST_000468,2026-08-20 04:25:03,LOC_0017,LOC_0022,Standard,58319.72,3189.12,2026-03-06 13:36:33,Delivered
ORD_0001837,CUST_000682,2026-03-21 17:05:40,LOC_0040,LOC_0043,Standard,79077.62,4984.07,2025-10-10 11:34:10,Delivered
ORD_0001838,CUST_000900,2025-11-23 14:52:34,LOC_0039,LOC_0023,Standard,72889.51,1429.88,2025-12-19 16:49:05,Delivered
ORD_0001839,CUST_000597,2026-02-28 08:39:41,LOC_0001,LOC_0009,Same Day,51939.4,2231.06,2026-08-01 05:18:58,Delivered
ORD_0001840,CUST_000195,2026-06-02 19:50:32,LOC_0020,LOC_0039,Standard,34301.74,2742.86,2026-04-25 12:01:19,Cancelled
ORD_0001841,CUST_000388,2026-02-18 23:27:33,LOC_0011,LOC_0032,Standard,4286.04,316.4,2026-07-20 10:32:29,Delivered
ORD_0001842,CUST_000184,2026-02-02 07:39:35,LOC_0013,LOC_0022,Standard,70731.53,5.44,2025-11-30 17:17:32,Delivered
ORD_0001843,CUST_000979,2026-02-05 23:32:35,LOC_0004,LOC_0022,Standard,77242.28,4485.68,2026-07-29 22:08:04,Delivered
ORD_0001844,CUST_000628,2025-11-17 15:17:48,LOC_0040,LOC_0015,Express,11220.97,3589.71,2026-01-23 19:59:03,Delivered
ORD_0001845,CUST_000112,2026-08-03 10:57:15,LOC_0018,LOC_0045,Express,3116.87,4516.93,2026-06-09 14:00:20,Delivered
ORD_0001846,CUST_000606,2026-03-15 12:09:51,LOC_0035,LOC_0010,Urgent,13055.64,4640.0,2026-06-26 22:25:11,Delivered
ORD_0001847,CUST_000764,2026-02-26 08:01:29,LOC_0034,LOC_0006,Standard,4102.63,3405.97,2026-04-16 15:45:28,Delivered
ORD_0001848,CUST_000831,2026-09-03 21:13:51,LOC_0014,LOC_0044,Standard,82668.12,3881.96,2026-02-10 23:09:30,Delivered
ORD_0001849,CUST_000776,2025-12-18 07:48:44,LOC_0032,LOC_0041,Standard,16189.91,3197.69,2025-11-30 15:28:37,Delivered
ORD_0001850,CUST_000048,2026-04-01 20:16:01,LOC_0016,LOC_0017,Standard,45054.09,2554.9,2026-02-10 07:33:04,Delivered
ORD_0001851,CUST_000546,2026-03-23 03:25:38,LOC_0009,LOC_0035,Same Day,60222.0,4139.32,2026-05-01 11:02:27,Delivered
ORD_0001852,CUST_000734,2026-03-03 11:40:26,LOC_0025,LOC_0036,Express,66167.96,3547.32,2026-02-19 11:09:13,Delivered
ORD_0001853,CUST_000978,2026-01-19 18:37:05,LOC_0017,LOC_0015,Express,68545.26,409.93,2025-10-03 09:06:59,Delivered
ORD_0001854,CUST_000210,2026-08-27 06:04:49,LOC_0014,LOC_0005,Express,8669.86,614.16,2026-05-21 04:00:58,Delivered
ORD_0001855,CUST_000631,2025-12-27 12:35:45,LOC_0030,LOC_0002,Standard,17908.84,3166.64,2025-11-07 14:26:27,Delivered
ORD_0001856,CUST_000735,2026-04-17 09:10:16,LOC_0027,LOC_0041,Express,8301.06,4663.09,2025-10-30 04:10:20,Delivered
ORD_0001857,CUST_000262,2026-05-15 04:52:06,LOC_0014,LOC_0030,Same Day,11279.12,4515.31,2026-03-20 05:23:07,Delivered
ORD_0001858,CUST_000330,2025-11-15 08:07:00,LOC_0017,LOC_0036,Urgent,24991.29,1035.28,2025-10-18 06:20:27,Cancelled
ORD_0001859,CUST_000569,2025-12-25 12:59:58,LOC_0030,LOC_0020,Standard,22118.34,2296.29,2026-03-30 13:09:04,Delivered
ORD_0001860,CUST_000986,2025-12-09 22:21:29,LOC_0046,LOC_0009,Urgent,13568.36,4327.55,2025-12-04 01:27:15,Delivered
ORD_0001861,CUST_000426,2026-07-02 17:25:31,LOC_0035,LOC_0011,Express,37710.75,2134.46,2026-04-07 10:20:58,Delivered
ORD_0001862,CUST_000859,2026-03-03 20:37:23,LOC_0028,LOC_0037,Express,34494.04,3301.34,2025-12-07 08:05:55,Delivered
ORD_0001863,CUST_000211,2026-04-20 22:10:12,LOC_0022,LOC_0034,Express,84971.79,459.68,2026-08-13 17:46:01,Delivered
ORD_0001864,CUST_000030,2026-01-27 20:14:39,LOC_0025,LOC_0048,Standard,40539.46,3538.19,2026-01-03 08:11:29,Delivered
ORD_0001865,CUST_000421,2026-05-31 12:49:27,LOC_0047,LOC_0022,Standard,83721.29,2763.32,2026-05-17 07:14:23,Delivered
ORD_0001866,CUST_000944,2026-04-11 11:35:03,LOC_0007,LOC_0014,Urgent,58749.86,1683.6,2026-07-25 13:10:25,Delivered
ORD_0001867,CUST_000808,2026-05-19 22:59:20,LOC_0036,LOC_0028,Standard,8045.75,1285.68,2025-10-31 09:48:53,Delivered
ORD_0001868,CUST_000184,2026-04-08 22:39:44,LOC_0028,LOC_0032,Standard,51785.76,3398.53,2026-08-31 19:28:37,Delivered
ORD_0001869,CUST_000316,2026-05-28 20:03:10,LOC_0034,LOC_0001,Standard,35372.99,1257.07,2026-01-31 03:43:34,Delivered
ORD_0001870,CUST_000404,2025-10-07 20:20:00,LOC_0007,LOC_0025,Urgent,70256.32,3520.77,2026-07-30 13:04:30,Delivered
ORD_0001871,CUST_000230,2026-06-16 09:52:50,LOC_0034,LOC_0043,Standard,79812.23,1905.69,2026-09-27 13:50:14,Delivered
ORD_0001872,CUST_000470,2026-05-09 01:59:46,LOC_0012,LOC_0028,Standard,31243.92,3992.6,2026-01-29 19:25:09,Delivered
ORD_0001873,CUST_000373,2025-11-15 16:22:16,LOC_0024,LOC_0044,Express,74559.49,2335.59,2026-03-25 02:10:00,Delivered
ORD_0001874,CUST_000641,2026-02-09 19:34:24,LOC_0012,LOC_0047,Urgent,82161.8,2121.2,2026-08-23 22:18:09,Delivered
ORD_0001875,CUST_000690,2026-08-18 23:10:39,LOC_0039,LOC_0031,Urgent,83843.2,2395.29,2025-12-19 07:11:59,Delivered
ORD_0001876,CUST_000279,2026-03-14 10:11:14,LOC_0032,LOC_0004,Standard,33929.33,2464.99,2025-12-08 00:17:24,Delivered
ORD_0001877,CUST_000531,2026-03-21 12:57:26,LOC_0029,LOC_0042,Standard,69727.87,3165.8,2026-07-19 06:18:24,Delivered
ORD_0001878,CUST_000664,2025-12-05 12:43:59,LOC_0003,LOC_0046,Standard,31304.04,2214.53,2026-06-09 09:15:12,Delivered
ORD_0001879,CUST_000900,2026-02-13 08:04:26,LOC_0015,LOC_0042,Standard,20528.48,4024.04,2026-06-03 19:46:12,Delivered
ORD_0001880,CUST_000747,2026-03-07 17:43:43,LOC_0035,LOC_0024,Standard,61476.52,606.09,2026-09-27 22:42:16,Delivered
ORD_0001881,CUST_000487,2026-07-07 22:17:00,LOC_0015,LOC_0030,Standard,23723.68,1760.04,2025-12-23 08:57:24,Delivered
ORD_0001882,CUST_000418,2026-09-11 14:48:01,LOC_0024,LOC_0034,Urgent,49630.49,1031.47,2025-12-30 16:07:24,Delivered
ORD_0001883,CUST_000404,2025-12-15 23:34:47,LOC_0028,LOC_0048,Standard,80913.86,4517.34,2025-10-18 10:57:49,Delivered
ORD_0001884,CUST_000978,2026-04-08 15:26:03,LOC_0037,LOC_0019,Urgent,8002.58,896.84,2026-08-17 10:47:32,Delivered
ORD_0001885,CUST_000531,2025-12-31 07:40:52,LOC_0017,LOC_0038,Standard,40158.61,2592.81,2026-09-12 04:18:47,Delivered
ORD_0001886,CUST_000381,2026-02-11 05:11:22,LOC_0018,LOC_0046,Standard,29347.75,4729.29,2026-04-06 06:43:20,Delivered
ORD_0001887,CUST_000414,2026-06-29 08:10:50,LOC_0034,LOC_0031,Standard,41134.81,3183.27,2026-02-09 12:57:01,Delivered
ORD_0001888,CUST_000884,2026-05-17 02:20:11,LOC_0014,LOC_0037,Standard,21925.28,2991.91,2025-11-16 16:01:15,Delivered
ORD_0001889,CUST_000511,2026-04-08 15:51:39,LOC_0027,LOC_0033,Standard,43174.55,4896.1,2026-03-25 19:09:58,Delivered
ORD_0001890,CUST_000274,2026-01-25 16:37:01,LOC_0003,LOC_0032,Same Day,64834.23,3404.29,2025-10-15 21:03:43,Delivered
ORD_0001891,CUST_000474,2026-09-06 11:39:29,LOC_0014,LOC_0028,Standard,57824.24,4340.15,2026-09-04 15:36:05,Delivered
ORD_0001892,CUST_000568,2025-11-01 18:20:16,LOC_0033,LOC_0016,Express,83819.38,1230.03,2026-08-06 12:40:25,Delivered
ORD_0001893,CUST_000911,2025-10-09 22:43:42,LOC_0003,LOC_0036,Express,84705.56,2938.94,2026-05-08 19:38:02,Delivered
ORD_0001894,CUST_000731,2025-12-19 22:14:47,LOC_0022,LOC_0010,Express,10994.72,1809.29,2026-03-15 04:52:58,Delivered
ORD_0001895,CUST_000022,2025-10-01 21:26:13,LOC_0039,LOC_0011,Standard,34262.02,1325.16,2026-09-23 04:39:51,Cancelled
ORD_0001896,CUST_000282,2026-06-01 12:25:16,LOC_0004,LOC_0012,Standard,2676.38,731.56,2026-06-24 23:42:35,Delivered
ORD_0001897,CUST_000144,2025-10-22 04:26:14,LOC_0045,LOC_0003,Same Day,79362.19,633.32,2026-07-23 14:31:04,Delivered
ORD_0001898,CUST_000355,2026-08-16 20:51:28,LOC_0020,LOC_0034,Express,44119.35,2218.44,2026-01-22 16:05:03,Delivered
ORD_0001899,CUST_000338,2025-11-30 13:03:53,LOC_0041,LOC_0044,Standard,32166.18,425.06,2026-02-08 05:11:21,Delivered
ORD_0001900,CUST_000364,2026-07-28 05:42:12,LOC_0007,LOC_0033,Standard,55131.05,3428.43,2026-02-13 16:34:48,Delivered
ORD_0001901,CUST_000960,2026-01-26 10:42:19,LOC_0033,LOC_0008,Standard,70683.08,1643.07,2026-05-14 16:27:37,Delivered
ORD_0001902,CUST_000525,2026-04-16 20:55:14,LOC_0036,LOC_0019,Express,71928.42,3686.0,2026-05-17 22:27:44,Delivered
ORD_0001903,CUST_000455,2025-12-21 07:52:13,LOC_0027,LOC_0039,Standard,59461.49,3868.4,2026-02-21 23:34:40,Delivered
ORD_0001904,CUST_000458,2026-01-14 02:06:10,LOC_0029,LOC_0022,Standard,53530.97,4668.99,2026-01-27 10:25:40,Delivered
ORD_0001905,CUST_000872,2025-10-07 06:09:13,LOC_0019,LOC_0048,Urgent,50873.42,3079.24,2026-05-18 20:19:21,Delivered
ORD_0001906,CUST_000705,2026-03-15 05:31:22,LOC_0048,LOC_0027,Urgent,71940.68,529.4,2026-03-30 20:31:25,Delivered
ORD_0001907,CUST_000227,2025-10-08 17:31:23,LOC_0022,LOC_0002,Express,22766.37,3671.72,2025-12-06 12:05:37,Delivered
ORD_0001908,CUST_000825,2026-04-11 10:34:28,LOC_0005,LOC_0019,Standard,53533.47,1382.97,2026-08-16 06:55:00,Delivered
ORD_0001909,CUST_000810,2026-08-07 21:13:43,LOC_0019,LOC_0023,Express,70700.87,4618.31,2026-02-16 21:22:33,Delivered
ORD_0001910,CUST_000717,2026-08-08 16:55:16,LOC_0027,LOC_0033,Express,30592.26,40.88,2025-10-23 14:55:34,Delivered
ORD_0001911,CUST_000091,2026-05-13 12:54:59,LOC_0024,LOC_0022,Standard,13908.09,3129.48,2026-06-23 22:40:20,Delivered
ORD_0001912,CUST_000989,2026-04-19 16:19:49,LOC_0016,LOC_0005,Express,49151.19,4817.66,2026-06-18 14:17:07,Cancelled
ORD_0001913,CUST_000381,2025-12-02 11:11:46,LOC_0036,LOC_0013,Standard,71583.01,867.71,2026-05-23 19:24:26,Delivered
ORD_0001914,CUST_000585,2025-12-31 09:02:02,LOC_0028,LOC_0016,Express,706.09,3346.22,2026-04-14 06:28:41,Delivered
ORD_0001915,CUST_000541,2026-03-06 14:41:20,LOC_0020,LOC_0019,Standard,35332.09,2265.12,2026-03-26 08:21:08,Delivered
ORD_0001916,CUST_000095,2026-07-10 08:15:28,LOC_0012,LOC_0019,Express,25182.62,1391.91,2025-12-13 05:54:17,Delivered
ORD_0001917,CUST_000171,2026-04-19 22:12:04,LOC_0032,LOC_0039,Standard,50683.13,3256.72,2026-08-18 16:10:34,Delivered
ORD_0001918,CUST_000540,2026-08-04 16:19:40,LOC_0029,LOC_0043,Standard,32949.88,3050.08,2025-11-07 07:51:34,Delivered
ORD_0001919,CUST_000148,2026-07-22 09:53:08,LOC_0013,LOC_0040,Standard,32513.22,3970.04,2026-01-21 09:23:04,Delivered
ORD_0001920,CUST_000684,2026-07-31 03:34:52,LOC_0034,LOC_0005,Standard,15884.21,697.25,2026-09-16 21:14:50,Delivered
ORD_0001921,CUST_000054,2026-02-27 20:44:46,LOC_0015,LOC_0030,Standard,65863.95,268.06,2025-12-22 21:40:58,Delivered
ORD_0001922,CUST_000987,2026-02-27 04:18:18,LOC_0021,LOC_0032,Standard,67020.39,1640.63,2026-04-16 12:15:17,Delivered
ORD_0001923,CUST_000381,2026-08-26 15:30:19,LOC_0030,LOC_0033,Express,75425.51,1687.95,2026-03-01 12:19:58,Delivered
ORD_0001924,CUST_000271,2026-03-18 08:17:19,LOC_0014,LOC_0027,Standard,31566.01,538.64,2026-09-23 17:15:19,Delivered
ORD_0001925,CUST_000702,2026-01-05 13:31:21,LOC_0033,LOC_0028,Standard,73631.27,688.17,2026-03-24 16:59:53,Delivered
ORD_0001926,CUST_000349,2025-10-19 22:20:09,LOC_0027,LOC_0024,Standard,74785.98,2737.56,2026-06-03 12:11:47,Delivered
ORD_0001927,CUST_000921,2026-07-05 23:14:56,LOC_0028,LOC_0027,Same Day,41902.34,2956.04,2026-07-03 17:48:48,Delivered
ORD_0001928,CUST_000762,2026-05-22 21:06:49,LOC_0033,LOC_0040,Express,3724.55,757.2,2025-11-01 17:47:56,Delivered
ORD_0001929,CUST_000022,2025-11-13 13:17:13,LOC_0022,LOC_0009,Standard,52587.6,2147.21,2026-04-05 03:47:15,Delivered
ORD_0001930,CUST_000491,2026-07-19 08:52:10,LOC_0047,LOC_0048,Standard,36675.02,56.18,2026-07-09 02:40:46,Delivered
ORD_0001931,CUST_000959,2026-01-18 17:06:14,LOC_0013,LOC_0030,Standard,82163.05,776.68,2025-11-15 01:21:07,Delivered
ORD_0001932,CUST_000360,2026-02-09 14:10:31,LOC_0026,LOC_0003,Standard,76915.73,4840.17,2025-12-09 23:16:34,Delivered
ORD_0001933,CUST_000963,2026-03-26 05:30:46,LOC_0009,LOC_0004,Standard,40474.36,289.1,2026-06-22 02:41:00,Delivered
ORD_0001934,CUST_000564,2025-12-08 16:57:15,LOC_0032,LOC_0003,Express,81360.8,3863.46,2026-03-17 09:56:17,Delivered
ORD_0001935,CUST_000374,2026-02-21 13:27:54,LOC_0013,LOC_0037,Standard,20048.77,3148.96,2026-08-12 22:14:24,Delivered
ORD_0001936,CUST_000058,2025-11-27 02:01:57,LOC_0029,LOC_0038,Standard,60179.28,1137.56,2026-01-27 16:06:53,Delivered
ORD_0001937,CUST_000339,2026-06-11 00:41:07,LOC_0048,LOC_0008,Standard,26237.62,4281.26,2026-05-14 07:39:49,Delivered
ORD_0001938,CUST_000227,2026-07-24 08:00:34,LOC_0013,LOC_0019,Express,19450.85,2084.4,2026-03-02 22:28:32,Delivered
ORD_0001939,CUST_000003,2026-03-24 00:11:11,LOC_0037,LOC_0035,Standard,84227.15,1167.97,2026-09-18 10:28:26,Delivered
ORD_0001940,CUST_000114,2026-08-09 06:31:55,LOC_0012,LOC_0022,Express,47127.05,3400.45,2026-07-02 02:56:32,Delivered
ORD_0001941,CUST_000553,2026-05-23 07:59:47,LOC_0024,LOC_0025,Standard,38056.01,185.98,2026-04-26 08:59:39,Delivered
ORD_0001942,CUST_000703,2026-05-01 13:00:40,LOC_0023,LOC_0047,Urgent,65941.19,3033.66,2026-02-20 16:55:33,Delivered
ORD_0001943,CUST_000512,2026-07-01 03:08:24,LOC_0002,LOC_0034,Express,25848.1,1929.76,2026-05-24 14:33:19,Delivered
ORD_0001944,CUST_000479,2026-01-09 23:46:22,LOC_0002,LOC_0043,Urgent,73592.87,35.52,2026-04-13 16:54:33,Delivered
ORD_0001945,CUST_000187,2026-08-19 01:25:40,LOC_0029,LOC_0008,Express,2702.86,645.09,2026-05-15 19:31:42,Delivered
ORD_0001946,CUST_000758,2026-06-09 19:51:40,LOC_0008,LOC_0002,Urgent,37342.45,18.13,2026-05-25 04:18:09,Delivered
ORD_0001947,CUST_000202,2026-08-08 05:06:57,LOC_0009,LOC_0032,Standard,2538.41,4645.48,2026-06-28 11:57:52,Delivered
ORD_0001948,CUST_000688,2026-05-07 08:33:34,LOC_0038,LOC_0030,Express,74939.54,504.58,2025-11-24 15:49:08,Delivered
ORD_0001949,CUST_000651,2026-08-14 02:30:09,LOC_0021,LOC_0039,Standard,58454.05,4952.46,2026-02-22 08:10:15,Delivered
ORD_0001950,CUST_000583,2026-02-14 05:35:16,LOC_0048,LOC_0043,Express,66615.82,3049.84,2026-03-30 20:19:52,Delivered
ORD_0001951,CUST_000427,2026-07-09 23:00:29,LOC_0041,LOC_0031,Standard,11545.65,566.8,2025-12-16 05:49:26,Delivered
ORD_0001952,CUST_000951,2026-02-22 10:36:25,LOC_0040,LOC_0043,Urgent,26432.62,2686.16,2026-06-22 23:11:14,Delivered
ORD_0001953,CUST_000627,2026-02-25 19:30:35,LOC_0013,LOC_0004,Standard,54614.82,617.2,2026-06-30 18:49:24,Delivered
ORD_0001954,CUST_000245,2025-10-16 00:36:08,LOC_0044,LOC_0003,Express,47407.05,2784.94,2025-12-24 23:17:38,Delivered
ORD_0001955,CUST_000338,2026-05-01 19:12:12,LOC_0022,LOC_0012,Express,51049.84,1385.28,2026-03-15 07:35:47,Cancelled
ORD_0001956,CUST_000162,2025-12-29 06:16:29,LOC_0026,LOC_0038,Express,63537.73,612.86,2026-08-31 16:12:59,Delivered
ORD_0001957,CUST_000442,2026-03-20 06:44:35,LOC_0022,LOC_0001,Standard,58438.28,4055.96,2026-08-07 00:04:45,Delivered
ORD_0001958,CUST_000743,2025-12-21 20:28:46,LOC_0031,LOC_0037,Standard,77786.09,3347.25,2025-11-03 16:29:32,Delivered
ORD_0001959,CUST_000361,2025-10-14 02:18:53,LOC_0003,LOC_0038,Urgent,4738.84,1359.83,2025-11-26 19:36:51,Delivered
ORD_0001960,CUST_000627,2026-03-28 12:39:56,LOC_0017,LOC_0013,Express,32404.45,4134.26,2025-12-18 08:35:09,Cancelled
ORD_0001961,CUST_000587,2025-10-24 02:49:28,LOC_0018,LOC_0015,Urgent,23533.52,4009.72,2026-07-28 23:03:02,Delivered
ORD_0001962,CUST_000198,2026-04-22 08:48:45,LOC_0023,LOC_0018,Express,81427.68,535.81,2026-08-24 16:25:19,Delivered
ORD_0001963,CUST_000220,2026-01-27 17:58:29,LOC_0010,LOC_0041,Standard,81049.07,1052.27,2026-05-20 08:07:34,Delivered
ORD_0001964,CUST_000307,2026-08-23 11:23:05,LOC_0030,LOC_0024,Standard,83113.95,2061.36,2026-03-05 14:49:40,Delivered
ORD_0001965,CUST_000427,2026-08-04 15:10:58,LOC_0011,LOC_0001,Standard,19978.51,3545.83,2026-09-22 08:44:43,Delivered
ORD_0001966,CUST_000881,2026-08-07 21:23:52,LOC_0006,LOC_0029,Express,33025.84,4565.52,2026-01-05 11:42:45,Delivered
ORD_0001967,CUST_000816,2026-02-16 11:19:02,LOC_0016,LOC_0037,Urgent,37806.49,4976.07,2026-04-25 21:16:48,Delivered
ORD_0001968,CUST_000001,2026-05-24 12:34:35,LOC_0011,LOC_0019,Standard,6193.19,2573.95,2026-06-05 17:52:08,Delivered
ORD_0001969,CUST_000224,2026-05-20 14:31:34,LOC_0044,LOC_0013,Standard,1542.14,2590.41,2026-03-22 12:32:17,Delivered
ORD_0001970,CUST_000383,2026-01-26 17:06:09,LOC_0047,LOC_0031,Standard,28316.84,3689.15,2026-05-04 08:05:11,Delivered
ORD_0001971,CUST_000597,2026-08-13 09:05:28,LOC_0039,LOC_0018,Standard,1077.97,422.29,2026-04-18 22:31:59,Delivered
ORD_0001972,CUST_000173,2025-11-11 14:45:42,LOC_0027,LOC_0021,Standard,14213.5,3553.59,2025-12-01 16:27:12,Delivered
ORD_0001973,CUST_000447,2025-10-29 10:08:26,LOC_0040,LOC_0033,Same Day,31256.91,1487.88,2026-04-19 06:55:34,Delivered
ORD_0001974,CUST_000335,2026-01-30 08:07:50,LOC_0039,LOC_0007,Standard,59130.21,2884.42,2026-09-23 13:39:54,Delivered
ORD_0001975,CUST_000323,2025-12-31 05:28:39,LOC_0009,LOC_0014,Standard,45590.91,855.79,2025-11-12 07:02:48,Delivered
ORD_0001976,CUST_000944,2026-07-30 16:55:10,LOC_0017,LOC_0026,Urgent,7401.38,1215.0,2025-12-08 04:05:39,Delivered
ORD_0001977,CUST_000452,2025-12-16 12:02:30,LOC_0003,LOC_0029,Standard,11875.01,4593.74,2026-04-04 21:14:38,Delivered
ORD_0001978,CUST_000437,2026-09-01 15:20:19,LOC_0046,LOC_0026,Standard,46052.32,4382.81,2026-09-22 17:14:14,Delivered
ORD_0001979,CUST_000705,2025-10-29 00:15:29,LOC_0004,LOC_0002,Urgent,75068.69,1853.11,2026-01-03 02:14:04,Delivered
ORD_0001980,CUST_000818,2026-07-16 22:48:32,LOC_0030,LOC_0009,Standard,24949.2,325.53,2026-02-13 23:50:57,Delivered
ORD_0001981,CUST_000742,2026-08-09 06:00:59,LOC_0046,LOC_0015,Express,19050.32,3288.51,2026-05-16 20:43:52,Delivered
ORD_0001982,CUST_000642,2025-10-16 01:46:38,LOC_0011,LOC_0030,Express,40899.79,4919.03,2026-05-03 09:28:40,Delivered
ORD_0001983,CUST_000617,2025-12-12 07:13:23,LOC_0024,LOC_0038,Standard,36529.24,2893.83,2026-01-04 10:28:55,Delivered
ORD_0001984,CUST_000835,2026-07-28 08:41:56,LOC_0031,LOC_0042,Standard,61611.6,2758.79,2025-10-04 23:53:17,Delivered
ORD_0001985,CUST_000355,2026-05-01 00:18:52,LOC_0030,LOC_0025,Standard,11083.27,355.32,2026-04-16 16:15:12,Delivered
ORD_0001986,CUST_000758,2025-12-15 19:39:03,LOC_0023,LOC_0018,Standard,49738.06,1684.56,2026-07-20 10:17:56,Delivered
ORD_0001987,CUST_000424,2025-10-10 16:56:51,LOC_0014,LOC_0043,Standard,59987.94,4583.82,2026-06-29 02:01:14,Delivered
ORD_0001988,CUST_000235,2025-10-25 20:13:43,LOC_0026,LOC_0023,Express,28822.26,154.13,2026-07-13 22:27:28,Delivered
ORD_0001989,CUST_000864,2026-08-17 10:52:52,LOC_0033,LOC_0030,Same Day,60441.77,4417.83,2026-09-04 05:55:05,Delivered
ORD_0001990,CUST_000895,2026-06-19 16:32:10,LOC_0034,LOC_0040,Express,30354.25,4303.88,2026-06-13 14:03:43,Delivered
ORD_0001991,CUST_000768,2025-11-03 16:41:03,LOC_0021,LOC_0038,Standard,75801.99,1088.85,2026-03-18 00:47:54,Delivered
ORD_0001992,CUST_000166,2026-01-09 09:22:58,LOC_0016,LOC_0004,Standard,66534.18,2908.16,2026-08-16 01:46:23,Delivered
ORD_0001993,CUST_000561,2026-01-26 22:04:41,LOC_0024,LOC_0046,Express,11399.59,2505.0,2025-11-08 01:23:43,Delivered
ORD_0001994,CUST_000065,2026-07-22 14:23:45,LOC_0028,LOC_0041,Standard,67469.68,959.42,2026-05-06 01:16:11,Delivered
ORD_0001995,CUST_000660,2025-10-17 11:51:16,LOC_0020,LOC_0043,Standard,26423.49,650.29,2026-04-14 21:00:53,Delivered
ORD_0001996,CUST_000114,2025-11-21 08:34:27,LOC_0013,LOC_0008,Standard,63469.29,2856.98,2026-01-02 16:43:23,Delivered
ORD_0001997,CUST_000882,2026-04-21 15:41:30,LOC_0045,LOC_0030,Express,67669.97,385.62,2025-11-22 20:49:38,Delivered
ORD_0001998,CUST_000843,2026-04-12 20:43:54,LOC_0030,LOC_0032,Standard,31855.02,319.71,2026-03-17 04:28:39,Delivered
ORD_0001999,CUST_000630,2026-01-15 09:48:20,LOC_0030,LOC_0042,Express,43314.36,1125.67,2026-06-07 13:19:14,Delivered
ORD_0002000,CUST_000087,2026-09-14 17:08:21,LOC_0042,LOC_0048,Standard,24206.42,2693.68,2026-08-06 04:23:26,Delivered
ORD_0002001,CUST_000649,2026-05-09 12:22:48,LOC_0007,LOC_0023,Standard,28507.66,965.14,2026-09-08 17:58:54,Delivered
ORD_0002002,CUST_000923,2026-05-07 12:01:58,LOC_0018,LOC_0020,Standard,15938.17,407.59,2026-05-24 04:18:34,Delivered
ORD_0002003,CUST_000144,2026-06-12 16:37:18,LOC_0004,LOC_0048,Same Day,30507.26,2294.26,2026-04-02 05:17:51,Delivered
ORD_0002004,CUST_000690,2026-04-19 02:18:19,LOC_0021,LOC_0018,Urgent,38539.84,4695.44,2026-01-18 22:38:32,Delivered
ORD_0002005,CUST_000822,2026-07-23 16:28:20,LOC_0038,LOC_0011,Express,82883.66,3995.69,2026-06-10 23:31:45,Delivered
ORD_0002006,CUST_000775,2026-03-05 23:19:34,LOC_0040,LOC_0020,Express,11045.2,870.59,2026-04-13 23:50:02,Delivered
ORD_0002007,CUST_000966,2026-01-14 19:55:27,LOC_0002,LOC_0045,Express,7413.68,2093.36,2026-01-31 20:22:48,Delivered
ORD_0002008,CUST_000265,2026-03-29 12:39:26,LOC_0037,LOC_0036,Standard,1824.25,589.12,2026-03-14 02:05:28,Delivered
ORD_0002009,CUST_000230,2026-05-08 13:42:03,LOC_0002,LOC_0030,Standard,56219.89,3863.84,2026-01-05 14:55:11,Cancelled
ORD_0002010,CUST_000696,2025-11-08 21:46:47,LOC_0004,LOC_0014,Express,81662.78,2568.11,2026-06-07 07:12:47,Delivered
ORD_0002011,CUST_000165,2025-12-14 01:45:10,LOC_0019,LOC_0030,Standard,9396.34,4674.61,2025-10-11 16:01:31,Delivered
ORD_0002012,CUST_000706,2026-09-14 05:05:59,LOC_0025,LOC_0024,Standard,39684.04,2974.2,2025-11-09 12:09:02,Delivered
ORD_0002013,CUST_000864,2026-08-04 23:34:49,LOC_0010,LOC_0023,Standard,25513.52,4862.58,2026-09-12 18:47:37,Cancelled
ORD_0002014,CUST_000897,2025-10-26 10:55:03,LOC_0042,LOC_0043,Standard,28939.08,547.89,2025-12-03 11:52:12,Delivered
ORD_0002015,CUST_000412,2026-06-19 17:56:46,LOC_0042,LOC_0038,Standard,74111.6,884.33,2025-12-21 03:13:01,Delivered
ORD_0002016,CUST_000836,2026-03-08 14:56:14,LOC_0013,LOC_0036,Express,36363.5,620.22,2026-01-13 22:01:49,Delivered
ORD_0002017,CUST_000424,2026-07-28 05:27:32,LOC_0045,LOC_0006,Standard,27082.31,2194.06,2026-04-29 15:01:18,Cancelled
ORD_0002018,CUST_000657,2026-06-12 18:17:02,LOC_0040,LOC_0024,Standard,52217.45,4085.5,2025-10-28 00:33:29,Delivered
ORD_0002019,CUST_000846,2026-09-05 19:23:11,LOC_0023,LOC_0033,Express,62760.42,3143.65,2025-10-24 09:30:46,Delivered
ORD_0002020,CUST_000510,2026-08-10 13:18:33,LOC_0046,LOC_0043,Standard,75851.19,4106.75,2026-04-19 20:37:11,Delivered
ORD_0002021,CUST_000505,2026-05-16 17:29:21,LOC_0032,LOC_0031,Standard,48284.22,1324.19,2026-01-08 23:07:04,Delivered
ORD_0002022,CUST_000524,2026-08-09 18:02:10,LOC_0009,LOC_0025,Standard,63174.97,2288.46,2026-01-26 20:38:05,Delivered
ORD_0002023,CUST_000925,2026-09-09 17:07:55,LOC_0042,LOC_0019,Urgent,9007.11,608.17,2026-06-14 04:16:02,Delivered
ORD_0002024,CUST_000446,2026-08-12 20:53:56,LOC_0003,LOC_0006,Standard,84293.78,4272.46,2026-07-23 10:36:02,Delivered
ORD_0002025,CUST_000140,2026-03-02 18:03:08,LOC_0024,LOC_0043,Express,25566.82,623.63,2026-09-15 02:33:54,Delivered
ORD_0002026,CUST_000796,2026-01-12 12:09:02,LOC_0038,LOC_0020,Express,79458.66,1294.77,2026-01-07 14:06:47,Delivered
ORD_0002027,CUST_000872,2026-01-27 14:19:15,LOC_0032,LOC_0038,Standard,22686.61,4632.43,2026-09-22 12:22:14,Delivered
ORD_0002028,CUST_000178,2026-08-31 20:45:12,LOC_0029,LOC_0047,Express,74359.92,3405.91,2025-12-17 01:39:27,Delivered
ORD_0002029,CUST_000287,2026-04-03 10:12:05,LOC_0002,LOC_0011,Express,73381.0,4571.3,2025-12-23 23:33:19,Delivered
ORD_0002030,CUST_000946,2025-10-31 12:01:37,LOC_0025,LOC_0022,Standard,47180.46,1158.57,2026-06-17 15:53:34,Cancelled
ORD_0002031,CUST_000824,2026-06-04 19:25:04,LOC_0009,LOC_0035,Express,65982.85,1461.18,2026-07-08 07:46:34,Delivered
ORD_0002032,CUST_000431,2025-12-23 22:15:09,LOC_0032,LOC_0031,Standard,18261.54,3496.66,2026-08-07 06:09:04,Delivered
ORD_0002033,CUST_000623,2025-11-23 05:16:15,LOC_0027,LOC_0048,Standard,29628.21,207.24,2026-05-16 16:16:57,Delivered
ORD_0002034,CUST_000977,2026-08-19 11:52:35,LOC_0045,LOC_0034,Same Day,67026.63,4856.31,2026-03-01 05:22:34,Delivered
ORD_0002035,CUST_000005,2026-05-09 08:48:24,LOC_0036,LOC_0037,Standard,19257.42,3327.0,2026-05-09 05:33:27,Cancelled
ORD_0002036,CUST_000871,2025-11-02 21:37:39,LOC_0015,LOC_0007,Express,75627.96,1377.24,2025-11-22 01:12:51,Delivered
ORD_0002037,CUST_000622,2025-10-23 11:26:04,LOC_0041,LOC_0045,Standard,61017.36,3.29,2025-10-14 15:00:43,Delivered
ORD_0002038,CUST_000599,2026-07-27 14:58:53,LOC_0018,LOC_0023,Standard,59622.65,2852.03,2025-12-11 17:35:03,Delivered
ORD_0002039,CUST_000476,2025-10-05 23:42:36,LOC_0023,LOC_0008,Standard,2997.49,838.41,2026-03-31 01:35:56,Delivered
ORD_0002040,CUST_000069,2025-10-09 23:19:21,LOC_0030,LOC_0022,Standard,24132.61,4734.19,2025-10-07 11:50:04,Delivered
ORD_0002041,CUST_000333,2025-11-07 07:14:26,LOC_0022,LOC_0044,Standard,50160.73,2876.05,2026-05-02 11:22:38,Delivered
ORD_0002042,CUST_000694,2025-11-18 03:02:41,LOC_0026,LOC_0009,Standard,29155.36,2701.8,2026-03-25 03:51:42,Delivered
ORD_0002043,CUST_000936,2026-01-09 22:11:38,LOC_0003,LOC_0044,Standard,9460.85,4383.96,2026-06-28 17:13:51,Delivered
ORD_0002044,CUST_000771,2026-09-06 05:48:19,LOC_0025,LOC_0029,Same Day,76077.37,2799.6,2026-01-08 11:34:30,Delivered
ORD_0002045,CUST_000770,2026-03-16 04:04:41,LOC_0006,LOC_0004,Express,39178.21,757.88,2026-03-04 04:19:31,Delivered
ORD_0002046,CUST_000325,2026-08-24 05:32:16,LOC_0014,LOC_0030,Standard,24053.5,1065.38,2026-04-04 18:29:44,Delivered
ORD_0002047,CUST_000253,2025-12-17 16:01:55,LOC_0029,LOC_0035,Standard,3818.95,3142.07,2025-10-09 08:49:45,Delivered
ORD_0002048,CUST_000922,2025-12-25 07:22:07,LOC_0045,LOC_0038,Express,65856.99,4702.49,2025-11-26 05:13:08,Delivered
ORD_0002049,CUST_000373,2026-07-30 17:34:21,LOC_0025,LOC_0031,Same Day,21554.7,136.27,2025-12-12 16:34:41,Delivered
ORD_0002050,CUST_000186,2026-09-05 15:20:47,LOC_0022,LOC_0025,Standard,66788.6,4270.66,2026-02-27 16:17:21,Delivered
ORD_0002051,CUST_000211,2026-06-04 23:32:04,LOC_0002,LOC_0013,Urgent,77413.19,1230.96,2026-09-17 02:21:31,Delivered
ORD_0002052,CUST_000632,2026-07-13 14:53:24,LOC_0044,LOC_0039,Standard,37780.61,4826.46,2026-09-02 16:50:08,Delivered
ORD_0002053,CUST_000807,2026-09-02 14:51:29,LOC_0016,LOC_0029,Same Day,62460.1,398.57,2025-10-13 10:44:37,Delivered
ORD_0002054,CUST_000245,2026-07-02 13:18:19,LOC_0033,LOC_0045,Standard,77103.08,4460.39,2026-03-31 08:56:26,Delivered
ORD_0002055,CUST_000125,2026-04-08 13:34:05,LOC_0034,LOC_0010,Express,26492.72,1371.72,2026-01-23 09:38:18,Delivered
ORD_0002056,CUST_000482,2025-11-22 14:21:13,LOC_0012,LOC_0027,Express,15036.13,3165.7,2025-12-21 11:32:07,Delivered
ORD_0002057,CUST_000473,2026-01-14 16:58:08,LOC_0045,LOC_0008,Urgent,59315.39,1448.76,2025-12-23 19:00:38,Cancelled
ORD_0002058,CUST_000815,2026-06-10 00:59:30,LOC_0031,LOC_0005,Urgent,9834.12,4753.17,2026-02-20 04:26:59,Delivered
ORD_0002059,CUST_000914,2026-08-02 05:59:17,LOC_0007,LOC_0026,Urgent,37694.47,2004.56,2026-06-25 00:05:08,Delivered
ORD_0002060,CUST_000882,2026-02-10 11:20:12,LOC_0017,LOC_0031,Standard,1211.54,3356.73,2026-03-06 01:24:03,Delivered
ORD_0002061,CUST_000373,2026-04-13 07:42:47,LOC_0004,LOC_0019,Express,45219.07,2967.24,2026-05-12 13:46:30,Delivered
ORD_0002062,CUST_000704,2026-04-26 21:17:20,LOC_0045,LOC_0036,Express,51818.9,2975.37,2026-02-20 23:12:25,Delivered
ORD_0002063,CUST_000820,2025-12-02 15:31:05,LOC_0031,LOC_0009,Standard,17583.3,189.04,2026-01-29 20:07:16,Delivered
ORD_0002064,CUST_000841,2026-06-17 07:06:20,LOC_0016,LOC_0002,Standard,68182.08,2542.53,2026-09-16 08:36:25,Delivered
ORD_0002065,CUST_000714,2026-05-25 00:08:03,LOC_0019,LOC_0023,Express,6822.27,965.9,2025-11-30 09:15:06,Delivered
ORD_0002066,CUST_000901,2026-02-13 05:16:35,LOC_0035,LOC_0013,Standard,8019.85,1209.2,2026-06-13 04:39:11,Cancelled
ORD_0002067,CUST_000209,2026-01-05 20:45:10,LOC_0035,LOC_0046,Express,63414.45,2187.94,2026-08-11 01:31:57,Delivered
ORD_0002068,CUST_000768,2026-05-22 17:33:25,LOC_0038,LOC_0008,Urgent,11392.82,4303.84,2026-07-30 10:36:24,Delivered
ORD_0002069,CUST_000550,2026-03-27 08:21:12,LOC_0019,LOC_0009,Standard,10379.96,4830.58,2026-03-20 02:45:48,Delivered
ORD_0002070,CUST_000953,2026-07-07 09:06:56,LOC_0032,LOC_0005,Express,84730.28,1565.41,2026-05-26 04:17:23,Delivered
ORD_0002071,CUST_000132,2026-08-05 23:27:38,LOC_0008,LOC_0024,Standard,23654.37,1760.51,2026-06-07 20:09:21,Delivered
ORD_0002072,CUST_000345,2025-10-14 19:22:22,LOC_0028,LOC_0027,Express,18425.63,3391.21,2025-12-25 01:16:24,Delivered
ORD_0002073,CUST_000978,2026-07-21 12:34:14,LOC_0018,LOC_0001,Standard,26979.7,4275.92,2026-01-02 09:25:48,Delivered
ORD_0002074,CUST_000195,2026-07-14 01:27:42,LOC_0023,LOC_0004,Standard,81177.46,3002.04,2026-04-10 07:58:06,Delivered
ORD_0002075,CUST_000477,2026-05-29 07:48:26,LOC_0002,LOC_0009,Standard,67063.59,432.02,2026-01-14 04:05:10,Delivered
ORD_0002076,CUST_000962,2026-03-20 20:20:29,LOC_0009,LOC_0032,Express,37355.96,1717.05,2026-04-04 18:20:38,Delivered
ORD_0002077,CUST_000949,2026-02-09 12:37:10,LOC_0007,LOC_0019,Urgent,33424.06,2141.1,2026-04-01 20:17:27,Delivered
ORD_0002078,CUST_000725,2026-08-19 04:20:01,LOC_0004,LOC_0009,Standard,8799.75,4423.74,2025-10-29 22:17:57,Delivered
ORD_0002079,CUST_000996,2025-12-13 00:32:09,LOC_0040,LOC_0042,Standard,24837.82,2233.42,2026-09-11 11:46:51,Delivered
ORD_0002080,CUST_000461,2026-06-28 06:15:43,LOC_0008,LOC_0045,Standard,29790.86,1213.62,2026-05-25 00:51:41,Delivered
ORD_0002081,CUST_000963,2026-06-19 00:01:47,LOC_0044,LOC_0012,Standard,33589.89,3267.92,2025-12-12 07:16:23,Delivered
ORD_0002082,CUST_000274,2026-05-17 02:14:28,LOC_0019,LOC_0017,Urgent,48109.59,3972.32,2025-12-21 22:14:42,Delivered
ORD_0002083,CUST_000911,2026-06-01 05:22:42,LOC_0029,LOC_0026,Standard,39523.42,236.69,2026-07-08 12:18:12,Delivered
ORD_0002084,CUST_000193,2026-03-13 22:03:24,LOC_0035,LOC_0024,Standard,4166.24,301.87,2025-12-27 11:22:29,Delivered
ORD_0002085,CUST_000457,2026-01-28 16:09:27,LOC_0022,LOC_0019,Standard,41012.19,2764.59,2026-03-08 01:56:27,Cancelled
ORD_0002086,CUST_000654,2026-07-23 01:50:39,LOC_0014,LOC_0015,Express,30388.25,3945.18,2025-12-12 01:11:29,Delivered
ORD_0002087,CUST_000206,2026-08-14 04:16:34,LOC_0022,LOC_0008,Standard,82707.3,3781.98,2026-04-02 05:35:10,Cancelled
ORD_0002088,CUST_000396,2025-10-05 12:57:29,LOC_0023,LOC_0046,Express,35008.79,3945.77,2026-08-16 08:42:26,Delivered
ORD_0002089,CUST_000584,2025-12-11 02:33:51,LOC_0026,LOC_0048,Standard,7959.3,2820.64,2026-01-17 17:35:16,Cancelled
ORD_0002090,CUST_000940,2026-03-03 15:05:20,LOC_0038,LOC_0041,Urgent,54679.21,1150.8,2026-02-21 11:01:22,Delivered
ORD_0002091,CUST_000048,2025-10-06 21:53:48,LOC_0035,LOC_0005,Express,50383.52,715.43,2025-12-27 06:10:18,Delivered
ORD_0002092,CUST_000171,2026-01-27 07:57:43,LOC_0039,LOC_0041,Standard,57428.33,4721.07,2026-02-23 07:41:09,Delivered
ORD_0002093,CUST_000606,2026-06-12 12:20:28,LOC_0022,LOC_0013,Standard,46003.0,1063.66,2026-05-25 07:23:26,Delivered
ORD_0002094,CUST_000319,2026-03-17 04:40:02,LOC_0020,LOC_0026,Same Day,26577.35,2810.92,2026-03-17 10:36:33,Delivered
ORD_0002095,CUST_000900,2026-02-07 10:24:06,LOC_0044,LOC_0048,Urgent,28129.75,2897.25,2026-02-18 11:49:39,Delivered
ORD_0002096,CUST_000216,2026-07-06 10:12:22,LOC_0010,LOC_0021,Express,21206.52,4727.51,2026-03-24 20:11:47,Delivered
ORD_0002097,CUST_000277,2026-09-06 13:09:25,LOC_0030,LOC_0012,Express,21905.14,1258.52,2025-12-15 19:21:15,Cancelled
ORD_0002098,CUST_000980,2026-04-17 22:50:26,LOC_0020,LOC_0039,Express,4572.67,1893.39,2026-07-14 05:54:08,Delivered
ORD_0002099,CUST_000483,2026-07-20 10:25:00,LOC_0040,LOC_0011,Same Day,83730.8,4447.69,2026-01-16 07:48:29,Delivered
ORD_0002100,CUST_000332,2025-12-28 03:14:36,LOC_0027,LOC_0006,Express,72332.97,4875.13,2025-12-30 00:01:35,Delivered
ORD_0002101,CUST_000275,2026-04-10 11:29:20,LOC_0031,LOC_0027,Standard,70852.91,4592.32,2026-05-19 06:54:51,Cancelled
ORD_0002102,CUST_000565,2026-02-27 09:05:31,LOC_0001,LOC_0006,Express,79117.1,140.96,2026-07-30 07:44:49,Delivered
ORD_0002103,CUST_000373,2026-06-23 22:56:57,LOC_0010,LOC_0014,Urgent,70294.48,3186.52,2025-10-29 18:07:54,Delivered
ORD_0002104,CUST_000251,2026-05-30 08:52:29,LOC_0008,LOC_0036,Urgent,3454.49,563.76,2026-05-20 17:00:07,Delivered
ORD_0002105,CUST_000926,2026-06-05 18:00:18,LOC_0037,LOC_0045,Standard,58827.09,3281.48,2026-06-28 17:56:07,Cancelled
ORD_0002106,CUST_000905,2026-09-01 03:17:20,LOC_0014,LOC_0012,Urgent,22231.6,1095.16,2026-01-23 11:55:26,Delivered
ORD_0002107,CUST_000634,2026-04-06 01:54:53,LOC_0008,LOC_0030,Standard,47181.99,55.95,2026-06-03 08:45:43,Delivered
ORD_0002108,CUST_000737,2026-05-09 04:40:42,LOC_0034,LOC_0001,Urgent,17577.91,3136.24,2026-09-01 11:12:11,Delivered
ORD_0002109,CUST_000882,2026-07-13 11:43:29,LOC_0039,LOC_0046,Standard,46669.49,695.88,2025-12-25 20:54:12,Delivered
ORD_0002110,CUST_000168,2026-04-24 03:19:15,LOC_0006,LOC_0015,Standard,29764.24,1452.09,2025-11-15 10:22:48,Cancelled
ORD_0002111,CUST_000104,2026-03-31 12:08:58,LOC_0048,LOC_0006,Standard,68370.8,4936.11,2026-03-08 21:23:52,Delivered
ORD_0002112,CUST_000520,2025-10-16 11:41:49,LOC_0026,LOC_0017,Standard,66385.8,854.82,2026-07-22 20:50:19,Delivered
ORD_0002113,CUST_000370,2026-03-23 09:08:14,LOC_0013,LOC_0005,Standard,5624.81,1714.9,2026-05-27 06:34:42,Delivered
ORD_0002114,CUST_000502,2025-10-19 20:55:41,LOC_0029,LOC_0004,Express,37355.85,3050.64,2025-12-31 06:07:32,Delivered
ORD_0002115,CUST_000851,2025-12-03 02:38:31,LOC_0003,LOC_0022,Standard,76194.93,422.89,2026-04-19 00:39:52,Delivered
ORD_0002116,CUST_000121,2025-10-25 04:37:13,LOC_0045,LOC_0036,Standard,9620.93,3757.53,2026-09-22 05:09:05,Delivered
ORD_0002117,CUST_000373,2026-07-04 15:29:25,LOC_0002,LOC_0012,Standard,6089.11,2346.38,2026-01-28 18:25:27,Delivered
ORD_0002118,CUST_000361,2025-11-04 10:15:25,LOC_0029,LOC_0037,Urgent,80954.86,3154.51,2026-03-21 05:31:34,Delivered
ORD_0002119,CUST_000650,2026-05-12 22:36:04,LOC_0020,LOC_0035,Standard,83535.03,2607.04,2026-06-26 18:46:41,Delivered
ORD_0002120,CUST_000476,2026-07-14 04:11:08,LOC_0029,LOC_0027,Standard,11421.31,2823.34,2026-09-18 01:51:18,Delivered
ORD_0002121,CUST_000922,2025-10-02 06:33:55,LOC_0031,LOC_0030,Express,13392.2,1029.77,2026-07-24 08:04:23,Delivered
ORD_0002122,CUST_000140,2026-06-25 12:06:45,LOC_0021,LOC_0013,Standard,30354.97,2941.1,2026-07-12 21:07:43,Delivered
ORD_0002123,CUST_000179,2026-06-29 17:23:56,LOC_0030,LOC_0011,Express,18664.15,3624.32,2026-05-30 13:58:50,Delivered
ORD_0002124,CUST_000590,2026-02-26 19:44:57,LOC_0033,LOC_0026,Standard,68092.4,1543.06,2026-06-19 07:25:42,Delivered
ORD_0002125,CUST_000403,2026-06-14 13:12:14,LOC_0044,LOC_0023,Express,47234.73,2765.18,2025-11-23 06:42:12,Delivered
ORD_0002126,CUST_000241,2026-01-04 02:52:36,LOC_0020,LOC_0001,Express,9318.46,2121.79,2026-03-02 15:40:18,Delivered
ORD_0002127,CUST_000706,2026-03-12 14:18:54,LOC_0022,LOC_0012,Standard,68075.58,2641.84,2026-09-07 02:47:08,Delivered
ORD_0002128,CUST_000734,2025-11-26 20:22:13,LOC_0008,LOC_0048,Urgent,17686.1,4356.57,2026-09-19 13:40:47,Delivered
ORD_0002129,CUST_000657,2026-08-29 04:41:07,LOC_0019,LOC_0011,Urgent,45409.94,1497.81,2026-07-25 13:40:18,Delivered
ORD_0002130,CUST_000932,2026-01-20 14:21:16,LOC_0027,LOC_0018,Standard,76725.38,3303.82,2026-07-22 05:52:54,Delivered
ORD_0002131,CUST_000668,2026-01-01 19:09:36,LOC_0040,LOC_0034,Standard,48658.2,593.04,2026-09-11 05:59:26,Delivered
ORD_0002132,CUST_000542,2026-02-09 12:47:37,LOC_0015,LOC_0018,Urgent,58582.27,1174.57,2026-04-05 20:22:18,Cancelled
ORD_0002133,CUST_000202,2026-01-01 07:28:35,LOC_0005,LOC_0002,Standard,34680.42,1500.7,2026-07-11 06:27:12,Delivered
ORD_0002134,CUST_000651,2025-11-14 00:10:12,LOC_0005,LOC_0018,Standard,62724.22,2952.51,2026-06-05 10:48:47,Delivered
ORD_0002135,CUST_000903,2026-02-08 23:22:53,LOC_0010,LOC_0005,Urgent,59654.52,186.8,2026-04-20 21:34:21,Delivered
ORD_0002136,CUST_000923,2026-01-07 09:52:50,LOC_0011,LOC_0021,Standard,7378.02,222.41,2025-10-03 16:34:03,Delivered
ORD_0002137,CUST_000986,2025-10-31 16:37:28,LOC_0033,LOC_0015,Standard,5576.58,1956.77,2026-06-08 20:33:43,Delivered
ORD_0002138,CUST_000782,2025-12-03 07:21:33,LOC_0025,LOC_0040,Urgent,38749.65,4375.73,2026-05-25 14:24:29,Delivered
ORD_0002139,CUST_000015,2026-03-13 23:23:02,LOC_0042,LOC_0031,Urgent,60119.53,2667.23,2025-12-27 19:40:12,Delivered
ORD_0002140,CUST_000614,2026-09-13 09:06:06,LOC_0046,LOC_0039,Standard,40260.46,2185.21,2026-01-17 16:51:24,Delivered
ORD_0002141,CUST_000511,2026-03-01 02:04:27,LOC_0031,LOC_0037,Express,45677.26,4159.42,2026-04-03 03:24:51,Delivered
ORD_0002142,CUST_000689,2025-12-31 10:41:28,LOC_0035,LOC_0007,Standard,72069.42,2849.86,2026-02-03 03:39:01,Delivered
ORD_0002143,CUST_000634,2026-06-20 09:00:44,LOC_0041,LOC_0025,Express,35917.65,1787.42,2026-03-17 13:22:13,Delivered
ORD_0002144,CUST_000091,2026-01-19 14:28:59,LOC_0033,LOC_0019,Standard,32583.77,4192.62,2025-11-23 03:44:59,Delivered
ORD_0002145,CUST_000806,2026-06-06 13:09:50,LOC_0039,LOC_0041,Standard,28922.94,4005.91,2026-01-01 20:35:57,Delivered
ORD_0002146,CUST_000944,2026-01-06 12:19:47,LOC_0044,LOC_0024,Express,19386.51,4377.67,2026-07-30 21:31:18,Delivered
ORD_0002147,CUST_000175,2025-10-20 14:20:02,LOC_0022,LOC_0048,Urgent,67517.74,4228.82,2026-05-04 15:58:39,Delivered
ORD_0002148,CUST_000180,2025-12-20 19:42:41,LOC_0040,LOC_0018,Express,36674.85,4387.1,2026-05-10 02:45:36,Delivered
ORD_0002149,CUST_000681,2026-02-10 15:40:39,LOC_0034,LOC_0022,Standard,47842.87,3798.52,2026-01-16 08:30:59,Delivered
ORD_0002150,CUST_000328,2026-09-03 19:24:06,LOC_0015,LOC_0045,Standard,17545.03,4708.06,2026-05-03 16:38:35,Delivered
ORD_0002151,CUST_000766,2025-12-19 01:27:57,LOC_0011,LOC_0002,Standard,2394.66,3953.44,2026-01-16 10:12:10,Delivered
ORD_0002152,CUST_000534,2025-12-24 12:07:54,LOC_0012,LOC_0042,Urgent,75967.08,944.59,2026-02-28 10:21:48,Delivered
ORD_0002153,CUST_000050,2026-01-21 23:55:42,LOC_0016,LOC_0013,Express,5667.62,4076.38,2026-08-19 12:57:17,Delivered
ORD_0002154,CUST_000186,2026-04-28 11:17:40,LOC_0044,LOC_0002,Express,19302.78,4553.15,2026-06-05 04:12:42,Delivered
ORD_0002155,CUST_000741,2026-03-26 18:59:14,LOC_0027,LOC_0032,Express,72604.84,1711.66,2026-03-29 11:52:53,Delivered
ORD_0002156,CUST_000517,2026-07-08 00:12:15,LOC_0008,LOC_0040,Urgent,17572.58,3858.05,2026-02-07 19:07:32,Delivered
ORD_0002157,CUST_000843,2026-09-06 22:15:29,LOC_0004,LOC_0035,Express,58901.96,944.58,2026-05-30 15:54:23,Delivered
ORD_0002158,CUST_000805,2026-03-13 18:14:26,LOC_0002,LOC_0030,Standard,37017.91,4001.8,2025-10-11 15:25:36,Delivered
ORD_0002159,CUST_000835,2026-01-19 13:53:43,LOC_0033,LOC_0031,Standard,76927.65,2101.49,2026-03-21 08:53:01,Delivered
ORD_0002160,CUST_000256,2025-12-05 05:28:46,LOC_0004,LOC_0012,Standard,28147.68,2390.97,2026-05-17 09:11:34,Delivered
ORD_0002161,CUST_000212,2026-05-05 20:52:20,LOC_0030,LOC_0008,Standard,22847.51,4931.85,2025-12-04 15:15:05,Delivered
ORD_0002162,CUST_000695,2026-08-21 09:30:08,LOC_0047,LOC_0022,Express,59683.03,1382.94,2026-06-02 20:06:10,Delivered
ORD_0002163,CUST_000599,2026-09-05 20:47:41,LOC_0001,LOC_0002,Standard,26116.94,782.74,2026-01-10 19:08:28,Delivered
ORD_0002164,CUST_000807,2025-11-18 03:55:50,LOC_0005,LOC_0033,Standard,58593.2,3822.96,2026-05-19 22:17:18,Delivered
ORD_0002165,CUST_000502,2025-10-22 21:29:13,LOC_0010,LOC_0042,Urgent,77191.07,3489.0,2026-02-13 12:13:52,Delivered
ORD_0002166,CUST_000277,2025-10-05 12:40:36,LOC_0045,LOC_0028,Express,8759.38,3318.79,2025-10-20 00:21:44,Delivered
ORD_0002167,CUST_000182,2025-12-17 18:56:44,LOC_0032,LOC_0023,Express,60632.78,3333.87,2026-01-22 18:58:48,Delivered
ORD_0002168,CUST_000983,2026-02-12 14:37:49,LOC_0023,LOC_0044,Standard,44530.3,2541.44,2025-10-24 14:48:40,Delivered
ORD_0002169,CUST_000432,2026-07-17 11:10:56,LOC_0027,LOC_0036,Urgent,48299.38,2104.05,2026-05-16 02:51:33,Delivered
ORD_0002170,CUST_000424,2026-01-09 22:16:32,LOC_0008,LOC_0005,Standard,83661.15,938.45,2025-12-27 07:49:23,Delivered
ORD_0002171,CUST_000084,2026-05-05 08:47:22,LOC_0010,LOC_0042,Standard,71958.67,4460.12,2026-07-06 23:12:09,Delivered
ORD_0002172,CUST_000848,2025-12-26 19:38:05,LOC_0033,LOC_0041,Same Day,7705.71,2125.44,2026-05-25 07:57:26,Delivered
ORD_0002173,CUST_000188,2025-11-16 10:36:22,LOC_0012,LOC_0023,Express,21662.15,1176.83,2026-08-13 20:13:14,Delivered
ORD_0002174,CUST_000621,2025-10-07 05:42:37,LOC_0006,LOC_0037,Standard,39935.38,3411.51,2026-08-21 06:27:24,Delivered
ORD_0002175,CUST_000013,2026-02-22 18:42:49,LOC_0027,LOC_0013,Standard,62768.68,2452.68,2026-02-15 11:11:35,Delivered
ORD_0002176,CUST_000859,2025-11-19 03:28:28,LOC_0046,LOC_0003,Urgent,17673.73,1091.57,2025-12-26 03:31:11,Delivered
ORD_0002177,CUST_000813,2026-05-04 21:06:17,LOC_0021,LOC_0009,Express,71399.96,406.16,2026-06-24 20:33:24,Delivered
ORD_0002178,CUST_000689,2025-10-26 16:56:16,LOC_0046,LOC_0047,Standard,35405.16,695.42,2026-05-16 23:03:10,Delivered
ORD_0002179,CUST_000781,2026-03-14 06:28:28,LOC_0006,LOC_0030,Express,79867.18,3188.46,2026-04-08 01:04:56,Delivered
ORD_0002180,CUST_000163,2026-04-09 11:01:54,LOC_0027,LOC_0021,Standard,16765.8,4885.93,2026-05-16 18:15:55,Delivered
ORD_0002181,CUST_000224,2026-01-06 02:19:18,LOC_0023,LOC_0041,Standard,56282.7,778.19,2026-06-28 20:41:51,Delivered
ORD_0002182,CUST_000647,2026-04-13 08:08:30,LOC_0022,LOC_0004,Urgent,21584.85,1847.03,2026-08-13 04:10:04,Delivered
ORD_0002183,CUST_000291,2026-05-21 10:12:07,LOC_0040,LOC_0019,Standard,30543.13,3997.01,2026-08-09 21:14:43,Cancelled
ORD_0002184,CUST_000076,2026-01-04 05:11:40,LOC_0021,LOC_0008,Express,35453.92,2872.57,2026-01-17 21:10:34,Delivered
ORD_0002185,CUST_000982,2026-01-13 01:43:18,LOC_0009,LOC_0046,Express,48453.48,1640.29,2026-08-11 08:45:17,Delivered
ORD_0002186,CUST_000304,2026-08-20 09:41:12,LOC_0013,LOC_0043,Express,73032.64,2291.18,2026-08-31 00:00:04,Delivered
ORD_0002187,CUST_000448,2026-09-13 03:31:33,LOC_0022,LOC_0041,Standard,74994.46,171.74,2026-02-13 11:53:25,Delivered
ORD_0002188,CUST_000146,2026-07-21 13:16:16,LOC_0014,LOC_0037,Express,65058.18,4796.45,2026-07-01 13:25:05,Delivered
ORD_0002189,CUST_000471,2026-07-01 14:56:20,LOC_0002,LOC_0027,Standard,57229.48,2049.99,2026-02-28 10:49:57,Delivered
ORD_0002190,CUST_000949,2026-07-22 03:48:08,LOC_0041,LOC_0046,Express,80226.0,791.4,2025-12-24 14:50:57,Delivered
ORD_0002191,CUST_000205,2026-02-18 01:46:56,LOC_0042,LOC_0029,Standard,19410.15,4479.29,2025-12-30 07:32:55,Delivered
ORD_0002192,CUST_000503,2026-03-24 15:16:04,LOC_0019,LOC_0013,Standard,27341.15,1956.69,2026-05-19 16:44:18,Delivered
ORD_0002193,CUST_000350,2026-06-14 09:10:37,LOC_0018,LOC_0028,Standard,63559.29,1206.95,2026-09-15 10:28:30,Delivered
ORD_0002194,CUST_000097,2026-04-11 00:20:06,LOC_0009,LOC_0038,Standard,35953.93,1582.55,2026-08-10 23:18:26,Delivered
ORD_0002195,CUST_000799,2025-10-16 12:31:50,LOC_0019,LOC_0025,Urgent,39948.47,3667.11,2025-11-17 20:13:48,Delivered
ORD_0002196,CUST_000264,2026-01-03 09:48:17,LOC_0026,LOC_0029,Express,26613.05,2481.74,2026-09-23 03:18:07,Delivered
ORD_0002197,CUST_000216,2025-11-25 08:31:03,LOC_0007,LOC_0037,Standard,42565.02,2619.33,2026-04-28 08:05:04,Delivered
ORD_0002198,CUST_000812,2025-10-16 21:31:06,LOC_0046,LOC_0012,Express,82167.14,2915.46,2026-02-19 15:12:32,Delivered
ORD_0002199,CUST_000846,2026-06-22 23:43:24,LOC_0012,LOC_0021,Standard,69826.77,183.68,2026-05-10 03:59:47,Delivered
ORD_0002200,CUST_000399,2026-02-01 23:45:26,LOC_0028,LOC_0003,Standard,62008.64,2887.04,2026-06-05 12:27:32,Delivered
ORD_0002201,CUST_000482,2026-04-23 17:12:38,LOC_0036,LOC_0014,Standard,59626.46,973.73,2026-04-29 02:47:46,Delivered
ORD_0002202,CUST_000894,2026-09-06 09:56:55,LOC_0044,LOC_0029,Standard,32768.8,2549.98,2026-07-05 07:10:18,Delivered
ORD_0002203,CUST_000080,2026-04-10 05:16:31,LOC_0031,LOC_0033,Standard,38446.95,4211.4,2026-03-12 19:43:28,Delivered
ORD_0002204,CUST_000061,2026-07-19 20:20:32,LOC_0010,LOC_0034,Standard,3330.45,2518.4,2026-03-25 01:32:45,Delivered
ORD_0002205,CUST_000114,2026-02-03 07:53:40,LOC_0039,LOC_0042,Standard,56471.98,876.49,2025-12-07 19:56:46,Delivered
ORD_0002206,CUST_000265,2025-12-08 15:43:05,LOC_0045,LOC_0024,Express,19840.31,1783.28,2025-11-09 08:58:44,Delivered
ORD_0002207,CUST_000877,2026-07-02 06:59:52,LOC_0021,LOC_0009,Standard,51499.44,4835.77,2026-07-10 03:12:58,Delivered
ORD_0002208,CUST_000807,2026-04-10 16:01:02,LOC_0015,LOC_0035,Standard,36651.21,3680.67,2026-09-04 14:07:26,Cancelled
ORD_0002209,CUST_000545,2025-12-26 09:07:33,LOC_0001,LOC_0039,Standard,84365.36,4297.69,2026-05-04 00:48:06,Delivered
ORD_0002210,CUST_000255,2025-12-19 20:48:43,LOC_0041,LOC_0020,Express,17632.42,1206.74,2026-07-20 17:13:42,Delivered
ORD_0002211,CUST_000329,2026-08-28 00:07:52,LOC_0029,LOC_0004,Standard,74335.23,3612.89,2026-02-11 12:33:59,Delivered
ORD_0002212,CUST_000985,2026-04-22 15:55:35,LOC_0018,LOC_0044,Urgent,7992.89,552.29,2026-07-17 08:49:58,Delivered
ORD_0002213,CUST_000257,2025-10-10 04:36:18,LOC_0031,LOC_0027,Urgent,84802.0,3163.71,2026-07-10 01:01:26,Delivered
ORD_0002214,CUST_000190,2025-11-29 20:18:54,LOC_0027,LOC_0034,Express,78071.56,3983.03,2025-11-08 19:10:17,Delivered
ORD_0002215,CUST_000719,2026-03-01 18:53:49,LOC_0015,LOC_0009,Express,79848.63,4994.28,2026-04-18 23:36:34,Delivered
ORD_0002216,CUST_000377,2026-01-01 11:26:00,LOC_0018,LOC_0005,Standard,46026.25,2650.13,2026-08-26 13:59:45,Delivered
ORD_0002217,CUST_000518,2026-03-23 03:43:01,LOC_0010,LOC_0028,Standard,74106.14,47.34,2026-04-05 11:43:39,Delivered
ORD_0002218,CUST_000731,2026-04-22 08:13:50,LOC_0028,LOC_0042,Standard,62957.73,1834.7,2025-11-27 15:12:18,Delivered
ORD_0002219,CUST_000449,2025-10-08 12:31:09,LOC_0025,LOC_0004,Express,80196.67,875.85,2026-06-24 22:29:32,Delivered
ORD_0002220,CUST_000405,2026-05-03 20:07:25,LOC_0030,LOC_0043,Standard,17599.2,84.2,2025-12-26 07:01:59,Delivered
ORD_0002221,CUST_000015,2026-01-18 22:21:13,LOC_0016,LOC_0014,Urgent,4649.08,4127.21,2026-06-30 15:21:31,Delivered
ORD_0002222,CUST_000261,2026-07-04 16:09:56,LOC_0042,LOC_0046,Urgent,19828.36,476.9,2025-12-27 04:13:31,Cancelled
ORD_0002223,CUST_000184,2026-04-25 19:18:13,LOC_0010,LOC_0034,Standard,6615.31,3751.15,2026-01-18 03:47:53,Delivered
ORD_0002224,CUST_000107,2026-07-28 06:56:07,LOC_0041,LOC_0001,Standard,3574.54,3656.11,2026-04-21 02:57:49,Delivered
ORD_0002225,CUST_000606,2026-06-03 22:38:54,LOC_0002,LOC_0041,Standard,28849.79,2556.54,2025-11-13 18:27:20,Delivered
ORD_0002226,CUST_000427,2025-12-25 09:54:45,LOC_0025,LOC_0041,Standard,83880.48,4368.45,2026-04-13 11:24:24,Delivered
ORD_0002227,CUST_000157,2026-03-28 15:29:28,LOC_0014,LOC_0034,Standard,21983.61,4177.62,2026-05-14 01:47:27,Delivered
ORD_0002228,CUST_000250,2025-11-06 06:15:37,LOC_0043,LOC_0002,Express,71525.08,2169.74,2026-02-14 11:38:25,Delivered
ORD_0002229,CUST_000589,2026-05-03 04:13:24,LOC_0021,LOC_0023,Express,48065.62,3998.6,2026-01-08 23:45:29,Delivered
ORD_0002230,CUST_000982,2026-06-21 18:07:09,LOC_0043,LOC_0036,Standard,4518.71,2933.38,2025-11-01 09:31:45,Delivered
ORD_0002231,CUST_000622,2025-12-28 04:18:53,LOC_0028,LOC_0011,Same Day,64656.08,2387.18,2026-02-07 23:50:33,Cancelled
ORD_0002232,CUST_000616,2026-07-15 18:10:23,LOC_0019,LOC_0016,Standard,63908.93,1828.14,2025-10-23 19:12:01,Delivered
ORD_0002233,CUST_000984,2026-04-05 18:26:42,LOC_0019,LOC_0004,Urgent,82419.75,4199.26,2026-07-23 01:36:15,Delivered
ORD_0002234,CUST_000776,2026-01-07 13:03:24,LOC_0023,LOC_0048,Standard,2722.39,2055.61,2026-04-26 01:20:49,Delivered
ORD_0002235,CUST_000341,2026-08-21 10:01:55,LOC_0004,LOC_0018,Standard,9440.75,2923.59,2026-06-20 15:54:50,Delivered
ORD_0002236,CUST_000296,2026-04-06 18:37:16,LOC_0017,LOC_0031,Express,58958.37,2359.38,2026-05-13 05:48:42,Delivered
ORD_0002237,CUST_000912,2026-07-20 14:09:00,LOC_0033,LOC_0045,Urgent,28347.31,4667.29,2026-01-18 13:53:02,Delivered
ORD_0002238,CUST_000225,2025-11-09 20:29:09,LOC_0026,LOC_0025,Standard,74999.09,2350.88,2026-07-13 00:29:46,Delivered
ORD_0002239,CUST_000158,2025-12-23 12:12:19,LOC_0023,LOC_0009,Standard,53325.17,25.73,2026-08-06 07:11:33,Delivered
ORD_0002240,CUST_000495,2025-10-20 13:47:11,LOC_0029,LOC_0024,Express,47873.97,4735.85,2025-11-22 08:47:47,Delivered
ORD_0002241,CUST_000855,2026-05-25 11:19:54,LOC_0042,LOC_0036,Standard,33072.53,1339.62,2025-10-29 20:25:05,Delivered
ORD_0002242,CUST_000367,2026-06-11 10:10:20,LOC_0016,LOC_0039,Standard,72262.84,210.75,2026-02-24 07:22:28,Delivered
ORD_0002243,CUST_000886,2026-03-26 11:07:45,LOC_0002,LOC_0006,Standard,41806.58,3599.6,2025-11-04 14:22:35,Cancelled
ORD_0002244,CUST_000461,2026-03-27 19:58:24,LOC_0030,LOC_0003,Express,3867.42,4914.69,2026-01-16 17:35:01,Delivered
ORD_0002245,CUST_000395,2026-09-14 00:15:22,LOC_0007,LOC_0003,Standard,2294.52,2351.77,2026-06-17 19:12:15,Delivered
ORD_0002246,CUST_000301,2026-09-11 10:38:52,LOC_0008,LOC_0046,Standard,36777.08,3196.36,2026-06-22 11:06:48,Delivered
ORD_0002247,CUST_000468,2025-11-08 19:36:23,LOC_0043,LOC_0030,Standard,81019.0,2881.71,2026-08-11 12:45:58,Delivered
ORD_0002248,CUST_000271,2025-11-12 12:14:05,LOC_0035,LOC_0022,Same Day,35954.45,4665.36,2026-03-21 11:10:53,Cancelled
ORD_0002249,CUST_000852,2026-07-22 01:49:40,LOC_0005,LOC_0036,Urgent,10442.98,4247.78,2025-11-26 16:51:25,Delivered
ORD_0002250,CUST_000690,2026-06-27 19:44:18,LOC_0038,LOC_0005,Urgent,45270.48,501.4,2026-06-02 22:47:58,Delivered
ORD_0002251,CUST_000814,2026-03-06 08:53:57,LOC_0018,LOC_0014,Urgent,45252.24,1843.31,2026-03-27 09:24:23,Cancelled
ORD_0002252,CUST_000262,2025-10-23 14:23:43,LOC_0017,LOC_0036,Urgent,63852.55,13.33,2026-07-05 05:03:49,Delivered
ORD_0002253,CUST_000126,2026-04-07 11:47:31,LOC_0004,LOC_0047,Standard,38063.04,4959.27,2026-03-17 03:34:23,Delivered
ORD_0002254,CUST_000768,2026-04-07 03:55:32,LOC_0020,LOC_0010,Urgent,22353.65,2944.27,2026-03-26 11:06:09,Delivered
ORD_0002255,CUST_000707,2026-02-19 20:55:06,LOC_0013,LOC_0027,Express,84306.07,2227.89,2026-03-09 12:16:18,Delivered
ORD_0002256,CUST_000331,2026-03-16 16:52:25,LOC_0013,LOC_0038,Express,60828.52,277.61,2026-07-20 08:52:28,Delivered
ORD_0002257,CUST_000110,2026-02-24 01:32:20,LOC_0031,LOC_0019,Express,81874.58,790.71,2025-12-29 03:22:01,Cancelled
ORD_0002258,CUST_000419,2026-03-19 16:12:59,LOC_0044,LOC_0026,Standard,41085.08,4998.31,2026-08-29 04:48:54,Delivered
ORD_0002259,CUST_000219,2026-03-27 17:09:37,LOC_0048,LOC_0021,Standard,25480.68,4997.91,2025-10-07 19:34:09,Delivered
ORD_0002260,CUST_000737,2025-11-25 12:06:22,LOC_0027,LOC_0030,Standard,72171.73,2193.14,2026-03-06 03:42:35,Delivered
ORD_0002261,CUST_000523,2026-02-26 18:07:34,LOC_0020,LOC_0027,Urgent,35866.77,4131.15,2026-01-15 08:16:07,Delivered
ORD_0002262,CUST_000401,2026-03-02 05:16:30,LOC_0045,LOC_0007,Express,3272.83,4066.08,2026-02-04 07:04:38,Delivered
ORD_0002263,CUST_000790,2026-02-03 01:45:56,LOC_0044,LOC_0004,Urgent,37599.94,2030.91,2026-08-15 16:09:28,Delivered
ORD_0002264,CUST_000884,2026-07-17 03:12:53,LOC_0027,LOC_0037,Standard,14583.15,4831.65,2026-01-20 14:26:55,Delivered
ORD_0002265,CUST_000033,2026-05-05 07:39:49,LOC_0022,LOC_0029,Standard,66052.28,2219.02,2025-12-29 02:13:26,Delivered
ORD_0002266,CUST_000113,2026-04-11 22:35:38,LOC_0021,LOC_0008,Standard,29887.46,1828.25,2025-10-15 02:18:55,Delivered
ORD_0002267,CUST_000817,2026-08-21 20:18:57,LOC_0018,LOC_0019,Standard,78948.64,2934.22,2025-11-07 18:16:13,Delivered
ORD_0002268,CUST_000612,2026-06-16 02:28:26,LOC_0010,LOC_0026,Standard,32852.99,937.06,2026-01-06 18:50:54,Delivered
ORD_0002269,CUST_000600,2025-12-06 16:44:36,LOC_0013,LOC_0031,Standard,18910.83,4175.88,2026-09-09 14:57:24,Delivered
ORD_0002270,CUST_000434,2026-06-22 23:44:23,LOC_0045,LOC_0011,Standard,64998.36,1984.76,2025-11-17 05:56:28,Delivered
ORD_0002271,CUST_000868,2025-10-01 13:55:29,LOC_0044,LOC_0017,Urgent,63153.54,2551.27,2026-09-18 20:34:48,Delivered
ORD_0002272,CUST_000045,2026-01-25 22:40:33,LOC_0036,LOC_0039,Same Day,38308.45,3955.05,2026-09-08 21:37:00,Delivered
ORD_0002273,CUST_000949,2026-08-09 19:54:37,LOC_0039,LOC_0016,Express,2030.91,2575.9,2025-10-07 05:14:39,Delivered
ORD_0002274,CUST_000290,2026-09-12 12:32:00,LOC_0046,LOC_0002,Same Day,63120.84,3475.0,2026-02-11 08:18:10,Delivered
ORD_0002275,CUST_000443,2026-03-09 05:37:01,LOC_0038,LOC_0003,Standard,20434.7,344.3,2026-06-08 09:24:14,Delivered
ORD_0002276,CUST_000928,2026-06-23 20:02:49,LOC_0028,LOC_0029,Standard,43233.35,746.86,2026-08-20 19:09:37,Delivered
ORD_0002277,CUST_000637,2025-10-29 17:07:12,LOC_0033,LOC_0036,Urgent,58825.48,1606.52,2026-08-01 12:53:15,Delivered
ORD_0002278,CUST_000444,2026-03-01 09:26:30,LOC_0024,LOC_0027,Standard,74158.9,3795.54,2026-06-26 14:06:31,Delivered
ORD_0002279,CUST_000870,2025-11-08 15:29:56,LOC_0004,LOC_0020,Urgent,64196.23,1454.93,2025-12-31 18:17:02,Delivered
ORD_0002280,CUST_000331,2026-01-13 23:22:01,LOC_0013,LOC_0009,Standard,40364.03,740.45,2026-07-29 06:41:41,Delivered
ORD_0002281,CUST_000915,2026-01-06 05:41:42,LOC_0014,LOC_0043,Express,79290.9,1816.47,2026-09-05 02:57:56,Delivered
ORD_0002282,CUST_000320,2026-06-19 21:58:24,LOC_0003,LOC_0034,Standard,78705.51,4202.32,2025-12-27 19:03:50,Delivered
ORD_0002283,CUST_000627,2026-08-11 07:23:33,LOC_0025,LOC_0024,Express,56633.69,2990.32,2026-02-26 19:04:28,Delivered
ORD_0002284,CUST_000179,2026-06-30 22:34:31,LOC_0031,LOC_0022,Urgent,17895.2,3698.17,2025-12-31 00:02:11,Delivered
ORD_0002285,CUST_000927,2026-03-12 22:44:50,LOC_0009,LOC_0033,Standard,7316.25,4865.85,2025-10-10 05:58:42,Delivered
ORD_0002286,CUST_000466,2026-06-28 03:27:49,LOC_0015,LOC_0024,Standard,74878.24,3213.41,2026-06-18 23:59:27,Delivered
ORD_0002287,CUST_000542,2026-03-14 12:33:03,LOC_0028,LOC_0043,Standard,48928.52,251.59,2026-07-21 20:32:17,Delivered
ORD_0002288,CUST_000730,2026-01-04 12:43:23,LOC_0007,LOC_0006,Urgent,47085.21,2547.47,2026-06-15 18:44:01,Delivered
ORD_0002289,CUST_000729,2026-01-18 08:33:18,LOC_0031,LOC_0040,Standard,73717.71,3735.38,2026-07-23 03:52:37,Delivered
ORD_0002290,CUST_000783,2026-02-09 07:52:42,LOC_0032,LOC_0031,Express,21815.47,2230.61,2026-03-25 19:44:20,Delivered
ORD_0002291,CUST_000948,2025-12-29 01:56:15,LOC_0019,LOC_0034,Standard,60577.43,949.64,2026-01-31 22:37:03,Delivered
ORD_0002292,CUST_000831,2026-09-09 02:47:47,LOC_0002,LOC_0048,Express,76568.21,3130.02,2026-08-08 06:34:26,Delivered
ORD_0002293,CUST_000393,2025-11-20 10:37:02,LOC_0037,LOC_0045,Urgent,15512.12,1702.98,2026-07-10 01:44:27,Delivered
ORD_0002294,CUST_000661,2026-08-04 15:44:15,LOC_0031,LOC_0038,Standard,54989.38,2627.65,2026-01-24 08:19:17,Delivered
ORD_0002295,CUST_000895,2026-05-16 03:16:24,LOC_0015,LOC_0037,Express,54344.55,4890.75,2026-02-07 14:01:52,Delivered
ORD_0002296,CUST_000341,2025-11-23 02:20:37,LOC_0041,LOC_0004,Express,42270.83,2855.59,2025-11-06 08:38:21,Delivered
ORD_0002297,CUST_000577,2025-11-29 08:02:54,LOC_0040,LOC_0032,Standard,40949.37,3135.97,2026-06-24 11:42:27,Delivered
ORD_0002298,CUST_000761,2026-02-01 19:36:54,LOC_0017,LOC_0012,Urgent,50874.73,1976.77,2026-04-15 07:33:08,Delivered
ORD_0002299,CUST_000044,2025-10-06 02:07:46,LOC_0037,LOC_0045,Standard,66790.45,4954.47,2026-03-07 11:29:11,Delivered
ORD_0002300,CUST_000188,2026-07-07 12:49:42,LOC_0018,LOC_0011,Standard,76533.72,1466.4,2026-06-15 17:50:45,Delivered
ORD_0002301,CUST_000204,2025-12-09 13:33:33,LOC_0003,LOC_0023,Standard,13621.88,1660.77,2025-11-16 14:47:50,Delivered
ORD_0002302,CUST_000475,2026-08-02 06:58:27,LOC_0024,LOC_0044,Express,18471.11,4516.2,2026-03-26 07:01:51,Delivered
ORD_0002303,CUST_000072,2026-04-04 00:59:04,LOC_0001,LOC_0020,Express,8286.7,7.05,2026-07-04 06:43:55,Delivered
ORD_0002304,CUST_000677,2026-03-09 18:23:17,LOC_0037,LOC_0039,Standard,33820.72,4437.17,2025-10-16 08:24:08,Delivered
ORD_0002305,CUST_000093,2026-04-13 00:00:09,LOC_0030,LOC_0008,Urgent,19957.26,1951.46,2026-07-20 05:02:25,Delivered
ORD_0002306,CUST_000868,2026-09-11 01:45:37,LOC_0037,LOC_0024,Standard,45455.6,3638.78,2026-07-09 14:48:47,Delivered
ORD_0002307,CUST_000678,2026-02-27 13:17:52,LOC_0032,LOC_0012,Express,25641.69,2307.34,2026-04-23 16:24:37,Delivered
ORD_0002308,CUST_000808,2025-12-08 00:24:02,LOC_0039,LOC_0014,Standard,9568.26,2866.41,2026-06-16 15:37:58,Delivered
ORD_0002309,CUST_000040,2025-12-24 04:40:31,LOC_0038,LOC_0021,Express,33729.52,4960.65,2025-10-28 10:27:03,Cancelled
ORD_0002310,CUST_000948,2026-09-03 13:37:23,LOC_0008,LOC_0004,Express,5273.1,2553.07,2026-02-18 12:43:30,Delivered
ORD_0002311,CUST_000759,2026-04-03 16:00:03,LOC_0042,LOC_0024,Urgent,74323.0,3439.76,2026-07-27 02:59:38,Delivered
ORD_0002312,CUST_000644,2025-10-24 09:46:34,LOC_0011,LOC_0039,Express,37736.34,2345.13,2026-02-03 22:05:23,Delivered
ORD_0002313,CUST_000711,2026-05-01 21:22:09,LOC_0038,LOC_0039,Express,8620.37,1463.62,2026-02-27 20:48:15,Delivered
ORD_0002314,CUST_000713,2025-10-08 07:10:33,LOC_0007,LOC_0014,Standard,40296.55,1310.58,2025-11-22 13:56:01,Delivered
ORD_0002315,CUST_000710,2026-02-23 01:12:24,LOC_0009,LOC_0048,Same Day,15100.05,3127.77,2026-05-25 17:46:37,Delivered
ORD_0002316,CUST_000374,2026-06-25 22:12:21,LOC_0022,LOC_0036,Standard,31646.82,4414.78,2026-05-24 18:06:19,Delivered
ORD_0002317,CUST_000152,2026-04-29 14:08:35,LOC_0036,LOC_0046,Express,20402.92,4752.72,2025-12-10 03:30:29,Delivered
ORD_0002318,CUST_000613,2026-07-14 01:37:57,LOC_0042,LOC_0027,Standard,44967.96,1550.39,2026-01-29 06:24:52,Delivered
ORD_0002319,CUST_000252,2025-10-19 18:46:38,LOC_0007,LOC_0001,Same Day,80706.53,3630.42,2026-09-24 21:21:46,Delivered
ORD_0002320,CUST_000360,2025-11-11 22:12:55,LOC_0002,LOC_0048,Standard,1512.11,2649.84,2026-06-24 12:57:06,Delivered
ORD_0002321,CUST_000512,2026-03-15 09:13:23,LOC_0028,LOC_0006,Standard,65729.63,2741.17,2026-05-19 08:20:19,Delivered
ORD_0002322,CUST_000308,2026-09-12 21:40:14,LOC_0029,LOC_0018,Express,17284.47,2398.6,2026-07-17 22:12:16,Delivered
ORD_0002323,CUST_000001,2026-01-30 06:53:53,LOC_0012,LOC_0014,Standard,54480.05,1225.88,2026-04-09 03:11:47,Delivered
ORD_0002324,CUST_000485,2026-05-19 18:51:38,LOC_0009,LOC_0027,Express,54714.84,2136.48,2025-10-12 10:09:42,Delivered
ORD_0002325,CUST_000586,2026-04-06 21:05:04,LOC_0035,LOC_0048,Express,8369.81,3757.38,2026-02-02 08:27:26,Cancelled
ORD_0002326,CUST_000662,2026-02-12 03:43:00,LOC_0034,LOC_0023,Standard,63664.42,3415.73,2026-04-25 04:52:56,Delivered
ORD_0002327,CUST_000983,2026-02-01 23:18:22,LOC_0017,LOC_0047,Urgent,37269.39,4221.59,2026-05-24 12:54:15,Delivered
ORD_0002328,CUST_000146,2026-08-01 16:22:30,LOC_0015,LOC_0033,Standard,32904.75,4074.47,2026-01-18 08:36:37,Delivered
ORD_0002329,CUST_000685,2025-10-23 20:13:48,LOC_0035,LOC_0015,Express,3921.44,3895.3,2025-11-20 22:17:20,Delivered
ORD_0002330,CUST_000374,2025-12-11 10:53:10,LOC_0019,LOC_0003,Express,19437.9,1515.98,2026-02-04 06:55:11,Delivered
ORD_0002331,CUST_000961,2026-02-20 17:26:39,LOC_0004,LOC_0027,Standard,67376.19,4384.16,2026-02-10 10:30:37,Delivered
ORD_0002332,CUST_000191,2026-07-24 07:34:56,LOC_0047,LOC_0046,Express,44891.84,2801.58,2025-11-17 06:46:46,Delivered
ORD_0002333,CUST_000477,2026-04-18 19:59:38,LOC_0028,LOC_0016,Express,19047.11,3206.85,2025-10-20 13:06:32,Delivered
ORD_0002334,CUST_000516,2026-02-18 22:18:43,LOC_0021,LOC_0022,Express,58476.97,1463.1,2025-10-06 01:55:20,Delivered
ORD_0002335,CUST_000995,2026-06-25 12:15:28,LOC_0048,LOC_0002,Standard,52227.01,3553.93,2026-06-27 13:21:20,Cancelled
ORD_0002336,CUST_000297,2026-04-12 18:37:35,LOC_0025,LOC_0016,Standard,7125.59,1757.44,2025-10-09 03:40:48,Delivered
ORD_0002337,CUST_000808,2026-08-02 02:23:22,LOC_0029,LOC_0011,Urgent,8152.38,4396.59,2026-01-17 13:16:58,Delivered
ORD_0002338,CUST_000729,2026-05-28 21:06:24,LOC_0021,LOC_0013,Express,17044.81,1960.63,2026-06-27 05:43:37,Delivered
ORD_0002339,CUST_000998,2025-12-10 04:45:49,LOC_0002,LOC_0023,Express,35039.04,2078.21,2025-11-02 19:24:49,Delivered
ORD_0002340,CUST_000848,2026-08-12 20:33:05,LOC_0012,LOC_0031,Urgent,19461.34,2846.67,2026-09-03 02:49:03,Delivered
ORD_0002341,CUST_000248,2025-12-23 10:23:43,LOC_0001,LOC_0028,Standard,81399.65,1861.15,2026-06-27 03:48:06,Delivered
ORD_0002342,CUST_000529,2025-10-18 11:31:51,LOC_0008,LOC_0028,Standard,36460.39,3334.21,2026-03-24 04:30:19,Delivered
ORD_0002343,CUST_000772,2026-09-10 15:21:08,LOC_0021,LOC_0019,Urgent,63456.73,3194.74,2025-11-09 04:35:47,Delivered
ORD_0002344,CUST_000823,2026-02-01 23:31:45,LOC_0048,LOC_0035,Express,5966.46,3141.66,2026-06-12 01:01:30,Delivered
ORD_0002345,CUST_000484,2026-01-19 19:34:23,LOC_0041,LOC_0010,Standard,80031.37,84.05,2025-10-22 21:20:07,Delivered
ORD_0002346,CUST_000688,2026-02-26 03:44:26,LOC_0008,LOC_0028,Express,29506.85,1834.89,2026-07-26 20:58:58,Cancelled
ORD_0002347,CUST_000452,2026-01-25 11:45:17,LOC_0043,LOC_0042,Standard,70572.45,1679.9,2026-02-19 17:58:55,Delivered
ORD_0002348,CUST_000638,2026-02-06 14:13:44,LOC_0044,LOC_0003,Express,67223.98,3119.83,2026-09-28 05:13:42,Delivered
ORD_0002349,CUST_000217,2026-07-27 03:42:03,LOC_0036,LOC_0014,Standard,14420.78,1815.37,2026-03-09 13:30:36,Delivered
ORD_0002350,CUST_000782,2026-06-02 13:44:31,LOC_0019,LOC_0042,Standard,54246.35,3917.57,2026-06-21 04:57:50,Delivered
ORD_0002351,CUST_000267,2026-09-04 16:14:52,LOC_0023,LOC_0014,Urgent,2036.06,3507.98,2026-05-19 05:46:06,Delivered
ORD_0002352,CUST_000107,2026-04-13 14:04:29,LOC_0020,LOC_0001,Express,37471.3,2824.02,2026-06-25 23:43:53,Cancelled
ORD_0002353,CUST_000119,2026-06-01 00:46:55,LOC_0026,LOC_0027,Urgent,75985.35,1150.65,2026-04-26 06:48:47,Delivered
ORD_0002354,CUST_000268,2026-03-13 10:00:56,LOC_0027,LOC_0025,Standard,13579.55,1747.21,2025-12-01 06:25:51,Delivered
ORD_0002355,CUST_000775,2026-02-18 22:52:21,LOC_0038,LOC_0023,Express,80083.63,2442.44,2026-04-15 04:46:49,Delivered
ORD_0002356,CUST_000226,2026-02-26 06:03:02,LOC_0006,LOC_0022,Standard,3611.53,1390.17,2026-07-30 09:31:01,Delivered
ORD_0002357,CUST_000272,2026-04-12 21:53:24,LOC_0017,LOC_0007,Standard,82342.12,3411.57,2026-02-24 07:41:42,Delivered
ORD_0002358,CUST_000089,2026-08-14 05:54:40,LOC_0043,LOC_0044,Express,71076.44,4660.27,2026-08-23 14:35:58,Delivered
ORD_0002359,CUST_000828,2025-12-07 01:42:02,LOC_0013,LOC_0029,Express,62687.16,1563.67,2026-01-05 22:12:44,Delivered
ORD_0002360,CUST_000004,2026-02-10 06:20:15,LOC_0011,LOC_0028,Standard,24364.06,1629.1,2026-06-29 13:07:33,Delivered
ORD_0002361,CUST_000884,2025-11-21 02:39:54,LOC_0045,LOC_0024,Standard,56862.62,1367.31,2026-02-15 14:41:39,Delivered
ORD_0002362,CUST_000516,2025-10-05 18:53:48,LOC_0041,LOC_0004,Urgent,44912.49,861.27,2026-04-19 02:51:33,Delivered
ORD_0002363,CUST_000634,2025-12-01 03:26:57,LOC_0014,LOC_0032,Urgent,21475.49,2034.73,2026-04-25 22:30:47,Delivered
ORD_0002364,CUST_000445,2026-01-22 09:26:51,LOC_0040,LOC_0022,Standard,10945.98,3173.52,2026-09-23 13:54:54,Delivered
ORD_0002365,CUST_000297,2026-09-09 06:37:30,LOC_0018,LOC_0039,Standard,35743.4,1734.2,2026-05-30 10:39:16,Delivered
ORD_0002366,CUST_000898,2025-12-20 21:41:07,LOC_0001,LOC_0044,Standard,76344.2,3231.54,2026-02-09 10:10:45,Delivered
ORD_0002367,CUST_000110,2026-06-21 22:59:44,LOC_0031,LOC_0029,Standard,3984.0,1038.45,2026-05-23 13:55:46,Delivered
ORD_0002368,CUST_000108,2026-09-03 00:27:47,LOC_0026,LOC_0018,Urgent,36275.16,2689.65,2026-04-29 12:08:59,Delivered
ORD_0002369,CUST_000978,2026-04-06 14:53:02,LOC_0013,LOC_0005,Standard,56958.71,1206.37,2025-11-14 21:01:29,Delivered
ORD_0002370,CUST_000087,2026-07-05 14:29:13,LOC_0002,LOC_0044,Express,36010.2,918.38,2026-02-27 01:26:51,Delivered
ORD_0002371,CUST_000147,2025-11-10 07:56:11,LOC_0020,LOC_0032,Express,79346.96,4796.08,2026-05-05 11:35:07,Delivered
ORD_0002372,CUST_000346,2026-04-05 02:00:19,LOC_0003,LOC_0027,Standard,3302.51,1616.74,2025-11-20 11:17:42,Delivered
ORD_0002373,CUST_000039,2026-03-12 03:13:02,LOC_0037,LOC_0040,Express,81283.33,2655.81,2026-04-05 10:27:33,Delivered
ORD_0002374,CUST_000829,2025-10-21 13:59:37,LOC_0044,LOC_0011,Standard,19599.99,4928.22,2025-11-17 20:02:02,Delivered
ORD_0002375,CUST_000916,2026-03-04 03:15:14,LOC_0010,LOC_0002,Standard,62939.71,1956.98,2026-09-22 19:40:01,Delivered
ORD_0002376,CUST_000335,2025-12-29 08:52:06,LOC_0042,LOC_0029,Standard,45255.42,860.57,2026-06-03 14:00:19,Delivered
ORD_0002377,CUST_000139,2026-01-23 21:02:11,LOC_0037,LOC_0030,Express,28213.78,187.79,2026-06-20 19:26:43,Delivered
ORD_0002378,CUST_000905,2026-05-21 17:17:33,LOC_0024,LOC_0019,Express,34453.65,1557.81,2025-12-31 22:09:35,Delivered
ORD_0002379,CUST_000277,2026-02-13 17:17:21,LOC_0028,LOC_0014,Standard,44713.85,2391.25,2026-03-07 12:14:26,Delivered
ORD_0002380,CUST_000505,2026-05-14 07:17:51,LOC_0024,LOC_0003,Urgent,39773.38,158.68,2025-10-06 18:14:31,Delivered
ORD_0002381,CUST_000602,2026-06-19 03:20:19,LOC_0046,LOC_0033,Standard,9794.26,3787.3,2025-10-04 02:03:13,Delivered
ORD_0002382,CUST_000633,2025-12-04 06:14:10,LOC_0044,LOC_0013,Urgent,1102.87,4679.85,2026-09-26 04:45:56,Cancelled
ORD_0002383,CUST_000080,2025-11-15 01:42:15,LOC_0025,LOC_0048,Standard,71300.8,1135.12,2026-01-19 11:44:07,Delivered
ORD_0002384,CUST_000124,2025-11-12 09:58:37,LOC_0039,LOC_0038,Standard,21629.11,1673.58,2026-01-25 06:30:11,Delivered
ORD_0002385,CUST_000862,2026-03-11 15:59:53,LOC_0022,LOC_0027,Standard,54384.61,788.17,2026-07-29 09:35:47,Cancelled
ORD_0002386,CUST_000245,2026-08-09 18:34:53,LOC_0024,LOC_0012,Standard,2877.05,3523.22,2026-01-13 05:29:51,Delivered
ORD_0002387,CUST_000434,2026-03-21 23:55:05,LOC_0002,LOC_0011,Express,31455.09,2229.86,2026-01-24 13:44:26,Delivered
ORD_0002388,CUST_000132,2026-08-04 08:58:05,LOC_0046,LOC_0032,Express,72074.88,2467.02,2026-09-02 12:40:45,Delivered
ORD_0002389,CUST_000721,2025-11-07 22:47:06,LOC_0034,LOC_0039,Express,62074.84,4309.61,2026-08-12 12:30:30,Delivered
ORD_0002390,CUST_000300,2025-10-29 12:33:56,LOC_0045,LOC_0033,Same Day,82139.93,2199.12,2026-01-31 13:41:29,Delivered
ORD_0002391,CUST_000095,2026-06-11 21:16:12,LOC_0037,LOC_0001,Standard,26717.42,4719.77,2026-06-26 14:45:00,Delivered
ORD_0002392,CUST_000815,2026-06-10 04:13:59,LOC_0006,LOC_0032,Urgent,2944.34,523.12,2026-03-07 20:27:33,Delivered
ORD_0002393,CUST_000976,2026-02-01 02:30:13,LOC_0034,LOC_0041,Express,3002.34,1223.46,2026-08-20 09:43:12,Delivered
ORD_0002394,CUST_000873,2026-07-03 05:28:27,LOC_0042,LOC_0048,Standard,66506.87,3614.55,2026-09-21 23:45:54,Delivered
ORD_0002395,CUST_000781,2026-01-07 02:02:47,LOC_0045,LOC_0012,Same Day,71681.37,4181.41,2026-01-28 08:38:01,Delivered
ORD_0002396,CUST_000130,2026-08-06 00:15:02,LOC_0015,LOC_0004,Standard,25330.53,3712.23,2026-06-10 04:48:45,Delivered
ORD_0002397,CUST_000829,2026-03-13 18:05:05,LOC_0023,LOC_0007,Express,20616.57,4596.91,2026-06-03 04:49:14,Delivered
ORD_0002398,CUST_000240,2026-07-30 05:27:09,LOC_0007,LOC_0028,Urgent,27072.99,2151.88,2026-07-20 16:22:41,Delivered
ORD_0002399,CUST_000669,2026-06-03 08:58:59,LOC_0007,LOC_0015,Express,63269.14,3949.2,2026-06-08 20:13:23,Delivered
ORD_0002400,CUST_000591,2026-04-23 06:24:14,LOC_0044,LOC_0048,Standard,9919.71,4004.04,2026-02-06 07:02:23,Delivered
ORD_0002401,CUST_000314,2026-08-29 07:05:45,LOC_0032,LOC_0016,Standard,83794.15,4149.24,2026-01-04 12:50:17,Delivered
ORD_0002402,CUST_000369,2026-08-31 15:26:33,LOC_0010,LOC_0024,Standard,71626.4,2419.47,2026-08-23 17:44:00,Delivered
ORD_0002403,CUST_000336,2026-02-16 20:37:29,LOC_0040,LOC_0026,Express,54940.28,3689.28,2026-05-07 19:02:03,Delivered
ORD_0002404,CUST_000515,2025-12-19 10:45:18,LOC_0005,LOC_0034,Standard,34149.63,250.04,2026-01-15 05:01:52,Delivered
ORD_0002405,CUST_000612,2026-08-03 03:42:54,LOC_0023,LOC_0018,Urgent,78430.18,3182.02,2025-10-15 00:41:10,Delivered
ORD_0002406,CUST_000672,2026-08-15 18:03:50,LOC_0004,LOC_0026,Express,10871.37,4800.21,2026-04-14 22:24:23,Delivered
ORD_0002407,CUST_000165,2026-08-16 20:56:43,LOC_0014,LOC_0016,Standard,42612.2,1732.39,2025-11-03 11:19:09,Delivered
ORD_0002408,CUST_000717,2025-12-12 21:36:04,LOC_0008,LOC_0017,Standard,42480.03,3542.54,2025-11-08 05:18:31,Delivered
ORD_0002409,CUST_000104,2026-01-01 06:03:32,LOC_0044,LOC_0020,Standard,16143.97,2197.56,2026-07-12 00:58:48,Delivered
ORD_0002410,CUST_000351,2025-12-27 12:01:18,LOC_0004,LOC_0043,Same Day,81557.06,3968.35,2026-02-07 15:21:02,Cancelled
ORD_0002411,CUST_000368,2025-12-26 12:50:09,LOC_0045,LOC_0048,Standard,68161.4,3531.25,2026-06-27 01:33:08,Delivered
ORD_0002412,CUST_000534,2025-11-27 08:23:36,LOC_0047,LOC_0041,Standard,76928.49,640.04,2025-11-10 21:10:35,Delivered
ORD_0002413,CUST_000193,2026-04-22 15:19:55,LOC_0024,LOC_0044,Standard,82832.23,1396.04,2025-10-21 20:24:13,Delivered
ORD_0002414,CUST_000234,2026-08-30 16:13:29,LOC_0011,LOC_0003,Standard,64095.46,4432.65,2026-05-07 18:08:20,Delivered
ORD_0002415,CUST_000492,2025-12-05 10:53:46,LOC_0001,LOC_0034,Express,44370.66,2399.67,2026-02-16 21:10:05,Delivered
ORD_0002416,CUST_000529,2025-10-29 13:57:49,LOC_0001,LOC_0040,Express,31965.81,3123.73,2026-08-13 22:33:55,Delivered
ORD_0002417,CUST_000253,2026-08-08 20:48:07,LOC_0035,LOC_0001,Standard,55426.95,4439.71,2025-12-19 08:59:17,Delivered
ORD_0002418,CUST_000174,2025-10-06 16:03:40,LOC_0020,LOC_0024,Standard,41759.46,4918.53,2026-02-01 09:15:21,Delivered
ORD_0002419,CUST_000940,2026-08-11 15:41:28,LOC_0017,LOC_0036,Standard,43694.2,3339.41,2026-07-11 23:09:15,Delivered
ORD_0002420,CUST_000548,2026-04-07 12:21:16,LOC_0018,LOC_0032,Express,14524.48,1704.37,2026-04-07 20:11:54,Delivered
ORD_0002421,CUST_000222,2025-10-24 06:39:06,LOC_0048,LOC_0003,Express,35659.84,4458.73,2026-03-25 13:04:10,Delivered
ORD_0002422,CUST_000736,2025-12-25 04:02:16,LOC_0028,LOC_0045,Same Day,50378.88,1686.12,2025-11-07 09:46:35,Delivered
ORD_0002423,CUST_000080,2026-03-10 11:47:01,LOC_0030,LOC_0001,Urgent,53821.58,1057.61,2026-07-28 19:59:58,Delivered
ORD_0002424,CUST_000047,2026-01-24 14:18:53,LOC_0031,LOC_0010,Standard,23340.46,4868.92,2026-08-13 01:36:35,Delivered
ORD_0002425,CUST_000063,2025-12-24 15:13:10,LOC_0028,LOC_0022,Standard,2534.55,3583.09,2026-08-23 00:20:03,Delivered
ORD_0002426,CUST_000929,2025-10-09 10:58:32,LOC_0048,LOC_0047,Express,69173.49,4848.53,2025-10-14 22:49:19,Delivered
ORD_0002427,CUST_000772,2026-02-04 11:58:32,LOC_0027,LOC_0035,Urgent,22728.04,1610.52,2026-08-31 21:09:26,Cancelled
ORD_0002428,CUST_000747,2026-06-04 13:55:53,LOC_0029,LOC_0017,Same Day,27083.21,279.55,2026-01-23 16:55:10,Delivered
ORD_0002429,CUST_000806,2026-05-20 09:35:21,LOC_0012,LOC_0004,Express,68006.41,3007.89,2025-11-16 08:35:00,Delivered
ORD_0002430,CUST_000895,2025-10-28 16:02:25,LOC_0003,LOC_0023,Express,53741.62,97.49,2026-07-15 12:33:57,Delivered
ORD_0002431,CUST_000014,2026-05-30 16:45:01,LOC_0003,LOC_0019,Standard,22036.52,1795.21,2025-10-17 12:00:37,Delivered
ORD_0002432,CUST_000370,2026-03-03 13:22:45,LOC_0027,LOC_0002,Same Day,51623.48,4298.67,2026-01-18 11:24:05,Delivered
ORD_0002433,CUST_000617,2026-08-04 11:12:13,LOC_0022,LOC_0048,Standard,14918.94,4462.47,2025-11-03 22:37:48,Delivered
ORD_0002434,CUST_000024,2025-10-28 01:50:51,LOC_0020,LOC_0016,Standard,73847.53,4648.54,2025-11-14 01:34:10,Delivered
ORD_0002435,CUST_000785,2025-10-16 03:03:45,LOC_0047,LOC_0043,Urgent,70901.33,509.41,2026-03-02 05:41:22,Delivered
ORD_0002436,CUST_000060,2026-01-16 15:11:35,LOC_0011,LOC_0024,Same Day,43586.19,4603.31,2026-01-28 07:43:25,Delivered
ORD_0002437,CUST_000087,2026-08-06 22:57:31,LOC_0043,LOC_0035,Standard,6187.74,441.92,2025-12-31 18:43:35,Delivered
ORD_0002438,CUST_000505,2026-05-11 19:59:45,LOC_0046,LOC_0039,Express,39163.69,3585.76,2026-08-15 18:34:29,Delivered
ORD_0002439,CUST_000317,2026-08-05 14:35:16,LOC_0025,LOC_0022,Express,76299.93,1174.67,2026-08-28 05:46:50,Delivered
ORD_0002440,CUST_000660,2026-01-07 12:54:00,LOC_0031,LOC_0016,Standard,68568.51,2091.47,2026-04-07 17:14:03,Delivered
ORD_0002441,CUST_000360,2026-05-10 15:36:51,LOC_0008,LOC_0037,Urgent,36281.9,4233.71,2025-11-10 06:53:22,Delivered
ORD_0002442,CUST_000709,2026-01-06 22:41:09,LOC_0040,LOC_0006,Standard,31323.99,1903.98,2026-05-21 01:16:16,Delivered
ORD_0002443,CUST_000866,2025-10-10 19:15:41,LOC_0001,LOC_0034,Standard,38313.72,2876.66,2026-08-07 19:03:46,Delivered
ORD_0002444,CUST_000497,2026-08-16 23:55:14,LOC_0003,LOC_0043,Urgent,40846.07,2407.63,2026-01-28 05:50:01,Cancelled
ORD_0002445,CUST_000057,2026-05-28 12:51:08,LOC_0009,LOC_0024,Standard,31640.61,1411.93,2026-07-21 16:13:00,Delivered
ORD_0002446,CUST_000332,2026-07-17 11:37:18,LOC_0009,LOC_0024,Same Day,22329.44,4532.46,2026-03-01 20:05:22,Delivered
ORD_0002447,CUST_000963,2026-07-02 19:55:04,LOC_0044,LOC_0027,Standard,23440.66,920.35,2025-12-25 02:57:27,Delivered
ORD_0002448,CUST_000951,2026-05-10 16:52:14,LOC_0047,LOC_0031,Standard,65957.16,2375.06,2025-11-22 21:18:24,Delivered
ORD_0002449,CUST_000862,2026-03-14 04:20:03,LOC_0011,LOC_0048,Express,34560.51,1175.31,2026-09-10 13:35:26,Delivered
ORD_0002450,CUST_000554,2026-06-26 09:01:20,LOC_0012,LOC_0042,Express,68435.98,1428.78,2026-09-19 16:45:30,Delivered
ORD_0002451,CUST_000508,2026-05-07 18:39:18,LOC_0030,LOC_0044,Standard,9471.44,4968.76,2026-04-26 09:23:50,Cancelled
ORD_0002452,CUST_000342,2026-02-28 09:42:41,LOC_0002,LOC_0044,Urgent,15366.25,182.3,2026-04-03 13:53:04,Delivered
ORD_0002453,CUST_000055,2026-01-28 05:02:40,LOC_0031,LOC_0043,Standard,18731.63,4250.14,2025-10-22 15:24:54,Delivered
ORD_0002454,CUST_000443,2025-11-04 16:59:13,LOC_0037,LOC_0046,Express,24278.86,2761.9,2025-12-09 18:43:50,Delivered
ORD_0002455,CUST_000868,2026-05-03 12:33:43,LOC_0020,LOC_0027,Standard,84232.64,2712.91,2026-09-17 21:10:10,Delivered
ORD_0002456,CUST_000085,2025-10-23 18:35:31,LOC_0042,LOC_0010,Urgent,48063.57,4529.84,2025-10-13 15:57:49,Cancelled
ORD_0002457,CUST_000594,2025-12-20 08:21:51,LOC_0017,LOC_0010,Express,70389.27,2789.01,2025-12-25 01:15:27,Delivered
ORD_0002458,CUST_000737,2025-10-04 10:07:46,LOC_0031,LOC_0016,Express,27920.56,3676.09,2026-01-29 22:49:17,Delivered
ORD_0002459,CUST_000834,2026-03-14 12:15:07,LOC_0005,LOC_0026,Standard,28385.55,990.94,2025-12-03 07:49:37,Delivered
ORD_0002460,CUST_000148,2026-04-16 18:51:54,LOC_0026,LOC_0036,Standard,50286.03,1204.48,2026-07-09 15:35:28,Delivered
ORD_0002461,CUST_000454,2025-11-02 01:24:09,LOC_0011,LOC_0033,Standard,45992.63,4596.78,2026-04-11 03:15:37,Delivered
ORD_0002462,CUST_000322,2025-10-20 03:18:31,LOC_0012,LOC_0048,Standard,19123.94,3329.27,2026-01-21 17:14:51,Delivered
ORD_0002463,CUST_000071,2025-12-09 13:28:32,LOC_0009,LOC_0039,Urgent,58676.25,2283.04,2026-07-30 21:40:45,Delivered
ORD_0002464,CUST_000081,2026-07-06 23:35:23,LOC_0038,LOC_0014,Standard,7214.37,4411.53,2026-02-26 00:47:13,Delivered
ORD_0002465,CUST_000712,2025-12-13 15:34:54,LOC_0003,LOC_0047,Express,59063.12,1377.61,2026-06-30 20:24:25,Delivered
ORD_0002466,CUST_000967,2025-12-31 07:34:54,LOC_0007,LOC_0046,Same Day,38128.26,2266.81,2026-06-30 15:34:45,Delivered
ORD_0002467,CUST_000903,2026-08-27 20:29:59,LOC_0019,LOC_0037,Standard,68006.97,2758.91,2025-12-10 21:53:12,Delivered
ORD_0002468,CUST_000391,2026-06-10 04:56:55,LOC_0022,LOC_0018,Express,34541.67,857.01,2026-08-26 14:27:47,Delivered
ORD_0002469,CUST_000086,2025-10-21 01:38:29,LOC_0005,LOC_0036,Urgent,3249.92,1515.56,2026-07-05 01:55:32,Delivered
ORD_0002470,CUST_000934,2026-08-06 21:09:27,LOC_0041,LOC_0027,Urgent,34826.82,3902.73,2025-10-25 17:03:20,Delivered
ORD_0002471,CUST_000263,2025-12-09 08:09:44,LOC_0033,LOC_0022,Standard,1195.43,1368.28,2026-02-26 19:42:42,Delivered
ORD_0002472,CUST_000513,2026-07-14 12:54:55,LOC_0027,LOC_0008,Express,72556.0,4399.29,2026-08-01 06:48:29,Delivered
ORD_0002473,CUST_000392,2026-02-05 22:14:47,LOC_0004,LOC_0024,Standard,42683.76,3928.8,2026-05-06 22:08:39,Delivered
ORD_0002474,CUST_000334,2026-07-17 14:15:42,LOC_0003,LOC_0017,Express,25765.38,4917.76,2026-01-15 08:37:46,Delivered
ORD_0002475,CUST_000552,2026-06-17 11:44:41,LOC_0004,LOC_0045,Urgent,69717.28,1138.2,2026-02-14 17:02:59,Delivered
ORD_0002476,CUST_000455,2026-01-23 03:18:30,LOC_0003,LOC_0019,Standard,48110.67,2525.54,2025-11-27 12:37:27,Delivered
ORD_0002477,CUST_000440,2025-12-27 06:29:16,LOC_0035,LOC_0005,Standard,49238.04,772.5,2026-09-18 15:55:43,Delivered
ORD_0002478,CUST_000125,2026-08-19 15:34:40,LOC_0030,LOC_0006,Standard,37039.46,403.48,2026-02-05 02:07:02,Delivered
ORD_0002479,CUST_000257,2026-03-15 19:42:54,LOC_0012,LOC_0033,Same Day,37409.67,2648.31,2026-01-20 06:14:42,Delivered
ORD_0002480,CUST_000164,2026-06-04 06:55:36,LOC_0012,LOC_0036,Standard,10413.56,1028.1,2026-07-25 16:16:22,Delivered
ORD_0002481,CUST_000548,2025-10-21 18:21:25,LOC_0015,LOC_0013,Same Day,82717.26,3926.16,2026-03-14 01:00:43,Delivered
ORD_0002482,CUST_000275,2026-08-30 20:30:10,LOC_0019,LOC_0045,Express,50430.84,4237.14,2026-04-02 02:23:33,Delivered
ORD_0002483,CUST_000222,2026-08-16 13:50:52,LOC_0027,LOC_0007,Standard,3736.5,1789.67,2026-07-18 17:57:58,Delivered
ORD_0002484,CUST_000469,2025-11-10 15:47:53,LOC_0004,LOC_0015,Standard,30222.23,4414.62,2026-09-18 04:39:54,Delivered
ORD_0002485,CUST_000897,2025-10-21 18:02:18,LOC_0023,LOC_0035,Standard,16796.87,4279.69,2026-09-02 10:07:14,Delivered
ORD_0002486,CUST_000152,2025-10-08 06:19:26,LOC_0012,LOC_0021,Standard,46939.49,4726.3,2026-09-06 23:06:49,Delivered
ORD_0002487,CUST_000982,2026-09-10 19:28:06,LOC_0042,LOC_0036,Urgent,45776.52,1002.05,2026-04-13 13:24:46,Delivered
ORD_0002488,CUST_000528,2026-07-21 10:14:25,LOC_0019,LOC_0016,Express,48121.27,4773.37,2026-08-28 12:17:33,Delivered
ORD_0002489,CUST_000874,2026-04-01 07:03:52,LOC_0041,LOC_0032,Standard,73356.15,3416.84,2026-09-13 10:50:55,Delivered
ORD_0002490,CUST_000970,2026-06-11 23:07:50,LOC_0021,LOC_0048,Urgent,40205.7,634.19,2026-05-06 09:14:06,Delivered
ORD_0002491,CUST_000967,2026-04-30 11:07:34,LOC_0004,LOC_0021,Express,72684.76,4475.33,2026-09-24 17:27:03,Delivered
ORD_0002492,CUST_000001,2026-02-04 01:21:29,LOC_0035,LOC_0019,Standard,14012.69,824.72,2025-12-12 19:44:32,Delivered
ORD_0002493,CUST_000550,2026-01-06 20:34:35,LOC_0024,LOC_0005,Urgent,10392.1,1648.72,2026-02-02 10:24:27,Delivered
ORD_0002494,CUST_000014,2026-04-24 16:59:13,LOC_0047,LOC_0024,Standard,63551.7,603.58,2025-11-20 12:12:15,Delivered
ORD_0002495,CUST_000992,2026-02-22 18:25:07,LOC_0046,LOC_0001,Standard,83101.71,3675.41,2026-04-13 08:09:59,Delivered
ORD_0002496,CUST_000640,2026-03-30 09:55:37,LOC_0010,LOC_0025,Express,22911.8,1132.18,2026-05-08 03:13:54,Delivered
ORD_0002497,CUST_000385,2026-08-18 18:22:25,LOC_0004,LOC_0024,Standard,37590.27,745.26,2026-03-12 03:06:54,Delivered
ORD_0002498,CUST_000321,2026-03-16 21:40:24,LOC_0035,LOC_0005,Standard,49391.91,4348.43,2026-05-11 21:06:26,Delivered
ORD_0002499,CUST_000710,2026-04-29 13:02:23,LOC_0039,LOC_0018,Same Day,10415.29,160.57,2026-02-24 22:49:01,Delivered
ORD_0002500,CUST_000547,2026-06-19 07:36:57,LOC_0029,LOC_0040,Express,66499.21,1200.79,2026-05-05 01:08:31,Delivered
ORD_0002501,CUST_000709,2026-02-03 15:02:25,LOC_0034,LOC_0041,Standard,33166.45,3843.04,2026-07-25 09:57:52,Delivered
ORD_0002502,CUST_000794,2025-11-28 23:56:55,LOC_0035,LOC_0028,Standard,3888.83,2499.22,2026-02-28 00:03:03,Delivered
ORD_0002503,CUST_000208,2026-08-24 02:02:30,LOC_0027,LOC_0033,Standard,41527.4,2650.52,2025-10-14 20:36:18,Delivered
ORD_0002504,CUST_000624,2025-11-08 04:46:03,LOC_0038,LOC_0035,Standard,53811.44,2334.63,2025-12-08 21:38:05,Delivered
ORD_0002505,CUST_000672,2026-06-10 03:29:13,LOC_0027,LOC_0013,Standard,58432.82,2528.42,2026-03-08 21:54:05,Delivered
ORD_0002506,CUST_000875,2026-01-29 15:34:07,LOC_0033,LOC_0044,Standard,13988.67,2940.79,2026-09-22 00:09:21,Delivered
ORD_0002507,CUST_000433,2026-05-25 23:44:55,LOC_0035,LOC_0005,Standard,53844.51,506.11,2026-06-23 17:15:25,Delivered
ORD_0002508,CUST_000271,2026-01-08 14:42:09,LOC_0036,LOC_0047,Express,29715.53,3627.69,2025-10-03 21:19:37,Delivered
ORD_0002509,CUST_000967,2026-06-26 09:50:01,LOC_0035,LOC_0016,Standard,27397.98,1886.98,2025-12-17 10:42:24,Delivered
ORD_0002510,CUST_000517,2026-06-06 04:23:37,LOC_0045,LOC_0002,Express,35569.36,282.45,2026-03-16 02:40:01,Delivered
ORD_0002511,CUST_000009,2026-08-23 05:42:48,LOC_0045,LOC_0014,Standard,54784.08,1673.47,2026-03-26 11:02:02,Delivered
ORD_0002512,CUST_000342,2026-07-05 02:11:32,LOC_0021,LOC_0032,Same Day,53882.04,2199.17,2026-04-30 02:56:22,Delivered
ORD_0002513,CUST_000609,2025-12-01 09:54:17,LOC_0039,LOC_0018,Standard,9897.35,4880.21,2026-07-12 20:37:26,Delivered
ORD_0002514,CUST_000033,2026-03-05 08:47:46,LOC_0034,LOC_0020,Standard,44512.13,3575.48,2026-08-20 00:45:26,Delivered
ORD_0002515,CUST_000120,2025-11-18 06:32:27,LOC_0039,LOC_0040,Standard,71691.19,1716.04,2026-06-30 23:30:28,Delivered
ORD_0002516,CUST_000179,2026-03-12 18:21:17,LOC_0040,LOC_0012,Express,14190.45,4913.42,2026-05-13 18:39:18,Delivered
ORD_0002517,CUST_000530,2025-12-24 13:14:33,LOC_0011,LOC_0029,Urgent,34904.56,2688.66,2026-07-07 04:11:37,Cancelled
ORD_0002518,CUST_000621,2026-07-14 21:24:10,LOC_0034,LOC_0025,Standard,21868.73,3246.62,2025-11-26 02:03:17,Delivered
ORD_0002519,CUST_000657,2026-01-27 06:02:48,LOC_0036,LOC_0004,Urgent,55579.06,397.85,2026-05-07 08:04:08,Delivered
ORD_0002520,CUST_000033,2026-06-04 21:53:49,LOC_0004,LOC_0047,Standard,73319.95,4277.05,2025-11-03 00:40:49,Delivered
ORD_0002521,CUST_000007,2026-01-28 14:39:40,LOC_0004,LOC_0039,Standard,56777.58,4365.28,2025-11-15 00:24:25,Delivered
ORD_0002522,CUST_000276,2026-06-25 22:55:43,LOC_0026,LOC_0009,Express,25690.78,3798.07,2026-06-13 09:38:00,Delivered
ORD_0002523,CUST_000585,2025-11-30 22:40:55,LOC_0033,LOC_0030,Urgent,42671.83,4791.51,2026-06-25 21:36:35,Delivered
ORD_0002524,CUST_000545,2025-12-22 12:28:29,LOC_0044,LOC_0043,Express,10466.34,2474.45,2026-03-07 13:46:12,Delivered
ORD_0002525,CUST_000470,2026-02-09 01:51:45,LOC_0027,LOC_0017,Standard,26408.17,3358.02,2026-01-06 06:05:17,Delivered
ORD_0002526,CUST_000911,2026-02-22 21:27:51,LOC_0032,LOC_0044,Standard,35250.63,786.5,2026-08-30 18:20:16,Delivered
ORD_0002527,CUST_000922,2025-10-27 17:35:36,LOC_0036,LOC_0032,Standard,16326.42,1303.13,2026-09-26 05:53:56,Delivered
ORD_0002528,CUST_000051,2026-06-01 05:10:37,LOC_0007,LOC_0026,Urgent,2229.76,3295.02,2026-09-25 09:02:02,Cancelled
ORD_0002529,CUST_000659,2026-06-21 09:10:18,LOC_0019,LOC_0015,Express,50620.61,1546.79,2025-12-29 10:29:41,Delivered
ORD_0002530,CUST_000966,2026-04-05 09:04:49,LOC_0030,LOC_0009,Express,61286.92,4567.73,2026-01-11 18:47:13,Delivered
ORD_0002531,CUST_000011,2026-05-10 21:43:41,LOC_0027,LOC_0029,Urgent,6793.29,162.89,2026-06-02 01:17:43,Delivered
ORD_0002532,CUST_000652,2026-05-23 09:16:46,LOC_0017,LOC_0009,Standard,30539.4,1744.57,2025-11-19 17:01:38,Delivered
ORD_0002533,CUST_000481,2026-06-21 03:57:55,LOC_0037,LOC_0006,Express,63315.56,1144.52,2026-02-20 22:28:01,Cancelled
ORD_0002534,CUST_000790,2025-10-11 01:29:29,LOC_0015,LOC_0019,Urgent,61062.99,2338.06,2025-12-19 22:24:35,Delivered
ORD_0002535,CUST_000665,2026-08-29 10:10:40,LOC_0019,LOC_0016,Urgent,66698.85,4582.07,2026-02-03 14:07:02,Delivered
ORD_0002536,CUST_000653,2025-10-31 05:15:16,LOC_0007,LOC_0005,Standard,8498.86,3300.71,2025-12-13 01:18:57,Delivered
ORD_0002537,CUST_000467,2026-06-08 06:13:10,LOC_0004,LOC_0032,Standard,2624.18,1856.39,2025-10-26 08:08:25,Delivered
ORD_0002538,CUST_000262,2025-11-29 00:47:38,LOC_0046,LOC_0043,Express,11485.16,1674.88,2026-09-07 12:08:36,Delivered
ORD_0002539,CUST_000637,2025-12-02 23:29:16,LOC_0048,LOC_0042,Standard,42645.02,3318.47,2026-01-05 01:00:54,Delivered
ORD_0002540,CUST_000825,2026-04-30 10:27:27,LOC_0007,LOC_0034,Standard,73707.9,4032.88,2026-01-27 23:26:35,Delivered
ORD_0002541,CUST_000828,2026-05-22 22:24:15,LOC_0010,LOC_0048,Standard,78065.86,525.09,2026-05-27 02:26:56,Delivered
ORD_0002542,CUST_000506,2026-06-09 03:30:51,LOC_0007,LOC_0024,Standard,81720.11,355.24,2026-06-10 01:13:05,Delivered
ORD_0002543,CUST_000919,2026-06-02 11:39:03,LOC_0025,LOC_0005,Urgent,73116.8,1898.54,2026-05-28 15:49:09,Delivered
ORD_0002544,CUST_000626,2026-03-29 20:51:09,LOC_0037,LOC_0023,Urgent,77838.3,4341.92,2026-09-13 02:03:15,Delivered
ORD_0002545,CUST_000666,2026-08-20 19:16:46,LOC_0027,LOC_0013,Express,76578.66,4435.84,2025-11-08 08:15:38,Delivered
ORD_0002546,CUST_000701,2026-07-28 12:15:10,LOC_0011,LOC_0046,Urgent,57581.71,3967.64,2026-09-05 23:49:32,Delivered
ORD_0002547,CUST_000168,2026-03-22 06:14:25,LOC_0043,LOC_0017,Express,11822.81,3282.34,2026-07-25 15:32:23,Delivered
ORD_0002548,CUST_000275,2026-07-22 16:50:42,LOC_0008,LOC_0038,Express,27166.0,3393.3,2026-07-04 09:22:40,Delivered
ORD_0002549,CUST_000971,2026-08-28 04:43:30,LOC_0046,LOC_0010,Standard,6792.09,1775.03,2026-07-28 21:42:21,Delivered
ORD_0002550,CUST_000113,2025-11-04 11:01:23,LOC_0035,LOC_0010,Standard,67280.99,4688.62,2026-02-16 07:32:45,Delivered
ORD_0002551,CUST_000383,2026-02-23 20:06:23,LOC_0027,LOC_0028,Standard,34504.81,2296.68,2026-09-21 20:46:13,Delivered
ORD_0002552,CUST_000788,2026-03-28 20:21:54,LOC_0006,LOC_0001,Standard,38829.36,3472.54,2025-12-13 23:09:07,Delivered
ORD_0002553,CUST_000603,2026-04-20 10:57:36,LOC_0042,LOC_0031,Same Day,5456.64,15.57,2026-04-06 06:25:43,Delivered
ORD_0002554,CUST_000894,2026-08-22 00:50:50,LOC_0028,LOC_0045,Standard,54281.54,4319.34,2025-12-15 06:26:48,Delivered
ORD_0002555,CUST_000209,2026-09-11 15:50:01,LOC_0019,LOC_0011,Express,60439.36,353.37,2026-04-30 18:49:54,Delivered
ORD_0002556,CUST_000058,2025-12-25 04:21:56,LOC_0031,LOC_0008,Urgent,10788.5,3020.3,2026-08-31 07:32:16,Delivered
ORD_0002557,CUST_000656,2026-01-19 08:43:36,LOC_0044,LOC_0031,Express,9280.32,2877.13,2026-03-24 12:03:01,Delivered
ORD_0002558,CUST_000848,2026-07-19 06:53:59,LOC_0005,LOC_0010,Express,19004.48,2566.55,2025-11-28 23:00:18,Delivered
ORD_0002559,CUST_000157,2026-06-24 06:38:52,LOC_0017,LOC_0014,Standard,45371.96,1959.76,2026-03-28 16:57:29,Delivered
ORD_0002560,CUST_000968,2026-05-17 22:28:04,LOC_0003,LOC_0037,Standard,22245.52,4072.24,2026-07-08 08:57:29,Cancelled
ORD_0002561,CUST_000222,2026-03-22 21:11:53,LOC_0025,LOC_0029,Standard,6046.27,1638.99,2026-08-31 21:42:31,Delivered
ORD_0002562,CUST_000301,2026-01-01 20:11:20,LOC_0026,LOC_0020,Express,69040.48,596.86,2026-05-26 10:41:59,Delivered
ORD_0002563,CUST_000802,2026-04-27 20:21:15,LOC_0014,LOC_0043,Standard,54468.95,2346.98,2025-11-14 20:54:33,Delivered
ORD_0002564,CUST_000248,2026-03-17 11:55:49,LOC_0025,LOC_0038,Standard,37688.28,242.7,2026-08-12 18:03:35,Delivered
ORD_0002565,CUST_000101,2026-09-01 17:18:54,LOC_0039,LOC_0015,Standard,47796.73,4433.39,2026-06-01 13:30:49,Delivered
ORD_0002566,CUST_000639,2026-08-19 23:47:29,LOC_0033,LOC_0028,Standard,78423.66,364.93,2026-06-24 01:57:02,Delivered
ORD_0002567,CUST_000156,2025-10-12 05:11:59,LOC_0039,LOC_0018,Same Day,73628.93,252.66,2025-12-05 14:58:27,Delivered
ORD_0002568,CUST_000664,2026-01-19 06:38:51,LOC_0031,LOC_0032,Express,27734.22,2421.84,2026-07-05 01:21:17,Cancelled
ORD_0002569,CUST_000765,2025-11-28 19:16:44,LOC_0034,LOC_0027,Standard,51948.78,892.01,2025-11-08 10:56:20,Delivered
ORD_0002570,CUST_000604,2025-10-04 12:51:59,LOC_0023,LOC_0033,Standard,51122.57,191.42,2025-12-25 02:31:41,Delivered
ORD_0002571,CUST_000149,2026-06-21 08:07:39,LOC_0029,LOC_0032,Express,28163.09,1531.11,2026-06-30 15:51:47,Delivered
ORD_0002572,CUST_000711,2025-11-16 12:35:49,LOC_0018,LOC_0017,Express,44658.65,22.91,2026-04-28 16:31:35,Delivered
ORD_0002573,CUST_000216,2025-12-19 04:09:45,LOC_0040,LOC_0035,Urgent,68605.7,1243.6,2026-07-25 08:20:51,Delivered
ORD_0002574,CUST_000836,2025-11-25 20:34:28,LOC_0021,LOC_0010,Same Day,24055.22,1257.07,2026-06-22 16:29:35,Delivered
ORD_0002575,CUST_000565,2026-08-29 08:20:28,LOC_0001,LOC_0032,Urgent,1540.68,3547.87,2025-12-17 22:58:41,Delivered
ORD_0002576,CUST_000628,2026-07-12 23:04:58,LOC_0019,LOC_0003,Urgent,44388.61,937.54,2026-04-04 06:58:13,Delivered
ORD_0002577,CUST_000439,2025-10-08 04:55:12,LOC_0011,LOC_0041,Standard,39626.31,1089.49,2026-06-10 02:43:43,Delivered
ORD_0002578,CUST_000724,2025-12-16 12:37:55,LOC_0043,LOC_0006,Same Day,2197.35,423.62,2026-03-10 09:16:38,Delivered
ORD_0002579,CUST_000927,2026-06-28 04:10:57,LOC_0019,LOC_0029,Urgent,72425.04,2725.01,2026-04-04 15:32:40,Delivered
ORD_0002580,CUST_000484,2025-12-11 05:21:20,LOC_0001,LOC_0034,Urgent,72259.83,1242.37,2025-10-14 04:10:06,Delivered
ORD_0002581,CUST_000675,2026-07-22 14:11:41,LOC_0040,LOC_0025,Urgent,63685.19,4225.5,2026-08-10 01:30:31,Delivered
ORD_0002582,CUST_000393,2026-07-27 07:22:58,LOC_0010,LOC_0011,Standard,55999.84,3925.06,2025-12-01 03:47:16,Delivered
ORD_0002583,CUST_000531,2026-03-17 14:51:23,LOC_0004,LOC_0029,Express,32278.94,4579.31,2025-10-31 01:28:07,Delivered
ORD_0002584,CUST_000870,2026-05-14 18:05:07,LOC_0034,LOC_0013,Express,6465.97,730.22,2026-04-22 03:53:32,Delivered
ORD_0002585,CUST_000815,2026-02-06 23:44:55,LOC_0007,LOC_0004,Standard,1553.45,1884.27,2026-01-06 13:42:34,Delivered
ORD_0002586,CUST_000308,2026-08-04 20:18:41,LOC_0005,LOC_0009,Standard,46662.22,2913.01,2025-12-25 09:51:17,Delivered
ORD_0002587,CUST_000538,2025-12-19 00:00:58,LOC_0005,LOC_0006,Urgent,24358.06,3723.27,2026-09-09 15:10:02,Delivered
ORD_0002588,CUST_000679,2026-07-30 09:35:04,LOC_0033,LOC_0019,Express,68287.45,2440.9,2026-01-12 08:56:27,Delivered
ORD_0002589,CUST_000976,2025-12-30 02:33:49,LOC_0015,LOC_0005,Express,43113.55,4005.56,2026-07-06 17:57:05,Delivered
ORD_0002590,CUST_000338,2025-10-13 10:32:30,LOC_0025,LOC_0033,Express,47424.88,2781.58,2026-07-07 21:06:12,Delivered
ORD_0002591,CUST_000710,2026-02-28 04:35:54,LOC_0015,LOC_0007,Standard,52815.42,2204.94,2025-11-20 10:00:20,Delivered
ORD_0002592,CUST_000806,2026-04-30 02:02:08,LOC_0002,LOC_0020,Express,42237.09,1574.94,2025-12-09 23:21:03,Delivered
ORD_0002593,CUST_000120,2026-05-08 14:56:54,LOC_0025,LOC_0023,Urgent,33982.54,2767.07,2025-11-20 23:19:56,Delivered
ORD_0002594,CUST_000617,2025-12-15 08:41:19,LOC_0043,LOC_0012,Standard,73798.78,851.15,2026-07-26 01:49:02,Delivered
ORD_0002595,CUST_000574,2026-02-28 03:21:36,LOC_0006,LOC_0039,Standard,64345.44,1942.06,2026-02-02 12:45:59,Delivered
ORD_0002596,CUST_000648,2026-07-13 09:48:06,LOC_0048,LOC_0019,Standard,81275.61,37.99,2026-02-22 19:01:33,Delivered
ORD_0002597,CUST_000978,2026-08-20 08:35:00,LOC_0026,LOC_0046,Standard,6265.85,1562.92,2025-12-16 00:23:15,Delivered
ORD_0002598,CUST_000830,2025-12-18 11:41:02,LOC_0047,LOC_0022,Standard,2977.39,1980.24,2025-11-12 04:44:01,Delivered
ORD_0002599,CUST_000863,2025-10-20 00:26:21,LOC_0013,LOC_0022,Express,29013.17,1184.03,2026-05-10 04:25:04,Delivered
ORD_0002600,CUST_000603,2025-11-24 15:22:48,LOC_0021,LOC_0033,Express,47196.44,511.65,2025-10-10 14:56:04,Delivered
ORD_0002601,CUST_000275,2026-06-03 12:36:17,LOC_0026,LOC_0024,Same Day,19525.09,1279.86,2025-10-03 02:40:30,Delivered
ORD_0002602,CUST_000881,2026-05-20 19:24:12,LOC_0048,LOC_0019,Standard,9419.05,3228.73,2026-06-11 04:32:55,Delivered
ORD_0002603,CUST_000008,2026-03-26 21:45:26,LOC_0026,LOC_0048,Urgent,41618.03,1746.6,2025-10-08 22:39:39,Cancelled
ORD_0002604,CUST_000926,2026-06-09 02:37:02,LOC_0030,LOC_0031,Standard,34404.92,4427.21,2026-06-07 01:37:29,Delivered
ORD_0002605,CUST_000691,2026-06-05 19:13:07,LOC_0028,LOC_0023,Standard,54280.73,4158.46,2026-03-16 23:25:33,Delivered
ORD_0002606,CUST_000498,2026-02-23 21:34:08,LOC_0006,LOC_0002,Standard,29175.88,1422.96,2026-08-20 15:57:58,Delivered
ORD_0002607,CUST_000703,2026-02-15 13:30:24,LOC_0038,LOC_0029,Standard,25562.12,2903.18,2026-01-27 13:17:40,Delivered
ORD_0002608,CUST_000737,2025-11-22 03:53:52,LOC_0038,LOC_0023,Standard,36389.29,4587.11,2026-01-31 00:29:38,Delivered
ORD_0002609,CUST_000026,2026-03-16 20:59:34,LOC_0037,LOC_0034,Standard,44568.16,1322.05,2025-12-05 02:35:42,Delivered
ORD_0002610,CUST_000804,2026-06-14 06:00:48,LOC_0028,LOC_0001,Standard,27793.51,4578.96,2025-12-06 18:51:01,Delivered
ORD_0002611,CUST_000930,2026-02-28 11:18:07,LOC_0037,LOC_0023,Urgent,22968.84,159.84,2026-01-27 11:58:18,Delivered
ORD_0002612,CUST_000117,2026-06-02 12:55:28,LOC_0029,LOC_0013,Standard,52127.85,2031.7,2026-05-29 11:46:32,Delivered
ORD_0002613,CUST_000363,2026-01-16 12:30:55,LOC_0028,LOC_0007,Urgent,80144.51,1425.89,2025-11-23 15:28:05,Delivered
ORD_0002614,CUST_000339,2026-09-09 14:45:55,LOC_0004,LOC_0036,Urgent,58002.27,3244.56,2026-01-11 14:40:50,Cancelled
ORD_0002615,CUST_000480,2026-02-11 09:02:19,LOC_0001,LOC_0038,Urgent,10623.61,722.98,2026-05-15 23:29:56,Delivered
ORD_0002616,CUST_000342,2026-03-08 15:23:27,LOC_0010,LOC_0001,Standard,73932.53,2708.44,2026-01-06 15:49:51,Delivered
ORD_0002617,CUST_000191,2025-12-15 06:45:46,LOC_0034,LOC_0014,Express,4108.65,4304.63,2026-08-12 22:43:48,Delivered
ORD_0002618,CUST_000576,2026-05-18 17:40:45,LOC_0034,LOC_0019,Standard,40616.91,3959.16,2025-10-11 00:09:29,Delivered
ORD_0002619,CUST_000903,2026-07-22 14:38:51,LOC_0007,LOC_0038,Standard,41485.54,4857.84,2026-03-31 02:15:13,Delivered
ORD_0002620,CUST_000317,2025-11-14 20:48:36,LOC_0016,LOC_0033,Express,47169.73,1527.33,2026-03-28 12:27:52,Delivered
ORD_0002621,CUST_000473,2025-12-24 11:27:39,LOC_0040,LOC_0011,Standard,19646.06,3580.55,2026-05-11 05:55:52,Delivered
ORD_0002622,CUST_000081,2025-11-12 01:21:27,LOC_0037,LOC_0043,Standard,27636.73,4029.17,2025-10-19 19:46:36,Delivered
ORD_0002623,CUST_000668,2026-06-06 13:27:01,LOC_0015,LOC_0010,Express,69000.74,2737.45,2026-05-14 00:02:07,Delivered
ORD_0002624,CUST_000275,2026-01-05 11:52:36,LOC_0012,LOC_0016,Express,62090.89,1076.67,2026-03-16 23:22:18,Delivered
ORD_0002625,CUST_000494,2026-07-15 04:54:49,LOC_0046,LOC_0008,Standard,35487.59,328.77,2026-08-12 03:58:47,Cancelled
ORD_0002626,CUST_000473,2026-08-16 23:17:58,LOC_0035,LOC_0031,Express,29551.91,606.97,2026-09-10 19:30:26,Cancelled
ORD_0002627,CUST_000960,2026-03-06 17:53:52,LOC_0013,LOC_0005,Standard,45605.42,2963.08,2026-06-13 05:38:04,Delivered
ORD_0002628,CUST_000275,2026-07-13 09:36:23,LOC_0015,LOC_0036,Standard,56937.19,2370.66,2025-12-18 06:54:15,Cancelled
ORD_0002629,CUST_000992,2026-07-19 07:47:48,LOC_0004,LOC_0044,Urgent,43447.58,3104.86,2026-08-06 09:54:08,Cancelled
ORD_0002630,CUST_000540,2026-08-11 19:25:22,LOC_0011,LOC_0028,Standard,32401.56,4637.67,2025-10-28 14:15:22,Delivered
ORD_0002631,CUST_000529,2026-07-16 18:00:18,LOC_0006,LOC_0013,Urgent,50310.42,1008.71,2026-03-25 20:05:42,Cancelled
ORD_0002632,CUST_000658,2026-03-09 19:28:37,LOC_0034,LOC_0048,Standard,7336.69,1432.57,2025-12-31 13:24:32,Delivered
ORD_0002633,CUST_000209,2026-06-27 18:49:21,LOC_0015,LOC_0047,Express,14135.35,2437.94,2026-04-05 16:34:05,Delivered
ORD_0002634,CUST_000705,2026-03-08 03:07:02,LOC_0033,LOC_0035,Standard,17408.25,2434.44,2026-01-07 12:28:09,Delivered
ORD_0002635,CUST_000414,2026-06-25 23:18:49,LOC_0001,LOC_0010,Standard,1714.37,801.0,2026-04-19 12:40:34,Delivered
ORD_0002636,CUST_000493,2026-05-22 08:03:01,LOC_0035,LOC_0005,Standard,38037.4,3169.25,2025-12-09 20:52:26,Delivered
ORD_0002637,CUST_000915,2026-02-12 22:30:50,LOC_0010,LOC_0012,Standard,8646.29,2129.64,2026-08-04 08:40:53,Delivered
ORD_0002638,CUST_000795,2026-06-21 09:17:28,LOC_0012,LOC_0003,Standard,43736.91,497.47,2026-03-22 12:44:40,Delivered
ORD_0002639,CUST_000566,2026-06-30 22:54:56,LOC_0002,LOC_0005,Express,3660.89,425.09,2026-06-22 18:01:00,Cancelled
ORD_0002640,CUST_000108,2026-04-14 07:07:24,LOC_0011,LOC_0003,Standard,24579.81,2233.28,2026-05-09 08:01:34,Delivered
ORD_0002641,CUST_000949,2026-07-22 01:14:22,LOC_0015,LOC_0009,Standard,2640.71,2081.24,2026-08-09 07:45:54,Delivered
ORD_0002642,CUST_000881,2026-05-01 18:27:15,LOC_0038,LOC_0004,Standard,6791.28,2065.6,2026-03-19 07:48:53,Delivered
ORD_0002643,CUST_000853,2026-04-05 18:38:25,LOC_0024,LOC_0027,Standard,23514.32,1108.7,2026-08-02 04:01:26,Delivered
ORD_0002644,CUST_000518,2025-12-14 03:38:10,LOC_0015,LOC_0027,Standard,68494.27,4560.13,2025-10-31 18:13:14,Delivered
ORD_0002645,CUST_000289,2026-06-06 08:42:29,LOC_0009,LOC_0018,Standard,70855.06,1950.91,2026-01-15 08:23:57,Delivered
ORD_0002646,CUST_000560,2025-12-20 13:09:49,LOC_0005,LOC_0026,Standard,20285.45,3604.4,2026-07-24 15:22:21,Delivered
ORD_0002647,CUST_000220,2025-10-04 08:59:48,LOC_0032,LOC_0017,Express,75868.44,2745.52,2025-11-06 22:46:35,Delivered
ORD_0002648,CUST_000846,2025-12-20 00:37:44,LOC_0038,LOC_0030,Same Day,72152.85,3731.97,2026-09-24 01:29:57,Delivered
ORD_0002649,CUST_000603,2026-02-19 04:17:28,LOC_0019,LOC_0012,Urgent,79969.88,1868.65,2026-02-17 19:22:25,Delivered
ORD_0002650,CUST_000702,2026-09-10 23:06:54,LOC_0043,LOC_0032,Express,29304.47,298.47,2026-06-20 20:20:39,Delivered
ORD_0002651,CUST_000053,2026-03-08 02:28:34,LOC_0037,LOC_0026,Express,78925.12,4140.58,2025-10-06 02:36:29,Delivered
ORD_0002652,CUST_000824,2025-11-05 03:23:19,LOC_0045,LOC_0011,Standard,51269.81,3512.5,2026-01-26 14:11:33,Delivered
ORD_0002653,CUST_000812,2025-12-09 19:18:35,LOC_0024,LOC_0017,Express,16600.45,3874.56,2026-03-03 13:32:15,Delivered
ORD_0002654,CUST_000603,2026-07-09 13:14:22,LOC_0028,LOC_0038,Standard,60005.26,4275.01,2026-03-09 06:15:29,Delivered
ORD_0002655,CUST_000021,2026-08-08 02:35:47,LOC_0013,LOC_0027,Urgent,22478.54,528.28,2025-12-27 06:45:10,Delivered
ORD_0002656,CUST_000761,2025-10-27 21:20:47,LOC_0039,LOC_0014,Standard,25108.07,1078.81,2026-09-11 09:01:08,Delivered
ORD_0002657,CUST_000611,2026-05-04 23:12:43,LOC_0002,LOC_0003,Standard,66548.74,4263.29,2026-04-05 07:38:29,Delivered
ORD_0002658,CUST_000540,2026-01-19 06:09:02,LOC_0013,LOC_0029,Standard,9723.95,3937.93,2026-07-01 05:04:21,Delivered
ORD_0002659,CUST_000673,2026-02-26 09:33:16,LOC_0045,LOC_0042,Express,11704.72,4351.64,2025-12-20 10:20:19,Delivered
ORD_0002660,CUST_000122,2026-04-27 14:50:36,LOC_0009,LOC_0002,Express,57116.35,4613.06,2026-08-23 11:55:29,Delivered
ORD_0002661,CUST_000861,2026-04-07 17:43:46,LOC_0038,LOC_0029,Express,20403.72,1944.49,2026-03-09 03:23:26,Delivered
ORD_0002662,CUST_000532,2026-04-28 01:26:51,LOC_0031,LOC_0034,Standard,83893.2,1486.5,2026-03-16 09:11:52,Delivered
ORD_0002663,CUST_000267,2026-07-09 17:27:12,LOC_0030,LOC_0018,Standard,31114.45,1364.93,2025-12-14 11:21:07,Delivered
ORD_0002664,CUST_000563,2026-05-25 21:55:41,LOC_0031,LOC_0018,Standard,8136.03,3068.99,2026-09-20 10:31:20,Delivered
ORD_0002665,CUST_000904,2025-10-07 20:50:43,LOC_0002,LOC_0015,Standard,51986.8,577.52,2026-02-02 04:49:55,Delivered
ORD_0002666,CUST_000031,2025-12-06 23:07:21,LOC_0007,LOC_0013,Express,71314.28,3003.95,2026-05-14 03:49:11,Cancelled
ORD_0002667,CUST_000312,2026-04-20 02:46:24,LOC_0044,LOC_0026,Standard,40992.56,2412.97,2026-08-16 12:04:36,Delivered
ORD_0002668,CUST_000924,2025-11-24 22:50:33,LOC_0015,LOC_0036,Standard,20931.27,4692.39,2026-03-05 02:32:26,Delivered
ORD_0002669,CUST_000376,2026-08-08 10:39:27,LOC_0018,LOC_0037,Standard,19512.32,1486.12,2026-04-11 19:16:09,Delivered
ORD_0002670,CUST_000050,2026-09-13 21:36:47,LOC_0035,LOC_0042,Urgent,73511.11,3079.48,2025-10-14 08:58:09,Delivered
ORD_0002671,CUST_000364,2026-03-12 06:38:06,LOC_0016,LOC_0025,Standard,34248.19,2132.73,2026-02-04 19:41:13,Delivered
ORD_0002672,CUST_000324,2026-03-26 19:17:00,LOC_0009,LOC_0020,Urgent,10879.22,1567.68,2025-10-07 13:09:33,Delivered
ORD_0002673,CUST_000668,2025-12-16 06:52:00,LOC_0012,LOC_0031,Urgent,71642.53,3714.32,2026-03-25 14:47:30,Delivered
ORD_0002674,CUST_000275,2026-06-17 06:11:44,LOC_0017,LOC_0021,Standard,35497.29,4131.77,2026-03-25 15:51:00,Cancelled
ORD_0002675,CUST_000289,2026-04-07 17:06:24,LOC_0005,LOC_0001,Standard,54268.67,4689.46,2025-12-25 00:34:15,Delivered
ORD_0002676,CUST_000439,2026-06-13 14:36:58,LOC_0024,LOC_0045,Urgent,63686.44,639.12,2026-09-14 23:34:59,Delivered
ORD_0002677,CUST_000447,2026-05-28 12:23:17,LOC_0017,LOC_0020,Standard,80221.25,3768.86,2026-06-21 20:33:16,Delivered
ORD_0002678,CUST_000348,2026-08-18 18:01:17,LOC_0041,LOC_0017,Standard,81958.07,2150.02,2026-08-21 08:16:04,Cancelled
ORD_0002679,CUST_000524,2026-02-07 00:05:58,LOC_0006,LOC_0016,Same Day,82366.51,2274.19,2026-07-31 22:52:15,Delivered
ORD_0002680,CUST_000516,2026-01-09 18:53:42,LOC_0048,LOC_0021,Standard,75256.89,694.5,2025-10-11 08:28:01,Delivered
ORD_0002681,CUST_000024,2026-07-27 04:29:15,LOC_0043,LOC_0041,Standard,80504.08,3610.65,2026-06-11 17:34:46,Delivered
ORD_0002682,CUST_000280,2026-07-22 04:42:54,LOC_0025,LOC_0020,Same Day,21647.02,4460.4,2025-12-28 13:54:07,Delivered
ORD_0002683,CUST_000933,2026-04-11 11:15:38,LOC_0047,LOC_0014,Express,4541.74,2361.92,2025-11-13 22:10:20,Delivered
ORD_0002684,CUST_000749,2026-02-06 02:57:48,LOC_0041,LOC_0014,Express,33317.07,127.49,2025-12-15 07:24:57,Delivered
ORD_0002685,CUST_000309,2025-12-24 22:38:48,LOC_0039,LOC_0032,Standard,78587.53,2732.73,2026-02-25 06:33:59,Delivered
ORD_0002686,CUST_000593,2026-03-20 11:31:57,LOC_0044,LOC_0023,Same Day,30369.89,2225.71,2025-11-02 12:30:53,Delivered
ORD_0002687,CUST_000890,2026-05-22 15:15:13,LOC_0033,LOC_0016,Standard,58139.02,357.79,2026-05-26 15:26:21,Delivered
ORD_0002688,CUST_000651,2026-06-17 13:54:49,LOC_0045,LOC_0047,Urgent,29354.43,2098.94,2025-10-09 17:47:12,Delivered
ORD_0002689,CUST_000962,2026-05-13 19:15:33,LOC_0035,LOC_0041,Standard,70004.21,269.17,2026-04-18 20:17:14,Delivered
ORD_0002690,CUST_000047,2025-12-20 11:37:01,LOC_0017,LOC_0026,Urgent,75423.52,4904.4,2026-08-05 12:34:38,Delivered
ORD_0002691,CUST_000043,2026-04-04 03:36:45,LOC_0010,LOC_0020,Express,66328.56,67.13,2026-06-03 04:20:58,Delivered
ORD_0002692,CUST_000070,2026-06-09 16:11:04,LOC_0012,LOC_0004,Standard,77376.6,3052.9,2026-07-24 00:31:48,Delivered
ORD_0002693,CUST_000426,2026-02-12 05:41:51,LOC_0043,LOC_0027,Standard,41796.33,2866.55,2026-01-18 17:35:13,Delivered
ORD_0002694,CUST_000702,2025-12-25 13:14:41,LOC_0013,LOC_0001,Standard,7264.55,4329.23,2026-06-13 05:14:34,Delivered
ORD_0002695,CUST_000757,2026-01-23 21:29:55,LOC_0025,LOC_0046,Standard,46961.47,122.96,2026-07-01 04:01:04,Delivered
ORD_0002696,CUST_000308,2026-03-02 10:43:14,LOC_0025,LOC_0048,Same Day,3722.56,243.12,2026-01-08 05:23:01,Delivered
ORD_0002697,CUST_000169,2025-10-10 12:25:35,LOC_0005,LOC_0017,Standard,39296.63,4031.98,2025-11-19 13:32:15,Delivered
ORD_0002698,CUST_000753,2026-06-02 05:33:44,LOC_0023,LOC_0026,Standard,36713.47,1656.55,2026-01-16 05:45:21,Delivered
ORD_0002699,CUST_000644,2026-05-22 21:42:59,LOC_0030,LOC_0047,Express,78353.88,3841.52,2026-02-04 08:32:30,Cancelled
ORD_0002700,CUST_000634,2026-08-27 22:58:05,LOC_0038,LOC_0041,Express,45221.94,2700.59,2025-12-25 08:01:51,Delivered
ORD_0002701,CUST_000271,2025-10-13 04:18:02,LOC_0014,LOC_0002,Express,2700.42,2316.12,2026-01-12 16:48:04,Delivered
ORD_0002702,CUST_000726,2025-11-23 19:42:08,LOC_0040,LOC_0028,Standard,80646.38,1055.67,2026-08-12 21:12:06,Delivered
ORD_0002703,CUST_000092,2025-10-21 04:48:21,LOC_0031,LOC_0012,Same Day,73641.11,2721.33,2026-03-01 16:36:01,Delivered
ORD_0002704,CUST_000731,2026-06-30 07:22:59,LOC_0028,LOC_0045,Standard,42928.93,1514.32,2025-11-03 18:55:41,Delivered
ORD_0002705,CUST_000415,2026-09-04 07:47:51,LOC_0034,LOC_0007,Express,82004.83,4255.47,2025-10-02 11:21:42,Delivered
ORD_0002706,CUST_000496,2026-04-26 01:55:08,LOC_0013,LOC_0042,Standard,65128.1,4680.1,2026-03-29 11:15:28,Delivered
ORD_0002707,CUST_000359,2025-12-11 18:35:58,LOC_0039,LOC_0020,Standard,54224.81,1460.52,2026-03-20 02:58:44,Delivered
ORD_0002708,CUST_000735,2025-10-13 20:24:59,LOC_0031,LOC_0015,Urgent,33288.47,4502.75,2026-06-23 16:43:13,Delivered
ORD_0002709,CUST_000693,2026-08-05 18:54:45,LOC_0047,LOC_0002,Express,82147.96,3395.07,2026-09-10 14:18:11,Delivered
ORD_0002710,CUST_000756,2026-07-06 09:12:00,LOC_0015,LOC_0010,Standard,77469.92,756.43,2025-12-28 15:25:38,Delivered
ORD_0002711,CUST_000704,2026-03-02 11:34:08,LOC_0044,LOC_0041,Standard,43183.03,1457.47,2026-09-02 11:20:21,Delivered
ORD_0002712,CUST_000190,2025-10-21 10:45:22,LOC_0036,LOC_0048,Standard,59277.41,2044.33,2026-07-26 22:41:14,Delivered
ORD_0002713,CUST_000535,2026-04-23 11:37:49,LOC_0014,LOC_0017,Standard,34926.34,1610.01,2025-12-19 13:44:37,Delivered
ORD_0002714,CUST_000255,2026-02-28 04:31:21,LOC_0019,LOC_0032,Standard,8451.11,2123.17,2025-11-29 03:19:39,Delivered
ORD_0002715,CUST_000134,2025-10-10 00:50:05,LOC_0039,LOC_0041,Standard,62131.58,2613.41,2025-12-19 23:51:43,Delivered
ORD_0002716,CUST_000604,2026-04-03 19:19:54,LOC_0003,LOC_0036,Standard,13543.84,701.0,2026-02-01 21:30:00,Delivered
ORD_0002717,CUST_000574,2026-09-02 09:44:41,LOC_0030,LOC_0026,Standard,67885.37,3115.14,2026-03-08 00:55:34,Delivered
ORD_0002718,CUST_000411,2025-10-26 11:33:56,LOC_0040,LOC_0026,Express,10202.62,2964.41,2026-04-21 16:09:26,Delivered
ORD_0002719,CUST_000336,2026-02-15 07:08:17,LOC_0017,LOC_0042,Standard,28139.13,3128.83,2026-03-30 03:45:53,Delivered
ORD_0002720,CUST_000548,2026-03-18 20:32:31,LOC_0030,LOC_0034,Standard,21601.78,895.64,2026-01-27 07:52:41,Delivered
ORD_0002721,CUST_000895,2025-11-15 17:47:14,LOC_0009,LOC_0017,Standard,68393.54,2706.33,2026-02-21 05:03:21,Delivered
ORD_0002722,CUST_000362,2025-11-12 01:23:48,LOC_0020,LOC_0027,Urgent,54979.66,2894.34,2025-11-11 20:22:36,Delivered
ORD_0002723,CUST_000645,2026-01-18 01:22:25,LOC_0011,LOC_0037,Urgent,68522.94,2599.85,2026-04-18 05:18:15,Delivered
ORD_0002724,CUST_000715,2025-10-02 09:20:45,LOC_0007,LOC_0021,Express,16946.69,4169.34,2026-02-28 22:54:54,Delivered
ORD_0002725,CUST_000935,2026-05-19 18:11:52,LOC_0034,LOC_0001,Standard,82533.83,3783.91,2026-06-15 18:15:55,Delivered
ORD_0002726,CUST_000334,2026-02-02 16:15:51,LOC_0036,LOC_0048,Standard,21211.38,2105.07,2026-01-25 22:19:33,Delivered
ORD_0002727,CUST_000244,2025-10-03 19:24:42,LOC_0036,LOC_0025,Standard,4196.71,68.87,2026-02-04 20:19:40,Delivered
ORD_0002728,CUST_000254,2026-07-13 12:59:34,LOC_0001,LOC_0022,Standard,82640.4,4326.6,2025-12-17 18:26:23,Delivered
ORD_0002729,CUST_000073,2025-12-19 06:49:43,LOC_0004,LOC_0035,Urgent,62855.92,4697.81,2025-10-26 06:17:22,Delivered
ORD_0002730,CUST_000714,2026-03-26 02:14:07,LOC_0005,LOC_0038,Standard,66291.55,4474.05,2026-05-10 21:58:45,Delivered
ORD_0002731,CUST_000419,2026-03-01 06:38:33,LOC_0014,LOC_0022,Express,49827.04,3518.04,2026-04-28 21:43:32,Delivered
ORD_0002732,CUST_000624,2026-02-18 17:07:07,LOC_0006,LOC_0004,Standard,19909.74,1200.32,2026-05-27 07:44:48,Delivered
ORD_0002733,CUST_000664,2026-05-04 05:14:39,LOC_0034,LOC_0039,Urgent,51189.02,1752.02,2025-11-09 12:06:35,Delivered
ORD_0002734,CUST_000686,2026-02-04 22:16:02,LOC_0004,LOC_0044,Urgent,5948.92,2341.14,2026-09-01 04:36:25,Delivered
ORD_0002735,CUST_000749,2026-05-07 01:37:36,LOC_0045,LOC_0007,Standard,46249.14,4048.35,2026-01-18 19:19:37,Cancelled
ORD_0002736,CUST_000802,2026-05-12 11:06:56,LOC_0034,LOC_0020,Express,22255.67,4208.65,2026-04-29 00:34:15,Delivered
ORD_0002737,CUST_000907,2026-02-15 16:53:06,LOC_0032,LOC_0043,Same Day,47604.32,3310.69,2025-12-13 12:42:58,Delivered
ORD_0002738,CUST_000330,2026-08-14 19:42:15,LOC_0029,LOC_0021,Standard,11387.63,1720.53,2026-06-26 05:39:35,Delivered
ORD_0002739,CUST_000838,2026-07-30 17:16:54,LOC_0039,LOC_0047,Standard,55704.85,557.88,2025-10-08 17:10:25,Delivered
ORD_0002740,CUST_000496,2026-03-02 07:50:33,LOC_0044,LOC_0003,Standard,10309.54,3463.71,2025-10-05 20:20:40,Delivered
ORD_0002741,CUST_000369,2026-03-27 13:03:14,LOC_0031,LOC_0045,Urgent,45509.61,2423.02,2026-04-09 01:09:47,Delivered
ORD_0002742,CUST_000968,2026-01-05 16:11:03,LOC_0040,LOC_0007,Express,61011.87,4147.96,2026-09-01 12:27:42,Delivered
ORD_0002743,CUST_000047,2026-02-11 08:02:29,LOC_0044,LOC_0010,Standard,73841.27,2384.71,2025-12-04 16:24:03,Delivered
ORD_0002744,CUST_000870,2026-04-16 06:57:33,LOC_0031,LOC_0025,Same Day,30685.93,695.63,2026-02-12 14:51:13,Delivered
ORD_0002745,CUST_000274,2025-11-12 23:19:46,LOC_0033,LOC_0031,Standard,74419.95,2551.73,2026-04-24 14:42:00,Delivered
ORD_0002746,CUST_000256,2026-04-16 05:06:00,LOC_0016,LOC_0019,Express,49929.56,3177.9,2026-03-23 11:49:33,Delivered
ORD_0002747,CUST_000764,2025-11-10 18:33:04,LOC_0025,LOC_0014,Standard,51483.73,1675.65,2026-07-27 09:33:48,Delivered
ORD_0002748,CUST_000896,2025-11-09 17:16:30,LOC_0024,LOC_0042,Standard,14318.46,2875.18,2026-06-01 02:48:21,Delivered
ORD_0002749,CUST_000985,2026-03-21 02:24:17,LOC_0030,LOC_0047,Standard,9621.32,3468.33,2025-11-07 03:21:50,Delivered
ORD_0002750,CUST_000887,2026-03-11 01:21:58,LOC_0038,LOC_0034,Express,84558.09,1118.31,2026-02-08 21:15:07,Delivered
ORD_0002751,CUST_000714,2025-11-04 20:39:49,LOC_0034,LOC_0035,Standard,7386.38,3160.0,2026-05-16 19:27:06,Delivered
ORD_0002752,CUST_000058,2025-10-26 19:08:36,LOC_0035,LOC_0019,Standard,54113.51,814.49,2025-12-16 03:54:57,Delivered
ORD_0002753,CUST_000067,2026-06-01 14:51:43,LOC_0009,LOC_0027,Standard,41912.78,312.46,2025-10-10 21:19:16,Cancelled
ORD_0002754,CUST_000781,2026-03-11 02:37:16,LOC_0029,LOC_0028,Standard,71477.87,3202.64,2026-05-13 06:50:11,Delivered
ORD_0002755,CUST_000712,2026-07-16 10:01:10,LOC_0045,LOC_0016,Express,14953.67,1181.24,2026-02-16 02:38:24,Cancelled
ORD_0002756,CUST_000379,2025-10-30 18:22:13,LOC_0045,LOC_0034,Same Day,29866.19,4183.8,2025-10-24 10:11:22,Delivered
ORD_0002757,CUST_000290,2025-12-19 11:10:12,LOC_0039,LOC_0009,Urgent,42396.4,275.44,2026-04-20 10:59:44,Delivered
ORD_0002758,CUST_000874,2025-10-01 10:39:02,LOC_0032,LOC_0025,Urgent,18044.54,3399.26,2025-12-31 13:13:08,Delivered
ORD_0002759,CUST_000728,2025-12-06 01:48:08,LOC_0026,LOC_0041,Express,80150.26,190.57,2025-12-12 00:52:21,Delivered
ORD_0002760,CUST_000360,2026-01-10 21:00:28,LOC_0007,LOC_0031,Express,78492.53,1830.55,2025-11-22 01:51:30,Delivered
ORD_0002761,CUST_000842,2026-09-11 21:36:02,LOC_0047,LOC_0016,Standard,74627.3,1283.84,2026-02-11 01:46:54,Delivered
ORD_0002762,CUST_000232,2026-02-18 22:13:33,LOC_0040,LOC_0002,Standard,77626.58,677.75,2025-10-06 01:11:21,Delivered
ORD_0002763,CUST_000814,2026-05-17 19:16:01,LOC_0043,LOC_0015,Standard,34455.91,2546.58,2025-12-28 14:10:35,Delivered
ORD_0002764,CUST_000305,2026-07-03 22:32:42,LOC_0034,LOC_0025,Express,29672.45,1799.14,2026-05-15 21:55:16,Cancelled
ORD_0002765,CUST_000997,2026-01-06 11:02:14,LOC_0048,LOC_0009,Express,57435.78,52.18,2026-03-09 11:39:47,Delivered
ORD_0002766,CUST_000356,2026-02-03 02:43:35,LOC_0021,LOC_0034,Express,63672.3,3228.34,2026-05-21 21:49:08,Delivered
ORD_0002767,CUST_000187,2026-09-02 12:14:19,LOC_0003,LOC_0017,Standard,58821.94,2871.62,2026-01-04 10:21:05,Delivered
ORD_0002768,CUST_000349,2025-11-26 17:27:02,LOC_0038,LOC_0006,Express,71913.62,4910.26,2026-07-26 07:58:23,Delivered
ORD_0002769,CUST_000568,2025-11-20 18:04:01,LOC_0027,LOC_0044,Urgent,23278.58,3579.43,2026-08-31 05:18:55,Delivered
ORD_0002770,CUST_000246,2025-12-13 16:43:54,LOC_0002,LOC_0010,Express,5208.82,138.09,2025-12-30 23:25:47,Delivered
ORD_0002771,CUST_000341,2025-12-29 01:34:08,LOC_0004,LOC_0042,Urgent,60845.37,1168.21,2026-05-18 11:21:55,Delivered
ORD_0002772,CUST_000288,2026-09-15 00:26:45,LOC_0048,LOC_0045,Standard,68086.96,1430.81,2026-04-24 02:21:45,Delivered
ORD_0002773,CUST_000927,2026-01-04 04:11:15,LOC_0018,LOC_0001,Standard,3858.31,270.66,2026-05-05 09:53:02,Delivered
ORD_0002774,CUST_000343,2026-07-30 20:16:49,LOC_0028,LOC_0031,Express,41895.12,4662.74,2026-08-24 18:01:00,Delivered
ORD_0002775,CUST_000725,2026-04-13 18:37:40,LOC_0029,LOC_0030,Standard,58907.18,972.84,2025-12-17 13:59:30,Delivered
ORD_0002776,CUST_000875,2025-12-08 05:29:58,LOC_0015,LOC_0013,Express,42758.68,4639.15,2026-04-22 09:51:47,Delivered
ORD_0002777,CUST_000883,2026-01-16 13:40:18,LOC_0046,LOC_0019,Same Day,74644.28,3437.82,2026-09-24 09:51:12,Delivered
ORD_0002778,CUST_000398,2025-12-27 16:23:47,LOC_0029,LOC_0044,Standard,48436.83,2877.26,2025-10-14 06:59:00,Delivered
ORD_0002779,CUST_000709,2026-08-14 17:04:43,LOC_0013,LOC_0042,Standard,17125.44,1711.35,2026-04-01 03:34:58,Delivered
ORD_0002780,CUST_000374,2025-10-13 04:13:26,LOC_0040,LOC_0006,Urgent,2327.88,1213.06,2026-07-13 18:29:16,Delivered
ORD_0002781,CUST_000190,2026-04-05 20:31:10,LOC_0023,LOC_0031,Standard,58036.63,72.02,2025-11-22 20:37:40,Delivered
ORD_0002782,CUST_000404,2025-11-07 16:38:11,LOC_0044,LOC_0030,Standard,30081.89,3716.29,2026-01-22 21:24:10,Delivered
ORD_0002783,CUST_000140,2026-02-06 22:40:29,LOC_0043,LOC_0009,Urgent,56319.73,3731.91,2026-03-29 06:15:09,Delivered
ORD_0002784,CUST_000364,2026-03-22 17:39:18,LOC_0048,LOC_0027,Express,12569.53,3299.25,2025-12-11 01:54:23,Delivered
ORD_0002785,CUST_000310,2026-07-25 00:04:13,LOC_0031,LOC_0003,Standard,14909.39,1446.73,2026-01-08 04:16:18,Delivered
ORD_0002786,CUST_000231,2026-06-16 04:42:10,LOC_0009,LOC_0027,Standard,25712.4,295.17,2026-06-06 08:07:26,Delivered
ORD_0002787,CUST_000195,2026-06-10 06:58:31,LOC_0008,LOC_0003,Standard,79581.85,2668.42,2026-05-27 14:17:15,Delivered
ORD_0002788,CUST_000191,2026-03-19 18:09:47,LOC_0011,LOC_0024,Express,23791.18,2222.19,2025-12-04 06:12:46,Delivered
ORD_0002789,CUST_000890,2025-10-16 02:21:03,LOC_0015,LOC_0003,Same Day,39387.15,398.5,2026-03-31 15:32:15,Delivered
ORD_0002790,CUST_000010,2026-04-05 23:25:58,LOC_0024,LOC_0026,Express,9354.34,3694.98,2026-05-25 04:08:55,Delivered
ORD_0002791,CUST_000064,2026-05-10 00:22:55,LOC_0029,LOC_0011,Standard,71476.08,1468.6,2026-07-01 11:00:55,Delivered
ORD_0002792,CUST_000910,2025-12-20 00:18:45,LOC_0017,LOC_0006,Standard,57220.21,1373.94,2025-11-22 13:19:13,Delivered
ORD_0002793,CUST_000563,2026-06-09 02:25:29,LOC_0021,LOC_0003,Standard,38091.7,4049.67,2026-03-02 06:51:14,Delivered
ORD_0002794,CUST_000360,2026-02-10 18:13:09,LOC_0008,LOC_0018,Standard,4872.91,782.1,2026-07-09 23:28:51,Delivered
ORD_0002795,CUST_000886,2025-11-13 02:05:02,LOC_0047,LOC_0031,Standard,31746.82,965.65,2026-08-27 18:14:11,Delivered
ORD_0002796,CUST_000192,2025-10-29 12:44:24,LOC_0021,LOC_0023,Standard,42477.72,2497.32,2025-12-25 10:16:35,Delivered
ORD_0002797,CUST_000834,2025-10-14 00:51:03,LOC_0047,LOC_0048,Standard,44233.86,3596.61,2025-12-10 07:57:43,Delivered
ORD_0002798,CUST_000040,2026-07-31 09:31:17,LOC_0007,LOC_0044,Urgent,55838.04,2876.31,2025-10-08 06:26:17,Delivered
ORD_0002799,CUST_000518,2026-08-03 23:13:55,LOC_0008,LOC_0011,Express,80056.15,554.76,2026-08-22 13:53:10,Delivered
ORD_0002800,CUST_000079,2026-06-04 14:40:54,LOC_0022,LOC_0046,Urgent,13176.95,1781.0,2026-05-20 09:45:41,Delivered
ORD_0002801,CUST_000546,2025-10-24 22:28:39,LOC_0046,LOC_0028,Express,37455.7,1393.75,2026-06-02 23:24:36,Delivered
ORD_0002802,CUST_000839,2026-06-15 05:07:34,LOC_0018,LOC_0013,Express,42554.52,2584.24,2025-10-09 08:19:26,Delivered
ORD_0002803,CUST_000984,2026-09-09 21:23:36,LOC_0004,LOC_0033,Express,7534.16,3473.69,2026-05-27 08:04:20,Delivered
ORD_0002804,CUST_000811,2026-08-17 12:48:27,LOC_0028,LOC_0025,Urgent,14355.94,413.56,2025-11-02 19:51:28,Cancelled
ORD_0002805,CUST_000144,2026-03-12 03:55:13,LOC_0025,LOC_0042,Urgent,58127.17,4581.31,2026-08-26 10:28:17,Cancelled
ORD_0002806,CUST_000002,2026-04-04 02:25:05,LOC_0044,LOC_0016,Standard,56125.42,3358.7,2026-06-04 06:23:28,Delivered
ORD_0002807,CUST_000212,2026-06-07 06:28:48,LOC_0014,LOC_0038,Express,33550.35,3511.64,2026-05-23 09:36:06,Cancelled
ORD_0002808,CUST_000662,2025-12-24 08:24:50,LOC_0002,LOC_0042,Standard,57856.63,268.59,2025-10-18 14:56:51,Delivered
ORD_0002809,CUST_000037,2026-07-18 10:51:10,LOC_0023,LOC_0024,Standard,68098.74,2926.02,2026-09-13 18:03:04,Delivered
ORD_0002810,CUST_000716,2025-11-05 10:55:56,LOC_0012,LOC_0039,Express,82352.93,2202.21,2026-06-07 17:07:14,Delivered
ORD_0002811,CUST_000216,2026-03-24 08:59:52,LOC_0027,LOC_0032,Standard,11817.27,4727.53,2026-04-24 13:40:40,Delivered
ORD_0002812,CUST_000024,2025-12-16 22:58:27,LOC_0045,LOC_0043,Standard,42218.21,3209.15,2026-08-05 13:20:47,Delivered
ORD_0002813,CUST_000636,2026-05-15 03:36:50,LOC_0021,LOC_0004,Standard,33764.48,4536.15,2026-07-08 01:39:58,Delivered
ORD_0002814,CUST_000975,2026-06-14 12:04:27,LOC_0024,LOC_0014,Express,75587.2,1243.17,2026-07-28 18:07:56,Delivered
ORD_0002815,CUST_000175,2025-11-04 04:58:07,LOC_0004,LOC_0030,Standard,2677.57,2463.91,2026-05-02 18:56:42,Delivered
ORD_0002816,CUST_000100,2026-04-20 16:35:00,LOC_0026,LOC_0001,Express,39711.23,2446.35,2026-05-21 18:17:35,Delivered
ORD_0002817,CUST_000320,2026-09-12 00:37:11,LOC_0018,LOC_0039,Standard,24914.55,3357.63,2025-10-23 11:45:37,Delivered
ORD_0002818,CUST_000903,2025-10-15 05:56:18,LOC_0029,LOC_0009,Standard,66454.16,3958.46,2026-03-19 17:47:46,Delivered
ORD_0002819,CUST_000739,2026-04-15 14:21:47,LOC_0022,LOC_0038,Urgent,50165.04,1916.53,2025-11-27 09:10:37,Delivered
ORD_0002820,CUST_000282,2026-01-22 20:03:59,LOC_0023,LOC_0013,Express,4103.91,1167.93,2026-09-07 12:18:49,Delivered
ORD_0002821,CUST_000686,2026-08-25 01:55:23,LOC_0044,LOC_0029,Standard,55083.05,3103.16,2026-09-20 04:19:15,Delivered
ORD_0002822,CUST_000772,2025-10-05 16:53:13,LOC_0014,LOC_0007,Express,15686.47,2862.98,2026-04-25 21:08:25,Delivered
ORD_0002823,CUST_000303,2025-11-12 21:25:06,LOC_0026,LOC_0047,Standard,83014.33,4799.39,2026-06-17 01:30:13,Delivered
ORD_0002824,CUST_000388,2025-11-19 21:52:13,LOC_0028,LOC_0021,Urgent,57763.42,3528.99,2026-04-15 21:40:51,Delivered
ORD_0002825,CUST_000257,2025-10-07 13:00:40,LOC_0045,LOC_0041,Standard,61500.47,3130.78,2026-09-25 01:45:13,Delivered
ORD_0002826,CUST_000387,2026-03-01 14:39:15,LOC_0025,LOC_0039,Standard,22257.89,3036.58,2026-07-25 06:36:29,Cancelled
ORD_0002827,CUST_000188,2025-10-09 05:59:37,LOC_0044,LOC_0036,Urgent,29614.76,4677.94,2026-07-05 09:06:29,Delivered
ORD_0002828,CUST_000509,2025-12-27 08:55:34,LOC_0034,LOC_0028,Standard,60561.49,3187.1,2025-10-12 13:26:34,Delivered
ORD_0002829,CUST_000662,2026-05-06 03:39:47,LOC_0048,LOC_0017,Standard,18138.13,3894.14,2026-02-16 10:02:34,Delivered
ORD_0002830,CUST_000228,2026-07-03 18:20:41,LOC_0034,LOC_0009,Urgent,70302.99,299.73,2025-10-19 12:13:04,Delivered
ORD_0002831,CUST_000329,2026-02-26 16:37:18,LOC_0013,LOC_0048,Standard,54329.2,4463.86,2026-02-04 22:27:19,Delivered
ORD_0002832,CUST_000996,2026-07-12 22:16:24,LOC_0017,LOC_0031,Standard,70485.36,4155.21,2026-01-21 02:11:37,Delivered
ORD_0002833,CUST_000814,2026-03-21 22:14:32,LOC_0045,LOC_0011,Standard,25996.52,1711.43,2026-07-03 09:46:55,Delivered
ORD_0002834,CUST_000070,2026-01-27 16:55:43,LOC_0017,LOC_0026,Standard,65217.67,2978.14,2025-10-14 11:11:38,Delivered
ORD_0002835,CUST_000927,2026-05-31 16:59:39,LOC_0044,LOC_0022,Express,11181.14,2602.39,2026-05-24 18:01:22,Delivered
ORD_0002836,CUST_000781,2026-07-30 09:26:07,LOC_0008,LOC_0019,Standard,23530.16,4390.61,2026-02-14 08:28:13,Delivered
ORD_0002837,CUST_000351,2026-02-21 06:33:42,LOC_0012,LOC_0037,Urgent,31084.36,895.37,2025-12-28 23:08:30,Delivered
ORD_0002838,CUST_000775,2026-01-24 12:43:45,LOC_0037,LOC_0016,Standard,28320.37,1997.75,2026-05-27 22:07:01,Delivered
ORD_0002839,CUST_000507,2026-07-02 13:44:18,LOC_0026,LOC_0023,Urgent,52073.22,4892.22,2026-04-15 04:45:45,Delivered
ORD_0002840,CUST_000457,2026-09-03 18:00:40,LOC_0004,LOC_0018,Standard,76947.18,735.43,2026-09-01 02:37:14,Delivered
ORD_0002841,CUST_000231,2026-05-01 21:34:28,LOC_0002,LOC_0009,Express,39889.54,3584.6,2026-08-17 19:20:36,Delivered
ORD_0002842,CUST_000840,2026-06-01 11:18:59,LOC_0035,LOC_0001,Express,33052.41,3620.61,2026-01-27 18:35:53,Delivered
ORD_0002843,CUST_000919,2026-02-13 22:34:07,LOC_0017,LOC_0043,Standard,68540.74,519.79,2025-12-11 08:48:44,Delivered
ORD_0002844,CUST_000414,2026-07-15 19:53:00,LOC_0011,LOC_0005,Standard,40528.88,430.84,2026-07-17 12:02:49,Delivered
ORD_0002845,CUST_000583,2026-01-29 07:31:24,LOC_0045,LOC_0008,Standard,61198.54,2122.14,2026-03-07 08:14:42,Delivered
ORD_0002846,CUST_000902,2026-06-01 23:44:34,LOC_0026,LOC_0012,Standard,26865.72,2848.35,2026-07-16 02:09:12,Delivered
ORD_0002847,CUST_000044,2026-05-10 07:31:22,LOC_0044,LOC_0030,Standard,54399.61,2595.03,2025-11-13 00:58:52,Delivered
ORD_0002848,CUST_000155,2025-10-27 21:35:41,LOC_0039,LOC_0033,Same Day,52909.35,1462.99,2025-10-23 17:19:30,Delivered
ORD_0002849,CUST_000838,2025-10-26 08:36:49,LOC_0007,LOC_0005,Urgent,16190.85,905.3,2026-02-13 00:28:09,Delivered
ORD_0002850,CUST_000843,2026-09-03 17:05:30,LOC_0002,LOC_0028,Standard,56901.09,988.7,2026-03-28 22:39:22,Delivered
ORD_0002851,CUST_000304,2026-06-27 07:24:14,LOC_0011,LOC_0023,Same Day,81704.27,1225.65,2026-02-03 03:44:34,Delivered
ORD_0002852,CUST_000414,2026-02-16 17:47:42,LOC_0029,LOC_0021,Urgent,49452.86,3343.29,2026-07-27 07:17:57,Delivered
ORD_0002853,CUST_000370,2026-09-14 18:28:04,LOC_0028,LOC_0035,Express,17076.93,207.48,2026-06-15 02:37:50,Delivered
ORD_0002854,CUST_000406,2026-03-18 00:43:11,LOC_0031,LOC_0040,Standard,82700.65,2185.86,2026-04-19 18:32:51,Delivered
ORD_0002855,CUST_000032,2026-05-07 21:19:11,LOC_0043,LOC_0026,Express,73122.28,3807.27,2025-12-17 12:16:14,Delivered
ORD_0002856,CUST_000631,2025-12-22 03:53:43,LOC_0040,LOC_0009,Standard,15280.73,2235.6,2026-07-24 14:04:40,Delivered
ORD_0002857,CUST_000062,2025-10-07 20:04:39,LOC_0037,LOC_0038,Standard,74425.03,473.81,2026-07-16 05:22:05,Delivered
ORD_0002858,CUST_000902,2026-02-20 09:16:57,LOC_0003,LOC_0007,Urgent,80828.29,3388.48,2026-02-22 00:21:53,Delivered
ORD_0002859,CUST_000644,2025-10-03 00:36:26,LOC_0025,LOC_0033,Same Day,61964.75,4274.92,2025-10-15 09:55:06,Delivered
ORD_0002860,CUST_000122,2025-12-11 18:54:26,LOC_0018,LOC_0014,Standard,30727.88,1311.43,2026-09-24 07:11:43,Delivered
ORD_0002861,CUST_000663,2026-05-20 05:30:36,LOC_0040,LOC_0009,Standard,50797.35,4843.76,2026-05-16 06:33:52,Delivered
ORD_0002862,CUST_000502,2026-02-20 19:13:06,LOC_0042,LOC_0027,Same Day,2026.81,4204.95,2026-02-02 16:46:33,Cancelled
ORD_0002863,CUST_000584,2026-08-16 17:24:10,LOC_0002,LOC_0005,Urgent,64409.24,1702.96,2026-03-13 20:21:11,Delivered
ORD_0002864,CUST_000647,2026-05-15 05:02:50,LOC_0013,LOC_0042,Urgent,11155.34,16.91,2026-01-14 20:59:58,Delivered
ORD_0002865,CUST_000030,2026-01-28 08:41:01,LOC_0023,LOC_0015,Express,37008.05,865.6,2025-12-10 12:03:18,Delivered
ORD_0002866,CUST_000885,2026-02-02 23:16:00,LOC_0020,LOC_0039,Standard,47090.58,3505.53,2026-04-15 09:03:36,Delivered
ORD_0002867,CUST_000864,2025-10-31 22:14:57,LOC_0022,LOC_0041,Standard,81063.17,1447.45,2026-09-16 02:48:05,Delivered
ORD_0002868,CUST_000076,2026-06-20 23:51:18,LOC_0045,LOC_0026,Express,58570.23,3123.1,2026-08-15 12:48:15,Cancelled
ORD_0002869,CUST_001000,2025-11-25 17:23:37,LOC_0025,LOC_0034,Express,84620.99,3031.32,2026-09-07 14:21:30,Delivered
ORD_0002870,CUST_000793,2026-04-30 00:58:47,LOC_0035,LOC_0041,Standard,51938.42,4094.83,2026-02-06 15:48:56,Delivered
ORD_0002871,CUST_000810,2026-03-27 02:11:21,LOC_0036,LOC_0027,Express,30478.5,3460.14,2026-05-10 19:07:15,Delivered
ORD_0002872,CUST_000670,2026-08-24 14:45:04,LOC_0008,LOC_0018,Standard,47275.17,1215.29,2025-10-09 01:41:04,Delivered
ORD_0002873,CUST_000746,2026-01-06 01:25:24,LOC_0043,LOC_0007,Urgent,11921.37,963.13,2026-07-10 09:52:23,Delivered
ORD_0002874,CUST_000255,2025-11-08 22:02:09,LOC_0045,LOC_0037,Standard,36950.2,1359.29,2026-03-02 14:37:22,Delivered
ORD_0002875,CUST_000196,2025-11-12 04:54:06,LOC_0043,LOC_0009,Standard,9615.17,4031.93,2025-11-20 00:00:48,Delivered
ORD_0002876,CUST_000416,2026-02-28 07:57:24,LOC_0048,LOC_0022,Standard,69229.65,660.31,2026-07-25 04:34:37,Delivered
ORD_0002877,CUST_000062,2026-03-12 15:57:17,LOC_0001,LOC_0005,Standard,83067.17,116.61,2025-10-27 23:07:51,Delivered
ORD_0002878,CUST_000192,2025-11-08 06:18:28,LOC_0015,LOC_0036,Express,16737.44,2525.7,2026-07-11 22:58:11,Delivered
ORD_0002879,CUST_000618,2026-07-30 01:27:52,LOC_0042,LOC_0004,Same Day,84645.16,3652.48,2026-02-01 10:13:08,Delivered
ORD_0002880,CUST_000277,2026-03-22 16:51:38,LOC_0011,LOC_0034,Standard,34067.87,1658.13,2026-06-09 14:43:31,Delivered
ORD_0002881,CUST_000977,2026-09-03 05:15:00,LOC_0004,LOC_0024,Standard,30060.34,2303.93,2026-05-17 05:38:10,Delivered
ORD_0002882,CUST_000736,2026-04-06 13:51:18,LOC_0024,LOC_0011,Standard,27323.06,690.36,2026-06-01 15:26:01,Delivered
ORD_0002883,CUST_000581,2026-03-27 21:13:50,LOC_0035,LOC_0004,Standard,52654.95,3218.47,2026-06-17 22:22:36,Cancelled
ORD_0002884,CUST_000737,2026-01-03 11:47:39,LOC_0017,LOC_0010,Standard,41959.2,3768.04,2025-10-15 14:09:22,Delivered
ORD_0002885,CUST_000905,2026-01-18 01:00:17,LOC_0009,LOC_0018,Standard,10265.49,1056.25,2026-08-29 18:27:05,Delivered
ORD_0002886,CUST_000896,2026-09-11 21:26:03,LOC_0044,LOC_0002,Standard,52650.57,3695.45,2026-08-29 15:13:56,Delivered
ORD_0002887,CUST_000638,2026-02-14 04:00:47,LOC_0042,LOC_0031,Express,79637.31,3479.76,2026-05-28 11:14:30,Delivered
ORD_0002888,CUST_000708,2025-12-13 10:23:03,LOC_0028,LOC_0019,Express,59699.04,3533.32,2026-05-30 01:40:28,Delivered
ORD_0002889,CUST_000322,2026-09-09 02:16:38,LOC_0004,LOC_0043,Standard,4343.07,332.12,2026-08-03 20:19:24,Delivered
ORD_0002890,CUST_000743,2026-01-26 21:55:23,LOC_0015,LOC_0016,Express,65054.45,430.39,2026-06-10 22:13:27,Delivered
ORD_0002891,CUST_000315,2026-05-23 01:40:49,LOC_0044,LOC_0020,Urgent,3851.98,574.15,2026-09-21 20:54:14,Cancelled
ORD_0002892,CUST_000121,2026-04-10 18:34:08,LOC_0024,LOC_0032,Urgent,49754.84,4567.69,2026-05-02 02:47:04,Delivered
ORD_0002893,CUST_000891,2026-07-03 20:52:59,LOC_0012,LOC_0047,Standard,45937.78,4900.77,2026-08-26 13:31:59,Delivered
ORD_0002894,CUST_000355,2026-09-10 21:16:09,LOC_0002,LOC_0034,Standard,39329.56,329.26,2026-06-20 20:49:01,Cancelled
ORD_0002895,CUST_000051,2026-01-15 21:39:10,LOC_0004,LOC_0010,Standard,43506.99,1278.93,2026-07-14 16:56:54,Delivered
ORD_0002896,CUST_000552,2025-12-05 04:44:40,LOC_0026,LOC_0048,Standard,6923.8,341.12,2026-03-31 04:40:35,Delivered
ORD_0002897,CUST_000449,2026-01-02 18:21:09,LOC_0034,LOC_0048,Standard,76210.17,3458.68,2026-01-24 13:37:15,Delivered
ORD_0002898,CUST_000292,2026-06-14 16:34:55,LOC_0008,LOC_0014,Standard,74393.68,1760.79,2026-08-06 20:24:27,Delivered
ORD_0002899,CUST_000915,2025-10-11 01:15:08,LOC_0029,LOC_0042,Urgent,32042.2,4843.62,2025-10-24 06:50:03,Cancelled
ORD_0002900,CUST_000107,2026-05-31 21:31:17,LOC_0010,LOC_0031,Same Day,9663.44,918.82,2025-12-07 17:52:29,Delivered
ORD_0002901,CUST_000938,2026-02-15 14:19:12,LOC_0041,LOC_0011,Urgent,40142.86,3174.0,2026-02-07 04:21:55,Delivered
ORD_0002902,CUST_000222,2025-10-20 13:29:31,LOC_0029,LOC_0020,Standard,13507.01,925.81,2025-12-02 00:29:24,Delivered
ORD_0002903,CUST_000732,2026-03-24 22:57:12,LOC_0004,LOC_0044,Express,35937.04,3115.3,2025-11-13 21:49:48,Cancelled
ORD_0002904,CUST_000165,2025-12-09 07:20:16,LOC_0008,LOC_0048,Standard,84153.43,977.25,2026-05-14 02:10:57,Delivered
ORD_0002905,CUST_000117,2026-02-14 01:13:23,LOC_0044,LOC_0047,Same Day,44426.19,1364.11,2026-07-27 17:56:34,Delivered
ORD_0002906,CUST_000814,2025-10-23 08:29:23,LOC_0044,LOC_0011,Standard,34630.5,172.39,2025-10-17 14:23:07,Cancelled
ORD_0002907,CUST_000123,2026-05-12 13:33:42,LOC_0045,LOC_0030,Standard,50375.34,895.81,2026-02-03 14:15:47,Delivered
ORD_0002908,CUST_000277,2025-10-18 05:12:52,LOC_0012,LOC_0003,Urgent,18835.52,3950.56,2026-04-11 22:25:48,Delivered
ORD_0002909,CUST_000892,2026-07-10 05:22:46,LOC_0022,LOC_0033,Standard,79287.72,823.64,2026-05-11 18:46:44,Delivered
ORD_0002910,CUST_000979,2025-10-13 11:50:08,LOC_0014,LOC_0033,Urgent,9273.73,4033.13,2026-07-25 20:23:29,Delivered
ORD_0002911,CUST_000152,2026-03-04 00:43:39,LOC_0014,LOC_0030,Standard,67733.06,4009.84,2026-04-13 01:34:16,Delivered
ORD_0002912,CUST_000036,2026-02-19 22:49:35,LOC_0018,LOC_0008,Urgent,9358.15,3620.36,2026-09-26 21:43:49,Delivered
ORD_0002913,CUST_000136,2025-10-14 03:44:55,LOC_0008,LOC_0020,Standard,52269.52,3721.85,2026-06-20 18:07:11,Delivered
ORD_0002914,CUST_000665,2025-12-16 16:45:29,LOC_0042,LOC_0024,Standard,4260.15,3981.43,2026-01-14 21:30:48,Delivered
ORD_0002915,CUST_000011,2025-12-12 04:57:58,LOC_0014,LOC_0021,Express,20582.57,2256.62,2026-03-11 13:12:29,Cancelled
ORD_0002916,CUST_000828,2026-05-15 21:25:41,LOC_0026,LOC_0001,Standard,30690.06,433.94,2026-01-24 23:43:54,Delivered
ORD_0002917,CUST_000497,2026-02-12 15:41:53,LOC_0039,LOC_0005,Standard,43483.47,572.04,2026-07-26 20:06:32,Delivered
ORD_0002918,CUST_000782,2025-10-28 02:19:14,LOC_0010,LOC_0009,Urgent,29918.77,2732.31,2026-09-08 22:21:20,Delivered
ORD_0002919,CUST_000164,2026-08-31 15:35:49,LOC_0043,LOC_0017,Urgent,44507.89,4091.65,2026-09-03 07:28:23,Delivered
ORD_0002920,CUST_000049,2026-06-04 10:49:52,LOC_0033,LOC_0013,Urgent,43700.17,1963.04,2026-07-14 04:00:20,Delivered
ORD_0002921,CUST_000025,2025-12-12 00:58:20,LOC_0035,LOC_0002,Express,20660.15,128.17,2026-04-07 15:09:48,Delivered
ORD_0002922,CUST_000288,2025-11-03 10:18:35,LOC_0031,LOC_0001,Standard,76109.18,2264.11,2026-06-01 06:49:29,Delivered
ORD_0002923,CUST_000234,2026-01-16 17:35:47,LOC_0038,LOC_0012,Standard,61660.39,2517.51,2026-06-06 22:24:34,Delivered
ORD_0002924,CUST_000780,2025-10-12 05:00:46,LOC_0016,LOC_0026,Express,18605.49,3760.52,2026-07-12 20:45:37,Delivered
ORD_0002925,CUST_000932,2026-07-19 08:47:07,LOC_0043,LOC_0027,Standard,50314.84,2531.82,2026-09-26 15:17:23,Delivered
ORD_0002926,CUST_000182,2026-05-22 13:14:10,LOC_0029,LOC_0010,Express,11233.54,2420.55,2026-01-14 11:03:13,Delivered
ORD_0002927,CUST_000918,2025-11-07 01:21:20,LOC_0010,LOC_0007,Standard,12837.5,252.82,2026-08-10 08:31:14,Delivered
ORD_0002928,CUST_000088,2025-10-02 06:44:01,LOC_0046,LOC_0043,Standard,66468.75,344.34,2026-03-06 15:18:30,Delivered
ORD_0002929,CUST_000437,2026-05-11 22:29:11,LOC_0047,LOC_0001,Same Day,27853.26,746.41,2026-07-14 20:36:15,Delivered
ORD_0002930,CUST_000675,2026-01-10 19:37:11,LOC_0001,LOC_0030,Standard,49759.36,438.16,2025-12-01 23:14:41,Cancelled
ORD_0002931,CUST_000223,2026-02-24 12:41:46,LOC_0028,LOC_0038,Express,84737.7,3939.27,2026-06-30 11:48:39,Delivered
ORD_0002932,CUST_000965,2025-12-16 06:31:44,LOC_0039,LOC_0025,Standard,5691.85,920.55,2026-08-20 23:29:47,Delivered
ORD_0002933,CUST_000683,2025-11-09 20:57:13,LOC_0001,LOC_0048,Standard,82789.07,1485.2,2026-01-16 13:19:08,Delivered
ORD_0002934,CUST_000280,2025-11-11 11:25:32,LOC_0010,LOC_0012,Standard,25978.32,4835.38,2025-11-28 00:42:46,Delivered
ORD_0002935,CUST_000591,2025-12-08 06:00:46,LOC_0002,LOC_0015,Standard,28103.03,158.21,2026-01-11 06:57:10,Delivered
ORD_0002936,CUST_000486,2026-02-01 01:48:56,LOC_0007,LOC_0002,Standard,27761.86,4826.41,2026-01-27 02:01:22,Delivered
ORD_0002937,CUST_000690,2026-01-10 01:56:13,LOC_0041,LOC_0005,Same Day,68641.42,3798.98,2026-09-14 20:12:17,Delivered
ORD_0002938,CUST_000922,2026-06-25 08:32:43,LOC_0011,LOC_0021,Standard,46511.14,4819.67,2026-01-28 09:19:59,Delivered
ORD_0002939,CUST_000350,2026-06-19 12:12:34,LOC_0036,LOC_0045,Standard,26157.57,2305.39,2025-10-20 13:03:23,Delivered
ORD_0002940,CUST_000438,2026-02-02 18:58:29,LOC_0048,LOC_0012,Urgent,17017.56,4601.56,2026-02-23 01:27:54,Delivered
ORD_0002941,CUST_000229,2025-10-04 20:33:39,LOC_0027,LOC_0030,Standard,36925.93,2147.87,2026-06-28 14:41:58,Delivered
ORD_0002942,CUST_000392,2026-08-28 11:16:27,LOC_0031,LOC_0006,Standard,843.17,3028.16,2025-11-22 00:27:53,Delivered
ORD_0002943,CUST_000310,2026-03-22 23:18:35,LOC_0001,LOC_0043,Standard,12366.06,2971.22,2026-06-28 01:34:32,Cancelled
ORD_0002944,CUST_000628,2026-09-09 11:20:01,LOC_0013,LOC_0005,Express,32357.7,2220.06,2026-05-29 06:30:03,Delivered
ORD_0002945,CUST_000910,2026-02-07 16:42:30,LOC_0008,LOC_0039,Standard,21351.48,605.17,2026-08-18 20:26:32,Delivered
ORD_0002946,CUST_000751,2026-01-17 21:44:45,LOC_0018,LOC_0004,Express,71936.03,2384.88,2025-12-29 02:06:10,Delivered
ORD_0002947,CUST_000676,2026-02-05 20:06:20,LOC_0004,LOC_0040,Standard,62289.97,1091.91,2026-02-18 09:23:31,Delivered
ORD_0002948,CUST_000635,2026-04-26 17:17:50,LOC_0028,LOC_0032,Standard,26583.27,4667.52,2026-04-20 08:20:18,Delivered
ORD_0002949,CUST_000420,2025-11-24 16:44:36,LOC_0016,LOC_0033,Standard,68171.36,2878.73,2026-02-21 13:48:27,Delivered
ORD_0002950,CUST_000515,2025-12-22 01:07:41,LOC_0032,LOC_0007,Standard,68745.2,1855.83,2025-11-02 06:09:26,Cancelled
ORD_0002951,CUST_000621,2026-07-29 23:02:31,LOC_0018,LOC_0024,Standard,44556.02,1685.75,2026-08-12 04:10:38,Delivered
ORD_0002952,CUST_000721,2026-06-29 19:27:27,LOC_0010,LOC_0034,Standard,10758.38,2902.78,2026-02-10 03:29:59,Delivered
ORD_0002953,CUST_000933,2026-03-29 07:18:21,LOC_0005,LOC_0023,Standard,74369.63,2899.81,2026-01-08 20:22:04,Delivered
ORD_0002954,CUST_000163,2025-12-17 17:28:00,LOC_0048,LOC_0043,Standard,84308.41,3951.78,2026-06-30 01:06:15,Delivered
ORD_0002955,CUST_000903,2025-10-11 13:54:46,LOC_0029,LOC_0037,Express,56870.08,4.31,2026-08-14 23:50:01,Delivered
ORD_0002956,CUST_000288,2025-10-20 00:17:29,LOC_0027,LOC_0007,Express,60676.04,314.6,2026-02-20 01:06:35,Delivered
ORD_0002957,CUST_000216,2025-11-06 00:29:54,LOC_0040,LOC_0002,Standard,4282.42,3915.67,2025-10-06 01:49:48,Delivered
ORD_0002958,CUST_000330,2026-04-10 16:51:26,LOC_0009,LOC_0016,Standard,2858.77,3066.76,2026-04-08 13:20:32,Delivered
ORD_0002959,CUST_000392,2026-04-29 22:14:27,LOC_0015,LOC_0013,Urgent,76445.09,3173.48,2025-12-22 00:14:39,Delivered
ORD_0002960,CUST_000205,2026-03-07 03:48:09,LOC_0004,LOC_0036,Standard,10429.53,3973.65,2025-11-26 01:39:20,Delivered
ORD_0002961,CUST_000249,2026-01-19 05:05:55,LOC_0019,LOC_0008,Express,53334.31,973.87,2026-04-08 21:41:18,Delivered
ORD_0002962,CUST_000561,2026-02-26 08:23:37,LOC_0047,LOC_0010,Same Day,45396.33,461.93,2026-08-21 11:04:25,Delivered
ORD_0002963,CUST_000386,2026-04-29 22:09:11,LOC_0030,LOC_0041,Standard,56389.74,4120.59,2026-06-19 21:00:22,Delivered
ORD_0002964,CUST_000697,2026-05-24 19:48:35,LOC_0031,LOC_0001,Express,57125.81,1780.68,2026-07-28 21:37:33,Delivered
ORD_0002965,CUST_000698,2026-05-18 11:44:23,LOC_0013,LOC_0023,Urgent,16117.01,1954.68,2026-01-22 20:20:02,Cancelled
ORD_0002966,CUST_000238,2026-02-11 15:07:20,LOC_0033,LOC_0045,Same Day,19552.91,2375.47,2026-01-12 18:35:09,Delivered
ORD_0002967,CUST_000374,2026-06-05 20:53:21,LOC_0031,LOC_0009,Urgent,52456.27,1179.31,2026-04-22 05:48:05,Delivered
ORD_0002968,CUST_000942,2026-01-23 09:35:37,LOC_0034,LOC_0012,Standard,69793.11,4740.28,2026-03-25 05:28:30,Delivered
ORD_0002969,CUST_000176,2025-10-01 06:30:24,LOC_0016,LOC_0036,Standard,62952.15,138.04,2026-02-21 10:16:08,Delivered
ORD_0002970,CUST_000318,2026-08-16 12:13:51,LOC_0032,LOC_0039,Standard,31464.0,3993.09,2025-11-27 21:01:51,Delivered
ORD_0002971,CUST_000463,2026-06-01 04:37:11,LOC_0030,LOC_0022,Express,66187.99,3741.57,2026-05-28 22:37:32,Delivered
ORD_0002972,CUST_000708,2025-10-21 22:08:01,LOC_0018,LOC_0007,Standard,11589.83,3810.17,2026-07-11 08:52:58,Cancelled
ORD_0002973,CUST_000838,2026-06-07 14:10:37,LOC_0029,LOC_0021,Urgent,36946.4,2317.61,2026-02-17 06:25:17,Delivered
ORD_0002974,CUST_000106,2025-12-03 10:12:32,LOC_0030,LOC_0025,Standard,52142.8,592.16,2026-03-18 11:59:35,Delivered
ORD_0002975,CUST_000576,2025-10-25 11:20:20,LOC_0012,LOC_0041,Urgent,79654.15,1990.01,2026-06-01 17:13:12,Delivered
ORD_0002976,CUST_000896,2026-08-25 04:28:31,LOC_0020,LOC_0005,Standard,18079.43,2196.08,2026-07-21 12:06:03,Delivered
ORD_0002977,CUST_000363,2026-06-15 12:41:43,LOC_0035,LOC_0028,Standard,35795.08,1791.79,2026-09-21 20:48:54,Delivered
ORD_0002978,CUST_000852,2026-02-08 13:32:35,LOC_0004,LOC_0026,Express,35445.66,1401.69,2026-03-31 00:09:41,Delivered
ORD_0002979,CUST_000423,2026-04-12 15:18:29,LOC_0033,LOC_0030,Standard,22667.78,4787.22,2025-10-04 20:56:07,Delivered
ORD_0002980,CUST_000860,2026-04-14 14:01:09,LOC_0001,LOC_0045,Standard,66596.54,4143.91,2026-06-05 02:08:54,Delivered
ORD_0002981,CUST_000645,2026-07-25 02:39:15,LOC_0041,LOC_0011,Express,28776.22,551.3,2025-10-14 13:28:39,Delivered
ORD_0002982,CUST_000840,2026-09-04 00:19:23,LOC_0025,LOC_0009,Standard,81310.38,481.43,2026-09-17 00:04:06,Delivered
ORD_0002983,CUST_000612,2026-01-30 06:11:56,LOC_0022,LOC_0018,Express,20813.75,4924.21,2026-02-22 10:26:07,Delivered
ORD_0002984,CUST_000857,2026-02-12 20:42:08,LOC_0039,LOC_0044,Urgent,50387.93,1115.76,2026-05-29 07:56:15,Delivered
ORD_0002985,CUST_000330,2026-01-25 21:37:41,LOC_0006,LOC_0009,Express,46823.54,2483.7,2025-10-05 00:15:37,Delivered
ORD_0002986,CUST_000215,2026-06-17 15:11:09,LOC_0028,LOC_0002,Standard,79027.48,270.89,2026-05-10 00:03:37,Delivered
ORD_0002987,CUST_000671,2026-07-29 05:21:04,LOC_0029,LOC_0042,Standard,31101.52,2454.78,2026-01-16 18:38:40,Delivered
ORD_0002988,CUST_000734,2025-12-12 06:06:41,LOC_0020,LOC_0011,Express,69252.92,4382.32,2025-10-08 07:44:36,Delivered
ORD_0002989,CUST_000179,2026-05-24 01:48:11,LOC_0021,LOC_0022,Express,28773.24,4434.63,2025-10-15 07:05:38,Delivered
ORD_0002990,CUST_000849,2026-06-18 00:14:20,LOC_0038,LOC_0025,Urgent,58108.97,465.2,2026-06-15 05:12:24,Delivered
ORD_0002991,CUST_000570,2026-02-19 04:45:03,LOC_0014,LOC_0025,Express,66817.98,2940.66,2026-08-27 09:04:56,Delivered
ORD_0002992,CUST_000140,2026-09-11 17:35:09,LOC_0027,LOC_0039,Express,33342.04,3364.76,2026-08-25 06:19:25,Delivered
ORD_0002993,CUST_000174,2026-09-02 17:43:48,LOC_0046,LOC_0015,Urgent,2792.09,3120.3,2026-02-17 07:05:27,Delivered
ORD_0002994,CUST_000721,2025-12-17 11:40:14,LOC_0017,LOC_0039,Urgent,78856.14,3302.91,2026-01-12 23:32:38,Delivered
ORD_0002995,CUST_000485,2026-06-14 20:40:12,LOC_0046,LOC_0034,Urgent,44090.63,3150.15,2026-04-13 04:47:13,Delivered
ORD_0002996,CUST_000899,2026-03-21 08:47:41,LOC_0043,LOC_0011,Standard,14562.89,409.53,2025-12-24 17:15:55,Delivered
ORD_0002997,CUST_000246,2026-07-09 01:43:33,LOC_0016,LOC_0048,Standard,55076.96,4208.71,2026-04-20 07:12:06,Delivered
ORD_0002998,CUST_000901,2025-11-13 05:22:32,LOC_0004,LOC_0020,Standard,61028.05,4307.9,2026-01-20 10:22:14,Delivered
ORD_0002999,CUST_000115,2026-06-30 18:42:33,LOC_0003,LOC_0019,Express,53072.29,87.25,2025-11-25 20:29:25,Delivered
ORD_0003000,CUST_000724,2026-08-01 14:38:07,LOC_0008,LOC_0035,Express,83692.33,4259.54,2026-08-09 03:25:03,Delivered
ORD_0003001,CUST_000061,2026-04-12 01:17:23,LOC_0022,LOC_0048,Standard,60259.2,3196.31,2026-06-20 15:00:03,Delivered
ORD_0003002,CUST_000049,2026-05-27 23:29:52,LOC_0006,LOC_0041,Standard,81280.18,3445.03,2026-09-10 19:13:01,Delivered
ORD_0003003,CUST_000650,2025-10-04 11:19:55,LOC_0004,LOC_0027,Standard,9437.52,665.33,2025-12-05 14:42:44,Delivered
ORD_0003004,CUST_000219,2026-02-06 20:23:50,LOC_0025,LOC_0010,Express,59321.58,4443.4,2026-08-19 15:50:52,Delivered
ORD_0003005,CUST_000706,2026-01-19 10:39:22,LOC_0038,LOC_0021,Express,7481.36,4126.64,2025-10-14 05:45:20,Delivered
ORD_0003006,CUST_000753,2025-10-22 00:41:09,LOC_0039,LOC_0029,Standard,12898.46,4496.61,2025-11-28 06:36:04,Delivered
ORD_0003007,CUST_000583,2026-01-25 13:30:13,LOC_0017,LOC_0038,Urgent,28010.03,4365.23,2025-10-04 01:42:27,Delivered
ORD_0003008,CUST_000164,2026-01-24 08:55:45,LOC_0021,LOC_0009,Urgent,45634.96,3986.47,2026-07-02 01:15:08,Delivered
ORD_0003009,CUST_000488,2026-06-30 15:00:04,LOC_0036,LOC_0019,Standard,8774.05,3884.75,2025-12-02 22:44:37,Delivered
ORD_0003010,CUST_000917,2025-11-28 12:33:59,LOC_0009,LOC_0048,Same Day,84884.83,1258.29,2026-07-30 13:57:54,Delivered
ORD_0003011,CUST_000776,2025-11-26 10:29:23,LOC_0007,LOC_0012,Standard,82858.5,4277.67,2026-01-23 08:56:38,Delivered
ORD_0003012,CUST_000691,2026-06-01 03:38:49,LOC_0004,LOC_0028,Standard,78634.9,2786.12,2026-01-02 14:50:21,Delivered
ORD_0003013,CUST_000544,2026-09-12 06:34:19,LOC_0022,LOC_0034,Same Day,30613.93,4644.39,2025-12-14 07:20:38,Delivered
ORD_0003014,CUST_000790,2026-06-25 06:04:08,LOC_0024,LOC_0007,Standard,65161.14,2820.48,2026-07-12 19:11:03,Delivered
ORD_0003015,CUST_000277,2026-07-30 13:50:17,LOC_0012,LOC_0036,Standard,47844.16,1427.97,2025-11-19 04:54:03,Delivered
ORD_0003016,CUST_000327,2025-11-08 00:15:04,LOC_0022,LOC_0013,Standard,48144.32,2269.81,2026-08-13 20:18:10,Delivered
ORD_0003017,CUST_000967,2026-08-21 10:54:25,LOC_0014,LOC_0012,Standard,70462.21,4855.79,2026-01-23 19:51:46,Delivered
ORD_0003018,CUST_000386,2026-06-15 21:09:54,LOC_0013,LOC_0015,Standard,56072.22,3277.36,2025-11-23 14:55:59,Delivered
ORD_0003019,CUST_000945,2026-08-11 16:11:32,LOC_0032,LOC_0008,Standard,14612.88,2479.8,2026-09-16 02:12:48,Delivered
ORD_0003020,CUST_000516,2025-12-08 04:23:00,LOC_0043,LOC_0012,Express,25079.27,3118.19,2026-04-04 05:46:19,Cancelled
ORD_0003021,CUST_000365,2026-05-12 10:36:35,LOC_0010,LOC_0035,Standard,48282.61,2466.03,2025-12-24 07:10:36,Delivered
ORD_0003022,CUST_000997,2025-11-07 10:23:34,LOC_0002,LOC_0010,Standard,56723.79,634.03,2026-04-02 11:08:12,Delivered
ORD_0003023,CUST_000769,2026-06-07 07:43:03,LOC_0035,LOC_0023,Urgent,66302.49,4929.19,2026-04-03 07:59:37,Delivered
ORD_0003024,CUST_000822,2025-12-07 05:35:12,LOC_0024,LOC_0033,Urgent,4510.2,883.43,2025-10-31 07:32:38,Delivered
ORD_0003025,CUST_000339,2026-07-20 16:58:37,LOC_0008,LOC_0006,Express,3143.64,4352.72,2025-11-25 07:58:24,Delivered
ORD_0003026,CUST_000466,2025-11-28 19:59:01,LOC_0044,LOC_0019,Express,30111.58,4319.12,2026-05-08 00:27:46,Delivered
ORD_0003027,CUST_000507,2026-05-19 18:48:58,LOC_0025,LOC_0015,Standard,25587.61,1770.79,2026-08-14 09:22:39,Cancelled
ORD_0003028,CUST_000766,2026-03-14 08:42:52,LOC_0019,LOC_0011,Urgent,84000.34,1279.68,2026-08-20 20:56:48,Delivered
ORD_0003029,CUST_000312,2025-12-04 03:51:13,LOC_0042,LOC_0029,Standard,84580.78,1678.0,2026-05-20 14:55:28,Delivered
ORD_0003030,CUST_000994,2025-11-01 22:03:40,LOC_0010,LOC_0024,Express,32224.78,1148.6,2026-01-22 00:51:07,Delivered
ORD_0003031,CUST_000823,2026-02-12 18:50:06,LOC_0033,LOC_0040,Urgent,9670.54,233.84,2026-04-08 22:13:09,Delivered
ORD_0003032,CUST_000749,2026-07-15 13:08:33,LOC_0044,LOC_0021,Urgent,8391.3,116.53,2026-01-19 21:25:46,Delivered
ORD_0003033,CUST_000544,2026-06-08 02:17:10,LOC_0033,LOC_0016,Standard,75908.91,4930.21,2026-02-12 07:16:46,Cancelled
ORD_0003034,CUST_000460,2026-02-13 08:28:44,LOC_0024,LOC_0040,Express,60606.24,1301.19,2026-03-26 19:31:42,Delivered
ORD_0003035,CUST_000219,2026-04-10 18:49:12,LOC_0025,LOC_0034,Express,44028.6,2926.79,2025-12-06 17:15:47,Delivered
ORD_0003036,CUST_000493,2026-08-30 01:33:14,LOC_0012,LOC_0021,Standard,28685.02,30.51,2026-01-01 04:17:59,Delivered
ORD_0003037,CUST_000925,2026-07-04 21:23:24,LOC_0015,LOC_0044,Urgent,35375.53,357.0,2026-09-19 20:18:15,Delivered
ORD_0003038,CUST_000899,2026-06-06 10:33:14,LOC_0001,LOC_0047,Express,67422.93,4342.57,2025-11-29 04:41:13,Delivered
ORD_0003039,CUST_000043,2026-01-29 17:18:05,LOC_0037,LOC_0046,Standard,53837.08,327.38,2026-01-07 00:25:42,Delivered
ORD_0003040,CUST_000296,2026-05-09 08:18:08,LOC_0005,LOC_0043,Standard,45334.53,73.02,2025-10-26 16:28:11,Delivered
ORD_0003041,CUST_000853,2026-04-24 02:20:25,LOC_0013,LOC_0003,Standard,2862.39,2300.6,2026-07-21 16:21:40,Delivered
ORD_0003042,CUST_000222,2026-04-09 01:44:13,LOC_0041,LOC_0007,Urgent,38307.95,3048.87,2026-03-12 22:06:38,Delivered
ORD_0003043,CUST_000835,2025-12-23 07:14:31,LOC_0029,LOC_0031,Standard,39534.73,316.82,2026-01-25 02:24:03,Delivered
ORD_0003044,CUST_000004,2025-10-08 16:13:11,LOC_0034,LOC_0022,Standard,1046.98,313.68,2026-08-05 02:11:30,Delivered
ORD_0003045,CUST_000849,2026-08-19 20:26:22,LOC_0014,LOC_0040,Standard,3521.6,4613.67,2025-10-20 20:34:25,Delivered
ORD_0003046,CUST_000603,2026-08-24 01:35:55,LOC_0008,LOC_0001,Standard,52551.65,4505.18,2026-08-03 06:39:01,Delivered
ORD_0003047,CUST_000235,2025-11-22 02:50:54,LOC_0012,LOC_0036,Express,48446.97,1287.94,2025-11-29 20:59:18,Delivered
ORD_0003048,CUST_000065,2026-08-12 23:13:38,LOC_0032,LOC_0002,Express,21894.18,1508.51,2026-09-04 16:14:44,Delivered
ORD_0003049,CUST_000086,2025-10-20 05:13:32,LOC_0034,LOC_0043,Standard,68057.6,3183.3,2026-08-08 09:32:37,Delivered
ORD_0003050,CUST_000992,2025-11-14 10:45:54,LOC_0017,LOC_0042,Standard,82030.09,898.83,2026-07-29 23:37:13,Delivered
ORD_0003051,CUST_000158,2025-10-06 05:10:12,LOC_0001,LOC_0010,Standard,52519.16,3188.6,2025-10-09 13:30:34,Delivered
ORD_0003052,CUST_000315,2026-05-27 11:07:11,LOC_0034,LOC_0011,Standard,1419.15,4560.27,2025-12-11 17:49:00,Delivered
ORD_0003053,CUST_000428,2026-08-04 05:46:27,LOC_0026,LOC_0029,Urgent,32469.9,3164.57,2026-07-22 11:44:33,Delivered
ORD_0003054,CUST_000264,2026-01-08 11:09:38,LOC_0046,LOC_0032,Same Day,84804.26,1639.57,2025-11-18 02:22:21,Cancelled
ORD_0003055,CUST_000932,2026-06-03 14:02:55,LOC_0027,LOC_0023,Standard,21212.42,4076.48,2026-04-02 11:57:02,Delivered
ORD_0003056,CUST_000179,2026-07-25 17:10:04,LOC_0034,LOC_0030,Standard,66143.88,4029.51,2026-07-29 09:50:51,Delivered
ORD_0003057,CUST_000609,2026-07-10 23:15:04,LOC_0019,LOC_0028,Standard,55225.58,947.15,2026-06-27 10:04:04,Delivered
ORD_0003058,CUST_000914,2025-12-23 04:07:55,LOC_0037,LOC_0019,Urgent,84160.56,862.66,2026-02-20 01:29:07,Delivered
ORD_0003059,CUST_000829,2026-02-19 08:02:53,LOC_0011,LOC_0009,Express,62546.6,2078.13,2026-07-30 02:25:58,Delivered
ORD_0003060,CUST_000862,2026-03-03 17:08:42,LOC_0045,LOC_0040,Standard,68900.68,2334.7,2026-05-04 19:29:38,Delivered
ORD_0003061,CUST_000118,2025-10-27 11:49:25,LOC_0006,LOC_0023,Express,32647.93,770.51,2026-07-19 14:34:09,Delivered
ORD_0003062,CUST_000942,2026-09-07 14:10:51,LOC_0026,LOC_0022,Express,17568.38,3001.51,2025-10-17 00:52:10,Delivered
ORD_0003063,CUST_000066,2026-01-11 11:35:12,LOC_0003,LOC_0042,Express,3071.13,2892.08,2026-05-26 02:09:30,Delivered
ORD_0003064,CUST_000344,2026-08-20 14:52:52,LOC_0026,LOC_0037,Standard,53609.01,2768.94,2026-01-24 20:36:20,Delivered
ORD_0003065,CUST_000657,2026-05-20 09:20:43,LOC_0007,LOC_0006,Standard,39268.04,1144.96,2026-01-31 07:53:09,Delivered
ORD_0003066,CUST_000443,2026-01-08 13:26:50,LOC_0047,LOC_0019,Express,32305.49,4974.16,2025-11-24 15:23:58,Delivered
ORD_0003067,CUST_000894,2026-05-19 17:52:52,LOC_0048,LOC_0005,Standard,11853.77,2701.99,2026-03-13 08:50:12,Delivered
ORD_0003068,CUST_000810,2026-08-07 18:29:59,LOC_0038,LOC_0019,Urgent,43451.32,2948.0,2026-04-11 09:13:19,Delivered
ORD_0003069,CUST_000183,2025-11-28 10:24:00,LOC_0012,LOC_0019,Standard,62023.13,4688.91,2026-02-11 20:58:25,Delivered
ORD_0003070,CUST_000457,2026-07-07 18:26:55,LOC_0034,LOC_0021,Standard,62937.83,3245.25,2026-08-10 15:17:44,Delivered
ORD_0003071,CUST_000181,2025-10-13 06:38:41,LOC_0014,LOC_0016,Standard,79039.26,4175.53,2026-05-10 22:01:49,Delivered
ORD_0003072,CUST_000675,2026-07-17 11:53:10,LOC_0012,LOC_0041,Standard,71705.64,2438.47,2026-02-25 05:12:06,Delivered
ORD_0003073,CUST_000033,2025-12-31 22:11:37,LOC_0008,LOC_0015,Express,38094.73,611.36,2025-11-08 14:35:01,Delivered
ORD_0003074,CUST_000128,2026-05-01 07:48:56,LOC_0022,LOC_0006,Standard,19113.52,2478.37,2026-02-11 19:00:25,Delivered
ORD_0003075,CUST_000918,2026-08-15 10:43:26,LOC_0045,LOC_0043,Express,5266.31,1750.37,2026-04-19 02:13:22,Delivered
ORD_0003076,CUST_000626,2025-11-29 12:46:09,LOC_0028,LOC_0018,Express,11034.36,414.06,2025-12-18 12:14:19,Delivered
ORD_0003077,CUST_000572,2026-06-12 22:01:20,LOC_0019,LOC_0010,Express,9194.99,1112.72,2026-06-17 18:33:11,Delivered
ORD_0003078,CUST_000847,2026-01-30 11:37:09,LOC_0025,LOC_0040,Standard,11352.49,3664.63,2026-05-22 11:23:10,Cancelled
ORD_0003079,CUST_000299,2025-11-03 11:45:25,LOC_0006,LOC_0027,Urgent,8895.02,4526.41,2026-01-20 06:50:36,Delivered
ORD_0003080,CUST_000102,2026-03-08 09:57:15,LOC_0034,LOC_0003,Express,1326.6,1229.15,2026-03-04 08:05:41,Delivered
ORD_0003081,CUST_000092,2026-08-11 22:14:32,LOC_0028,LOC_0023,Standard,5724.87,2202.2,2026-03-06 21:10:48,Delivered
ORD_0003082,CUST_000977,2026-02-08 11:49:29,LOC_0018,LOC_0020,Urgent,39725.38,1462.67,2026-09-25 01:10:03,Delivered
ORD_0003083,CUST_000842,2025-12-07 14:46:05,LOC_0048,LOC_0023,Standard,34416.21,1004.8,2026-09-06 09:02:28,Delivered
ORD_0003084,CUST_000475,2026-08-17 22:21:22,LOC_0045,LOC_0033,Standard,38796.61,293.67,2026-08-16 07:39:00,Delivered
ORD_0003085,CUST_000690,2026-03-13 02:09:44,LOC_0023,LOC_0002,Urgent,36542.4,4742.96,2026-04-19 16:29:37,Delivered
ORD_0003086,CUST_000887,2026-08-22 00:37:41,LOC_0007,LOC_0042,Standard,23485.87,3372.51,2026-07-06 09:46:01,Delivered
ORD_0003087,CUST_000398,2026-04-18 02:58:01,LOC_0004,LOC_0001,Urgent,58500.67,40.63,2025-10-03 13:01:20,Delivered
ORD_0003088,CUST_000647,2026-05-05 18:00:23,LOC_0042,LOC_0010,Standard,50558.96,4034.32,2026-04-08 00:48:45,Delivered
ORD_0003089,CUST_000100,2025-10-13 01:34:37,LOC_0034,LOC_0005,Express,63407.5,514.53,2026-04-01 05:01:02,Cancelled
ORD_0003090,CUST_000422,2025-12-04 21:50:26,LOC_0009,LOC_0020,Express,58477.52,3074.14,2026-05-22 09:21:27,Delivered
ORD_0003091,CUST_000080,2025-11-14 14:02:56,LOC_0014,LOC_0006,Express,76623.58,2847.65,2026-08-26 11:47:38,Delivered
ORD_0003092,CUST_000353,2026-04-20 01:51:25,LOC_0022,LOC_0040,Same Day,31756.07,465.95,2026-01-06 17:32:43,Delivered
ORD_0003093,CUST_000467,2026-04-26 10:03:15,LOC_0011,LOC_0031,Express,59077.87,2068.21,2025-11-08 23:56:40,Delivered
ORD_0003094,CUST_000291,2026-04-14 18:30:17,LOC_0026,LOC_0001,Standard,35636.62,3174.25,2026-07-06 21:42:01,Delivered
ORD_0003095,CUST_000146,2026-06-13 18:39:38,LOC_0008,LOC_0033,Urgent,18893.2,4902.97,2026-08-26 20:10:09,Delivered
ORD_0003096,CUST_000842,2026-06-16 00:50:53,LOC_0003,LOC_0023,Standard,6101.32,1553.09,2025-10-25 13:48:08,Delivered
ORD_0003097,CUST_000707,2025-12-28 08:58:13,LOC_0048,LOC_0015,Standard,41002.48,2460.81,2026-05-04 07:16:25,Delivered
ORD_0003098,CUST_000796,2026-08-17 19:44:19,LOC_0041,LOC_0016,Urgent,36322.33,3883.12,2026-01-13 22:29:06,Delivered
ORD_0003099,CUST_000161,2026-05-24 08:01:24,LOC_0046,LOC_0003,Standard,4662.31,1183.08,2026-09-09 15:56:09,Delivered
ORD_0003100,CUST_000754,2025-11-13 03:06:14,LOC_0044,LOC_0036,Standard,10809.31,3860.78,2026-01-10 06:39:22,Delivered
ORD_0003101,CUST_000754,2026-09-08 11:28:13,LOC_0016,LOC_0022,Express,62692.51,568.54,2026-07-15 02:47:08,Delivered
ORD_0003102,CUST_000923,2026-08-03 17:08:07,LOC_0028,LOC_0045,Standard,79262.04,2375.5,2026-02-20 16:34:11,Delivered
ORD_0003103,CUST_000875,2026-05-14 06:31:47,LOC_0033,LOC_0041,Express,74807.66,2327.28,2026-07-03 06:18:37,Delivered
ORD_0003104,CUST_000069,2025-12-27 03:25:10,LOC_0042,LOC_0040,Urgent,77217.18,886.24,2025-10-22 04:47:55,Delivered
ORD_0003105,CUST_000800,2026-08-29 07:56:36,LOC_0048,LOC_0014,Express,81802.45,1963.63,2025-11-23 21:19:13,Delivered
ORD_0003106,CUST_000962,2025-11-06 01:34:02,LOC_0022,LOC_0004,Standard,27274.1,700.77,2026-06-08 23:40:06,Delivered
ORD_0003107,CUST_000346,2026-06-02 11:35:41,LOC_0012,LOC_0037,Express,4982.25,3560.56,2026-01-21 12:05:19,Delivered
ORD_0003108,CUST_000697,2026-04-21 04:15:41,LOC_0037,LOC_0011,Express,25936.48,1588.06,2026-07-24 03:54:34,Cancelled
ORD_0003109,CUST_000582,2026-02-07 20:24:32,LOC_0029,LOC_0027,Standard,54299.33,4287.24,2026-04-11 09:35:13,Delivered
ORD_0003110,CUST_000759,2026-08-20 21:40:06,LOC_0013,LOC_0043,Standard,74809.16,2793.24,2026-09-25 18:30:35,Delivered
ORD_0003111,CUST_000033,2025-12-07 18:01:09,LOC_0034,LOC_0022,Urgent,82665.9,149.63,2026-05-14 06:47:17,Delivered
ORD_0003112,CUST_000818,2025-10-24 22:59:04,LOC_0032,LOC_0047,Standard,69557.61,747.22,2026-01-07 14:23:49,Delivered
ORD_0003113,CUST_000866,2026-07-10 01:17:04,LOC_0005,LOC_0031,Urgent,78836.45,4073.31,2026-08-02 10:08:20,Cancelled
ORD_0003114,CUST_000836,2026-02-09 22:33:51,LOC_0007,LOC_0032,Standard,65307.5,406.37,2025-11-25 02:54:33,Delivered
ORD_0003115,CUST_000242,2026-05-16 12:39:11,LOC_0006,LOC_0015,Standard,73706.61,4669.06,2025-11-27 22:26:56,Delivered
ORD_0003116,CUST_000283,2026-03-17 23:52:25,LOC_0023,LOC_0031,Same Day,58815.04,4508.88,2025-10-22 00:23:02,Delivered
ORD_0003117,CUST_000099,2026-06-27 05:01:19,LOC_0044,LOC_0030,Standard,48727.16,976.46,2025-11-20 22:33:42,Delivered
ORD_0003118,CUST_000771,2026-07-28 13:45:23,LOC_0032,LOC_0041,Standard,37557.82,4309.32,2025-10-08 04:09:14,Delivered
ORD_0003119,CUST_000001,2026-07-31 18:24:35,LOC_0045,LOC_0001,Express,54337.22,201.86,2025-12-27 09:16:53,Cancelled
ORD_0003120,CUST_000090,2026-04-17 04:12:19,LOC_0043,LOC_0035,Standard,70814.47,3006.06,2026-03-14 08:16:06,Delivered
ORD_0003121,CUST_000171,2026-04-01 08:14:50,LOC_0025,LOC_0036,Urgent,2666.05,3425.88,2026-08-31 16:12:41,Delivered
ORD_0003122,CUST_000723,2026-03-12 04:37:18,LOC_0045,LOC_0025,Standard,12609.84,3736.72,2026-09-13 22:12:41,Delivered
ORD_0003123,CUST_000380,2026-08-06 11:01:53,LOC_0002,LOC_0017,Standard,26349.3,1194.18,2025-11-01 15:27:44,Delivered
ORD_0003124,CUST_000238,2026-08-10 10:05:29,LOC_0007,LOC_0019,Express,36323.62,888.22,2026-07-28 12:02:02,Delivered
ORD_0003125,CUST_000515,2026-07-05 17:29:59,LOC_0004,LOC_0031,Standard,27212.59,3863.11,2025-10-30 23:34:54,Delivered
ORD_0003126,CUST_000859,2025-12-26 13:48:34,LOC_0025,LOC_0040,Express,64452.42,3945.01,2026-04-07 03:20:26,Delivered
ORD_0003127,CUST_000440,2025-11-27 18:18:31,LOC_0036,LOC_0033,Express,44609.33,3955.04,2025-12-22 10:22:43,Delivered
ORD_0003128,CUST_000933,2026-06-04 05:53:35,LOC_0025,LOC_0023,Express,3638.76,4041.73,2025-12-10 23:33:56,Delivered
ORD_0003129,CUST_000369,2026-05-20 10:17:50,LOC_0009,LOC_0008,Express,80098.49,1279.75,2026-05-14 19:52:01,Delivered
ORD_0003130,CUST_000360,2026-03-18 03:52:53,LOC_0004,LOC_0035,Standard,13535.05,3314.01,2026-03-05 14:55:38,Delivered
ORD_0003131,CUST_000793,2025-10-26 21:37:35,LOC_0035,LOC_0027,Express,51348.21,378.03,2026-03-23 18:40:15,Cancelled
ORD_0003132,CUST_000441,2026-01-17 15:06:45,LOC_0033,LOC_0037,Express,31051.05,3461.37,2026-09-15 12:24:53,Delivered
ORD_0003133,CUST_000287,2026-07-30 12:54:36,LOC_0036,LOC_0045,Standard,9683.17,2683.66,2026-04-05 20:40:28,Delivered
ORD_0003134,CUST_000244,2026-04-03 10:13:33,LOC_0024,LOC_0031,Standard,17728.99,2754.56,2025-12-13 16:28:27,Delivered
ORD_0003135,CUST_000694,2026-09-04 17:07:00,LOC_0046,LOC_0020,Standard,59190.33,2624.3,2026-08-27 20:28:41,Delivered
ORD_0003136,CUST_000583,2026-02-04 12:49:41,LOC_0011,LOC_0045,Express,26949.72,84.05,2026-01-15 10:18:15,Delivered
ORD_0003137,CUST_000622,2026-02-25 21:11:00,LOC_0032,LOC_0024,Standard,67664.82,1175.78,2026-01-17 22:50:23,Delivered
ORD_0003138,CUST_000620,2026-02-24 18:42:22,LOC_0041,LOC_0029,Standard,59450.06,1538.76,2026-03-30 20:16:51,Delivered
ORD_0003139,CUST_000472,2026-05-26 03:02:32,LOC_0024,LOC_0048,Urgent,35945.58,4365.83,2025-10-25 23:41:58,Delivered
ORD_0003140,CUST_000111,2026-03-18 12:26:10,LOC_0017,LOC_0023,Urgent,50721.46,50.83,2026-01-02 16:36:22,Delivered
ORD_0003141,CUST_000880,2026-05-09 09:08:01,LOC_0040,LOC_0044,Same Day,75250.46,1733.26,2025-11-02 19:29:50,Delivered
ORD_0003142,CUST_000447,2026-05-27 11:59:04,LOC_0022,LOC_0012,Standard,63289.18,2681.34,2025-12-24 05:10:00,Delivered
ORD_0003143,CUST_000458,2026-03-18 04:10:32,LOC_0026,LOC_0037,Standard,20650.57,397.52,2026-05-25 08:21:45,Delivered
ORD_0003144,CUST_000613,2025-11-13 03:06:52,LOC_0024,LOC_0046,Standard,69557.06,2057.19,2025-10-29 13:21:07,Delivered
ORD_0003145,CUST_000116,2025-12-28 15:46:05,LOC_0005,LOC_0030,Standard,32251.34,3974.5,2026-08-20 06:26:03,Delivered
ORD_0003146,CUST_000597,2025-10-03 12:50:43,LOC_0039,LOC_0038,Express,49196.18,4696.0,2026-09-11 20:14:33,Delivered
ORD_0003147,CUST_000393,2026-01-10 15:44:56,LOC_0004,LOC_0036,Express,13155.54,2043.15,2025-12-15 03:29:27,Delivered
ORD_0003148,CUST_000070,2026-08-18 23:19:57,LOC_0036,LOC_0018,Same Day,20933.14,4718.93,2026-01-15 17:48:59,Delivered
ORD_0003149,CUST_000965,2026-03-04 15:25:56,LOC_0004,LOC_0044,Standard,45241.79,186.59,2026-02-26 04:52:12,Delivered
ORD_0003150,CUST_000279,2026-07-30 14:03:39,LOC_0041,LOC_0026,Standard,8729.37,4200.59,2026-09-08 05:10:45,Delivered
ORD_0003151,CUST_000857,2026-06-07 17:13:11,LOC_0004,LOC_0024,Same Day,71009.07,4263.15,2025-10-12 07:08:51,Delivered
ORD_0003152,CUST_000587,2025-11-28 15:51:55,LOC_0045,LOC_0016,Standard,41694.92,1130.31,2026-05-19 06:00:13,Delivered
ORD_0003153,CUST_000750,2026-04-11 16:39:58,LOC_0025,LOC_0002,Standard,36208.63,3909.07,2026-05-20 21:30:03,Delivered
ORD_0003154,CUST_000077,2026-04-06 23:37:13,LOC_0041,LOC_0038,Standard,64881.76,670.02,2025-10-22 00:08:37,Delivered
ORD_0003155,CUST_000928,2026-07-26 00:07:42,LOC_0035,LOC_0016,Same Day,14229.61,2454.86,2025-11-09 00:08:30,Delivered
ORD_0003156,CUST_000649,2026-07-22 23:00:28,LOC_0010,LOC_0024,Standard,77170.87,1964.64,2026-03-13 16:18:09,Delivered
ORD_0003157,CUST_000590,2026-08-19 19:52:05,LOC_0043,LOC_0023,Urgent,46508.2,1639.48,2026-09-25 10:58:55,Delivered
ORD_0003158,CUST_000825,2026-07-04 07:43:26,LOC_0022,LOC_0030,Standard,81736.5,2271.56,2026-04-30 19:38:50,Delivered
ORD_0003159,CUST_000118,2026-01-13 22:17:09,LOC_0023,LOC_0043,Urgent,71484.35,4775.93,2026-07-24 01:01:03,Delivered
ORD_0003160,CUST_000889,2026-02-18 05:52:08,LOC_0027,LOC_0024,Urgent,33530.09,2682.57,2026-03-11 12:19:11,Delivered
ORD_0003161,CUST_000510,2025-12-05 03:42:03,LOC_0032,LOC_0028,Standard,30260.5,2998.43,2026-03-21 00:48:11,Delivered
ORD_0003162,CUST_000186,2026-04-23 02:43:04,LOC_0012,LOC_0025,Same Day,26671.77,3231.84,2026-03-16 19:10:12,Delivered
ORD_0003163,CUST_000551,2025-12-17 04:25:44,LOC_0004,LOC_0043,Express,56123.03,412.16,2026-02-25 19:42:57,Delivered
ORD_0003164,CUST_000168,2026-08-02 22:50:57,LOC_0032,LOC_0033,Standard,39052.32,4152.54,2026-01-23 02:38:11,Delivered
ORD_0003165,CUST_000782,2026-02-12 02:40:55,LOC_0025,LOC_0005,Express,47614.26,4405.87,2026-05-26 18:44:15,Delivered
ORD_0003166,CUST_000322,2025-10-11 08:47:52,LOC_0045,LOC_0044,Standard,38307.63,2236.03,2026-06-24 01:38:07,Delivered
ORD_0003167,CUST_000350,2026-01-02 23:35:27,LOC_0029,LOC_0032,Express,33021.13,2534.92,2026-05-19 15:39:02,Delivered
ORD_0003168,CUST_000321,2026-04-18 05:05:07,LOC_0005,LOC_0038,Urgent,9327.75,4609.6,2026-09-17 01:19:07,Cancelled
ORD_0003169,CUST_000437,2025-11-15 04:48:09,LOC_0006,LOC_0043,Standard,56903.72,1261.1,2026-03-28 13:58:19,Delivered
ORD_0003170,CUST_000839,2026-01-24 16:22:25,LOC_0024,LOC_0025,Standard,57384.1,1899.24,2026-05-28 22:19:37,Cancelled
ORD_0003171,CUST_000918,2026-04-15 11:26:05,LOC_0034,LOC_0018,Express,23072.46,3147.19,2025-10-05 18:56:04,Delivered
ORD_0003172,CUST_000307,2026-02-17 02:53:59,LOC_0023,LOC_0007,Express,49714.52,3453.48,2026-01-31 11:20:52,Delivered
ORD_0003173,CUST_000610,2026-09-13 03:32:51,LOC_0026,LOC_0028,Standard,4692.36,1287.69,2026-07-11 20:58:14,Delivered
ORD_0003174,CUST_000201,2026-07-08 14:36:45,LOC_0042,LOC_0002,Express,78920.37,3938.64,2026-08-19 09:51:45,Delivered
ORD_0003175,CUST_000367,2026-04-04 19:51:38,LOC_0046,LOC_0047,Express,43732.41,4193.51,2025-11-18 23:15:35,Delivered
ORD_0003176,CUST_000828,2026-02-03 11:07:51,LOC_0030,LOC_0012,Standard,70865.35,3066.32,2025-12-06 16:29:22,Delivered
ORD_0003177,CUST_000216,2025-12-19 15:47:58,LOC_0021,LOC_0010,Standard,77469.05,1302.36,2025-12-05 15:44:08,Delivered
ORD_0003178,CUST_000788,2026-01-23 14:10:07,LOC_0020,LOC_0024,Standard,68890.33,2937.85,2025-11-09 06:08:37,Delivered
ORD_0003179,CUST_000161,2025-11-14 02:14:31,LOC_0030,LOC_0017,Standard,22331.85,3496.69,2026-09-10 20:58:33,Delivered
ORD_0003180,CUST_000430,2026-01-20 16:47:19,LOC_0020,LOC_0046,Same Day,13715.0,1804.81,2025-10-21 11:51:24,Delivered
ORD_0003181,CUST_000188,2025-12-12 12:15:34,LOC_0011,LOC_0013,Standard,39581.18,4566.22,2026-04-23 00:17:37,Delivered
ORD_0003182,CUST_000334,2026-03-22 13:01:02,LOC_0005,LOC_0042,Standard,15367.04,1355.37,2026-04-09 20:06:39,Delivered
ORD_0003183,CUST_000909,2026-03-14 02:02:01,LOC_0040,LOC_0043,Same Day,16397.6,2453.28,2026-02-08 20:25:25,Delivered
ORD_0003184,CUST_000252,2026-06-06 14:03:23,LOC_0015,LOC_0042,Urgent,42159.58,3930.56,2026-07-25 06:20:39,Delivered
ORD_0003185,CUST_000344,2026-04-23 01:38:48,LOC_0019,LOC_0044,Express,38868.78,2820.36,2026-07-31 14:10:58,Delivered
ORD_0003186,CUST_000221,2025-12-06 18:48:13,LOC_0003,LOC_0040,Standard,21531.66,3778.19,2026-09-02 09:45:29,Cancelled
ORD_0003187,CUST_000809,2026-06-06 07:40:13,LOC_0025,LOC_0027,Standard,81016.21,3619.34,2026-08-28 17:00:48,Delivered
ORD_0003188,CUST_000426,2025-10-08 12:18:22,LOC_0007,LOC_0002,Standard,3786.72,1068.26,2026-05-03 00:49:50,Delivered
ORD_0003189,CUST_000099,2025-11-07 23:36:15,LOC_0027,LOC_0039,Standard,47438.65,4556.29,2026-04-21 16:29:17,Delivered
ORD_0003190,CUST_000131,2026-01-12 05:00:54,LOC_0008,LOC_0019,Standard,9491.05,3230.72,2026-01-13 22:48:46,Delivered
ORD_0003191,CUST_000034,2026-04-27 02:09:49,LOC_0006,LOC_0044,Express,8985.39,894.7,2025-11-20 17:17:39,Delivered
ORD_0003192,CUST_000697,2025-10-14 06:35:03,LOC_0003,LOC_0014,Express,48042.26,943.01,2025-12-15 21:47:38,Delivered
ORD_0003193,CUST_000103,2026-03-31 21:36:59,LOC_0023,LOC_0019,Standard,83986.25,2796.82,2026-02-12 02:17:27,Delivered
ORD_0003194,CUST_000292,2026-04-16 06:05:03,LOC_0002,LOC_0044,Standard,64707.31,2671.3,2026-05-18 16:07:09,Delivered
ORD_0003195,CUST_000583,2026-05-09 19:28:29,LOC_0026,LOC_0037,Express,44829.54,542.96,2026-05-13 17:43:03,Cancelled
ORD_0003196,CUST_000838,2026-06-27 22:01:52,LOC_0044,LOC_0030,Standard,81891.94,419.19,2026-01-18 07:54:19,Delivered
ORD_0003197,CUST_000533,2026-09-07 05:25:30,LOC_0026,LOC_0014,Urgent,28658.47,1015.1,2026-09-15 16:07:56,Delivered
ORD_0003198,CUST_000829,2025-12-02 09:21:21,LOC_0035,LOC_0024,Standard,18458.82,446.29,2026-08-15 12:14:51,Delivered
ORD_0003199,CUST_000631,2026-01-21 08:07:30,LOC_0017,LOC_0030,Express,62528.02,3422.68,2025-12-21 08:50:57,Delivered
ORD_0003200,CUST_000697,2026-06-02 04:06:02,LOC_0004,LOC_0043,Standard,35512.61,2787.01,2026-07-31 12:17:24,Delivered
ORD_0003201,CUST_000889,2026-07-26 08:21:57,LOC_0034,LOC_0020,Standard,8935.34,2837.72,2025-12-22 00:55:24,Delivered
ORD_0003202,CUST_000435,2026-06-22 13:20:55,LOC_0009,LOC_0042,Standard,43779.08,2758.68,2026-07-26 11:56:05,Delivered
ORD_0003203,CUST_000107,2026-01-02 16:19:29,LOC_0019,LOC_0001,Express,1705.23,397.81,2026-02-18 02:46:42,Delivered
ORD_0003204,CUST_000261,2026-06-25 08:20:52,LOC_0005,LOC_0012,Urgent,11963.02,3461.06,2025-12-07 02:55:25,Delivered
ORD_0003205,CUST_000868,2026-01-16 00:07:19,LOC_0019,LOC_0009,Standard,38824.95,3539.77,2026-01-09 19:50:54,Delivered
ORD_0003206,CUST_000813,2025-12-03 21:40:41,LOC_0028,LOC_0033,Standard,46813.11,2745.54,2026-09-01 03:59:50,Delivered
ORD_0003207,CUST_000786,2026-03-31 09:57:52,LOC_0035,LOC_0003,Urgent,1176.88,3809.72,2026-05-25 11:09:46,Delivered
ORD_0003208,CUST_000638,2026-08-25 00:51:34,LOC_0005,LOC_0031,Express,37668.33,678.11,2026-02-12 07:54:24,Delivered
ORD_0003209,CUST_000663,2025-12-16 15:51:27,LOC_0016,LOC_0030,Standard,39434.12,3843.68,2026-07-26 14:17:34,Delivered
ORD_0003210,CUST_000948,2026-09-15 14:42:05,LOC_0012,LOC_0022,Express,23450.85,3817.94,2026-02-27 11:09:34,Delivered
ORD_0003211,CUST_000625,2025-12-16 08:15:44,LOC_0019,LOC_0035,Express,12415.82,3280.72,2026-07-21 07:52:02,Delivered
ORD_0003212,CUST_000658,2026-02-10 16:52:34,LOC_0042,LOC_0020,Express,30563.67,1906.14,2026-06-29 08:42:14,Delivered
ORD_0003213,CUST_000929,2026-07-20 19:19:12,LOC_0046,LOC_0013,Standard,27947.4,920.39,2026-02-08 19:37:57,Delivered
ORD_0003214,CUST_000734,2026-02-15 14:57:32,LOC_0039,LOC_0029,Express,22103.19,4244.56,2026-07-26 18:16:45,Cancelled
ORD_0003215,CUST_000181,2026-03-17 21:19:42,LOC_0008,LOC_0043,Standard,33249.0,34.57,2026-05-27 17:26:06,Delivered
ORD_0003216,CUST_000472,2025-12-16 02:00:04,LOC_0033,LOC_0014,Urgent,28724.53,537.04,2025-10-05 15:10:14,Delivered
ORD_0003217,CUST_000129,2026-03-30 00:31:27,LOC_0025,LOC_0039,Standard,35433.32,1489.36,2026-06-05 14:16:28,Delivered
ORD_0003218,CUST_000499,2026-01-27 09:30:24,LOC_0027,LOC_0033,Urgent,81303.02,2394.87,2026-06-10 20:27:05,Delivered
ORD_0003219,CUST_000807,2026-08-08 06:33:34,LOC_0006,LOC_0045,Standard,52471.65,2805.59,2026-01-02 20:52:36,Cancelled
ORD_0003220,CUST_000657,2026-05-22 19:01:13,LOC_0027,LOC_0043,Standard,33016.23,1484.46,2026-09-03 14:23:55,Delivered
ORD_0003221,CUST_000127,2026-06-26 00:29:32,LOC_0027,LOC_0048,Express,49777.1,1632.75,2025-10-19 06:51:23,Delivered
ORD_0003222,CUST_000321,2026-02-26 04:56:51,LOC_0046,LOC_0026,Standard,1410.35,4568.18,2025-11-01 03:06:23,Delivered
ORD_0003223,CUST_000973,2026-03-14 03:19:05,LOC_0029,LOC_0034,Standard,28806.49,4425.3,2026-05-24 05:17:57,Delivered
ORD_0003224,CUST_000838,2026-08-24 00:35:13,LOC_0047,LOC_0048,Standard,40109.56,124.53,2025-10-30 07:37:19,Delivered
ORD_0003225,CUST_000100,2025-11-26 19:09:13,LOC_0045,LOC_0044,Express,80981.06,2324.56,2025-11-24 18:22:41,Delivered
ORD_0003226,CUST_000633,2026-05-29 10:42:37,LOC_0044,LOC_0023,Standard,20872.52,3823.16,2025-10-30 23:13:46,Delivered
ORD_0003227,CUST_000565,2026-05-02 18:29:50,LOC_0030,LOC_0025,Urgent,21275.51,40.43,2026-03-20 04:13:35,Delivered
ORD_0003228,CUST_000262,2026-03-06 03:03:43,LOC_0044,LOC_0017,Standard,23378.63,120.14,2026-08-09 23:32:19,Delivered
ORD_0003229,CUST_000306,2026-08-24 00:26:50,LOC_0037,LOC_0040,Standard,37599.12,253.69,2026-06-03 03:09:02,Delivered
ORD_0003230,CUST_000224,2025-10-29 22:48:42,LOC_0038,LOC_0008,Urgent,46950.66,3774.48,2026-01-23 00:13:46,Delivered
ORD_0003231,CUST_000466,2026-03-20 22:02:04,LOC_0018,LOC_0037,Standard,20699.48,4366.87,2026-02-14 02:48:14,Delivered
ORD_0003232,CUST_000533,2026-02-24 08:28:36,LOC_0018,LOC_0042,Express,66755.04,434.17,2026-01-14 11:00:56,Delivered
ORD_0003233,CUST_000339,2025-10-06 01:27:07,LOC_0008,LOC_0042,Standard,43251.61,980.67,2026-06-14 02:30:44,Cancelled
ORD_0003234,CUST_000488,2026-02-04 08:48:41,LOC_0027,LOC_0011,Standard,51282.78,612.63,2025-12-10 00:36:21,Delivered
ORD_0003235,CUST_000505,2026-03-09 01:58:54,LOC_0034,LOC_0005,Standard,66101.16,3573.37,2026-08-09 19:18:58,Delivered
ORD_0003236,CUST_000924,2026-07-27 14:25:46,LOC_0007,LOC_0004,Standard,9034.57,1693.49,2026-09-12 19:08:08,Delivered
ORD_0003237,CUST_000847,2026-09-11 06:49:21,LOC_0004,LOC_0007,Standard,65218.87,1854.74,2026-01-22 00:38:26,Delivered
ORD_0003238,CUST_000551,2026-08-13 21:58:33,LOC_0008,LOC_0009,Standard,69124.4,1996.75,2026-06-28 21:33:46,Delivered
ORD_0003239,CUST_000649,2026-04-30 09:50:51,LOC_0036,LOC_0018,Standard,67285.18,4791.72,2026-09-06 22:51:46,Delivered
ORD_0003240,CUST_000357,2025-10-01 07:03:35,LOC_0006,LOC_0001,Urgent,22090.99,1164.51,2026-06-10 06:12:40,Cancelled
ORD_0003241,CUST_000221,2026-08-28 23:40:19,LOC_0008,LOC_0046,Express,15093.08,3146.09,2025-11-02 02:04:46,Delivered
ORD_0003242,CUST_000476,2026-05-13 18:06:08,LOC_0035,LOC_0041,Standard,48041.56,1106.88,2026-05-20 06:42:37,Delivered
ORD_0003243,CUST_000624,2026-06-16 12:48:08,LOC_0015,LOC_0016,Standard,9287.37,1821.42,2026-01-18 09:19:18,Delivered
ORD_0003244,CUST_000005,2026-03-10 07:59:59,LOC_0025,LOC_0045,Standard,47512.3,1339.63,2025-11-14 10:55:57,Delivered
ORD_0003245,CUST_000130,2026-02-28 19:22:34,LOC_0034,LOC_0020,Standard,6487.45,529.76,2026-07-29 02:13:17,Delivered
ORD_0003246,CUST_000872,2026-08-28 02:14:39,LOC_0020,LOC_0032,Standard,19296.1,2854.39,2026-07-24 15:59:57,Delivered
ORD_0003247,CUST_000992,2026-09-01 06:50:24,LOC_0018,LOC_0038,Urgent,40812.24,3504.75,2026-06-23 04:45:39,Delivered
ORD_0003248,CUST_000844,2026-08-02 03:52:07,LOC_0034,LOC_0025,Urgent,59443.45,3969.26,2026-01-04 11:34:20,Delivered
ORD_0003249,CUST_000827,2026-09-13 16:33:26,LOC_0020,LOC_0031,Express,59129.21,443.59,2025-10-18 01:52:54,Delivered
ORD_0003250,CUST_000697,2025-11-13 04:32:27,LOC_0028,LOC_0021,Standard,28821.96,3865.75,2026-03-05 10:28:41,Cancelled
ORD_0003251,CUST_000535,2026-02-20 06:12:34,LOC_0045,LOC_0043,Express,65398.4,960.43,2025-10-08 12:53:13,Delivered
ORD_0003252,CUST_000354,2025-12-31 22:28:02,LOC_0030,LOC_0027,Standard,77873.47,4938.6,2025-11-02 02:13:13,Delivered
ORD_0003253,CUST_000517,2025-10-04 13:02:56,LOC_0028,LOC_0044,Express,63066.22,957.51,2026-07-25 07:13:42,Delivered
ORD_0003254,CUST_000383,2025-12-24 16:40:17,LOC_0014,LOC_0009,Urgent,782.72,3560.41,2026-08-18 22:30:41,Delivered
ORD_0003255,CUST_000353,2025-11-10 19:46:36,LOC_0036,LOC_0020,Express,48432.41,4164.39,2026-08-22 10:35:55,Delivered
ORD_0003256,CUST_000562,2025-10-22 12:15:55,LOC_0032,LOC_0003,Express,4424.43,1625.88,2026-06-20 22:15:55,Delivered
ORD_0003257,CUST_000880,2026-03-12 17:54:20,LOC_0005,LOC_0039,Express,65146.1,3842.28,2026-07-27 01:30:52,Delivered
ORD_0003258,CUST_000082,2026-03-26 12:14:23,LOC_0027,LOC_0045,Standard,82189.08,4427.56,2025-12-18 13:56:29,Delivered
ORD_0003259,CUST_000956,2026-06-03 06:56:18,LOC_0044,LOC_0012,Standard,72714.41,3537.16,2026-06-29 10:46:46,Delivered
ORD_0003260,CUST_000853,2026-04-02 03:14:05,LOC_0011,LOC_0029,Urgent,3725.57,2667.04,2026-07-20 18:50:14,Delivered
ORD_0003261,CUST_000557,2026-05-18 10:41:32,LOC_0048,LOC_0047,Standard,33070.83,2583.94,2026-04-29 01:58:03,Delivered
ORD_0003262,CUST_000064,2026-01-16 00:27:36,LOC_0029,LOC_0018,Express,14716.26,507.96,2026-08-23 13:48:11,Delivered
ORD_0003263,CUST_000559,2026-03-19 12:55:16,LOC_0043,LOC_0005,Standard,15447.95,2374.83,2026-09-17 23:42:51,Delivered
ORD_0003264,CUST_000938,2026-01-28 23:48:04,LOC_0015,LOC_0004,Express,26340.85,3883.29,2026-04-14 21:36:34,Delivered
ORD_0003265,CUST_000887,2026-08-08 04:15:47,LOC_0039,LOC_0021,Same Day,35871.05,2436.91,2026-01-26 01:38:14,Delivered
ORD_0003266,CUST_000892,2026-04-13 04:43:56,LOC_0047,LOC_0037,Express,55594.49,4218.63,2026-05-27 15:40:06,Delivered
ORD_0003267,CUST_000382,2025-12-02 22:37:19,LOC_0008,LOC_0006,Standard,30167.7,3645.96,2026-07-22 08:57:51,Delivered
ORD_0003268,CUST_000146,2026-02-22 17:51:03,LOC_0034,LOC_0002,Standard,50383.22,3515.48,2026-02-15 03:03:40,Delivered
ORD_0003269,CUST_000854,2026-04-11 14:39:04,LOC_0025,LOC_0044,Standard,61937.37,4480.1,2026-01-04 15:47:31,Delivered
ORD_0003270,CUST_000843,2025-12-27 17:38:23,LOC_0036,LOC_0014,Express,39326.37,589.41,2026-05-10 00:41:15,Delivered
ORD_0003271,CUST_000913,2026-03-30 10:18:20,LOC_0047,LOC_0018,Same Day,66078.53,1138.68,2026-04-22 11:22:28,Delivered
ORD_0003272,CUST_000398,2026-01-18 12:26:35,LOC_0035,LOC_0021,Urgent,82263.03,1469.1,2025-12-20 18:21:16,Delivered
ORD_0003273,CUST_000452,2026-06-20 11:11:08,LOC_0023,LOC_0031,Express,67522.87,2649.22,2026-09-05 00:54:19,Delivered
ORD_0003274,CUST_000141,2026-06-17 05:39:07,LOC_0029,LOC_0037,Standard,11268.66,3263.26,2026-01-06 13:41:05,Delivered
ORD_0003275,CUST_000213,2026-06-01 04:07:35,LOC_0021,LOC_0007,Express,33734.35,1299.42,2025-11-05 01:14:24,Delivered
ORD_0003276,CUST_000599,2026-04-27 03:33:10,LOC_0029,LOC_0043,Standard,2039.65,338.43,2026-07-11 01:21:03,Delivered
ORD_0003277,CUST_000896,2026-07-31 15:09:21,LOC_0027,LOC_0043,Standard,32780.6,3338.75,2026-05-01 17:43:02,Delivered
ORD_0003278,CUST_000482,2026-03-07 16:38:10,LOC_0035,LOC_0019,Standard,34743.64,1310.81,2026-03-09 08:51:31,Delivered
ORD_0003279,CUST_000301,2026-08-23 13:09:56,LOC_0005,LOC_0044,Standard,53618.91,2510.0,2026-09-02 21:11:47,Delivered
ORD_0003280,CUST_000655,2026-08-07 06:43:26,LOC_0017,LOC_0028,Standard,67143.28,2471.74,2026-08-24 16:40:26,Delivered
ORD_0003281,CUST_000343,2026-02-27 11:46:13,LOC_0024,LOC_0045,Standard,7078.06,670.35,2026-09-06 06:31:23,Cancelled
ORD_0003282,CUST_000575,2026-08-13 15:15:05,LOC_0029,LOC_0013,Standard,20651.9,30.41,2026-09-25 09:27:14,Delivered
ORD_0003283,CUST_000085,2026-03-21 15:02:51,LOC_0048,LOC_0018,Standard,65124.36,2668.8,2026-05-25 23:27:09,Cancelled
ORD_0003284,CUST_000253,2025-12-12 17:55:49,LOC_0019,LOC_0044,Standard,19841.16,3032.91,2026-06-12 01:38:25,Delivered
ORD_0003285,CUST_000269,2026-05-21 19:47:56,LOC_0040,LOC_0034,Standard,1339.26,1359.15,2026-01-08 09:51:19,Delivered
ORD_0003286,CUST_000280,2025-11-25 10:13:58,LOC_0022,LOC_0028,Standard,16517.71,268.55,2025-11-26 22:32:49,Delivered
ORD_0003287,CUST_000030,2025-12-16 17:00:54,LOC_0039,LOC_0004,Standard,48975.06,2337.92,2026-02-28 21:34:05,Cancelled
ORD_0003288,CUST_000340,2026-07-22 11:11:51,LOC_0033,LOC_0035,Express,15494.14,1339.42,2026-09-24 20:17:45,Delivered
ORD_0003289,CUST_000704,2026-05-17 08:18:59,LOC_0003,LOC_0038,Standard,58422.75,4136.4,2025-12-10 16:37:45,Delivered
ORD_0003290,CUST_000099,2026-02-03 17:55:48,LOC_0009,LOC_0042,Standard,32887.33,1395.88,2026-06-26 23:24:56,Delivered
ORD_0003291,CUST_000551,2025-12-01 04:03:40,LOC_0029,LOC_0032,Standard,63951.32,1029.8,2026-04-06 13:35:13,Cancelled
ORD_0003292,CUST_000476,2026-01-28 20:55:03,LOC_0033,LOC_0048,Standard,81208.68,4403.52,2026-01-22 13:41:48,Delivered
ORD_0003293,CUST_000224,2026-09-11 01:20:32,LOC_0015,LOC_0035,Urgent,21008.67,3576.82,2026-06-17 01:10:02,Delivered
ORD_0003294,CUST_000285,2025-11-22 12:50:41,LOC_0022,LOC_0039,Standard,23436.29,467.68,2026-05-30 23:59:42,Delivered
ORD_0003295,CUST_000754,2026-07-28 20:08:04,LOC_0040,LOC_0011,Standard,10596.69,557.12,2026-06-29 08:34:41,Delivered
ORD_0003296,CUST_000721,2026-09-14 06:06:18,LOC_0044,LOC_0047,Express,71619.33,1502.05,2026-07-09 21:20:01,Delivered
ORD_0003297,CUST_000237,2025-12-21 13:05:28,LOC_0008,LOC_0024,Express,68135.03,4169.45,2026-08-12 04:39:11,Delivered
ORD_0003298,CUST_000440,2025-11-08 07:17:10,LOC_0015,LOC_0037,Same Day,31864.87,1070.2,2026-01-19 19:20:45,Delivered
ORD_0003299,CUST_000139,2026-04-09 06:44:44,LOC_0025,LOC_0013,Standard,30072.69,4192.53,2026-06-24 16:38:59,Delivered
ORD_0003300,CUST_000834,2026-07-14 00:25:28,LOC_0011,LOC_0034,Standard,37232.07,2072.08,2026-08-26 13:01:41,Delivered
ORD_0003301,CUST_000593,2026-06-15 03:20:00,LOC_0046,LOC_0040,Express,10386.5,4108.7,2025-10-03 06:03:11,Delivered
ORD_0003302,CUST_000028,2025-10-02 17:30:06,LOC_0012,LOC_0005,Standard,79410.27,2544.86,2026-09-13 11:01:20,Delivered
ORD_0003303,CUST_000135,2026-07-25 06:14:19,LOC_0048,LOC_0011,Standard,61213.54,1918.64,2025-10-20 20:40:35,Delivered
ORD_0003304,CUST_000870,2026-02-14 12:29:01,LOC_0001,LOC_0006,Standard,22770.9,2330.0,2026-01-22 00:50:37,Delivered
ORD_0003305,CUST_000060,2026-07-30 02:46:56,LOC_0048,LOC_0026,Standard,31348.12,3585.42,2026-04-22 00:20:50,Delivered
ORD_0003306,CUST_000158,2025-11-18 19:51:31,LOC_0045,LOC_0020,Urgent,69985.7,4760.28,2026-09-17 16:37:00,Delivered
ORD_0003307,CUST_000994,2026-01-25 01:36:28,LOC_0028,LOC_0039,Standard,63298.63,2157.49,2026-08-16 10:18:26,Delivered
ORD_0003308,CUST_000422,2026-08-21 01:56:45,LOC_0040,LOC_0008,Standard,1206.32,27.23,2026-01-19 20:40:05,Delivered
ORD_0003309,CUST_000100,2026-08-25 14:48:56,LOC_0002,LOC_0031,Standard,81521.34,738.06,2026-01-05 05:29:02,Delivered
ORD_0003310,CUST_000658,2026-02-10 14:01:45,LOC_0047,LOC_0010,Same Day,23194.24,223.93,2026-09-05 13:18:53,Delivered
ORD_0003311,CUST_000081,2025-11-17 05:59:27,LOC_0003,LOC_0045,Standard,30201.45,433.26,2026-06-14 09:30:49,Delivered
ORD_0003312,CUST_000978,2026-05-17 07:51:04,LOC_0014,LOC_0020,Express,5239.81,1975.01,2026-04-17 09:15:11,Delivered
ORD_0003313,CUST_000539,2025-11-07 21:39:07,LOC_0004,LOC_0042,Standard,65761.36,2305.72,2025-10-11 18:59:59,Cancelled
ORD_0003314,CUST_000140,2026-06-05 11:56:36,LOC_0013,LOC_0032,Express,23705.03,1942.04,2025-10-23 21:39:14,Delivered
ORD_0003315,CUST_000693,2026-07-14 23:23:21,LOC_0020,LOC_0007,Urgent,19577.59,4755.59,2026-05-03 07:19:52,Delivered
ORD_0003316,CUST_000256,2026-02-12 00:24:02,LOC_0015,LOC_0032,Standard,31034.28,2009.34,2026-06-17 18:30:55,Delivered
ORD_0003317,CUST_000039,2026-08-26 11:38:51,LOC_0035,LOC_0010,Standard,41101.92,1569.13,2026-09-09 18:03:21,Delivered
ORD_0003318,CUST_000518,2026-08-23 04:09:00,LOC_0028,LOC_0040,Standard,30870.96,2015.83,2026-08-19 01:35:02,Delivered
ORD_0003319,CUST_000493,2026-04-10 03:00:14,LOC_0021,LOC_0033,Standard,68851.26,113.76,2026-03-20 05:47:46,Delivered
ORD_0003320,CUST_000968,2025-11-16 06:39:08,LOC_0009,LOC_0033,Express,8480.68,3430.84,2026-06-03 17:33:48,Delivered
ORD_0003321,CUST_000818,2026-07-25 20:01:48,LOC_0038,LOC_0025,Express,2920.94,4046.45,2026-01-20 11:39:04,Delivered
ORD_0003322,CUST_000012,2026-03-07 04:59:44,LOC_0013,LOC_0023,Standard,47125.66,2301.15,2026-04-28 14:11:40,Delivered
ORD_0003323,CUST_000531,2026-05-24 18:09:30,LOC_0023,LOC_0015,Same Day,20779.78,429.04,2026-01-21 19:26:14,Delivered
ORD_0003324,CUST_000803,2026-04-13 13:54:39,LOC_0014,LOC_0019,Standard,53423.17,941.18,2025-10-21 05:42:17,Delivered
ORD_0003325,CUST_000123,2026-03-19 06:17:33,LOC_0001,LOC_0015,Standard,77936.24,4358.87,2026-01-21 19:59:18,Delivered
ORD_0003326,CUST_000655,2025-12-28 01:24:35,LOC_0034,LOC_0001,Express,1798.07,4131.17,2025-10-09 19:08:08,Delivered
ORD_0003327,CUST_000262,2026-05-10 06:56:05,LOC_0001,LOC_0006,Express,71028.86,3854.46,2025-11-07 07:18:36,Delivered
ORD_0003328,CUST_000504,2026-02-24 05:14:30,LOC_0010,LOC_0018,Standard,36032.77,1446.4,2026-01-22 22:28:13,Delivered
ORD_0003329,CUST_000705,2026-07-22 20:52:51,LOC_0041,LOC_0035,Urgent,34061.12,1642.82,2026-07-18 09:30:13,Delivered
ORD_0003330,CUST_000122,2025-12-26 03:54:55,LOC_0039,LOC_0012,Express,73652.26,3942.17,2026-07-01 13:33:36,Cancelled
ORD_0003331,CUST_000581,2026-02-24 01:18:49,LOC_0031,LOC_0035,Urgent,46421.7,354.27,2026-06-04 21:50:47,Delivered
ORD_0003332,CUST_000162,2026-06-03 21:21:32,LOC_0047,LOC_0046,Urgent,57543.52,2512.82,2026-03-27 20:48:00,Delivered
ORD_0003333,CUST_000612,2026-06-26 08:06:35,LOC_0029,LOC_0043,Express,41942.44,2413.03,2026-02-04 05:22:01,Delivered
ORD_0003334,CUST_000422,2025-12-26 15:04:01,LOC_0034,LOC_0009,Express,40634.12,4189.64,2025-12-15 21:19:14,Delivered
ORD_0003335,CUST_000511,2026-04-30 03:43:03,LOC_0036,LOC_0033,Urgent,38250.95,3224.59,2026-03-07 07:42:07,Delivered
ORD_0003336,CUST_000471,2026-06-21 21:36:18,LOC_0014,LOC_0009,Standard,28576.81,3991.21,2025-10-29 16:18:43,Delivered
ORD_0003337,CUST_000795,2026-04-12 19:05:24,LOC_0044,LOC_0011,Express,66174.96,4353.45,2026-05-20 05:56:27,Delivered
ORD_0003338,CUST_000450,2025-10-04 14:05:37,LOC_0039,LOC_0047,Express,57309.97,3918.94,2026-05-16 12:36:41,Delivered
ORD_0003339,CUST_000640,2026-09-11 03:57:54,LOC_0006,LOC_0037,Standard,38873.96,3191.55,2026-08-21 11:41:03,Delivered
ORD_0003340,CUST_000625,2026-08-19 03:05:04,LOC_0034,LOC_0041,Urgent,22140.4,2113.62,2026-02-02 01:35:02,Delivered
ORD_0003341,CUST_000799,2026-06-15 19:10:30,LOC_0045,LOC_0026,Standard,51779.29,821.44,2026-03-30 06:49:33,Delivered
ORD_0003342,CUST_000435,2025-11-12 19:54:44,LOC_0029,LOC_0004,Express,43663.52,595.61,2025-10-26 08:35:59,Delivered
ORD_0003343,CUST_000488,2025-10-31 05:38:24,LOC_0006,LOC_0034,Express,83082.96,750.95,2026-09-03 21:02:49,Delivered
ORD_0003344,CUST_000112,2026-01-08 08:39:20,LOC_0041,LOC_0006,Standard,83017.26,4495.84,2026-04-06 14:12:06,Delivered
ORD_0003345,CUST_000254,2026-05-29 07:27:57,LOC_0014,LOC_0022,Express,83957.66,1509.87,2026-02-20 09:45:55,Delivered
ORD_0003346,CUST_000422,2025-12-20 17:32:15,LOC_0046,LOC_0020,Standard,38225.45,1474.21,2026-04-20 05:52:38,Delivered
ORD_0003347,CUST_000266,2026-07-30 11:07:06,LOC_0030,LOC_0002,Standard,36581.75,4040.89,2026-08-12 04:48:35,Delivered
ORD_0003348,CUST_000281,2026-02-12 01:20:14,LOC_0018,LOC_0036,Standard,58389.0,1583.1,2026-03-21 01:13:05,Delivered
ORD_0003349,CUST_000534,2026-06-05 00:33:09,LOC_0018,LOC_0003,Standard,13463.69,3556.19,2026-09-12 17:36:43,Delivered
ORD_0003350,CUST_000672,2026-07-20 00:37:39,LOC_0038,LOC_0007,Standard,84423.89,3888.22,2026-09-05 04:06:43,Delivered
ORD_0003351,CUST_000821,2025-12-21 16:38:32,LOC_0011,LOC_0042,Standard,8532.98,1917.19,2025-10-11 02:52:45,Delivered
ORD_0003352,CUST_000893,2026-05-24 14:03:06,LOC_0036,LOC_0028,Standard,9889.88,3472.48,2026-02-20 19:12:33,Delivered
ORD_0003353,CUST_000003,2026-06-12 06:30:00,LOC_0002,LOC_0028,Urgent,10021.02,1060.82,2025-12-07 12:27:13,Delivered
ORD_0003354,CUST_000699,2026-05-26 16:27:42,LOC_0046,LOC_0037,Standard,7714.69,2362.8,2026-03-22 02:36:38,Cancelled
ORD_0003355,CUST_000126,2025-12-04 17:18:18,LOC_0016,LOC_0047,Standard,32047.34,1762.42,2025-12-25 00:42:28,Delivered
ORD_0003356,CUST_000023,2026-06-15 22:53:22,LOC_0018,LOC_0046,Express,9248.3,3967.28,2026-09-22 02:26:19,Delivered
ORD_0003357,CUST_000550,2025-12-15 05:10:18,LOC_0042,LOC_0009,Standard,69178.47,485.59,2026-01-24 14:04:41,Delivered
ORD_0003358,CUST_000714,2025-11-23 15:31:33,LOC_0043,LOC_0041,Standard,82545.34,813.57,2026-06-10 11:42:18,Cancelled
ORD_0003359,CUST_000570,2026-02-10 14:26:15,LOC_0047,LOC_0014,Standard,29264.27,521.93,2026-03-06 02:26:23,Cancelled
ORD_0003360,CUST_000356,2025-12-23 01:48:41,LOC_0040,LOC_0001,Standard,8128.52,2122.44,2026-01-20 08:15:19,Delivered
ORD_0003361,CUST_000330,2026-01-12 23:10:15,LOC_0012,LOC_0023,Standard,11332.83,1495.93,2025-12-26 01:38:55,Delivered
ORD_0003362,CUST_000006,2025-11-22 13:46:31,LOC_0036,LOC_0042,Express,78416.76,1320.66,2026-06-30 13:35:25,Delivered
ORD_0003363,CUST_000355,2026-06-13 17:18:07,LOC_0046,LOC_0001,Express,16318.37,1505.17,2025-11-12 05:33:04,Delivered
ORD_0003364,CUST_000289,2026-09-04 02:25:29,LOC_0034,LOC_0017,Same Day,29947.77,4628.39,2026-05-17 00:28:40,Delivered
ORD_0003365,CUST_000881,2026-05-19 07:38:42,LOC_0036,LOC_0004,Standard,54695.61,4268.77,2026-04-18 23:25:39,Delivered
ORD_0003366,CUST_000005,2026-01-09 07:36:21,LOC_0042,LOC_0046,Express,17022.3,1728.83,2026-08-09 12:15:21,Delivered
ORD_0003367,CUST_000983,2025-12-05 10:08:42,LOC_0038,LOC_0001,Standard,67700.31,4568.44,2025-12-08 23:44:45,Delivered
ORD_0003368,CUST_000849,2025-12-21 20:25:01,LOC_0033,LOC_0034,Standard,68887.52,3337.96,2026-01-06 22:37:48,Delivered
ORD_0003369,CUST_000480,2026-08-02 06:33:17,LOC_0031,LOC_0042,Standard,45635.97,2454.61,2025-10-16 03:43:33,Delivered
ORD_0003370,CUST_000816,2026-02-16 17:35:42,LOC_0038,LOC_0024,Express,4723.71,1634.17,2026-08-18 17:52:48,Delivered
ORD_0003371,CUST_000587,2025-11-09 13:37:22,LOC_0038,LOC_0040,Standard,49328.12,4591.8,2026-07-08 23:49:58,Delivered
ORD_0003372,CUST_000501,2026-07-20 19:03:53,LOC_0016,LOC_0031,Express,68247.67,3886.59,2025-11-20 19:04:54,Delivered
ORD_0003373,CUST_000235,2026-06-01 19:26:06,LOC_0045,LOC_0009,Urgent,46212.7,3302.5,2026-05-09 14:10:16,Delivered
ORD_0003374,CUST_000690,2026-03-20 06:10:56,LOC_0040,LOC_0039,Urgent,7405.44,2908.46,2026-07-23 02:40:50,Delivered
ORD_0003375,CUST_000660,2026-02-13 07:27:19,LOC_0046,LOC_0048,Standard,19000.98,4074.21,2026-09-25 09:02:24,Delivered
ORD_0003376,CUST_000089,2026-01-04 19:16:49,LOC_0024,LOC_0021,Same Day,55063.38,2170.58,2026-04-25 22:38:57,Delivered
ORD_0003377,CUST_000066,2026-04-21 08:13:14,LOC_0022,LOC_0020,Urgent,10000.02,4499.88,2025-11-26 20:47:18,Delivered
ORD_0003378,CUST_000743,2026-06-11 16:56:41,LOC_0046,LOC_0025,Express,40710.32,1165.42,2026-02-06 12:06:40,Delivered
ORD_0003379,CUST_000024,2025-10-02 12:11:30,LOC_0048,LOC_0001,Standard,75754.3,4129.23,2026-07-02 23:55:25,Delivered
ORD_0003380,CUST_000792,2026-04-13 05:58:34,LOC_0017,LOC_0037,Express,43919.56,3127.63,2026-08-19 22:41:18,Delivered
ORD_0003381,CUST_000292,2026-01-13 09:24:33,LOC_0016,LOC_0026,Express,75916.72,4491.34,2026-05-14 21:44:21,Delivered
ORD_0003382,CUST_000051,2026-03-05 06:30:15,LOC_0034,LOC_0003,Urgent,985.09,2933.61,2026-05-26 13:30:16,Delivered
ORD_0003383,CUST_000408,2026-08-21 07:17:28,LOC_0031,LOC_0038,Standard,24841.32,3811.74,2026-07-25 08:24:31,Delivered
ORD_0003384,CUST_000672,2025-11-10 05:59:49,LOC_0028,LOC_0018,Standard,38306.65,288.82,2025-10-11 04:46:56,Delivered
ORD_0003385,CUST_000392,2026-04-25 15:12:55,LOC_0022,LOC_0014,Standard,30401.73,1788.14,2026-07-11 06:14:14,Delivered
ORD_0003386,CUST_000906,2026-03-08 23:56:58,LOC_0037,LOC_0016,Urgent,9456.6,740.55,2026-01-10 14:09:17,Delivered
ORD_0003387,CUST_000895,2026-06-01 14:29:58,LOC_0025,LOC_0046,Express,7338.14,2322.83,2026-06-03 20:03:08,Delivered
ORD_0003388,CUST_000736,2026-08-20 19:39:22,LOC_0012,LOC_0021,Urgent,7670.61,3703.59,2026-02-08 14:51:59,Delivered
ORD_0003389,CUST_000559,2026-07-31 19:18:36,LOC_0002,LOC_0029,Urgent,22745.34,2342.55,2026-04-14 13:24:43,Delivered
ORD_0003390,CUST_000455,2026-01-25 16:02:15,LOC_0027,LOC_0021,Standard,25702.9,1751.61,2026-04-13 22:07:42,Delivered
ORD_0003391,CUST_000019,2026-01-26 12:28:15,LOC_0005,LOC_0043,Standard,50141.26,109.3,2026-07-04 14:32:51,Delivered
ORD_0003392,CUST_000113,2026-08-12 03:49:25,LOC_0027,LOC_0023,Express,39095.56,3880.37,2026-01-05 10:31:20,Delivered
ORD_0003393,CUST_000366,2025-11-09 22:49:10,LOC_0045,LOC_0010,Standard,1691.94,4216.33,2026-08-29 15:05:01,Delivered
ORD_0003394,CUST_000803,2026-03-19 14:45:33,LOC_0036,LOC_0005,Same Day,64475.37,3978.92,2025-11-10 11:23:47,Delivered
ORD_0003395,CUST_000896,2025-12-06 04:18:05,LOC_0007,LOC_0037,Same Day,65059.47,2093.41,2025-11-25 06:42:55,Delivered
ORD_0003396,CUST_000645,2025-11-19 00:47:48,LOC_0029,LOC_0012,Standard,6189.87,4486.86,2026-09-01 18:45:10,Delivered
ORD_0003397,CUST_000943,2026-06-08 13:38:57,LOC_0001,LOC_0006,Same Day,47046.01,1070.74,2026-06-18 21:16:13,Delivered
ORD_0003398,CUST_000045,2026-07-27 01:57:17,LOC_0018,LOC_0047,Standard,66481.71,471.27,2026-03-08 12:05:13,Cancelled
ORD_0003399,CUST_000349,2026-07-14 09:49:25,LOC_0026,LOC_0019,Standard,35543.71,4754.71,2026-06-30 15:13:50,Delivered
ORD_0003400,CUST_000243,2026-05-16 14:00:08,LOC_0016,LOC_0025,Express,13184.47,3518.87,2026-01-21 19:21:38,Delivered
ORD_0003401,CUST_000215,2026-07-04 12:18:34,LOC_0046,LOC_0004,Same Day,37176.68,4910.77,2025-12-21 21:48:07,Delivered
ORD_0003402,CUST_000844,2026-08-09 08:24:16,LOC_0022,LOC_0032,Same Day,7903.1,670.95,2026-01-11 22:31:07,Delivered
ORD_0003403,CUST_000016,2026-06-28 11:10:02,LOC_0042,LOC_0005,Express,76679.98,1332.23,2026-04-03 20:09:10,Delivered
ORD_0003404,CUST_000155,2025-10-17 10:08:43,LOC_0023,LOC_0013,Standard,41525.45,3749.49,2026-03-11 14:12:08,Delivered
ORD_0003405,CUST_000349,2025-10-19 00:23:33,LOC_0025,LOC_0023,Urgent,15094.95,4972.23,2026-09-01 09:25:10,Delivered
ORD_0003406,CUST_000395,2026-02-15 17:49:58,LOC_0020,LOC_0015,Express,68051.68,4780.69,2025-12-25 08:18:33,Delivered
ORD_0003407,CUST_000071,2026-05-27 16:32:59,LOC_0021,LOC_0009,Standard,1236.54,3968.07,2026-05-29 17:10:20,Delivered
ORD_0003408,CUST_000049,2026-08-20 21:45:01,LOC_0041,LOC_0046,Express,8395.03,4601.03,2026-06-30 10:57:58,Delivered
ORD_0003409,CUST_000698,2026-05-15 23:47:24,LOC_0017,LOC_0026,Standard,55281.33,236.0,2025-10-16 23:31:44,Delivered
ORD_0003410,CUST_000367,2025-12-29 00:06:16,LOC_0014,LOC_0031,Express,65777.85,3894.72,2026-06-26 06:55:24,Delivered
ORD_0003411,CUST_000275,2026-08-13 23:24:28,LOC_0034,LOC_0035,Urgent,65814.49,2047.25,2026-04-30 14:11:07,Delivered
ORD_0003412,CUST_000611,2026-06-12 11:30:52,LOC_0011,LOC_0036,Standard,64936.77,832.62,2026-05-11 19:10:36,Delivered
ORD_0003413,CUST_000888,2025-11-16 11:00:02,LOC_0005,LOC_0026,Express,68640.3,2721.57,2025-10-15 01:51:52,Delivered
ORD_0003414,CUST_000465,2026-08-03 20:40:52,LOC_0043,LOC_0020,Standard,56680.0,3891.96,2026-04-30 16:48:57,Delivered
ORD_0003415,CUST_000636,2025-12-18 11:22:25,LOC_0048,LOC_0038,Standard,5186.01,322.95,2025-11-08 16:48:16,Delivered
ORD_0003416,CUST_000119,2026-06-05 05:07:25,LOC_0009,LOC_0014,Express,31504.63,4619.31,2026-07-14 11:34:05,Delivered
ORD_0003417,CUST_000987,2026-05-29 12:12:49,LOC_0001,LOC_0027,Standard,56878.96,303.25,2026-08-07 02:42:24,Cancelled
ORD_0003418,CUST_000219,2025-12-22 00:23:50,LOC_0017,LOC_0026,Standard,40965.12,4842.83,2026-05-08 07:09:20,Delivered
ORD_0003419,CUST_000578,2025-12-31 09:16:36,LOC_0006,LOC_0033,Express,61623.53,67.75,2026-08-24 23:03:40,Delivered
ORD_0003420,CUST_000097,2026-06-04 02:21:25,LOC_0044,LOC_0006,Standard,42938.16,1977.61,2026-01-15 09:40:44,Delivered
ORD_0003421,CUST_000236,2026-02-13 22:08:36,LOC_0033,LOC_0008,Standard,35105.68,4128.3,2026-09-18 02:42:26,Delivered
ORD_0003422,CUST_000304,2026-08-07 05:19:43,LOC_0017,LOC_0025,Standard,27662.16,1421.02,2026-07-21 03:31:53,Delivered
ORD_0003423,CUST_000663,2026-09-05 20:19:56,LOC_0033,LOC_0020,Standard,82625.64,4798.28,2026-05-09 11:29:26,Delivered
ORD_0003424,CUST_000670,2026-08-10 23:43:27,LOC_0012,LOC_0010,Standard,78470.72,4385.11,2026-07-06 06:37:56,Delivered
ORD_0003425,CUST_000414,2026-01-21 01:59:58,LOC_0034,LOC_0013,Standard,32453.64,2044.99,2026-07-01 07:46:55,Delivered
ORD_0003426,CUST_000336,2026-05-18 06:03:43,LOC_0045,LOC_0019,Express,56754.28,2989.26,2026-05-17 01:22:28,Delivered
ORD_0003427,CUST_000347,2025-12-26 02:43:39,LOC_0015,LOC_0017,Same Day,22339.22,2148.81,2026-06-23 21:54:43,Delivered
ORD_0003428,CUST_000528,2026-07-20 17:10:55,LOC_0012,LOC_0008,Express,68274.32,4762.5,2025-10-31 06:50:39,Delivered
ORD_0003429,CUST_000993,2026-02-14 06:23:24,LOC_0048,LOC_0042,Express,71464.88,4396.38,2026-09-19 04:20:00,Delivered
ORD_0003430,CUST_000745,2026-05-12 13:47:44,LOC_0026,LOC_0004,Standard,42994.48,3908.99,2026-03-31 11:06:51,Delivered
ORD_0003431,CUST_000898,2026-07-26 05:06:24,LOC_0025,LOC_0033,Standard,34292.94,3392.68,2026-05-16 12:24:24,Delivered
ORD_0003432,CUST_000179,2025-11-06 18:29:16,LOC_0043,LOC_0014,Same Day,22012.52,4732.59,2026-07-20 06:07:36,Delivered
ORD_0003433,CUST_000723,2025-10-21 04:55:29,LOC_0009,LOC_0002,Urgent,69715.58,4272.15,2025-10-19 05:00:27,Delivered
ORD_0003434,CUST_000454,2026-05-16 02:33:19,LOC_0031,LOC_0047,Standard,79173.37,2540.07,2026-05-09 01:10:54,Delivered
ORD_0003435,CUST_000304,2025-11-10 05:02:10,LOC_0036,LOC_0029,Standard,9351.34,1537.88,2026-04-24 16:16:19,Delivered
ORD_0003436,CUST_000805,2025-11-14 03:56:28,LOC_0005,LOC_0021,Urgent,70642.47,670.74,2026-06-29 13:31:57,Delivered
ORD_0003437,CUST_000691,2026-05-30 15:02:37,LOC_0001,LOC_0020,Standard,20410.96,59.31,2026-07-01 08:45:41,Delivered
ORD_0003438,CUST_000671,2026-02-25 05:47:46,LOC_0037,LOC_0012,Same Day,12210.55,4397.31,2026-07-27 23:38:08,Delivered
ORD_0003439,CUST_000418,2026-03-21 19:05:30,LOC_0048,LOC_0025,Same Day,70408.16,1031.47,2026-07-25 17:14:35,Delivered
ORD_0003440,CUST_000378,2026-04-10 11:10:51,LOC_0038,LOC_0024,Standard,42261.18,2152.53,2026-09-11 09:45:07,Delivered
ORD_0003441,CUST_000333,2026-05-04 20:01:30,LOC_0006,LOC_0001,Urgent,56103.06,4019.76,2025-11-18 02:32:12,Delivered
ORD_0003442,CUST_000092,2026-06-29 14:25:50,LOC_0048,LOC_0009,Urgent,69134.8,2338.14,2025-10-19 18:04:17,Delivered
ORD_0003443,CUST_000281,2026-08-08 18:10:01,LOC_0009,LOC_0013,Standard,6223.89,1289.25,2026-08-02 02:43:12,Delivered
ORD_0003444,CUST_000045,2026-03-08 18:20:02,LOC_0038,LOC_0012,Standard,38407.93,3661.81,2026-04-01 21:20:57,Delivered
ORD_0003445,CUST_000396,2026-05-24 04:57:22,LOC_0040,LOC_0007,Standard,25192.77,2029.64,2026-06-05 04:36:26,Delivered
ORD_0003446,CUST_000803,2026-09-07 04:06:03,LOC_0016,LOC_0045,Express,37483.49,129.27,2025-11-17 17:31:06,Delivered
ORD_0003447,CUST_000969,2026-04-18 02:31:34,LOC_0024,LOC_0003,Standard,2220.52,1007.25,2026-05-04 03:06:41,Delivered
ORD_0003448,CUST_000956,2026-07-06 07:58:46,LOC_0010,LOC_0029,Standard,56187.3,2761.8,2026-04-22 01:26:39,Delivered
ORD_0003449,CUST_000469,2026-06-03 11:15:48,LOC_0039,LOC_0004,Standard,29755.11,4478.62,2026-01-15 05:41:24,Delivered
ORD_0003450,CUST_000885,2026-06-04 19:55:30,LOC_0009,LOC_0016,Standard,58213.56,70.92,2026-06-26 03:16:36,Delivered
ORD_0003451,CUST_000275,2025-12-05 16:20:19,LOC_0028,LOC_0021,Standard,12959.04,906.55,2026-06-05 07:54:03,Delivered
ORD_0003452,CUST_000550,2026-01-09 05:55:22,LOC_0014,LOC_0012,Urgent,42317.8,1129.06,2026-07-06 17:40:01,Delivered
ORD_0003453,CUST_000684,2025-12-04 09:41:31,LOC_0006,LOC_0017,Standard,23401.7,4688.21,2026-07-24 04:12:35,Cancelled
ORD_0003454,CUST_000962,2026-03-22 08:25:15,LOC_0047,LOC_0020,Express,10594.5,2919.34,2026-03-17 04:50:34,Delivered
ORD_0003455,CUST_000246,2025-12-08 23:52:31,LOC_0042,LOC_0015,Urgent,60975.05,3405.28,2026-03-25 10:05:04,Delivered
ORD_0003456,CUST_000053,2026-01-10 22:12:28,LOC_0017,LOC_0034,Express,52735.1,2463.12,2026-09-20 11:26:01,Delivered
ORD_0003457,CUST_000504,2026-03-19 17:25:01,LOC_0017,LOC_0033,Urgent,44833.65,3916.88,2026-09-01 06:48:27,Delivered
ORD_0003458,CUST_000675,2026-03-18 11:14:22,LOC_0001,LOC_0042,Express,80851.81,2438.58,2026-08-03 08:39:02,Delivered
ORD_0003459,CUST_000978,2026-02-06 17:36:27,LOC_0006,LOC_0047,Urgent,71520.97,1132.97,2026-07-14 12:40:28,Cancelled
ORD_0003460,CUST_000547,2026-05-19 09:15:55,LOC_0047,LOC_0048,Urgent,57529.07,1633.96,2026-05-19 02:58:10,Delivered
ORD_0003461,CUST_000757,2025-11-29 17:46:37,LOC_0034,LOC_0008,Express,39489.74,3160.66,2025-11-30 17:44:42,Delivered
ORD_0003462,CUST_000466,2025-10-21 18:11:25,LOC_0021,LOC_0028,Urgent,76377.36,2234.17,2025-11-15 11:34:29,Delivered
ORD_0003463,CUST_000711,2026-03-12 05:23:52,LOC_0026,LOC_0030,Urgent,31627.53,217.59,2026-03-28 17:43:09,Delivered
ORD_0003464,CUST_000044,2026-07-14 11:13:49,LOC_0046,LOC_0032,Express,42045.61,4481.18,2025-11-19 11:19:40,Delivered
ORD_0003465,CUST_000691,2026-09-14 12:15:21,LOC_0044,LOC_0047,Same Day,18617.09,1514.61,2025-10-03 15:58:05,Delivered
ORD_0003466,CUST_000201,2025-10-04 10:28:48,LOC_0040,LOC_0041,Standard,43557.19,4280.52,2025-12-17 01:16:31,Delivered
ORD_0003467,CUST_000729,2026-06-01 03:01:52,LOC_0037,LOC_0024,Express,23362.73,4496.65,2026-08-08 18:54:36,Delivered
ORD_0003468,CUST_000869,2026-04-05 10:28:35,LOC_0037,LOC_0030,Standard,49789.41,4374.04,2026-01-01 09:44:43,Delivered
ORD_0003469,CUST_000553,2026-03-16 04:47:48,LOC_0026,LOC_0014,Express,35951.94,158.08,2026-09-06 15:55:07,Delivered
ORD_0003470,CUST_000936,2026-04-27 12:04:36,LOC_0037,LOC_0017,Standard,55343.27,3493.2,2026-05-05 03:02:59,Delivered
ORD_0003471,CUST_000109,2026-03-28 01:07:24,LOC_0022,LOC_0017,Standard,15311.69,1672.53,2026-06-19 14:49:57,Delivered
ORD_0003472,CUST_000875,2025-12-09 10:20:29,LOC_0015,LOC_0002,Standard,78872.91,4623.02,2025-11-23 04:35:56,Delivered
ORD_0003473,CUST_000798,2025-10-26 23:17:05,LOC_0047,LOC_0043,Standard,59739.8,1109.59,2025-11-30 11:27:08,Delivered
ORD_0003474,CUST_000597,2026-03-07 20:37:18,LOC_0029,LOC_0009,Standard,48819.79,3502.64,2026-04-01 19:45:24,Delivered
ORD_0003475,CUST_000778,2026-03-19 05:20:40,LOC_0004,LOC_0040,Express,58861.38,2670.78,2026-02-28 11:46:46,Delivered
ORD_0003476,CUST_000163,2025-10-08 04:40:02,LOC_0040,LOC_0009,Standard,64033.85,1949.17,2026-05-11 06:39:21,Delivered
ORD_0003477,CUST_000494,2025-11-30 09:56:00,LOC_0045,LOC_0031,Standard,84323.51,2593.04,2026-05-02 05:12:51,Delivered
ORD_0003478,CUST_000213,2025-11-27 22:22:42,LOC_0012,LOC_0021,Express,17304.17,3125.68,2025-10-23 20:19:19,Delivered
ORD_0003479,CUST_000291,2026-01-21 07:59:50,LOC_0019,LOC_0031,Standard,60411.23,4182.38,2025-12-05 00:57:04,Delivered
ORD_0003480,CUST_000397,2026-02-23 15:17:00,LOC_0029,LOC_0037,Express,73787.19,3405.82,2026-07-30 00:26:44,Delivered
ORD_0003481,CUST_000135,2026-04-09 20:24:05,LOC_0021,LOC_0047,Urgent,17763.74,150.56,2026-05-25 16:44:21,Delivered
ORD_0003482,CUST_000970,2026-05-04 07:57:32,LOC_0006,LOC_0011,Standard,77770.56,3573.9,2026-09-16 18:14:44,Delivered
ORD_0003483,CUST_000333,2026-04-15 17:33:14,LOC_0048,LOC_0007,Standard,11530.02,4838.17,2026-05-27 17:56:46,Delivered
ORD_0003484,CUST_000742,2025-10-18 17:29:46,LOC_0007,LOC_0011,Urgent,4144.43,1229.35,2026-02-16 20:08:52,Delivered
ORD_0003485,CUST_000633,2025-12-14 11:59:18,LOC_0026,LOC_0043,Standard,39918.36,1032.73,2026-03-15 20:33:13,Cancelled
ORD_0003486,CUST_000222,2026-08-08 06:36:27,LOC_0031,LOC_0023,Standard,75749.49,2676.12,2025-11-04 00:34:46,Delivered
ORD_0003487,CUST_000879,2026-01-14 04:57:37,LOC_0007,LOC_0036,Urgent,13459.25,2544.74,2026-01-22 14:53:54,Cancelled
ORD_0003488,CUST_000929,2026-06-03 19:07:54,LOC_0037,LOC_0017,Standard,25007.54,3417.6,2025-10-20 07:22:02,Delivered
ORD_0003489,CUST_000886,2026-09-01 02:01:45,LOC_0012,LOC_0036,Express,52653.03,824.63,2026-03-27 09:20:22,Cancelled
ORD_0003490,CUST_000179,2025-12-11 08:30:55,LOC_0022,LOC_0040,Urgent,56446.55,4430.92,2026-01-07 10:40:30,Cancelled
ORD_0003491,CUST_000829,2025-11-21 02:33:15,LOC_0024,LOC_0021,Standard,38772.84,1587.36,2026-06-02 13:23:21,Delivered
ORD_0003492,CUST_000533,2025-10-02 09:10:28,LOC_0013,LOC_0037,Same Day,7301.5,1009.4,2025-10-07 12:54:59,Delivered
ORD_0003493,CUST_000471,2026-01-15 03:23:26,LOC_0014,LOC_0030,Standard,61677.11,2498.67,2026-07-09 22:55:29,Delivered
ORD_0003494,CUST_000696,2026-06-16 00:26:49,LOC_0046,LOC_0012,Standard,31094.64,1665.7,2026-05-23 04:24:17,Delivered
ORD_0003495,CUST_000828,2026-08-21 20:38:15,LOC_0009,LOC_0035,Urgent,3368.4,670.56,2025-12-27 15:42:49,Delivered
ORD_0003496,CUST_000524,2026-04-27 22:13:35,LOC_0041,LOC_0026,Standard,46157.34,232.85,2025-12-17 03:10:58,Delivered
ORD_0003497,CUST_000687,2026-09-03 08:32:05,LOC_0045,LOC_0007,Standard,37471.68,2111.61,2026-04-11 04:52:26,Delivered
ORD_0003498,CUST_000906,2025-10-20 02:49:18,LOC_0017,LOC_0029,Express,65265.21,2110.33,2026-06-24 01:41:43,Delivered
ORD_0003499,CUST_000910,2026-03-15 00:42:25,LOC_0031,LOC_0038,Express,79349.91,4195.99,2026-05-24 05:27:29,Delivered
ORD_0003500,CUST_000567,2026-06-06 08:52:15,LOC_0029,LOC_0019,Standard,67358.37,419.32,2026-06-10 01:53:46,Delivered
ORD_0003501,CUST_000474,2026-07-07 21:31:02,LOC_0002,LOC_0026,Standard,29387.98,1697.76,2025-10-18 04:21:47,Delivered
ORD_0003502,CUST_000171,2026-03-15 00:04:48,LOC_0030,LOC_0046,Standard,6493.68,4122.12,2026-02-22 17:44:26,Delivered
ORD_0003503,CUST_000400,2026-08-10 08:25:00,LOC_0026,LOC_0040,Standard,69977.65,630.67,2026-05-11 15:43:08,Delivered
ORD_0003504,CUST_000780,2026-05-07 17:29:54,LOC_0018,LOC_0046,Standard,58486.4,3173.67,2026-09-29 04:10:58,Delivered
ORD_0003505,CUST_000534,2025-11-29 17:03:16,LOC_0013,LOC_0047,Standard,22759.04,1246.49,2026-08-11 18:18:14,Delivered
ORD_0003506,CUST_000179,2026-03-23 19:23:33,LOC_0048,LOC_0001,Standard,18045.68,2500.98,2026-08-13 13:11:00,Delivered
ORD_0003507,CUST_000001,2026-03-30 19:29:35,LOC_0003,LOC_0002,Urgent,34231.28,4245.71,2025-12-19 20:47:52,Delivered
ORD_0003508,CUST_000915,2025-11-27 00:17:07,LOC_0005,LOC_0026,Same Day,66254.43,1729.74,2025-11-25 18:42:36,Delivered
ORD_0003509,CUST_000120,2026-04-05 12:05:17,LOC_0024,LOC_0013,Standard,49973.99,4459.06,2026-02-23 01:07:25,Delivered
ORD_0003510,CUST_000806,2026-09-08 10:53:44,LOC_0013,LOC_0014,Standard,4594.15,3756.24,2026-04-26 16:45:47,Delivered
ORD_0003511,CUST_000573,2026-08-29 05:23:10,LOC_0025,LOC_0017,Standard,1305.31,2738.91,2026-05-14 03:11:57,Delivered
ORD_0003512,CUST_000280,2026-08-22 18:03:53,LOC_0039,LOC_0032,Standard,24727.78,3192.85,2026-02-27 09:12:31,Delivered
ORD_0003513,CUST_000755,2026-05-25 08:47:29,LOC_0027,LOC_0045,Standard,16302.41,4757.46,2026-03-02 13:35:16,Delivered
ORD_0003514,CUST_000713,2025-10-07 03:59:35,LOC_0040,LOC_0027,Urgent,30565.02,3332.67,2025-12-25 16:32:39,Delivered
ORD_0003515,CUST_000357,2025-11-02 06:13:40,LOC_0009,LOC_0021,Urgent,31370.04,4718.91,2025-12-15 07:15:35,Delivered
ORD_0003516,CUST_000881,2026-07-26 21:59:19,LOC_0019,LOC_0017,Express,8969.66,1566.61,2026-02-18 21:42:57,Delivered
ORD_0003517,CUST_000075,2025-11-08 05:12:37,LOC_0016,LOC_0048,Standard,80136.14,335.31,2026-06-07 22:30:51,Delivered
ORD_0003518,CUST_000042,2026-02-06 05:59:28,LOC_0004,LOC_0034,Express,15312.74,3389.19,2026-01-20 23:06:47,Delivered
ORD_0003519,CUST_000659,2026-02-26 06:57:40,LOC_0021,LOC_0018,Urgent,1994.54,4817.19,2026-01-19 06:21:29,Delivered
ORD_0003520,CUST_000588,2026-07-05 07:06:47,LOC_0003,LOC_0030,Urgent,44131.69,2463.38,2025-10-04 20:29:03,Delivered
ORD_0003521,CUST_000907,2025-10-09 15:43:45,LOC_0022,LOC_0006,Urgent,5095.38,2324.3,2026-03-29 18:47:33,Delivered
ORD_0003522,CUST_000255,2026-05-05 13:03:51,LOC_0011,LOC_0024,Standard,71699.03,1536.24,2026-02-12 23:12:27,Delivered
ORD_0003523,CUST_000312,2025-12-29 16:48:11,LOC_0034,LOC_0014,Standard,63040.59,4477.11,2026-03-29 13:59:26,Delivered
ORD_0003524,CUST_000255,2026-04-28 21:59:28,LOC_0034,LOC_0004,Express,25439.39,4478.51,2026-08-06 20:16:27,Delivered
ORD_0003525,CUST_000954,2026-04-28 03:03:26,LOC_0002,LOC_0018,Standard,31221.49,218.05,2026-07-23 14:33:30,Delivered
ORD_0003526,CUST_000021,2026-04-23 04:55:28,LOC_0004,LOC_0047,Urgent,34652.89,1460.06,2026-04-25 20:47:42,Delivered
ORD_0003527,CUST_000400,2026-01-29 16:52:26,LOC_0034,LOC_0023,Standard,71603.51,4430.74,2026-04-03 04:34:38,Cancelled
ORD_0003528,CUST_000618,2026-01-17 02:53:48,LOC_0014,LOC_0010,Standard,70189.37,1562.05,2026-08-10 22:36:58,Delivered
ORD_0003529,CUST_000179,2026-01-20 09:26:39,LOC_0013,LOC_0033,Standard,46764.42,380.42,2026-08-07 12:45:02,Delivered
ORD_0003530,CUST_000226,2025-12-22 10:05:41,LOC_0008,LOC_0012,Standard,44214.96,3556.57,2026-01-09 21:15:13,Delivered
ORD_0003531,CUST_000205,2026-07-28 05:30:38,LOC_0041,LOC_0020,Standard,36983.06,313.85,2026-09-24 05:48:08,Delivered
ORD_0003532,CUST_000365,2026-02-11 17:52:51,LOC_0020,LOC_0041,Standard,53060.76,4938.38,2026-08-09 04:57:09,Delivered
ORD_0003533,CUST_000772,2026-09-05 23:31:01,LOC_0033,LOC_0021,Urgent,57059.1,3382.67,2026-04-25 03:28:06,Delivered
ORD_0003534,CUST_000420,2026-07-05 22:37:40,LOC_0008,LOC_0040,Standard,33947.49,497.52,2025-10-12 05:52:33,Delivered
ORD_0003535,CUST_000559,2025-11-03 04:42:12,LOC_0008,LOC_0036,Standard,74264.59,4428.08,2026-04-23 13:58:53,Delivered
ORD_0003536,CUST_000607,2025-11-15 00:48:58,LOC_0030,LOC_0001,Standard,35537.41,1070.59,2026-08-18 15:25:37,Delivered
ORD_0003537,CUST_000797,2026-01-04 11:31:05,LOC_0007,LOC_0026,Express,52053.69,1717.8,2026-06-01 22:17:48,Delivered
ORD_0003538,CUST_000907,2025-12-06 20:59:07,LOC_0020,LOC_0046,Standard,59011.17,3331.34,2026-03-27 00:47:13,Delivered
ORD_0003539,CUST_000852,2026-04-16 05:01:06,LOC_0009,LOC_0008,Standard,83456.08,4303.27,2025-12-11 22:34:26,Delivered
ORD_0003540,CUST_000994,2026-08-23 00:50:50,LOC_0006,LOC_0029,Express,5351.7,3270.89,2025-11-24 09:12:41,Cancelled
ORD_0003541,CUST_000781,2026-08-27 02:12:14,LOC_0047,LOC_0030,Standard,45906.88,2673.62,2026-09-07 18:01:36,Delivered
ORD_0003542,CUST_000228,2026-04-12 16:19:34,LOC_0007,LOC_0010,Standard,81532.16,2887.67,2026-02-19 21:23:24,Delivered
ORD_0003543,CUST_000007,2026-02-27 00:03:44,LOC_0029,LOC_0027,Express,55405.08,4180.89,2026-01-08 10:34:35,Delivered
ORD_0003544,CUST_000927,2025-10-09 09:32:53,LOC_0015,LOC_0040,Express,40089.78,670.5,2026-01-21 09:21:03,Delivered
ORD_0003545,CUST_000338,2026-06-24 00:45:22,LOC_0035,LOC_0020,Standard,61320.84,4897.22,2025-10-24 22:10:00,Delivered
ORD_0003546,CUST_000460,2026-09-10 20:00:04,LOC_0038,LOC_0013,Express,21999.75,1356.48,2026-07-22 12:57:38,Delivered
ORD_0003547,CUST_000751,2026-07-09 16:24:28,LOC_0001,LOC_0036,Standard,23879.98,1001.11,2025-12-17 09:55:02,Delivered
ORD_0003548,CUST_000355,2026-05-08 06:25:35,LOC_0018,LOC_0012,Standard,29028.24,3442.33,2026-08-13 21:16:13,Delivered
ORD_0003549,CUST_000667,2026-07-31 00:21:26,LOC_0042,LOC_0048,Standard,28594.75,4237.51,2026-09-18 09:45:27,Delivered
ORD_0003550,CUST_000198,2026-02-09 11:48:53,LOC_0015,LOC_0034,Standard,78899.72,4434.53,2026-01-10 20:01:18,Delivered
ORD_0003551,CUST_000870,2025-10-05 09:15:33,LOC_0044,LOC_0041,Standard,4314.17,3670.21,2026-06-20 10:20:26,Delivered
ORD_0003552,CUST_000656,2026-08-04 22:32:06,LOC_0014,LOC_0036,Standard,18261.64,4178.52,2026-01-28 20:41:42,Delivered
ORD_0003553,CUST_000287,2026-05-28 00:05:22,LOC_0041,LOC_0013,Urgent,62247.77,4601.51,2026-03-10 08:55:05,Delivered
ORD_0003554,CUST_000318,2025-12-13 09:21:07,LOC_0019,LOC_0021,Standard,50901.95,2491.01,2026-07-11 12:27:36,Delivered
ORD_0003555,CUST_000674,2026-08-04 14:16:22,LOC_0026,LOC_0007,Same Day,21106.16,1498.47,2026-03-04 18:49:24,Delivered
ORD_0003556,CUST_000621,2026-06-19 14:58:22,LOC_0030,LOC_0001,Standard,56850.47,570.85,2026-07-23 09:56:04,Delivered
ORD_0003557,CUST_000098,2026-09-11 18:31:05,LOC_0012,LOC_0028,Express,61251.07,4880.63,2026-04-07 10:39:37,Delivered
ORD_0003558,CUST_000424,2025-11-11 19:37:26,LOC_0011,LOC_0037,Standard,27979.91,4229.34,2025-12-27 17:30:55,Delivered
ORD_0003559,CUST_000038,2026-03-17 16:55:47,LOC_0022,LOC_0037,Standard,69711.92,3350.65,2026-03-19 08:35:38,Delivered
ORD_0003560,CUST_000392,2025-11-27 19:01:54,LOC_0032,LOC_0038,Standard,66040.73,2547.23,2026-08-27 09:20:05,Delivered
ORD_0003561,CUST_000219,2026-07-23 00:14:21,LOC_0022,LOC_0041,Express,44376.39,1125.0,2026-06-13 18:52:34,Delivered
ORD_0003562,CUST_000798,2025-10-25 05:32:56,LOC_0029,LOC_0034,Urgent,17349.98,18.23,2026-03-20 14:59:19,Delivered
ORD_0003563,CUST_000404,2025-11-13 21:06:04,LOC_0039,LOC_0032,Standard,39956.29,286.26,2026-06-20 19:14:03,Delivered
ORD_0003564,CUST_000592,2026-05-22 06:32:35,LOC_0005,LOC_0038,Urgent,25785.0,4438.47,2026-08-12 02:43:47,Delivered
ORD_0003565,CUST_000319,2026-08-20 19:09:55,LOC_0009,LOC_0010,Standard,30740.39,4927.18,2026-09-15 18:26:52,Delivered
ORD_0003566,CUST_000031,2025-11-03 13:22:00,LOC_0036,LOC_0008,Express,58254.95,1120.45,2025-10-21 10:29:06,Delivered
ORD_0003567,CUST_000412,2026-06-11 22:23:49,LOC_0003,LOC_0008,Urgent,53455.49,1299.26,2026-09-12 00:27:32,Delivered
ORD_0003568,CUST_000343,2026-06-20 04:07:33,LOC_0004,LOC_0033,Standard,37879.34,265.83,2025-10-31 07:07:33,Delivered
ORD_0003569,CUST_000048,2026-08-26 04:18:47,LOC_0025,LOC_0018,Express,19277.13,1800.82,2025-11-29 04:24:12,Delivered
ORD_0003570,CUST_000820,2025-10-31 21:34:11,LOC_0027,LOC_0019,Same Day,24367.74,4953.5,2026-07-25 03:55:54,Delivered
ORD_0003571,CUST_000044,2026-08-03 17:44:18,LOC_0046,LOC_0026,Standard,12265.53,1353.27,2025-11-30 00:41:27,Delivered
ORD_0003572,CUST_000917,2026-04-14 06:56:55,LOC_0028,LOC_0011,Express,62422.52,4581.49,2026-08-23 08:03:08,Delivered
ORD_0003573,CUST_000588,2026-02-14 12:38:51,LOC_0040,LOC_0018,Standard,43809.08,4462.48,2026-04-22 10:28:44,Delivered
ORD_0003574,CUST_000804,2026-02-08 04:01:43,LOC_0029,LOC_0034,Standard,26434.07,2253.69,2026-05-25 19:54:52,Delivered
ORD_0003575,CUST_000214,2026-03-03 20:28:50,LOC_0009,LOC_0025,Standard,78700.92,3440.05,2026-07-14 06:15:26,Cancelled
ORD_0003576,CUST_000293,2026-06-19 14:29:12,LOC_0009,LOC_0048,Urgent,38475.97,2623.37,2025-12-14 15:16:39,Delivered
ORD_0003577,CUST_000292,2026-02-24 09:11:25,LOC_0026,LOC_0008,Standard,35464.66,1513.79,2026-06-28 07:56:46,Delivered
ORD_0003578,CUST_000566,2025-12-07 23:47:48,LOC_0043,LOC_0008,Urgent,56242.15,704.39,2025-12-22 17:19:11,Delivered
ORD_0003579,CUST_000991,2026-07-05 21:15:47,LOC_0037,LOC_0036,Standard,54806.07,2230.99,2026-08-16 17:12:49,Delivered
ORD_0003580,CUST_000719,2025-10-03 07:12:22,LOC_0037,LOC_0048,Express,60353.03,1736.46,2025-12-26 01:32:43,Delivered
ORD_0003581,CUST_000215,2026-06-14 18:18:39,LOC_0029,LOC_0001,Standard,75057.53,3567.92,2026-07-18 18:10:06,Delivered
ORD_0003582,CUST_000083,2026-07-18 09:19:42,LOC_0015,LOC_0039,Standard,83562.63,2899.95,2025-12-04 13:42:38,Delivered
ORD_0003583,CUST_000020,2026-07-18 17:49:03,LOC_0046,LOC_0044,Urgent,70685.36,4589.31,2025-12-26 15:33:29,Delivered
ORD_0003584,CUST_000690,2026-06-17 16:44:18,LOC_0027,LOC_0005,Standard,76731.3,437.99,2026-05-26 03:19:21,Delivered
ORD_0003585,CUST_000617,2025-12-31 06:42:40,LOC_0019,LOC_0043,Standard,67522.63,923.57,2026-09-18 02:42:58,Delivered
ORD_0003586,CUST_000536,2026-06-21 16:26:53,LOC_0038,LOC_0014,Express,77114.61,195.75,2026-06-11 13:05:14,Delivered
ORD_0003587,CUST_000146,2026-08-07 16:31:44,LOC_0042,LOC_0044,Urgent,63061.36,2595.12,2026-09-23 17:08:49,Delivered
ORD_0003588,CUST_000315,2026-01-25 04:27:53,LOC_0018,LOC_0017,Standard,12216.91,2991.49,2025-11-30 11:48:20,Delivered
ORD_0003589,CUST_000598,2025-10-27 06:04:22,LOC_0009,LOC_0033,Express,51452.78,1872.17,2026-06-19 18:28:31,Delivered
ORD_0003590,CUST_000180,2026-01-25 11:13:46,LOC_0016,LOC_0020,Standard,73598.9,4915.48,2026-09-17 09:35:45,Delivered
ORD_0003591,CUST_000434,2026-08-02 12:04:57,LOC_0036,LOC_0019,Urgent,40092.27,3920.87,2026-01-19 12:26:43,Delivered
ORD_0003592,CUST_000547,2025-12-05 17:17:17,LOC_0029,LOC_0045,Express,61667.72,101.18,2025-12-14 19:58:53,Delivered
ORD_0003593,CUST_000913,2026-05-18 16:09:13,LOC_0020,LOC_0005,Express,80597.43,1721.74,2025-10-20 04:27:58,Delivered
ORD_0003594,CUST_000860,2025-10-16 23:26:33,LOC_0021,LOC_0008,Urgent,70729.18,2570.0,2026-02-03 03:58:29,Delivered
ORD_0003595,CUST_000308,2026-01-09 07:56:43,LOC_0042,LOC_0038,Standard,40614.29,4582.67,2026-07-17 11:28:54,Delivered
ORD_0003596,CUST_000573,2026-04-21 10:48:36,LOC_0035,LOC_0029,Urgent,14109.9,4359.1,2026-02-07 19:40:54,Delivered
ORD_0003597,CUST_000180,2026-08-17 04:28:27,LOC_0044,LOC_0005,Standard,1773.83,711.49,2025-10-27 11:12:34,Delivered
ORD_0003598,CUST_000760,2025-12-17 23:14:33,LOC_0024,LOC_0031,Standard,73033.62,4081.83,2026-09-17 06:56:38,Delivered
ORD_0003599,CUST_000287,2026-05-10 21:53:16,LOC_0015,LOC_0046,Express,64075.05,3526.82,2026-01-29 18:00:41,Delivered
ORD_0003600,CUST_000741,2026-06-16 10:30:54,LOC_0015,LOC_0013,Standard,18835.66,4399.58,2025-12-31 05:04:45,Delivered
ORD_0003601,CUST_000242,2026-04-26 13:32:10,LOC_0022,LOC_0001,Urgent,13343.94,4755.26,2026-08-29 09:37:44,Delivered
ORD_0003602,CUST_000785,2026-08-20 19:02:44,LOC_0017,LOC_0016,Urgent,6179.33,4072.04,2026-03-22 07:11:35,Delivered
ORD_0003603,CUST_000565,2026-02-22 23:21:54,LOC_0022,LOC_0043,Urgent,1324.26,2657.86,2025-10-25 20:14:12,Delivered
ORD_0003604,CUST_000609,2025-10-30 03:58:22,LOC_0024,LOC_0005,Urgent,63286.12,1982.23,2025-12-22 18:42:17,Delivered
ORD_0003605,CUST_000748,2025-10-02 19:05:28,LOC_0017,LOC_0003,Standard,79001.91,1374.17,2026-07-13 04:09:37,Delivered
ORD_0003606,CUST_000824,2026-05-24 07:54:45,LOC_0047,LOC_0015,Standard,68534.64,1546.38,2026-08-01 07:50:44,Delivered
ORD_0003607,CUST_000632,2026-08-17 01:12:28,LOC_0030,LOC_0021,Standard,11592.54,4921.69,2025-12-20 10:16:24,Delivered
ORD_0003608,CUST_000049,2025-11-02 02:57:15,LOC_0003,LOC_0009,Express,60388.91,4283.15,2026-01-31 16:38:19,Delivered
ORD_0003609,CUST_000014,2026-07-08 05:42:33,LOC_0043,LOC_0034,Standard,41758.54,3517.05,2026-05-21 20:52:50,Delivered
ORD_0003610,CUST_000855,2026-07-03 00:47:44,LOC_0011,LOC_0028,Standard,49967.3,4358.5,2026-01-31 18:31:26,Delivered
ORD_0003611,CUST_000606,2025-12-16 19:45:30,LOC_0012,LOC_0032,Express,71426.22,3719.22,2026-06-09 07:05:53,Delivered
ORD_0003612,CUST_000759,2026-07-14 22:25:12,LOC_0042,LOC_0030,Express,73800.76,945.33,2025-10-05 09:51:09,Delivered
ORD_0003613,CUST_000940,2026-04-09 21:40:26,LOC_0033,LOC_0010,Standard,25099.31,1196.75,2026-06-28 23:48:23,Delivered
ORD_0003614,CUST_000559,2025-10-05 11:37:05,LOC_0007,LOC_0044,Standard,6434.54,3215.18,2026-08-09 04:29:38,Delivered
ORD_0003615,CUST_000929,2026-02-07 04:41:13,LOC_0014,LOC_0017,Standard,24830.4,4695.48,2026-04-17 08:52:31,Delivered
ORD_0003616,CUST_000568,2026-03-27 04:36:16,LOC_0010,LOC_0034,Standard,33805.43,1166.49,2026-06-07 11:01:55,Delivered
ORD_0003617,CUST_000932,2026-03-18 12:00:42,LOC_0032,LOC_0008,Standard,25361.43,2671.12,2026-01-30 19:44:32,Delivered
ORD_0003618,CUST_000205,2026-01-01 11:42:27,LOC_0034,LOC_0015,Standard,5616.22,3048.75,2026-07-27 16:57:33,Delivered
ORD_0003619,CUST_000632,2025-11-16 12:19:59,LOC_0012,LOC_0017,Express,20410.67,3633.65,2026-02-21 07:04:33,Delivered
ORD_0003620,CUST_000806,2026-06-04 13:14:54,LOC_0006,LOC_0017,Express,15357.37,1128.71,2026-01-01 13:00:29,Delivered
ORD_0003621,CUST_000094,2025-11-25 15:55:38,LOC_0035,LOC_0042,Urgent,61508.04,4134.23,2026-07-30 21:49:11,Delivered
ORD_0003622,CUST_000360,2026-02-02 13:05:17,LOC_0017,LOC_0029,Express,5469.88,4312.49,2025-12-14 14:46:13,Delivered
ORD_0003623,CUST_000118,2026-03-24 10:37:27,LOC_0042,LOC_0023,Same Day,84539.72,284.48,2026-03-31 15:02:14,Delivered
ORD_0003624,CUST_000650,2025-12-09 17:55:00,LOC_0024,LOC_0045,Express,508.93,3787.57,2025-11-13 12:03:12,Delivered
ORD_0003625,CUST_000667,2026-08-19 15:33:25,LOC_0039,LOC_0010,Standard,16581.35,1136.14,2026-02-26 03:58:19,Delivered
ORD_0003626,CUST_000101,2026-02-05 06:37:06,LOC_0019,LOC_0026,Standard,73505.54,3039.58,2026-01-05 16:29:31,Delivered
ORD_0003627,CUST_000223,2026-04-11 17:23:00,LOC_0010,LOC_0016,Standard,58635.48,4712.86,2025-10-28 14:01:11,Delivered
ORD_0003628,CUST_000148,2026-05-18 14:45:13,LOC_0007,LOC_0026,Standard,14610.4,4165.93,2025-10-09 11:46:46,Delivered
ORD_0003629,CUST_000932,2025-12-15 21:47:50,LOC_0040,LOC_0045,Express,68533.36,2997.95,2026-09-08 09:08:59,Delivered
ORD_0003630,CUST_000722,2026-08-17 23:27:45,LOC_0027,LOC_0009,Standard,81180.99,2693.85,2026-08-21 22:24:12,Delivered
ORD_0003631,CUST_000423,2026-06-09 18:45:23,LOC_0025,LOC_0029,Standard,59812.79,3215.16,2025-12-26 17:04:00,Delivered
ORD_0003632,CUST_000755,2026-07-11 16:07:11,LOC_0012,LOC_0002,Standard,19415.04,4795.49,2026-07-28 10:36:47,Delivered
ORD_0003633,CUST_000251,2026-03-30 12:07:29,LOC_0037,LOC_0027,Urgent,19156.29,194.99,2026-06-15 18:37:17,Delivered
ORD_0003634,CUST_000596,2025-12-25 11:20:02,LOC_0005,LOC_0031,Standard,53505.75,4319.03,2026-04-15 21:48:42,Delivered
ORD_0003635,CUST_000659,2026-02-14 20:07:20,LOC_0037,LOC_0034,Standard,57301.25,4643.52,2026-04-07 10:28:26,Delivered
ORD_0003636,CUST_000536,2026-06-16 04:56:32,LOC_0022,LOC_0001,Express,57656.21,2284.22,2025-10-16 06:31:18,Delivered
ORD_0003637,CUST_000102,2026-04-30 03:43:23,LOC_0025,LOC_0027,Standard,82466.89,4725.48,2026-09-03 08:39:48,Delivered
ORD_0003638,CUST_000826,2025-12-29 01:59:44,LOC_0028,LOC_0047,Standard,19991.63,1877.07,2026-07-20 02:25:18,Delivered
ORD_0003639,CUST_000012,2026-07-30 21:17:49,LOC_0017,LOC_0001,Express,17040.76,2552.8,2026-06-12 00:58:52,Delivered
ORD_0003640,CUST_000005,2026-06-12 16:09:07,LOC_0042,LOC_0031,Standard,72536.5,4599.85,2026-05-23 15:03:15,Delivered
ORD_0003641,CUST_000071,2026-05-06 12:15:16,LOC_0027,LOC_0028,Standard,54647.11,657.26,2026-01-12 02:32:58,Delivered
ORD_0003642,CUST_000424,2025-12-10 18:42:58,LOC_0021,LOC_0006,Express,37079.91,2047.36,2026-04-03 15:12:39,Delivered
ORD_0003643,CUST_000202,2026-05-13 01:59:03,LOC_0037,LOC_0012,Same Day,44612.68,128.41,2025-12-18 17:40:15,Delivered
ORD_0003644,CUST_000375,2025-10-22 02:43:13,LOC_0029,LOC_0019,Standard,48485.56,4775.29,2025-12-07 00:20:38,Delivered
ORD_0003645,CUST_000050,2026-05-16 16:29:32,LOC_0040,LOC_0009,Standard,58623.14,4032.78,2026-03-21 01:38:40,Cancelled
ORD_0003646,CUST_000619,2026-07-09 15:38:06,LOC_0005,LOC_0045,Standard,20129.6,3574.76,2026-03-20 09:55:17,Cancelled
ORD_0003647,CUST_000412,2026-06-25 04:45:36,LOC_0025,LOC_0043,Standard,2603.31,4597.81,2025-10-22 11:48:57,Delivered
ORD_0003648,CUST_000145,2026-03-05 12:57:32,LOC_0002,LOC_0039,Standard,82616.16,3273.8,2026-02-02 03:05:46,Delivered
ORD_0003649,CUST_000027,2026-02-12 20:23:08,LOC_0037,LOC_0017,Standard,67005.49,1667.83,2025-11-15 08:38:27,Delivered
ORD_0003650,CUST_000226,2025-12-08 06:55:24,LOC_0027,LOC_0020,Express,70510.86,3274.02,2026-08-27 06:51:43,Delivered
ORD_0003651,CUST_000747,2026-03-07 01:28:37,LOC_0043,LOC_0047,Express,59011.79,4276.17,2025-12-17 02:17:27,Delivered
ORD_0003652,CUST_000297,2026-07-10 19:22:49,LOC_0029,LOC_0003,Express,2303.02,2989.26,2026-05-22 15:48:35,Delivered
ORD_0003653,CUST_000311,2026-04-28 12:32:25,LOC_0038,LOC_0004,Standard,56234.23,1271.02,2026-04-15 01:34:12,Cancelled
ORD_0003654,CUST_000322,2026-04-06 14:09:06,LOC_0035,LOC_0002,Express,68287.52,3980.46,2025-12-15 08:02:09,Delivered
ORD_0003655,CUST_000853,2026-03-24 23:58:45,LOC_0040,LOC_0022,Express,15753.13,4185.57,2025-12-25 03:43:53,Delivered
ORD_0003656,CUST_000527,2026-06-11 05:21:54,LOC_0001,LOC_0002,Urgent,81115.49,970.11,2026-01-07 08:10:34,Delivered
ORD_0003657,CUST_000785,2026-06-22 21:46:19,LOC_0009,LOC_0014,Standard,76014.52,3483.27,2026-08-15 22:01:54,Delivered
ORD_0003658,CUST_000266,2025-10-25 08:16:50,LOC_0036,LOC_0032,Standard,73078.18,4486.43,2026-04-24 06:04:38,Delivered
ORD_0003659,CUST_000719,2025-12-13 09:17:38,LOC_0021,LOC_0006,Express,75079.1,351.77,2026-07-04 00:57:23,Delivered
ORD_0003660,CUST_000259,2026-06-04 21:29:44,LOC_0031,LOC_0045,Standard,23642.64,1143.67,2026-07-03 16:06:19,Delivered
ORD_0003661,CUST_000160,2026-01-10 16:05:35,LOC_0032,LOC_0014,Standard,76987.86,4050.43,2026-01-17 02:32:41,Delivered
ORD_0003662,CUST_000958,2025-11-20 17:03:14,LOC_0007,LOC_0021,Urgent,54648.59,2894.26,2025-10-23 05:40:46,Delivered
ORD_0003663,CUST_000032,2025-10-06 21:16:32,LOC_0017,LOC_0043,Express,55281.6,2572.28,2026-02-05 22:25:25,Delivered
ORD_0003664,CUST_000344,2025-11-26 07:17:57,LOC_0008,LOC_0009,Standard,37817.14,3421.27,2026-05-13 09:16:05,Delivered
ORD_0003665,CUST_000896,2026-04-26 08:05:28,LOC_0003,LOC_0042,Standard,82431.21,3584.62,2025-12-03 11:13:33,Delivered
ORD_0003666,CUST_000543,2026-09-08 12:09:19,LOC_0004,LOC_0027,Urgent,27366.54,3869.83,2026-05-24 18:21:13,Delivered
ORD_0003667,CUST_000829,2026-01-12 19:02:28,LOC_0026,LOC_0031,Express,37987.03,524.56,2026-07-08 06:36:41,Delivered
ORD_0003668,CUST_000009,2026-03-24 18:45:26,LOC_0018,LOC_0011,Standard,27920.52,906.25,2026-08-29 09:11:37,Delivered
ORD_0003669,CUST_000554,2026-06-27 09:05:11,LOC_0034,LOC_0022,Standard,80748.46,3161.53,2026-05-24 20:00:28,Delivered
ORD_0003670,CUST_000553,2026-07-25 16:25:52,LOC_0039,LOC_0038,Standard,46528.77,4449.91,2026-05-15 03:15:57,Delivered
ORD_0003671,CUST_000375,2026-05-11 11:58:15,LOC_0039,LOC_0020,Standard,9396.85,2829.27,2025-10-23 15:36:35,Delivered
ORD_0003672,CUST_000901,2026-02-28 02:06:12,LOC_0006,LOC_0022,Standard,19124.65,1015.79,2025-12-31 01:23:27,Delivered
ORD_0003673,CUST_000554,2025-11-10 00:24:20,LOC_0020,LOC_0007,Express,59325.63,2940.52,2026-07-03 06:41:26,Delivered
ORD_0003674,CUST_000801,2026-04-07 11:22:08,LOC_0017,LOC_0042,Same Day,64543.41,2113.34,2026-08-02 08:40:38,Delivered
ORD_0003675,CUST_000309,2026-01-24 15:11:49,LOC_0042,LOC_0018,Express,30119.23,730.3,2026-02-01 04:51:45,Delivered
ORD_0003676,CUST_000253,2026-06-03 22:17:06,LOC_0031,LOC_0032,Express,20059.63,4702.06,2026-06-22 02:35:04,Delivered
ORD_0003677,CUST_000887,2026-01-24 12:19:25,LOC_0032,LOC_0012,Standard,15542.7,3375.54,2025-10-25 23:55:49,Delivered
ORD_0003678,CUST_000986,2025-10-27 13:50:57,LOC_0046,LOC_0041,Urgent,64419.13,1001.52,2026-09-10 02:58:35,Delivered
ORD_0003679,CUST_000164,2026-03-04 17:57:05,LOC_0034,LOC_0028,Urgent,37564.28,1918.27,2026-04-28 07:02:36,Delivered
ORD_0003680,CUST_000583,2026-05-14 19:12:55,LOC_0019,LOC_0034,Standard,30469.43,428.79,2026-07-19 17:44:57,Delivered
ORD_0003681,CUST_000312,2026-04-03 15:34:44,LOC_0025,LOC_0008,Standard,66749.87,3527.96,2026-04-21 05:17:41,Delivered
ORD_0003682,CUST_000092,2026-04-19 12:38:17,LOC_0020,LOC_0045,Standard,65703.65,2541.82,2026-08-04 17:19:12,Delivered
ORD_0003683,CUST_000873,2025-11-27 07:42:06,LOC_0041,LOC_0047,Same Day,57776.43,2454.15,2026-01-27 21:39:19,Delivered
ORD_0003684,CUST_000971,2026-02-16 12:19:29,LOC_0001,LOC_0026,Standard,55060.25,2022.18,2025-10-30 16:57:13,Delivered
ORD_0003685,CUST_000417,2026-07-13 18:21:05,LOC_0040,LOC_0023,Standard,77095.05,4425.13,2026-06-20 09:44:04,Delivered
ORD_0003686,CUST_000954,2026-03-18 21:38:22,LOC_0004,LOC_0012,Urgent,51162.67,1352.27,2026-02-02 17:31:43,Delivered
ORD_0003687,CUST_000427,2026-01-04 06:54:39,LOC_0021,LOC_0025,Standard,5130.99,2020.59,2025-12-02 01:52:24,Delivered
ORD_0003688,CUST_000707,2026-07-21 12:06:12,LOC_0001,LOC_0023,Express,18902.45,3516.26,2026-07-30 03:09:55,Delivered
ORD_0003689,CUST_000484,2025-12-05 05:28:27,LOC_0047,LOC_0031,Express,63478.57,4473.05,2026-09-20 23:02:24,Delivered
ORD_0003690,CUST_000789,2026-08-20 17:52:03,LOC_0007,LOC_0009,Express,82903.75,799.0,2026-07-21 12:27:37,Delivered
ORD_0003691,CUST_000852,2025-12-08 13:56:49,LOC_0033,LOC_0005,Standard,34896.0,2758.03,2026-05-17 20:47:50,Delivered
ORD_0003692,CUST_000193,2025-10-12 08:56:08,LOC_0010,LOC_0021,Standard,81737.91,2604.13,2026-08-06 03:10:44,Delivered
ORD_0003693,CUST_000876,2026-01-10 17:15:30,LOC_0045,LOC_0035,Standard,79077.61,130.02,2026-07-18 13:47:56,Delivered
ORD_0003694,CUST_000476,2026-09-09 07:42:30,LOC_0031,LOC_0001,Standard,84905.29,4597.02,2025-11-16 21:31:51,Delivered
ORD_0003695,CUST_000690,2025-11-23 01:57:49,LOC_0036,LOC_0005,Urgent,28473.89,1936.82,2025-12-21 21:31:55,Delivered
ORD_0003696,CUST_000319,2026-05-22 20:11:57,LOC_0024,LOC_0035,Express,60317.45,1771.39,2026-08-09 06:46:24,Delivered
ORD_0003697,CUST_000765,2025-10-17 20:05:49,LOC_0002,LOC_0047,Express,1571.69,2781.66,2026-03-07 02:52:18,Delivered
ORD_0003698,CUST_000345,2025-12-05 02:32:46,LOC_0034,LOC_0041,Standard,32158.24,2446.59,2026-04-20 10:32:47,Delivered
ORD_0003699,CUST_000552,2026-05-23 23:27:45,LOC_0039,LOC_0043,Standard,8418.76,3073.55,2026-07-03 01:38:31,Delivered
ORD_0003700,CUST_000114,2026-07-15 04:14:23,LOC_0024,LOC_0017,Express,82146.33,4016.22,2026-06-21 06:42:12,Delivered
ORD_0003701,CUST_000792,2026-01-22 23:55:12,LOC_0020,LOC_0019,Standard,24327.14,264.13,2026-05-19 22:03:55,Delivered
ORD_0003702,CUST_000445,2026-09-12 20:03:42,LOC_0047,LOC_0005,Express,34211.18,3226.5,2025-11-14 05:02:44,Delivered
ORD_0003703,CUST_000439,2026-06-20 04:45:55,LOC_0027,LOC_0002,Express,40300.2,2725.32,2026-07-24 20:29:16,Cancelled
ORD_0003704,CUST_000233,2026-07-11 10:05:52,LOC_0002,LOC_0029,Urgent,13127.07,2993.62,2026-01-22 19:06:27,Delivered
ORD_0003705,CUST_000640,2026-01-22 02:32:09,LOC_0038,LOC_0020,Urgent,68548.64,530.27,2026-03-05 17:57:45,Delivered
ORD_0003706,CUST_000823,2026-06-17 00:10:23,LOC_0036,LOC_0028,Standard,19625.69,2788.13,2026-05-09 20:49:37,Delivered
ORD_0003707,CUST_000971,2026-03-14 08:41:49,LOC_0048,LOC_0047,Express,73565.88,1712.94,2026-08-07 18:06:35,Delivered
ORD_0003708,CUST_000193,2026-09-04 13:26:33,LOC_0042,LOC_0002,Same Day,72889.37,3916.43,2025-11-20 03:57:15,Cancelled
ORD_0003709,CUST_000635,2026-03-29 18:37:44,LOC_0019,LOC_0039,Standard,49327.5,1967.55,2026-04-16 16:32:05,Delivered
ORD_0003710,CUST_000862,2026-06-03 17:04:38,LOC_0006,LOC_0044,Standard,3792.2,2162.46,2026-04-09 21:13:16,Delivered
ORD_0003711,CUST_000224,2026-02-26 07:55:27,LOC_0019,LOC_0018,Standard,3443.86,508.31,2025-10-25 11:58:23,Delivered
ORD_0003712,CUST_000791,2025-12-08 16:03:58,LOC_0030,LOC_0033,Urgent,18641.08,4048.57,2026-06-29 15:42:08,Delivered
ORD_0003713,CUST_000199,2026-04-02 05:34:33,LOC_0027,LOC_0038,Urgent,75500.24,225.33,2026-04-15 06:12:33,Delivered
ORD_0003714,CUST_000089,2026-08-17 16:00:15,LOC_0041,LOC_0020,Express,1756.23,790.09,2026-07-11 20:39:17,Cancelled
ORD_0003715,CUST_000703,2025-11-11 09:32:05,LOC_0023,LOC_0019,Urgent,33169.6,2438.38,2025-10-31 18:57:19,Delivered
ORD_0003716,CUST_000052,2026-08-31 15:56:07,LOC_0003,LOC_0017,Standard,43528.02,2001.59,2026-02-07 09:32:09,Delivered
ORD_0003717,CUST_000395,2026-01-23 22:47:35,LOC_0023,LOC_0047,Express,38675.56,3209.23,2026-06-23 21:55:49,Delivered
ORD_0003718,CUST_000148,2025-10-26 22:14:34,LOC_0001,LOC_0046,Same Day,39980.31,4612.7,2026-02-26 05:07:44,Delivered
ORD_0003719,CUST_000983,2025-11-17 22:44:15,LOC_0043,LOC_0046,Express,41815.7,1940.19,2026-09-14 20:18:45,Delivered
ORD_0003720,CUST_000232,2025-11-06 22:42:58,LOC_0026,LOC_0024,Express,63287.64,3161.89,2026-05-24 09:30:35,Delivered
ORD_0003721,CUST_000780,2026-08-29 18:34:54,LOC_0010,LOC_0003,Standard,2830.08,504.17,2026-05-02 03:34:56,Delivered
ORD_0003722,CUST_000564,2026-07-20 04:25:28,LOC_0013,LOC_0019,Standard,34006.49,3786.51,2026-04-26 15:43:39,Delivered
ORD_0003723,CUST_000310,2026-02-23 21:49:01,LOC_0014,LOC_0020,Standard,82552.9,4113.85,2026-02-01 01:15:48,Delivered
ORD_0003724,CUST_000598,2026-08-11 04:52:08,LOC_0012,LOC_0040,Standard,80882.86,2937.16,2026-02-26 12:08:29,Delivered
ORD_0003725,CUST_000005,2026-06-13 11:45:17,LOC_0036,LOC_0030,Standard,3363.94,3473.22,2025-11-30 19:46:20,Delivered
ORD_0003726,CUST_000278,2026-08-30 14:13:57,LOC_0022,LOC_0041,Standard,40224.67,934.75,2026-04-20 19:13:56,Delivered
ORD_0003727,CUST_000600,2026-03-02 11:46:50,LOC_0004,LOC_0023,Standard,65140.89,2193.69,2025-12-04 00:40:37,Delivered
ORD_0003728,CUST_000746,2026-06-20 10:59:36,LOC_0002,LOC_0045,Same Day,11050.64,481.49,2026-01-06 19:08:02,Delivered
ORD_0003729,CUST_000183,2025-11-02 22:29:54,LOC_0045,LOC_0018,Express,61090.49,2001.03,2026-01-10 17:39:00,Delivered
ORD_0003730,CUST_000718,2025-12-04 21:29:09,LOC_0044,LOC_0018,Standard,16396.26,4690.09,2026-08-19 01:30:39,Delivered
ORD_0003731,CUST_000118,2026-04-17 09:16:13,LOC_0046,LOC_0031,Standard,5622.01,1721.66,2025-12-08 08:10:36,Delivered
ORD_0003732,CUST_000003,2026-03-21 10:21:56,LOC_0034,LOC_0032,Standard,81735.88,3592.95,2026-09-24 11:26:12,Delivered
ORD_0003733,CUST_000061,2025-10-10 15:19:33,LOC_0048,LOC_0015,Standard,49547.65,1581.02,2026-03-20 12:50:37,Delivered
ORD_0003734,CUST_000764,2026-09-10 17:42:13,LOC_0037,LOC_0048,Standard,77158.65,4483.76,2026-05-30 10:10:36,Delivered
ORD_0003735,CUST_000442,2026-04-11 20:53:41,LOC_0047,LOC_0005,Standard,58833.12,906.1,2026-03-01 19:11:59,Delivered
ORD_0003736,CUST_000548,2026-05-13 09:19:11,LOC_0014,LOC_0001,Standard,65077.29,4821.25,2026-05-04 18:47:39,Delivered
ORD_0003737,CUST_000864,2026-04-19 02:12:31,LOC_0005,LOC_0022,Urgent,57733.5,3534.6,2026-08-08 10:48:41,Delivered
ORD_0003738,CUST_000532,2026-07-18 05:05:59,LOC_0031,LOC_0012,Standard,18277.14,4712.23,2026-04-27 06:52:29,Delivered
ORD_0003739,CUST_000602,2026-07-06 11:54:41,LOC_0001,LOC_0048,Urgent,52604.5,1410.04,2026-04-08 14:44:40,Delivered
ORD_0003740,CUST_000863,2025-12-27 07:54:55,LOC_0038,LOC_0040,Standard,72457.39,4742.74,2025-10-28 09:51:33,Delivered
ORD_0003741,CUST_000125,2025-10-16 17:47:08,LOC_0038,LOC_0023,Standard,19336.39,1302.47,2026-01-11 03:58:24,Delivered
ORD_0003742,CUST_000538,2026-06-15 16:08:18,LOC_0039,LOC_0010,Urgent,84715.44,4460.48,2026-06-06 09:30:18,Delivered
ORD_0003743,CUST_000767,2026-06-21 21:46:57,LOC_0039,LOC_0028,Express,1439.29,3727.79,2026-01-23 05:48:32,Delivered
ORD_0003744,CUST_000777,2026-01-15 14:04:03,LOC_0036,LOC_0008,Standard,19487.62,951.0,2026-07-19 10:03:21,Delivered
ORD_0003745,CUST_000438,2026-01-19 07:28:50,LOC_0010,LOC_0008,Standard,41088.56,3905.06,2026-05-27 08:19:23,Delivered
ORD_0003746,CUST_000354,2026-06-03 05:05:24,LOC_0044,LOC_0005,Standard,52430.69,2468.49,2026-03-04 10:27:40,Delivered
ORD_0003747,CUST_000245,2025-10-05 22:54:53,LOC_0048,LOC_0002,Express,72337.29,4723.14,2026-02-27 22:53:10,Delivered
ORD_0003748,CUST_000419,2026-01-23 18:27:32,LOC_0030,LOC_0008,Standard,77693.51,3254.22,2026-05-23 23:21:15,Delivered
ORD_0003749,CUST_000547,2026-05-22 14:51:14,LOC_0042,LOC_0037,Standard,81931.8,1648.45,2026-05-08 08:41:52,Delivered
ORD_0003750,CUST_000761,2025-12-24 20:18:15,LOC_0039,LOC_0024,Standard,15997.11,2077.65,2026-09-22 09:40:11,Delivered
ORD_0003751,CUST_000832,2025-11-16 12:51:04,LOC_0031,LOC_0011,Standard,48043.72,2489.55,2026-07-26 01:12:30,Delivered
ORD_0003752,CUST_000436,2025-12-02 16:27:43,LOC_0021,LOC_0027,Urgent,18917.77,2996.35,2026-01-18 21:15:07,Delivered
ORD_0003753,CUST_000380,2026-07-10 05:40:53,LOC_0045,LOC_0018,Standard,44250.29,2971.01,2026-08-28 04:28:37,Delivered
ORD_0003754,CUST_000972,2026-06-10 09:22:21,LOC_0036,LOC_0002,Standard,46206.27,875.93,2025-11-01 03:31:20,Delivered
ORD_0003755,CUST_000643,2025-11-17 10:44:24,LOC_0042,LOC_0022,Urgent,17648.79,2145.25,2026-03-26 00:57:14,Delivered
ORD_0003756,CUST_000848,2026-04-28 17:43:48,LOC_0047,LOC_0028,Standard,35407.63,1664.47,2026-06-24 06:38:11,Delivered
ORD_0003757,CUST_000248,2026-08-19 12:59:49,LOC_0023,LOC_0003,Urgent,45193.21,2936.77,2025-12-31 22:54:35,Delivered
ORD_0003758,CUST_000229,2025-12-11 00:17:00,LOC_0015,LOC_0028,Urgent,913.56,4067.4,2026-03-08 23:58:18,Delivered
ORD_0003759,CUST_000109,2026-02-02 21:40:46,LOC_0008,LOC_0036,Same Day,21445.61,4063.81,2025-12-08 01:31:09,Delivered
ORD_0003760,CUST_000471,2025-12-23 21:23:54,LOC_0041,LOC_0037,Express,32355.34,1217.55,2026-03-13 21:08:19,Delivered
ORD_0003761,CUST_000203,2026-02-03 13:13:38,LOC_0017,LOC_0042,Express,27950.11,779.63,2026-03-02 08:14:42,Delivered
ORD_0003762,CUST_000279,2026-06-10 22:12:18,LOC_0030,LOC_0007,Express,13308.26,1423.56,2026-02-27 02:43:29,Delivered
ORD_0003763,CUST_000824,2025-11-21 18:18:04,LOC_0006,LOC_0038,Standard,8085.63,2939.2,2026-01-24 19:50:48,Delivered
ORD_0003764,CUST_000396,2026-01-09 21:28:23,LOC_0023,LOC_0027,Standard,4254.12,188.02,2026-08-19 17:32:39,Delivered
ORD_0003765,CUST_000262,2025-11-18 14:03:16,LOC_0016,LOC_0024,Urgent,22701.65,3702.92,2026-01-02 07:53:50,Delivered
ORD_0003766,CUST_000626,2025-11-05 01:45:55,LOC_0032,LOC_0020,Urgent,622.88,4748.98,2026-08-02 02:55:12,Delivered
ORD_0003767,CUST_000558,2026-05-23 18:32:15,LOC_0024,LOC_0040,Urgent,26764.78,2548.93,2026-08-19 17:30:37,Delivered
ORD_0003768,CUST_000612,2026-02-20 18:41:58,LOC_0021,LOC_0025,Express,39946.35,2312.99,2026-07-17 23:26:58,Delivered
ORD_0003769,CUST_000336,2026-04-06 02:46:42,LOC_0009,LOC_0012,Standard,53642.98,1787.86,2026-05-29 08:01:22,Delivered
ORD_0003770,CUST_000140,2025-11-23 00:23:26,LOC_0012,LOC_0003,Standard,16337.8,2590.0,2026-05-21 02:57:04,Delivered
ORD_0003771,CUST_000487,2026-07-06 07:07:48,LOC_0014,LOC_0019,Express,38179.0,1041.2,2025-11-13 20:56:56,Delivered
ORD_0003772,CUST_000478,2026-09-03 06:14:02,LOC_0017,LOC_0037,Standard,30905.39,3720.91,2026-04-15 23:35:08,Delivered
ORD_0003773,CUST_000651,2026-03-13 03:29:39,LOC_0048,LOC_0040,Standard,9404.22,1458.98,2026-05-12 20:45:46,Delivered
ORD_0003774,CUST_000525,2026-01-24 12:50:33,LOC_0019,LOC_0036,Standard,72418.56,3252.35,2026-07-24 19:56:03,Delivered
ORD_0003775,CUST_000800,2025-10-07 03:23:19,LOC_0032,LOC_0022,Standard,9027.13,4781.83,2026-07-02 09:30:26,Delivered
ORD_0003776,CUST_000007,2026-02-11 05:36:15,LOC_0041,LOC_0021,Express,82379.3,3016.08,2026-09-16 23:41:58,Delivered
ORD_0003777,CUST_000363,2026-01-16 00:09:08,LOC_0026,LOC_0036,Urgent,8761.62,2630.18,2026-01-01 15:11:56,Delivered
ORD_0003778,CUST_000934,2026-05-12 06:35:27,LOC_0018,LOC_0012,Urgent,20804.43,1007.67,2026-09-10 04:40:22,Delivered
ORD_0003779,CUST_000771,2025-10-10 20:38:49,LOC_0037,LOC_0034,Express,66306.14,1440.0,2025-10-18 21:07:17,Delivered
ORD_0003780,CUST_000934,2026-04-10 02:18:59,LOC_0013,LOC_0020,Standard,5051.47,3712.7,2026-05-25 07:50:31,Delivered
ORD_0003781,CUST_000427,2026-06-28 17:49:28,LOC_0012,LOC_0015,Standard,84061.42,1059.64,2025-12-16 16:58:01,Delivered
ORD_0003782,CUST_000556,2025-10-13 16:44:43,LOC_0032,LOC_0031,Urgent,77856.1,132.42,2025-12-14 09:42:28,Cancelled
ORD_0003783,CUST_000529,2026-03-11 07:46:17,LOC_0007,LOC_0037,Standard,38768.78,56.27,2026-06-29 11:26:15,Delivered
ORD_0003784,CUST_000444,2026-04-09 02:07:35,LOC_0021,LOC_0003,Standard,45489.17,3319.84,2026-05-23 00:52:34,Delivered
ORD_0003785,CUST_000205,2026-06-12 13:40:52,LOC_0039,LOC_0015,Standard,51312.14,1327.48,2026-01-21 10:44:49,Delivered
ORD_0003786,CUST_000377,2026-02-20 20:09:23,LOC_0047,LOC_0034,Standard,65617.04,3331.43,2025-10-08 02:39:01,Delivered
ORD_0003787,CUST_000012,2025-10-24 03:44:11,LOC_0008,LOC_0047,Standard,81604.11,4310.72,2026-05-27 20:25:22,Delivered
ORD_0003788,CUST_000098,2026-02-24 00:25:15,LOC_0041,LOC_0035,Urgent,39917.06,3382.88,2025-11-06 20:07:57,Delivered
ORD_0003789,CUST_000489,2025-10-16 06:47:35,LOC_0046,LOC_0001,Standard,8087.5,81.32,2026-08-21 08:20:49,Delivered
ORD_0003790,CUST_000604,2025-11-23 21:08:43,LOC_0031,LOC_0017,Same Day,30845.89,2024.12,2026-08-26 05:02:13,Delivered
ORD_0003791,CUST_000007,2025-12-20 13:36:57,LOC_0024,LOC_0015,Standard,29573.43,1121.51,2026-03-23 12:48:19,Delivered
ORD_0003792,CUST_000947,2026-03-29 03:20:51,LOC_0002,LOC_0011,Standard,6606.24,664.46,2026-01-08 10:49:54,Delivered
ORD_0003793,CUST_000558,2025-12-07 11:17:31,LOC_0031,LOC_0019,Standard,42998.23,2507.35,2026-01-27 21:38:43,Delivered
ORD_0003794,CUST_000727,2026-07-08 16:18:56,LOC_0040,LOC_0017,Express,83530.39,2365.3,2025-10-24 22:43:18,Delivered
ORD_0003795,CUST_000538,2025-10-29 21:44:02,LOC_0019,LOC_0038,Urgent,76609.61,2997.1,2026-06-19 21:25:49,Delivered
ORD_0003796,CUST_000089,2026-07-24 17:56:04,LOC_0020,LOC_0023,Urgent,50400.13,1197.78,2026-06-08 21:22:43,Delivered
ORD_0003797,CUST_000722,2026-05-27 11:57:01,LOC_0018,LOC_0011,Express,13669.91,299.37,2026-09-20 10:13:28,Delivered
ORD_0003798,CUST_000675,2026-01-05 12:03:14,LOC_0019,LOC_0025,Standard,72437.43,2839.15,2026-01-12 05:25:52,Delivered
ORD_0003799,CUST_000641,2025-12-03 07:34:02,LOC_0034,LOC_0006,Urgent,79732.82,2663.65,2026-02-15 07:47:08,Delivered
ORD_0003800,CUST_000238,2025-12-06 16:43:42,LOC_0010,LOC_0016,Standard,49988.53,3552.14,2026-02-24 02:53:20,Delivered
ORD_0003801,CUST_000559,2026-08-19 05:36:57,LOC_0043,LOC_0007,Urgent,84477.27,3268.82,2025-10-24 02:26:07,Delivered
ORD_0003802,CUST_000972,2026-08-19 09:08:34,LOC_0015,LOC_0029,Standard,29511.1,1370.87,2026-02-19 08:22:43,Delivered
ORD_0003803,CUST_000069,2026-04-24 17:48:55,LOC_0027,LOC_0022,Same Day,38994.63,1845.61,2026-06-29 00:49:23,Delivered
ORD_0003804,CUST_000801,2026-02-27 21:32:08,LOC_0023,LOC_0022,Express,37557.56,3916.11,2026-06-05 15:53:28,Delivered
ORD_0003805,CUST_000961,2026-08-05 09:44:13,LOC_0031,LOC_0011,Same Day,11105.85,4814.03,2026-09-08 14:13:12,Delivered
ORD_0003806,CUST_000289,2026-04-20 05:04:56,LOC_0019,LOC_0007,Express,23153.09,54.39,2026-05-02 22:17:16,Delivered
ORD_0003807,CUST_000800,2026-05-27 16:58:56,LOC_0030,LOC_0040,Express,50456.39,4302.89,2026-03-06 19:23:42,Delivered
ORD_0003808,CUST_000108,2025-10-30 08:25:49,LOC_0036,LOC_0032,Same Day,44726.79,2597.57,2025-10-09 12:09:51,Delivered
ORD_0003809,CUST_000903,2026-08-12 00:30:16,LOC_0021,LOC_0028,Standard,76498.15,2153.2,2026-04-04 08:39:03,Delivered
ORD_0003810,CUST_000954,2026-09-03 11:22:55,LOC_0024,LOC_0010,Standard,25758.13,303.66,2026-06-14 02:08:45,Delivered
ORD_0003811,CUST_000571,2026-07-26 04:35:15,LOC_0022,LOC_0006,Standard,7300.47,3392.68,2025-11-12 20:35:45,Delivered
ORD_0003812,CUST_000329,2026-06-13 12:23:57,LOC_0008,LOC_0045,Express,35256.81,1873.79,2026-01-09 00:27:11,Delivered
ORD_0003813,CUST_000997,2026-07-30 05:29:03,LOC_0013,LOC_0047,Same Day,47835.42,3065.93,2026-01-21 23:35:47,Delivered
ORD_0003814,CUST_000627,2026-05-31 14:52:33,LOC_0023,LOC_0030,Standard,83219.97,1739.51,2025-10-11 10:52:12,Delivered
ORD_0003815,CUST_000549,2026-03-02 01:28:08,LOC_0040,LOC_0044,Standard,76736.16,3652.92,2025-12-16 14:30:37,Cancelled
ORD_0003816,CUST_000898,2026-07-30 19:47:07,LOC_0012,LOC_0048,Standard,81729.57,754.81,2026-09-23 21:14:48,Cancelled
ORD_0003817,CUST_000173,2025-11-19 21:41:39,LOC_0008,LOC_0001,Express,17339.16,3579.2,2026-07-10 10:50:48,Delivered
ORD_0003818,CUST_000664,2026-01-02 12:43:26,LOC_0001,LOC_0024,Standard,20822.74,1619.6,2026-05-15 03:44:58,Delivered
ORD_0003819,CUST_000411,2026-01-16 17:05:01,LOC_0036,LOC_0009,Standard,37860.34,4434.6,2026-05-10 04:17:26,Cancelled
ORD_0003820,CUST_000457,2026-09-03 20:29:29,LOC_0047,LOC_0040,Standard,6441.16,4538.64,2026-07-27 06:31:20,Cancelled
ORD_0003821,CUST_000037,2026-07-03 12:59:13,LOC_0018,LOC_0029,Standard,45339.74,2689.09,2025-11-28 20:59:10,Delivered
ORD_0003822,CUST_000488,2026-01-12 12:36:23,LOC_0003,LOC_0005,Express,25864.06,866.1,2026-02-01 16:16:09,Delivered
ORD_0003823,CUST_000220,2026-07-11 03:33:54,LOC_0026,LOC_0031,Urgent,3502.85,923.55,2026-06-12 19:08:46,Delivered
ORD_0003824,CUST_000111,2025-10-12 00:52:52,LOC_0045,LOC_0033,Standard,20541.44,1394.26,2026-09-01 03:24:18,Delivered
ORD_0003825,CUST_000354,2026-08-10 22:34:13,LOC_0002,LOC_0036,Urgent,58428.76,2996.08,2025-11-22 09:41:33,Delivered
ORD_0003826,CUST_000719,2026-08-03 19:09:42,LOC_0020,LOC_0027,Standard,13702.95,951.41,2026-06-14 11:15:22,Delivered
ORD_0003827,CUST_000096,2026-04-30 00:01:37,LOC_0045,LOC_0048,Express,33188.33,4075.14,2026-07-02 13:58:03,Delivered
ORD_0003828,CUST_000027,2026-06-30 23:51:37,LOC_0006,LOC_0005,Express,13763.89,3184.79,2026-03-18 19:26:45,Delivered
ORD_0003829,CUST_000104,2025-12-09 23:53:05,LOC_0002,LOC_0038,Standard,61371.88,2044.7,2026-08-17 09:33:45,Delivered
ORD_0003830,CUST_000070,2026-01-24 00:36:30,LOC_0003,LOC_0038,Standard,49942.11,3735.71,2025-11-24 14:22:41,Delivered
ORD_0003831,CUST_000404,2026-03-27 11:48:35,LOC_0048,LOC_0008,Urgent,23913.12,4995.71,2026-07-04 04:18:16,Delivered
ORD_0003832,CUST_000445,2026-07-11 17:28:34,LOC_0004,LOC_0020,Standard,37926.17,4655.63,2026-01-14 18:39:41,Delivered
ORD_0003833,CUST_000152,2026-05-05 11:10:56,LOC_0041,LOC_0005,Standard,24027.59,2318.83,2026-01-11 08:46:23,Delivered
ORD_0003834,CUST_000059,2026-07-17 15:09:04,LOC_0013,LOC_0034,Standard,15113.87,574.42,2026-08-15 05:46:12,Delivered
ORD_0003835,CUST_000583,2026-01-21 13:45:33,LOC_0009,LOC_0021,Standard,8719.04,3622.1,2026-06-30 09:36:22,Delivered
ORD_0003836,CUST_000653,2026-05-23 00:38:22,LOC_0018,LOC_0046,Express,34996.42,1974.13,2026-07-07 18:24:41,Delivered
ORD_0003837,CUST_000957,2026-01-31 03:36:51,LOC_0032,LOC_0023,Express,52856.75,2988.89,2026-06-06 23:19:22,Delivered
ORD_0003838,CUST_000452,2026-05-15 12:43:22,LOC_0017,LOC_0037,Standard,43629.47,1966.22,2026-07-09 14:27:12,Delivered
ORD_0003839,CUST_000434,2026-01-20 01:33:26,LOC_0045,LOC_0017,Standard,74204.72,1419.91,2026-07-20 01:22:04,Delivered
ORD_0003840,CUST_000323,2026-05-06 08:08:21,LOC_0040,LOC_0003,Standard,8970.44,3091.51,2026-08-25 05:27:09,Delivered
ORD_0003841,CUST_000550,2026-02-02 05:35:28,LOC_0015,LOC_0031,Standard,49227.54,167.76,2026-03-13 02:58:22,Delivered
ORD_0003842,CUST_000340,2026-03-16 13:32:50,LOC_0004,LOC_0043,Same Day,81817.81,563.08,2025-12-23 21:16:06,Cancelled
ORD_0003843,CUST_000746,2025-12-13 21:35:49,LOC_0010,LOC_0045,Standard,28605.49,1607.94,2026-08-18 05:30:59,Cancelled
ORD_0003844,CUST_000588,2026-01-12 17:18:14,LOC_0023,LOC_0037,Urgent,48708.39,865.94,2026-05-29 17:14:41,Delivered
ORD_0003845,CUST_000830,2026-05-01 10:34:50,LOC_0003,LOC_0008,Standard,65323.11,1024.72,2026-05-03 04:55:11,Delivered
ORD_0003846,CUST_000274,2026-02-08 21:11:56,LOC_0045,LOC_0046,Standard,70061.9,3272.32,2026-06-03 02:49:33,Delivered
ORD_0003847,CUST_000419,2025-11-17 01:38:44,LOC_0036,LOC_0032,Standard,20318.94,74.39,2025-12-10 19:55:11,Delivered
ORD_0003848,CUST_000599,2025-12-18 10:40:30,LOC_0039,LOC_0026,Standard,56624.03,760.78,2026-09-29 21:14:52,Delivered
ORD_0003849,CUST_000714,2025-12-08 21:39:03,LOC_0025,LOC_0009,Express,78415.73,4027.65,2026-08-19 18:27:48,Delivered
ORD_0003850,CUST_000430,2026-05-05 07:20:39,LOC_0047,LOC_0008,Standard,83765.63,1377.57,2026-06-30 19:27:36,Delivered
ORD_0003851,CUST_000304,2026-06-27 03:33:33,LOC_0034,LOC_0007,Standard,31720.32,1057.15,2026-09-26 00:56:32,Delivered
ORD_0003852,CUST_000690,2026-01-09 23:18:35,LOC_0001,LOC_0029,Standard,12495.39,4793.09,2026-06-17 07:32:10,Delivered
ORD_0003853,CUST_000091,2026-02-08 22:31:17,LOC_0010,LOC_0013,Same Day,44539.8,3049.67,2026-09-12 07:43:12,Delivered
ORD_0003854,CUST_000689,2025-11-07 15:13:41,LOC_0034,LOC_0021,Same Day,36503.68,2211.02,2026-03-01 01:40:16,Delivered
ORD_0003855,CUST_000558,2026-01-20 05:41:03,LOC_0037,LOC_0030,Standard,56997.27,909.55,2026-02-11 13:45:24,Delivered
ORD_0003856,CUST_000175,2026-02-14 01:02:44,LOC_0033,LOC_0048,Standard,75441.89,603.77,2026-07-29 23:56:39,Delivered
ORD_0003857,CUST_000289,2026-02-08 14:32:59,LOC_0020,LOC_0030,Urgent,46380.49,1029.77,2026-03-31 00:19:24,Delivered
ORD_0003858,CUST_000952,2026-07-21 21:50:24,LOC_0009,LOC_0015,Standard,46662.43,1562.74,2026-09-14 12:21:17,Delivered
ORD_0003859,CUST_000202,2026-06-28 20:08:44,LOC_0035,LOC_0046,Standard,12103.38,1479.77,2025-11-29 14:50:06,Delivered
ORD_0003860,CUST_000697,2026-03-09 09:52:34,LOC_0046,LOC_0001,Standard,54219.32,4622.21,2026-09-03 07:42:01,Delivered
ORD_0003861,CUST_000949,2026-01-19 04:16:17,LOC_0034,LOC_0008,Express,35334.84,1612.11,2026-08-16 13:28:24,Delivered
ORD_0003862,CUST_000083,2026-01-24 04:19:00,LOC_0041,LOC_0008,Express,70512.7,1138.09,2026-06-02 04:42:35,Delivered
ORD_0003863,CUST_000318,2025-12-08 07:45:46,LOC_0003,LOC_0047,Standard,66357.21,11.65,2026-07-31 16:06:10,Cancelled
ORD_0003864,CUST_000147,2026-07-12 10:31:57,LOC_0023,LOC_0033,Standard,44114.18,3438.63,2026-09-01 03:15:17,Delivered
ORD_0003865,CUST_001000,2026-08-17 20:46:42,LOC_0012,LOC_0035,Urgent,10292.56,547.75,2026-09-03 20:51:23,Delivered
ORD_0003866,CUST_000762,2026-01-26 08:11:49,LOC_0015,LOC_0026,Standard,66710.57,2347.56,2026-02-12 22:12:41,Delivered
ORD_0003867,CUST_000386,2026-08-29 12:01:34,LOC_0033,LOC_0012,Express,78899.32,1096.54,2025-11-14 23:44:23,Cancelled
ORD_0003868,CUST_000645,2026-06-22 13:09:09,LOC_0043,LOC_0029,Express,67558.13,4978.44,2026-05-31 20:02:46,Cancelled
ORD_0003869,CUST_000033,2026-08-03 11:38:16,LOC_0024,LOC_0033,Standard,65175.66,2977.57,2026-05-11 20:00:25,Delivered
ORD_0003870,CUST_000870,2026-05-15 22:42:53,LOC_0011,LOC_0039,Express,3312.34,1826.15,2025-12-03 09:54:53,Delivered
ORD_0003871,CUST_000302,2026-05-13 01:10:38,LOC_0047,LOC_0033,Urgent,71490.72,4341.91,2026-07-10 04:39:19,Delivered
ORD_0003872,CUST_000886,2025-10-20 12:18:32,LOC_0044,LOC_0016,Standard,63568.53,732.3,2026-03-30 15:57:45,Delivered
ORD_0003873,CUST_000489,2026-03-10 10:05:18,LOC_0028,LOC_0013,Express,70668.52,1966.14,2025-11-22 18:06:11,Delivered
ORD_0003874,CUST_000757,2026-03-10 08:31:15,LOC_0025,LOC_0014,Standard,20506.73,83.5,2026-04-14 02:51:42,Delivered
ORD_0003875,CUST_000848,2025-12-27 13:27:58,LOC_0008,LOC_0044,Standard,77214.69,101.26,2026-03-30 05:22:09,Cancelled
ORD_0003876,CUST_000334,2026-01-14 12:46:41,LOC_0012,LOC_0033,Express,10906.15,786.13,2026-04-20 12:29:29,Delivered
ORD_0003877,CUST_000816,2025-11-03 04:53:16,LOC_0036,LOC_0012,Standard,20408.52,445.55,2026-08-12 03:03:04,Delivered
ORD_0003878,CUST_000619,2026-06-26 10:48:36,LOC_0031,LOC_0004,Standard,22292.23,4009.63,2026-03-18 11:33:35,Delivered
ORD_0003879,CUST_000109,2026-06-02 02:31:27,LOC_0007,LOC_0021,Urgent,15911.31,4399.46,2026-08-26 09:25:43,Delivered
ORD_0003880,CUST_000118,2025-11-12 20:21:21,LOC_0015,LOC_0002,Standard,19797.96,1755.05,2026-09-15 08:33:49,Delivered
ORD_0003881,CUST_000131,2026-03-13 18:35:02,LOC_0010,LOC_0014,Standard,70765.43,2753.45,2026-01-12 21:40:48,Delivered
ORD_0003882,CUST_000393,2026-03-15 20:37:38,LOC_0025,LOC_0030,Express,5699.75,3813.61,2025-10-06 10:20:13,Delivered
ORD_0003883,CUST_000565,2025-10-16 10:49:47,LOC_0047,LOC_0018,Urgent,56220.86,3626.27,2025-10-11 08:47:52,Delivered
ORD_0003884,CUST_000104,2026-02-16 19:06:22,LOC_0030,LOC_0013,Standard,9721.83,4511.4,2026-07-17 03:30:49,Delivered
ORD_0003885,CUST_000566,2026-04-28 04:13:17,LOC_0007,LOC_0009,Express,74275.66,1924.6,2026-03-11 18:16:24,Delivered
ORD_0003886,CUST_000666,2026-05-25 20:27:26,LOC_0040,LOC_0027,Standard,2772.92,4629.7,2026-08-06 12:19:28,Delivered
ORD_0003887,CUST_000083,2026-06-03 03:25:07,LOC_0040,LOC_0024,Express,28418.76,520.53,2026-04-12 11:29:56,Delivered
ORD_0003888,CUST_000317,2026-07-13 03:34:57,LOC_0022,LOC_0030,Urgent,50869.43,3598.07,2026-08-30 12:03:41,Delivered
ORD_0003889,CUST_000804,2025-11-27 17:10:52,LOC_0020,LOC_0042,Urgent,3171.69,4994.35,2026-03-01 23:13:21,Delivered
ORD_0003890,CUST_000069,2026-06-27 14:00:10,LOC_0003,LOC_0033,Express,60650.9,2699.33,2025-10-30 22:34:52,Delivered
ORD_0003891,CUST_000671,2026-07-28 11:59:59,LOC_0042,LOC_0018,Express,27195.68,4385.8,2026-01-19 14:09:01,Cancelled
ORD_0003892,CUST_000997,2026-05-09 08:04:03,LOC_0045,LOC_0005,Express,81465.05,434.34,2026-05-10 01:47:19,Delivered
ORD_0003893,CUST_000136,2026-09-02 04:14:09,LOC_0005,LOC_0027,Standard,37142.81,3402.81,2026-02-12 11:03:59,Delivered
ORD_0003894,CUST_000658,2025-12-01 19:42:43,LOC_0027,LOC_0020,Express,39188.46,2227.6,2026-07-18 03:36:09,Delivered
ORD_0003895,CUST_000238,2025-11-25 05:27:43,LOC_0023,LOC_0019,Express,61433.03,2462.27,2026-04-28 00:49:33,Delivered
ORD_0003896,CUST_000459,2026-06-25 17:59:06,LOC_0031,LOC_0029,Standard,14865.13,4167.15,2026-01-07 19:26:02,Delivered
ORD_0003897,CUST_000118,2026-04-10 20:04:21,LOC_0045,LOC_0023,Standard,23659.93,3322.25,2026-06-20 16:45:45,Delivered
ORD_0003898,CUST_000959,2026-07-18 07:34:08,LOC_0034,LOC_0035,Standard,12706.06,3783.26,2025-11-03 07:13:36,Delivered
ORD_0003899,CUST_000914,2025-11-25 14:32:02,LOC_0021,LOC_0035,Express,84501.96,227.3,2026-06-15 08:55:51,Delivered
ORD_0003900,CUST_000135,2025-10-03 14:05:57,LOC_0024,LOC_0018,Standard,69680.44,2430.3,2026-05-19 01:50:08,Delivered
ORD_0003901,CUST_000119,2026-02-27 13:56:15,LOC_0026,LOC_0048,Urgent,51453.61,3361.04,2026-08-15 15:38:06,Delivered
ORD_0003902,CUST_000670,2025-10-01 19:18:49,LOC_0017,LOC_0011,Standard,25109.28,1971.87,2026-03-06 00:35:49,Delivered
ORD_0003903,CUST_000620,2025-12-12 21:28:53,LOC_0039,LOC_0016,Standard,70447.8,3703.61,2025-11-30 20:02:29,Delivered
ORD_0003904,CUST_000981,2026-01-29 21:17:45,LOC_0045,LOC_0035,Standard,30079.4,72.68,2026-08-03 01:23:23,Delivered
ORD_0003905,CUST_000921,2026-07-25 21:35:14,LOC_0007,LOC_0026,Standard,61018.81,3757.28,2025-12-25 22:54:41,Delivered
ORD_0003906,CUST_000264,2026-09-04 22:16:51,LOC_0029,LOC_0018,Standard,77373.39,2129.58,2026-08-09 00:53:57,Delivered
ORD_0003907,CUST_000608,2026-09-07 11:46:00,LOC_0001,LOC_0009,Express,53508.98,262.55,2026-07-10 12:56:39,Delivered
ORD_0003908,CUST_000985,2026-07-28 13:37:32,LOC_0036,LOC_0045,Urgent,32545.07,2993.7,2026-03-24 18:52:13,Cancelled
ORD_0003909,CUST_000912,2025-10-18 01:05:13,LOC_0034,LOC_0045,Standard,62760.05,3573.25,2026-08-06 03:58:44,Delivered
ORD_0003910,CUST_000070,2026-07-07 01:39:53,LOC_0028,LOC_0032,Urgent,9835.96,2206.83,2026-08-04 04:56:03,Delivered
ORD_0003911,CUST_000682,2026-09-08 04:31:58,LOC_0038,LOC_0028,Standard,63589.35,2373.89,2026-04-18 15:28:42,Delivered
ORD_0003912,CUST_000081,2025-12-20 17:31:46,LOC_0016,LOC_0015,Express,59731.18,3523.74,2025-11-22 22:36:52,Delivered
ORD_0003913,CUST_000394,2026-07-17 22:31:57,LOC_0010,LOC_0024,Urgent,56963.17,1230.26,2026-06-07 13:51:04,Delivered
ORD_0003914,CUST_000552,2025-11-05 12:13:31,LOC_0032,LOC_0045,Standard,24223.4,2143.78,2026-03-01 03:36:10,Delivered
ORD_0003915,CUST_000385,2025-12-14 14:07:48,LOC_0006,LOC_0034,Standard,59328.64,2156.11,2026-05-29 09:16:31,Cancelled
ORD_0003916,CUST_000687,2026-08-12 23:06:52,LOC_0005,LOC_0036,Express,74423.77,4803.59,2025-10-30 07:18:51,Delivered
ORD_0003917,CUST_000777,2026-06-20 10:30:16,LOC_0043,LOC_0046,Urgent,78243.28,4819.74,2026-03-02 03:26:59,Delivered
ORD_0003918,CUST_000640,2025-12-30 20:56:55,LOC_0016,LOC_0014,Standard,58202.64,196.51,2026-05-03 02:08:45,Delivered
ORD_0003919,CUST_000970,2026-06-25 18:33:30,LOC_0030,LOC_0015,Express,37313.67,3710.45,2026-04-02 00:15:17,Delivered
ORD_0003920,CUST_000033,2026-02-27 06:20:36,LOC_0031,LOC_0009,Standard,63390.25,966.8,2026-07-30 07:38:45,Delivered
ORD_0003921,CUST_000907,2026-01-21 09:44:05,LOC_0017,LOC_0047,Standard,11918.96,1873.63,2026-02-05 08:33:41,Cancelled
ORD_0003922,CUST_000888,2026-09-07 18:48:37,LOC_0005,LOC_0017,Urgent,62726.85,741.22,2025-11-05 21:39:40,Delivered
ORD_0003923,CUST_000357,2026-06-12 11:58:12,LOC_0028,LOC_0007,Urgent,9616.79,620.98,2026-08-11 00:45:21,Delivered
ORD_0003924,CUST_000761,2025-10-30 07:36:47,LOC_0008,LOC_0014,Urgent,15365.29,4621.59,2026-07-16 23:03:06,Delivered
ORD_0003925,CUST_000051,2026-08-16 06:54:09,LOC_0033,LOC_0031,Express,17958.6,3006.2,2026-05-16 18:13:06,Delivered
ORD_0003926,CUST_000832,2026-05-07 14:28:05,LOC_0028,LOC_0002,Standard,76847.15,767.95,2025-12-04 13:35:04,Delivered
ORD_0003927,CUST_000945,2026-07-06 10:07:09,LOC_0042,LOC_0034,Standard,75122.6,1847.54,2026-03-16 11:28:20,Delivered
ORD_0003928,CUST_000447,2026-03-12 06:15:49,LOC_0033,LOC_0003,Standard,4849.73,1398.81,2026-03-30 09:41:33,Delivered
ORD_0003929,CUST_000279,2026-04-01 20:55:51,LOC_0033,LOC_0018,Express,49828.5,3432.58,2025-10-13 19:14:45,Delivered
ORD_0003930,CUST_000157,2026-05-12 13:29:41,LOC_0041,LOC_0017,Express,25949.16,1935.56,2026-05-07 09:59:02,Delivered
ORD_0003931,CUST_000918,2025-11-11 01:47:12,LOC_0040,LOC_0026,Express,57718.23,3602.66,2026-02-19 04:27:38,Delivered
ORD_0003932,CUST_000432,2025-12-13 10:55:54,LOC_0030,LOC_0037,Urgent,64341.48,4535.66,2026-08-16 11:35:28,Delivered
ORD_0003933,CUST_000387,2026-01-12 18:32:37,LOC_0027,LOC_0006,Standard,33369.42,2598.09,2026-07-03 03:13:20,Delivered
ORD_0003934,CUST_000120,2026-02-09 10:50:59,LOC_0007,LOC_0017,Standard,56160.52,4131.64,2026-09-06 01:53:53,Delivered
ORD_0003935,CUST_000178,2025-12-22 22:30:01,LOC_0012,LOC_0038,Urgent,50824.2,1505.88,2026-08-03 00:27:02,Delivered
ORD_0003936,CUST_000731,2026-07-18 03:00:36,LOC_0044,LOC_0026,Express,42390.35,1616.99,2026-07-09 20:50:34,Delivered
ORD_0003937,CUST_000013,2026-06-09 10:27:04,LOC_0041,LOC_0003,Standard,80191.4,4760.12,2026-09-23 07:29:01,Delivered
ORD_0003938,CUST_000449,2026-02-02 02:28:22,LOC_0017,LOC_0014,Standard,60230.19,2283.54,2025-12-17 17:24:41,Delivered
ORD_0003939,CUST_000885,2026-06-29 08:32:56,LOC_0015,LOC_0048,Same Day,11830.22,3422.07,2025-11-06 04:06:14,Delivered
ORD_0003940,CUST_000264,2026-04-20 20:55:45,LOC_0002,LOC_0010,Urgent,4605.57,1659.77,2026-03-02 12:32:54,Delivered
ORD_0003941,CUST_000456,2026-05-01 11:19:36,LOC_0045,LOC_0034,Express,40188.56,2572.68,2026-08-28 15:34:32,Delivered
ORD_0003942,CUST_000531,2025-10-18 14:06:12,LOC_0027,LOC_0026,Standard,34239.86,3716.05,2026-09-07 09:59:05,Delivered
ORD_0003943,CUST_000111,2026-08-03 23:02:43,LOC_0036,LOC_0005,Standard,39637.82,3234.36,2026-08-18 11:29:31,Delivered
ORD_0003944,CUST_000783,2025-12-30 03:18:28,LOC_0009,LOC_0030,Express,67710.99,1317.2,2026-03-12 07:30:46,Delivered
ORD_0003945,CUST_000287,2026-08-04 07:36:34,LOC_0031,LOC_0015,Standard,9883.2,4170.35,2026-08-25 07:10:01,Delivered
ORD_0003946,CUST_000553,2025-11-25 23:07:34,LOC_0002,LOC_0029,Standard,37952.3,517.46,2025-10-31 13:10:40,Delivered
ORD_0003947,CUST_000463,2026-04-28 13:24:11,LOC_0043,LOC_0045,Standard,70812.49,1682.44,2025-10-10 12:48:31,Delivered
ORD_0003948,CUST_000904,2026-01-09 15:08:48,LOC_0003,LOC_0026,Standard,38673.56,3787.99,2026-01-04 21:36:49,Delivered
ORD_0003949,CUST_000802,2026-07-03 08:58:28,LOC_0044,LOC_0039,Standard,44276.24,2296.63,2026-05-16 01:50:24,Delivered
ORD_0003950,CUST_000843,2026-06-05 12:36:09,LOC_0038,LOC_0037,Standard,57381.96,975.03,2026-07-17 07:31:18,Delivered
ORD_0003951,CUST_000754,2026-05-12 12:19:24,LOC_0044,LOC_0035,Express,42739.33,4524.67,2026-05-24 00:15:25,Delivered
ORD_0003952,CUST_000414,2025-11-27 20:34:39,LOC_0009,LOC_0018,Standard,52006.63,3951.61,2025-10-05 18:49:10,Delivered
ORD_0003953,CUST_000708,2025-10-09 08:50:34,LOC_0013,LOC_0047,Urgent,54952.34,3675.93,2026-07-11 01:19:36,Delivered
ORD_0003954,CUST_000863,2026-04-25 17:01:29,LOC_0001,LOC_0024,Standard,15792.87,144.19,2026-05-15 11:37:57,Cancelled
ORD_0003955,CUST_000887,2026-04-18 03:55:18,LOC_0007,LOC_0019,Standard,16768.18,2517.52,2026-09-04 03:52:28,Delivered
ORD_0003956,CUST_000888,2026-04-09 14:23:30,LOC_0019,LOC_0003,Express,51785.06,2097.52,2026-08-01 20:35:29,Delivered
ORD_0003957,CUST_000958,2026-04-29 16:57:28,LOC_0010,LOC_0001,Standard,27342.59,2852.51,2026-04-09 08:34:24,Delivered
ORD_0003958,CUST_000037,2026-08-29 14:29:24,LOC_0015,LOC_0011,Urgent,20510.38,4226.55,2026-06-07 04:39:08,Delivered
ORD_0003959,CUST_000152,2026-05-16 12:11:30,LOC_0037,LOC_0015,Same Day,31445.49,2195.19,2026-05-08 21:20:14,Delivered
ORD_0003960,CUST_000132,2026-08-24 05:27:50,LOC_0020,LOC_0018,Express,19084.71,3141.04,2026-06-23 09:54:52,Delivered
ORD_0003961,CUST_000002,2025-12-10 04:39:23,LOC_0025,LOC_0018,Standard,75597.87,2547.3,2025-11-10 09:07:16,Delivered
ORD_0003962,CUST_000131,2025-12-24 00:42:12,LOC_0016,LOC_0012,Urgent,82602.62,4057.71,2025-12-15 23:29:53,Delivered
ORD_0003963,CUST_000290,2026-08-10 12:37:08,LOC_0012,LOC_0032,Standard,8939.4,1345.38,2026-01-02 13:01:20,Delivered
ORD_0003964,CUST_000348,2026-01-24 01:19:54,LOC_0015,LOC_0044,Same Day,52102.91,2513.02,2025-11-27 10:07:34,Cancelled
ORD_0003965,CUST_000955,2026-06-24 17:06:19,LOC_0042,LOC_0016,Standard,55643.32,3239.02,2026-06-09 00:07:53,Delivered
ORD_0003966,CUST_000248,2025-11-11 14:19:06,LOC_0002,LOC_0043,Express,72459.76,3756.92,2025-11-13 07:56:38,Delivered
ORD_0003967,CUST_000300,2025-11-22 22:01:36,LOC_0008,LOC_0001,Same Day,76720.92,2800.04,2026-09-25 13:32:55,Delivered
ORD_0003968,CUST_000027,2025-11-25 23:45:47,LOC_0040,LOC_0036,Express,16594.39,3833.93,2025-12-14 20:11:58,Delivered
ORD_0003969,CUST_000130,2026-07-06 00:15:47,LOC_0004,LOC_0048,Standard,58607.47,2322.66,2026-06-08 17:24:37,Delivered
ORD_0003970,CUST_000319,2026-02-02 09:01:29,LOC_0018,LOC_0046,Standard,83076.69,2253.8,2025-10-12 00:32:23,Delivered
ORD_0003971,CUST_000470,2026-05-02 16:02:55,LOC_0043,LOC_0013,Standard,46813.86,2364.13,2025-10-11 04:23:43,Delivered
ORD_0003972,CUST_000712,2025-11-05 11:59:13,LOC_0010,LOC_0035,Standard,1682.3,2017.99,2026-07-03 06:21:29,Delivered
ORD_0003973,CUST_000669,2026-03-07 21:22:02,LOC_0009,LOC_0011,Express,10219.61,3782.44,2026-02-12 12:06:16,Delivered
ORD_0003974,CUST_000922,2025-11-06 23:04:00,LOC_0031,LOC_0003,Express,52262.51,2306.27,2026-02-12 11:07:54,Delivered
ORD_0003975,CUST_000278,2026-03-11 18:48:02,LOC_0023,LOC_0015,Standard,2267.5,3184.97,2025-12-16 11:03:55,Delivered
ORD_0003976,CUST_000788,2026-05-27 05:42:51,LOC_0004,LOC_0033,Express,31192.62,1295.35,2026-02-12 02:11:46,Delivered
ORD_0003977,CUST_000752,2026-05-23 21:03:56,LOC_0040,LOC_0024,Express,22221.87,1219.99,2025-11-03 06:32:29,Delivered
ORD_0003978,CUST_000888,2026-02-22 03:01:30,LOC_0046,LOC_0045,Express,64291.94,89.43,2026-05-10 02:23:45,Delivered
ORD_0003979,CUST_000826,2025-11-20 15:56:09,LOC_0029,LOC_0045,Urgent,49820.06,4518.63,2026-05-12 00:34:19,Delivered
ORD_0003980,CUST_000895,2026-03-09 00:02:28,LOC_0019,LOC_0010,Same Day,75716.75,4129.24,2026-03-20 05:44:34,Delivered
ORD_0003981,CUST_000811,2025-12-16 05:49:49,LOC_0020,LOC_0029,Express,24587.45,4408.19,2026-04-26 09:49:15,Delivered
ORD_0003982,CUST_000578,2026-09-05 15:39:00,LOC_0011,LOC_0023,Standard,77387.37,2956.17,2025-11-11 12:56:50,Delivered
ORD_0003983,CUST_000859,2026-06-21 17:09:02,LOC_0024,LOC_0025,Urgent,19308.61,243.72,2025-12-26 20:48:27,Delivered
ORD_0003984,CUST_000406,2026-07-06 13:50:20,LOC_0019,LOC_0001,Express,71227.2,3784.27,2026-03-29 00:21:26,Delivered
ORD_0003985,CUST_000349,2025-11-27 09:05:19,LOC_0040,LOC_0010,Standard,70975.16,1916.71,2026-06-29 13:15:11,Delivered
ORD_0003986,CUST_000909,2025-10-05 22:32:20,LOC_0028,LOC_0024,Express,76717.68,2011.18,2026-03-12 13:19:26,Delivered
ORD_0003987,CUST_000433,2026-01-17 15:46:14,LOC_0037,LOC_0027,Express,52535.24,4846.32,2026-03-31 02:12:51,Delivered
ORD_0003988,CUST_000516,2026-07-26 16:16:40,LOC_0021,LOC_0006,Standard,17924.08,2484.19,2026-02-13 18:36:29,Delivered
ORD_0003989,CUST_000758,2026-07-27 15:42:51,LOC_0004,LOC_0008,Same Day,80192.4,2390.37,2025-10-21 23:36:48,Delivered
ORD_0003990,CUST_000799,2026-07-07 15:30:22,LOC_0007,LOC_0028,Express,31134.96,1548.1,2026-06-20 06:16:46,Delivered
ORD_0003991,CUST_000309,2026-03-01 14:02:14,LOC_0036,LOC_0032,Standard,81370.16,4279.18,2026-02-25 23:10:21,Delivered
ORD_0003992,CUST_000290,2026-06-01 06:59:19,LOC_0009,LOC_0035,Standard,42692.95,4578.41,2026-08-02 05:28:51,Delivered
ORD_0003993,CUST_000238,2025-12-01 07:12:35,LOC_0039,LOC_0004,Urgent,4241.63,2443.93,2026-02-26 17:45:00,Delivered
ORD_0003994,CUST_000266,2026-06-01 19:35:47,LOC_0030,LOC_0045,Standard,63309.65,4784.08,2026-03-21 01:50:19,Delivered
ORD_0003995,CUST_000131,2026-03-23 20:33:22,LOC_0013,LOC_0017,Urgent,69322.43,1698.09,2026-08-31 18:29:29,Delivered
ORD_0003996,CUST_000433,2026-02-09 18:19:00,LOC_0007,LOC_0020,Standard,49365.19,4524.37,2026-08-10 04:52:18,Delivered
ORD_0003997,CUST_000503,2026-04-06 08:08:53,LOC_0001,LOC_0015,Standard,33771.89,2089.81,2026-06-05 18:44:04,Delivered
ORD_0003998,CUST_000694,2026-05-23 13:17:34,LOC_0025,LOC_0004,Express,26491.06,3089.94,2026-03-05 03:09:21,Delivered
ORD_0003999,CUST_000452,2025-10-22 00:00:53,LOC_0023,LOC_0034,Standard,65055.24,4666.31,2026-03-02 02:12:24,Delivered
ORD_0004000,CUST_000101,2026-03-12 12:10:06,LOC_0013,LOC_0001,Standard,30028.29,2867.91,2026-03-06 15:06:58,Delivered
ORD_0004001,CUST_000940,2026-04-21 16:08:31,LOC_0001,LOC_0021,Express,84617.85,3400.36,2026-08-26 03:26:07,Delivered
ORD_0004002,CUST_000250,2026-05-09 06:19:48,LOC_0033,LOC_0030,Urgent,51062.45,713.15,2025-10-28 01:34:47,Delivered
ORD_0004003,CUST_000767,2025-11-18 02:49:21,LOC_0040,LOC_0002,Urgent,69144.89,3260.71,2026-02-12 18:47:53,Delivered
ORD_0004004,CUST_000456,2026-03-18 09:49:41,LOC_0041,LOC_0034,Urgent,54589.95,2124.15,2025-12-07 11:02:09,Delivered
ORD_0004005,CUST_000446,2026-08-20 17:59:02,LOC_0015,LOC_0006,Standard,17286.83,4361.14,2026-03-30 22:05:22,Delivered
ORD_0004006,CUST_000747,2025-12-18 23:14:19,LOC_0041,LOC_0004,Standard,71605.11,1213.61,2026-08-08 10:12:38,Delivered
ORD_0004007,CUST_000874,2025-12-06 20:09:26,LOC_0016,LOC_0017,Standard,38257.08,3872.51,2026-08-15 03:08:35,Delivered
ORD_0004008,CUST_000003,2026-04-17 03:42:47,LOC_0025,LOC_0033,Standard,11748.34,3335.32,2025-12-15 08:14:47,Delivered
ORD_0004009,CUST_000239,2025-10-12 04:19:52,LOC_0008,LOC_0044,Standard,49894.38,280.14,2026-08-27 07:27:49,Delivered
ORD_0004010,CUST_000234,2026-04-10 00:43:09,LOC_0042,LOC_0021,Express,31255.75,3276.84,2026-08-13 21:26:16,Delivered
ORD_0004011,CUST_000252,2026-08-24 10:08:34,LOC_0025,LOC_0002,Express,63904.61,3363.74,2026-03-09 04:07:49,Delivered
ORD_0004012,CUST_000438,2025-10-17 01:10:44,LOC_0033,LOC_0019,Standard,46340.15,2056.55,2026-03-24 02:18:56,Delivered
ORD_0004013,CUST_000352,2026-08-12 15:58:10,LOC_0047,LOC_0034,Standard,75931.7,2773.28,2026-07-19 22:51:09,Cancelled
ORD_0004014,CUST_000753,2026-02-24 05:42:56,LOC_0015,LOC_0038,Standard,26901.67,1233.39,2025-12-06 10:40:15,Delivered
ORD_0004015,CUST_000396,2025-10-10 20:52:40,LOC_0025,LOC_0031,Urgent,11375.64,1040.27,2026-03-17 15:59:33,Delivered
ORD_0004016,CUST_000443,2026-06-18 18:27:50,LOC_0018,LOC_0015,Express,44289.07,837.04,2026-04-17 00:39:58,Delivered
ORD_0004017,CUST_000649,2026-08-29 14:57:39,LOC_0033,LOC_0035,Express,4470.62,1333.98,2026-04-05 23:07:15,Delivered
ORD_0004018,CUST_000524,2026-04-26 16:30:08,LOC_0015,LOC_0001,Standard,36461.01,249.56,2026-09-08 21:14:26,Delivered
ORD_0004019,CUST_000892,2026-08-31 07:28:00,LOC_0024,LOC_0025,Express,66705.52,4784.43,2026-03-26 03:36:48,Delivered
ORD_0004020,CUST_001000,2026-01-25 01:53:15,LOC_0022,LOC_0019,Urgent,53618.22,4451.44,2026-07-14 08:01:54,Delivered
ORD_0004021,CUST_000953,2026-02-28 00:55:12,LOC_0027,LOC_0015,Standard,7220.71,4991.5,2026-01-08 21:15:16,Delivered
ORD_0004022,CUST_000646,2025-12-12 00:40:58,LOC_0044,LOC_0045,Standard,49995.39,1854.44,2026-01-31 01:39:51,Cancelled
ORD_0004023,CUST_000266,2025-10-16 01:47:16,LOC_0021,LOC_0037,Standard,17606.36,3874.19,2025-12-11 01:18:44,Delivered
ORD_0004024,CUST_000068,2026-06-14 16:53:31,LOC_0036,LOC_0018,Standard,42591.82,1301.98,2026-08-28 07:08:00,Delivered
ORD_0004025,CUST_000199,2025-12-09 15:22:12,LOC_0009,LOC_0027,Standard,18930.69,4619.59,2026-09-19 11:06:47,Delivered
ORD_0004026,CUST_000493,2025-12-24 15:55:34,LOC_0036,LOC_0025,Standard,36541.13,3895.01,2026-03-15 05:59:57,Delivered
ORD_0004027,CUST_000282,2026-07-03 13:39:48,LOC_0031,LOC_0040,Same Day,25715.79,1328.97,2026-05-14 05:05:31,Delivered
ORD_0004028,CUST_000760,2026-04-17 02:45:03,LOC_0027,LOC_0010,Urgent,45552.65,3157.45,2026-08-04 02:55:30,Delivered
ORD_0004029,CUST_000707,2026-08-02 03:27:57,LOC_0039,LOC_0033,Standard,21244.66,4620.04,2025-10-11 18:32:04,Cancelled
ORD_0004030,CUST_000762,2026-08-22 15:37:02,LOC_0046,LOC_0007,Standard,33501.57,3723.15,2025-11-12 12:44:36,Delivered
ORD_0004031,CUST_000453,2025-12-16 16:19:44,LOC_0029,LOC_0030,Standard,58626.1,3078.07,2026-08-22 17:01:30,Delivered
ORD_0004032,CUST_000902,2026-07-05 07:00:23,LOC_0008,LOC_0006,Express,14420.4,1154.09,2026-04-21 15:29:04,Delivered
ORD_0004033,CUST_000047,2026-07-17 13:21:14,LOC_0043,LOC_0033,Urgent,47417.47,3664.5,2026-09-12 12:44:41,Delivered
ORD_0004034,CUST_000814,2026-01-06 03:19:34,LOC_0021,LOC_0036,Standard,52127.83,1813.27,2026-01-24 15:02:34,Delivered
ORD_0004035,CUST_000769,2025-12-22 04:25:52,LOC_0034,LOC_0027,Express,82416.76,4995.99,2026-03-10 13:34:34,Delivered
ORD_0004036,CUST_000910,2025-10-20 19:28:18,LOC_0013,LOC_0032,Standard,33899.33,1516.58,2025-12-22 02:04:37,Delivered
ORD_0004037,CUST_000150,2026-05-10 16:13:33,LOC_0002,LOC_0034,Standard,30627.26,2908.63,2026-01-26 21:29:02,Cancelled
ORD_0004038,CUST_000264,2026-08-09 12:47:12,LOC_0046,LOC_0018,Standard,48124.3,2167.22,2026-07-07 15:17:25,Delivered
ORD_0004039,CUST_000589,2025-10-26 03:41:49,LOC_0004,LOC_0025,Same Day,64114.85,762.65,2025-12-01 07:18:06,Delivered
ORD_0004040,CUST_000820,2026-01-09 18:31:01,LOC_0010,LOC_0040,Express,36314.67,4617.63,2025-12-03 02:53:45,Delivered
ORD_0004041,CUST_000451,2026-07-05 15:43:36,LOC_0004,LOC_0005,Standard,82908.71,4605.67,2026-08-19 03:05:27,Delivered
ORD_0004042,CUST_000351,2026-06-08 22:14:04,LOC_0045,LOC_0029,Standard,8359.27,515.92,2026-05-08 02:24:56,Delivered
ORD_0004043,CUST_000110,2026-04-08 01:07:56,LOC_0045,LOC_0005,Express,46678.09,2507.15,2026-07-09 01:02:37,Delivered
ORD_0004044,CUST_000925,2026-03-29 10:13:34,LOC_0028,LOC_0009,Express,23088.76,2518.28,2026-01-01 17:17:55,Delivered
ORD_0004045,CUST_000010,2026-01-21 19:27:46,LOC_0004,LOC_0002,Urgent,6412.85,2857.24,2026-01-09 19:03:54,Delivered
ORD_0004046,CUST_000944,2026-08-25 11:34:10,LOC_0001,LOC_0035,Same Day,78767.71,1514.34,2026-03-12 16:15:47,Delivered
ORD_0004047,CUST_000519,2026-01-15 11:12:20,LOC_0013,LOC_0029,Standard,9851.01,4338.05,2026-06-12 04:13:52,Delivered
ORD_0004048,CUST_000723,2025-11-21 16:39:49,LOC_0045,LOC_0011,Standard,14220.3,1170.62,2026-06-04 03:47:54,Delivered
ORD_0004049,CUST_000512,2026-04-13 16:51:37,LOC_0028,LOC_0015,Standard,33791.97,656.76,2025-10-15 07:46:18,Delivered
ORD_0004050,CUST_000374,2026-04-11 23:56:35,LOC_0038,LOC_0005,Express,16274.85,2142.49,2025-12-16 22:35:59,Delivered
ORD_0004051,CUST_000340,2025-12-22 12:02:24,LOC_0044,LOC_0040,Standard,45604.48,3619.43,2026-09-16 06:06:18,Delivered
ORD_0004052,CUST_000231,2026-09-08 02:13:44,LOC_0040,LOC_0012,Express,26372.91,3883.04,2026-07-03 22:12:42,Delivered
ORD_0004053,CUST_000498,2026-08-20 13:36:35,LOC_0021,LOC_0023,Standard,78321.67,2106.24,2025-12-16 09:00:45,Delivered
ORD_0004054,CUST_000285,2026-04-18 08:14:56,LOC_0044,LOC_0007,Express,40381.76,2755.89,2025-10-07 18:31:28,Delivered
ORD_0004055,CUST_000769,2025-12-22 23:47:53,LOC_0020,LOC_0022,Express,73300.14,1152.74,2026-04-13 05:23:20,Delivered
ORD_0004056,CUST_000584,2025-10-29 00:56:07,LOC_0031,LOC_0047,Standard,77212.77,1573.72,2025-11-18 22:43:41,Delivered
ORD_0004057,CUST_000099,2025-10-20 11:47:46,LOC_0010,LOC_0023,Urgent,73476.85,3722.84,2026-07-07 08:20:08,Delivered
ORD_0004058,CUST_000624,2026-01-13 07:31:24,LOC_0031,LOC_0002,Express,17849.68,4309.22,2026-03-21 00:36:30,Delivered
ORD_0004059,CUST_000624,2026-06-08 16:39:14,LOC_0009,LOC_0017,Standard,77924.19,3150.41,2026-03-07 01:40:10,Delivered
ORD_0004060,CUST_000027,2026-01-14 17:54:14,LOC_0021,LOC_0003,Express,66768.5,1668.55,2026-08-07 15:07:26,Delivered
ORD_0004061,CUST_000011,2026-04-07 04:15:15,LOC_0025,LOC_0005,Express,84036.8,2996.84,2025-10-08 18:06:34,Delivered
ORD_0004062,CUST_000495,2026-02-18 19:37:17,LOC_0048,LOC_0017,Express,26819.43,2888.06,2025-10-05 18:05:47,Delivered
ORD_0004063,CUST_000766,2026-04-20 09:57:33,LOC_0005,LOC_0027,Standard,54663.87,2644.55,2026-01-26 23:19:25,Delivered
ORD_0004064,CUST_000871,2026-04-09 09:42:29,LOC_0036,LOC_0027,Express,58576.55,3552.52,2026-05-04 16:33:59,Delivered
ORD_0004065,CUST_000650,2026-08-18 12:35:09,LOC_0044,LOC_0013,Express,78634.41,4150.62,2025-10-24 02:04:40,Delivered
ORD_0004066,CUST_000202,2026-01-22 03:55:44,LOC_0001,LOC_0003,Urgent,14103.91,110.69,2026-07-12 14:31:57,Delivered
ORD_0004067,CUST_000799,2026-04-14 01:01:20,LOC_0006,LOC_0038,Standard,73208.25,909.49,2026-06-05 08:58:02,Delivered
ORD_0004068,CUST_000181,2026-05-05 19:18:20,LOC_0028,LOC_0020,Express,13485.11,4390.69,2026-07-23 05:02:56,Delivered
ORD_0004069,CUST_000088,2026-04-24 23:01:08,LOC_0045,LOC_0029,Standard,55085.11,1726.06,2026-04-01 17:35:01,Delivered
ORD_0004070,CUST_000863,2026-09-10 17:30:46,LOC_0021,LOC_0009,Standard,7992.29,3194.16,2026-03-17 20:39:02,Delivered
ORD_0004071,CUST_000674,2026-07-28 13:25:59,LOC_0004,LOC_0005,Standard,22800.67,995.68,2026-06-04 04:52:29,Delivered
ORD_0004072,CUST_000822,2025-10-14 00:22:57,LOC_0041,LOC_0018,Standard,61797.51,3519.97,2026-02-10 18:43:56,Delivered
ORD_0004073,CUST_000823,2026-09-06 11:40:56,LOC_0024,LOC_0041,Standard,71234.75,4261.42,2025-11-21 09:59:21,Delivered
ORD_0004074,CUST_000860,2026-04-21 02:16:49,LOC_0005,LOC_0008,Urgent,65150.59,1658.85,2025-12-05 09:49:37,Delivered
ORD_0004075,CUST_000450,2025-11-11 09:08:49,LOC_0040,LOC_0038,Standard,42145.99,4467.75,2025-11-08 16:04:02,Delivered
ORD_0004076,CUST_000813,2026-08-04 21:57:32,LOC_0008,LOC_0032,Express,48328.79,2778.6,2026-02-02 22:58:17,Cancelled
ORD_0004077,CUST_000164,2026-04-02 08:11:28,LOC_0030,LOC_0022,Standard,16121.39,4618.33,2026-09-08 02:31:38,Delivered
ORD_0004078,CUST_000677,2025-10-27 20:07:40,LOC_0047,LOC_0020,Standard,64610.26,2886.67,2026-04-07 06:27:41,Delivered
ORD_0004079,CUST_000864,2025-11-08 14:50:44,LOC_0003,LOC_0041,Express,28434.51,2764.05,2026-06-05 15:19:13,Delivered
ORD_0004080,CUST_000484,2025-10-13 17:46:27,LOC_0028,LOC_0009,Standard,69084.82,1950.93,2026-09-21 22:02:08,Delivered
ORD_0004081,CUST_000240,2026-03-30 23:20:34,LOC_0036,LOC_0025,Standard,27698.87,4148.15,2026-04-26 23:57:54,Delivered
ORD_0004082,CUST_000001,2026-03-20 01:09:01,LOC_0004,LOC_0034,Standard,28154.07,305.73,2026-02-03 18:32:39,Delivered
ORD_0004083,CUST_000764,2025-11-06 20:07:53,LOC_0039,LOC_0011,Standard,18808.86,4469.34,2026-03-09 05:23:09,Delivered
ORD_0004084,CUST_000718,2026-07-15 09:04:28,LOC_0040,LOC_0042,Urgent,28991.45,903.05,2026-01-27 07:50:21,Delivered
ORD_0004085,CUST_000547,2025-11-01 01:25:53,LOC_0040,LOC_0039,Express,68907.1,118.59,2026-08-19 03:20:49,Delivered
ORD_0004086,CUST_000675,2026-01-02 10:05:31,LOC_0039,LOC_0030,Express,49431.77,2858.97,2026-06-19 03:10:10,Delivered
ORD_0004087,CUST_000836,2026-05-16 01:59:50,LOC_0004,LOC_0039,Standard,16299.65,1657.22,2026-06-10 16:46:08,Cancelled
ORD_0004088,CUST_000343,2026-07-15 09:43:29,LOC_0001,LOC_0027,Express,76393.64,4072.79,2026-04-20 12:00:21,Delivered
ORD_0004089,CUST_000573,2026-01-12 19:35:24,LOC_0017,LOC_0002,Express,10221.09,136.05,2026-03-22 18:24:52,Delivered
ORD_0004090,CUST_000649,2025-12-15 06:07:20,LOC_0029,LOC_0015,Express,76603.29,4049.75,2025-10-14 19:43:16,Delivered
ORD_0004091,CUST_000289,2025-11-01 15:17:49,LOC_0029,LOC_0002,Standard,27329.12,854.52,2026-01-11 02:17:11,Delivered
ORD_0004092,CUST_000935,2025-10-12 16:32:55,LOC_0025,LOC_0023,Standard,27833.35,3684.16,2025-10-22 23:07:04,Delivered
ORD_0004093,CUST_000084,2025-11-25 06:55:31,LOC_0010,LOC_0003,Express,9586.51,1594.9,2025-11-27 04:56:09,Delivered
ORD_0004094,CUST_000587,2026-03-17 21:49:49,LOC_0024,LOC_0046,Standard,9286.24,3782.58,2026-08-14 23:11:37,Delivered
ORD_0004095,CUST_000251,2026-05-17 13:25:59,LOC_0028,LOC_0022,Standard,54862.91,2914.84,2026-08-05 02:28:39,Delivered
ORD_0004096,CUST_000572,2026-05-28 22:55:28,LOC_0006,LOC_0032,Standard,28382.4,2293.85,2026-04-20 13:18:59,Delivered
ORD_0004097,CUST_000520,2026-08-20 13:23:13,LOC_0033,LOC_0006,Express,69787.17,4017.71,2026-04-24 17:30:13,Delivered
ORD_0004098,CUST_000914,2026-04-26 15:39:44,LOC_0029,LOC_0023,Standard,10361.04,3351.05,2026-05-01 00:14:57,Delivered
ORD_0004099,CUST_000678,2026-08-27 01:49:34,LOC_0018,LOC_0020,Standard,44226.22,1675.76,2025-12-22 05:39:17,Delivered
ORD_0004100,CUST_000387,2026-04-15 18:11:02,LOC_0047,LOC_0044,Standard,71710.62,4141.04,2026-01-08 08:44:06,Delivered
ORD_0004101,CUST_000567,2025-11-20 23:33:23,LOC_0047,LOC_0044,Standard,38095.69,529.52,2026-03-06 03:20:57,Cancelled
ORD_0004102,CUST_000664,2025-12-24 17:34:57,LOC_0009,LOC_0017,Urgent,81044.21,3897.81,2026-05-12 06:42:54,Delivered
ORD_0004103,CUST_000945,2026-04-09 21:21:29,LOC_0028,LOC_0009,Standard,10918.17,1571.53,2026-01-12 13:40:36,Delivered
ORD_0004104,CUST_000010,2026-03-11 18:25:22,LOC_0026,LOC_0034,Standard,75230.33,1787.98,2026-01-12 10:48:50,Delivered
ORD_0004105,CUST_000064,2026-04-11 03:54:34,LOC_0014,LOC_0029,Express,36353.86,1816.88,2026-01-13 23:18:07,Cancelled
ORD_0004106,CUST_000747,2026-09-11 09:26:41,LOC_0029,LOC_0028,Urgent,30223.78,4145.79,2026-06-06 16:40:38,Delivered
ORD_0004107,CUST_000388,2026-04-13 11:36:48,LOC_0034,LOC_0016,Express,4543.42,3937.92,2026-08-10 12:12:00,Delivered
ORD_0004108,CUST_000789,2026-03-07 15:05:07,LOC_0042,LOC_0005,Urgent,54730.08,1139.09,2025-12-25 19:10:34,Delivered
ORD_0004109,CUST_000437,2026-05-10 21:34:46,LOC_0031,LOC_0018,Standard,24995.07,2258.84,2026-01-27 04:43:12,Delivered
ORD_0004110,CUST_000162,2025-11-05 16:07:54,LOC_0030,LOC_0044,Standard,62275.02,4498.66,2026-03-09 11:29:28,Delivered
ORD_0004111,CUST_000318,2026-04-10 02:49:20,LOC_0012,LOC_0042,Standard,79938.56,869.64,2026-05-10 14:05:47,Delivered
ORD_0004112,CUST_000994,2026-03-20 21:47:40,LOC_0047,LOC_0046,Same Day,10250.1,250.15,2026-01-14 03:06:53,Delivered
ORD_0004113,CUST_000277,2026-02-01 21:19:55,LOC_0010,LOC_0016,Express,37498.68,3468.02,2026-05-30 02:58:09,Delivered
ORD_0004114,CUST_000622,2026-07-21 19:27:32,LOC_0037,LOC_0004,Standard,10396.32,3808.29,2026-02-22 12:50:37,Delivered
ORD_0004115,CUST_000889,2026-03-13 18:50:57,LOC_0034,LOC_0001,Standard,38679.52,3511.48,2026-08-26 08:45:31,Delivered
ORD_0004116,CUST_000708,2026-02-22 03:41:00,LOC_0026,LOC_0016,Urgent,37614.84,354.33,2026-04-12 23:55:56,Delivered
ORD_0004117,CUST_000627,2026-01-28 18:53:16,LOC_0033,LOC_0021,Standard,29839.72,854.26,2026-05-30 19:26:30,Delivered
ORD_0004118,CUST_000334,2025-10-30 01:02:34,LOC_0029,LOC_0036,Standard,40366.78,2428.54,2025-11-17 08:30:08,Delivered
ORD_0004119,CUST_000245,2026-07-12 14:33:08,LOC_0038,LOC_0011,Standard,20848.01,3361.18,2026-05-23 20:29:58,Delivered
ORD_0004120,CUST_000772,2025-12-26 12:20:59,LOC_0010,LOC_0025,Standard,21834.91,837.55,2025-12-05 21:12:49,Delivered
ORD_0004121,CUST_000281,2026-04-04 14:45:16,LOC_0010,LOC_0019,Standard,13786.59,2120.17,2026-08-16 21:46:22,Delivered
ORD_0004122,CUST_000046,2026-06-10 05:56:37,LOC_0044,LOC_0014,Standard,28411.81,503.31,2025-12-13 17:26:35,Delivered
ORD_0004123,CUST_000840,2026-07-11 11:22:45,LOC_0030,LOC_0015,Express,68250.62,3477.63,2025-10-12 00:42:49,Delivered
ORD_0004124,CUST_000885,2026-02-15 23:29:46,LOC_0043,LOC_0010,Standard,51162.77,4905.91,2026-01-21 04:52:08,Delivered
ORD_0004125,CUST_000635,2026-08-03 00:13:49,LOC_0015,LOC_0038,Express,3549.21,134.7,2026-04-12 06:16:43,Delivered
ORD_0004126,CUST_000358,2026-08-01 12:49:24,LOC_0022,LOC_0018,Express,23599.63,1530.97,2026-07-27 22:38:26,Cancelled
ORD_0004127,CUST_000576,2026-04-07 01:42:27,LOC_0013,LOC_0011,Standard,21940.47,1067.57,2026-08-06 10:09:06,Delivered
ORD_0004128,CUST_000555,2026-02-28 20:49:32,LOC_0022,LOC_0006,Same Day,76646.06,537.33,2025-12-30 01:09:04,Delivered
ORD_0004129,CUST_000456,2026-05-30 05:38:50,LOC_0023,LOC_0029,Standard,73809.06,469.85,2025-10-16 12:57:32,Delivered
ORD_0004130,CUST_000670,2026-07-28 12:21:31,LOC_0024,LOC_0022,Standard,47063.15,567.99,2025-10-09 07:31:37,Delivered
ORD_0004131,CUST_000678,2026-03-26 09:10:07,LOC_0009,LOC_0002,Express,3210.06,4881.19,2026-06-16 07:46:53,Delivered
ORD_0004132,CUST_000407,2026-03-13 05:19:27,LOC_0035,LOC_0026,Same Day,59288.14,3213.89,2026-06-03 02:42:30,Delivered
ORD_0004133,CUST_000553,2026-03-16 07:55:19,LOC_0027,LOC_0015,Express,72746.58,1565.1,2026-09-25 08:30:27,Delivered
ORD_0004134,CUST_000089,2025-12-13 10:43:53,LOC_0002,LOC_0009,Urgent,55402.03,2631.05,2026-05-29 21:14:05,Delivered
ORD_0004135,CUST_000297,2025-11-01 09:29:22,LOC_0033,LOC_0048,Standard,11106.84,3484.68,2026-03-06 00:23:38,Delivered
ORD_0004136,CUST_000243,2026-05-05 09:13:02,LOC_0039,LOC_0045,Urgent,6480.97,490.5,2026-03-03 17:18:11,Delivered
ORD_0004137,CUST_000849,2025-12-14 03:51:48,LOC_0045,LOC_0043,Standard,28657.69,4375.01,2026-08-17 22:46:42,Delivered
ORD_0004138,CUST_000016,2026-08-17 21:10:20,LOC_0001,LOC_0019,Standard,35668.87,3714.82,2026-03-28 20:11:36,Delivered
ORD_0004139,CUST_000274,2026-05-06 23:21:38,LOC_0040,LOC_0030,Standard,2312.93,1826.93,2026-01-07 10:18:22,Delivered
ORD_0004140,CUST_000895,2025-11-18 00:19:50,LOC_0048,LOC_0018,Standard,12737.91,3688.7,2025-12-05 22:00:15,Delivered
ORD_0004141,CUST_000647,2025-10-15 20:57:57,LOC_0014,LOC_0046,Standard,63615.02,3200.92,2026-04-29 00:01:12,Delivered
ORD_0004142,CUST_000828,2026-06-29 08:33:39,LOC_0033,LOC_0020,Standard,79780.21,3201.1,2026-05-10 20:54:01,Delivered
ORD_0004143,CUST_000052,2026-06-03 04:05:52,LOC_0039,LOC_0020,Standard,73011.22,4530.33,2026-02-11 14:15:29,Delivered
ORD_0004144,CUST_000265,2025-11-28 20:30:16,LOC_0031,LOC_0045,Express,41216.4,1891.34,2025-12-11 23:02:22,Delivered
ORD_0004145,CUST_000838,2026-01-19 21:40:16,LOC_0017,LOC_0033,Standard,66372.45,4728.14,2025-12-29 02:30:24,Delivered
ORD_0004146,CUST_000525,2025-12-17 08:31:35,LOC_0031,LOC_0048,Urgent,62685.36,4632.65,2026-08-01 21:40:12,Delivered
ORD_0004147,CUST_000214,2026-05-05 02:25:32,LOC_0039,LOC_0008,Urgent,18391.02,2567.66,2026-03-24 03:36:47,Delivered
ORD_0004148,CUST_000955,2025-12-22 21:12:17,LOC_0015,LOC_0044,Urgent,28953.11,2148.01,2026-08-30 20:55:38,Delivered
ORD_0004149,CUST_000428,2026-09-12 20:43:27,LOC_0020,LOC_0005,Standard,81031.02,707.32,2025-10-09 09:46:39,Delivered
ORD_0004150,CUST_000414,2025-12-06 15:02:46,LOC_0007,LOC_0041,Standard,41564.44,1192.02,2026-06-08 11:22:44,Delivered
ORD_0004151,CUST_000715,2026-04-19 11:00:44,LOC_0037,LOC_0002,Express,35306.59,1950.14,2026-01-08 08:47:57,Delivered
ORD_0004152,CUST_000642,2025-11-14 02:57:42,LOC_0007,LOC_0029,Urgent,84441.84,3505.53,2026-08-18 17:49:15,Delivered
ORD_0004153,CUST_000468,2026-06-20 18:35:15,LOC_0025,LOC_0028,Express,78204.74,1839.28,2026-01-27 01:39:03,Delivered
ORD_0004154,CUST_000421,2026-02-24 20:25:12,LOC_0040,LOC_0018,Standard,25085.33,1568.53,2026-07-09 16:07:00,Delivered
ORD_0004155,CUST_000524,2025-10-30 16:14:26,LOC_0016,LOC_0024,Urgent,62143.76,3370.62,2026-09-25 22:15:40,Delivered
ORD_0004156,CUST_000233,2026-08-17 05:50:23,LOC_0021,LOC_0011,Express,83355.35,4049.45,2025-10-27 16:03:24,Delivered
ORD_0004157,CUST_000049,2026-08-03 18:38:50,LOC_0010,LOC_0047,Standard,16628.66,245.69,2026-07-21 12:02:13,Delivered
ORD_0004158,CUST_000903,2026-02-21 12:44:13,LOC_0013,LOC_0012,Standard,72817.02,3060.36,2026-01-06 09:16:56,Delivered
ORD_0004159,CUST_000611,2026-07-11 07:02:14,LOC_0035,LOC_0024,Standard,36994.75,2250.9,2026-01-22 06:57:30,Delivered
ORD_0004160,CUST_000891,2026-09-03 13:10:26,LOC_0046,LOC_0027,Standard,11682.15,2007.52,2026-02-06 11:27:03,Delivered
ORD_0004161,CUST_000311,2026-04-10 00:37:02,LOC_0008,LOC_0024,Standard,80125.59,3755.17,2025-11-28 11:37:51,Delivered
ORD_0004162,CUST_000653,2026-08-31 13:41:33,LOC_0039,LOC_0014,Standard,20796.56,1036.36,2026-08-13 22:24:00,Delivered
ORD_0004163,CUST_000441,2026-08-08 11:34:52,LOC_0003,LOC_0026,Standard,35388.8,648.97,2025-12-01 19:48:48,Delivered
ORD_0004164,CUST_000045,2026-05-24 02:02:54,LOC_0016,LOC_0006,Urgent,37291.33,2245.3,2026-03-19 04:48:25,Delivered
ORD_0004165,CUST_000758,2026-07-03 05:35:35,LOC_0005,LOC_0038,Standard,83237.94,1342.93,2026-05-17 09:18:11,Delivered
ORD_0004166,CUST_000625,2026-02-07 00:38:57,LOC_0045,LOC_0036,Standard,12279.22,1623.45,2026-09-11 17:25:29,Delivered
ORD_0004167,CUST_000981,2025-12-30 02:36:12,LOC_0003,LOC_0034,Same Day,32934.08,1162.22,2026-06-05 01:39:06,Delivered
ORD_0004168,CUST_000952,2026-01-13 00:36:16,LOC_0013,LOC_0016,Standard,67781.35,2671.39,2026-02-26 13:46:32,Delivered
ORD_0004169,CUST_000098,2025-12-01 01:00:11,LOC_0026,LOC_0020,Same Day,8606.54,1642.86,2026-05-16 07:12:10,Delivered
ORD_0004170,CUST_000770,2026-06-27 05:57:09,LOC_0002,LOC_0041,Express,48762.24,2195.47,2026-04-10 10:49:51,Delivered
ORD_0004171,CUST_000102,2026-07-07 23:14:06,LOC_0009,LOC_0023,Urgent,13623.76,3084.13,2026-03-21 15:10:48,Delivered
ORD_0004172,CUST_000420,2026-07-28 17:27:20,LOC_0032,LOC_0023,Standard,83285.97,4029.28,2026-05-28 05:33:21,Delivered
ORD_0004173,CUST_000711,2026-06-15 00:57:13,LOC_0027,LOC_0020,Express,26718.75,2784.77,2026-08-07 04:47:32,Delivered
ORD_0004174,CUST_000596,2026-04-13 13:30:38,LOC_0023,LOC_0005,Urgent,67429.17,4323.45,2025-11-25 00:01:25,Delivered
ORD_0004175,CUST_000985,2025-12-21 09:05:09,LOC_0043,LOC_0019,Standard,44563.71,4430.73,2026-04-16 07:40:55,Delivered
ORD_0004176,CUST_000386,2025-11-21 16:49:34,LOC_0015,LOC_0022,Express,4097.3,3190.12,2026-06-25 07:34:02,Delivered
ORD_0004177,CUST_000112,2026-01-21 18:53:18,LOC_0012,LOC_0040,Same Day,42931.72,3647.2,2025-10-18 16:39:39,Delivered
ORD_0004178,CUST_000793,2026-04-17 00:50:43,LOC_0015,LOC_0045,Express,39889.02,346.65,2026-01-28 21:14:33,Delivered
ORD_0004179,CUST_000138,2025-10-31 10:44:32,LOC_0011,LOC_0040,Standard,79506.59,4242.75,2025-12-28 15:36:07,Delivered
ORD_0004180,CUST_000009,2026-06-12 19:41:34,LOC_0017,LOC_0040,Express,45572.49,2551.67,2026-07-15 02:42:56,Cancelled
ORD_0004181,CUST_000037,2026-04-18 09:40:34,LOC_0021,LOC_0015,Standard,21159.99,3544.05,2026-05-17 04:03:42,Delivered
ORD_0004182,CUST_000713,2026-01-10 16:33:38,LOC_0034,LOC_0033,Standard,25225.42,4490.1,2026-01-15 18:54:28,Cancelled
ORD_0004183,CUST_000005,2025-10-24 06:27:31,LOC_0001,LOC_0038,Standard,45551.32,4389.69,2025-12-08 07:45:20,Delivered
ORD_0004184,CUST_000058,2026-04-28 14:58:09,LOC_0006,LOC_0008,Standard,2222.77,3881.44,2026-02-26 18:52:26,Delivered
ORD_0004185,CUST_000641,2026-05-29 18:51:16,LOC_0042,LOC_0047,Standard,43052.94,4152.4,2025-10-15 17:54:34,Cancelled
ORD_0004186,CUST_000371,2026-06-22 19:08:08,LOC_0024,LOC_0015,Same Day,4739.89,751.98,2026-01-17 15:42:21,Delivered
ORD_0004187,CUST_000626,2026-03-15 18:19:31,LOC_0037,LOC_0022,Urgent,59531.7,3149.72,2026-01-11 19:47:53,Delivered
ORD_0004188,CUST_000177,2025-10-10 07:44:39,LOC_0042,LOC_0008,Standard,79050.92,259.63,2026-04-18 21:51:20,Delivered
ORD_0004189,CUST_000890,2025-11-14 21:11:22,LOC_0036,LOC_0040,Standard,69976.16,3880.24,2026-04-03 15:57:44,Delivered
ORD_0004190,CUST_000953,2026-09-14 23:05:01,LOC_0031,LOC_0015,Express,34439.53,1796.4,2026-03-23 21:29:03,Delivered
ORD_0004191,CUST_000071,2026-06-21 02:38:03,LOC_0042,LOC_0015,Standard,39704.67,4872.97,2026-05-05 02:08:45,Delivered
ORD_0004192,CUST_000857,2025-11-30 09:36:02,LOC_0038,LOC_0046,Standard,52252.43,1096.73,2025-10-14 15:29:11,Delivered
ORD_0004193,CUST_000640,2025-11-06 03:16:57,LOC_0038,LOC_0034,Same Day,44675.14,4769.8,2025-12-11 15:12:51,Delivered
ORD_0004194,CUST_000088,2026-06-18 17:11:43,LOC_0004,LOC_0038,Standard,21942.77,1708.53,2025-11-09 05:44:57,Delivered
ORD_0004195,CUST_000310,2026-03-11 17:24:02,LOC_0021,LOC_0016,Express,46707.88,569.24,2026-02-05 06:07:05,Delivered
ORD_0004196,CUST_000477,2026-06-27 11:45:44,LOC_0044,LOC_0023,Urgent,44282.07,1657.45,2026-04-06 15:42:49,Delivered
ORD_0004197,CUST_000438,2026-07-28 15:33:46,LOC_0034,LOC_0012,Standard,60857.39,1983.83,2026-03-12 00:33:32,Delivered
ORD_0004198,CUST_000421,2026-03-22 06:16:26,LOC_0028,LOC_0036,Express,79741.13,2373.04,2026-05-27 03:15:58,Delivered
ORD_0004199,CUST_000696,2026-01-06 07:39:03,LOC_0026,LOC_0023,Express,48453.03,1379.41,2025-12-19 13:39:42,Delivered
ORD_0004200,CUST_000883,2026-07-29 08:01:00,LOC_0019,LOC_0037,Standard,30978.97,1656.19,2026-08-17 17:57:36,Delivered
ORD_0004201,CUST_001000,2026-07-17 05:52:48,LOC_0034,LOC_0048,Urgent,12022.3,4406.43,2026-05-16 09:32:43,Delivered
ORD_0004202,CUST_000153,2025-10-22 10:23:47,LOC_0043,LOC_0016,Standard,11521.27,3452.5,2026-05-14 17:35:08,Delivered
ORD_0004203,CUST_000650,2025-11-07 06:20:13,LOC_0007,LOC_0037,Urgent,25490.26,1851.73,2025-12-09 15:41:07,Delivered
ORD_0004204,CUST_000066,2026-05-05 01:50:34,LOC_0005,LOC_0027,Urgent,25725.49,2287.28,2026-05-13 17:50:24,Delivered
ORD_0004205,CUST_000214,2026-08-24 02:45:38,LOC_0001,LOC_0045,Standard,65222.7,4481.5,2026-09-15 07:20:50,Delivered
ORD_0004206,CUST_000759,2026-01-04 22:54:01,LOC_0033,LOC_0042,Urgent,15515.84,2498.98,2026-01-08 10:38:38,Delivered
ORD_0004207,CUST_000198,2026-05-06 18:21:41,LOC_0007,LOC_0006,Urgent,62044.91,903.35,2025-11-03 21:38:01,Delivered
ORD_0004208,CUST_000114,2026-06-14 13:05:46,LOC_0048,LOC_0024,Standard,16187.03,4392.31,2026-03-03 05:48:51,Delivered
ORD_0004209,CUST_000700,2026-09-02 08:48:10,LOC_0043,LOC_0029,Standard,69219.76,2644.06,2026-01-27 20:29:55,Delivered
ORD_0004210,CUST_000955,2026-06-29 01:13:51,LOC_0032,LOC_0039,Standard,47562.28,1594.78,2026-09-25 17:07:48,Cancelled
ORD_0004211,CUST_000930,2026-07-21 21:23:41,LOC_0011,LOC_0032,Express,62429.2,1023.87,2026-02-04 15:40:13,Delivered
ORD_0004212,CUST_000862,2026-06-07 01:08:21,LOC_0016,LOC_0011,Standard,54808.17,4907.3,2026-08-24 22:15:08,Delivered
ORD_0004213,CUST_000809,2026-07-28 10:51:40,LOC_0006,LOC_0014,Standard,33247.07,3990.76,2025-10-13 05:58:06,Delivered
ORD_0004214,CUST_000609,2025-10-25 13:01:47,LOC_0029,LOC_0034,Standard,41876.89,3788.95,2025-10-29 16:54:52,Delivered
ORD_0004215,CUST_000933,2025-11-17 12:58:27,LOC_0008,LOC_0009,Standard,12379.72,4058.32,2026-03-27 05:14:58,Delivered
ORD_0004216,CUST_000112,2026-01-09 04:40:37,LOC_0028,LOC_0031,Urgent,52977.49,2771.65,2025-12-20 01:16:00,Delivered
ORD_0004217,CUST_000555,2026-08-13 20:53:06,LOC_0023,LOC_0042,Standard,11202.09,1888.98,2025-11-17 12:01:15,Delivered
ORD_0004218,CUST_000515,2026-05-24 17:29:56,LOC_0030,LOC_0031,Urgent,44977.61,4291.94,2025-11-10 11:09:14,Delivered
ORD_0004219,CUST_000519,2026-07-08 20:51:45,LOC_0015,LOC_0014,Same Day,6980.55,2458.5,2026-07-06 16:58:32,Delivered
ORD_0004220,CUST_000747,2025-11-22 01:59:46,LOC_0009,LOC_0046,Standard,50161.56,332.98,2026-08-12 13:00:03,Delivered
ORD_0004221,CUST_000817,2026-08-07 20:38:45,LOC_0036,LOC_0045,Same Day,53436.85,2336.8,2025-12-24 06:28:33,Delivered
ORD_0004222,CUST_000029,2026-05-26 21:07:57,LOC_0006,LOC_0017,Standard,56150.39,2430.02,2026-09-27 01:39:08,Delivered
ORD_0004223,CUST_000786,2026-04-21 06:22:55,LOC_0047,LOC_0032,Standard,60809.5,3486.33,2026-03-07 19:54:37,Delivered
ORD_0004224,CUST_000403,2025-11-15 08:08:42,LOC_0003,LOC_0047,Express,12628.65,1519.88,2025-12-01 16:07:58,Delivered
ORD_0004225,CUST_000015,2026-07-16 23:33:44,LOC_0026,LOC_0036,Standard,29121.94,2969.01,2025-10-31 10:59:53,Delivered
ORD_0004226,CUST_000233,2025-12-11 10:18:54,LOC_0031,LOC_0021,Standard,53874.54,1049.37,2025-10-12 05:49:22,Delivered
ORD_0004227,CUST_000187,2026-05-19 17:27:31,LOC_0019,LOC_0004,Urgent,80899.89,4070.35,2026-02-24 07:10:42,Delivered
ORD_0004228,CUST_000483,2026-03-24 11:26:55,LOC_0041,LOC_0005,Express,4006.21,113.91,2025-10-20 04:50:42,Cancelled
ORD_0004229,CUST_000690,2026-01-31 09:21:21,LOC_0009,LOC_0019,Standard,59805.35,4182.08,2026-07-12 04:35:15,Delivered
ORD_0004230,CUST_000314,2026-08-06 11:05:11,LOC_0037,LOC_0025,Standard,15935.61,1522.29,2026-06-04 15:54:55,Delivered
ORD_0004231,CUST_000411,2026-03-15 04:23:20,LOC_0024,LOC_0019,Standard,6803.91,4706.94,2026-07-18 20:44:00,Delivered
ORD_0004232,CUST_000729,2026-08-29 03:52:53,LOC_0028,LOC_0032,Express,32224.04,1513.06,2026-09-08 04:07:21,Delivered
ORD_0004233,CUST_000310,2026-07-10 15:13:26,LOC_0034,LOC_0044,Standard,80494.14,1804.14,2026-07-17 11:27:56,Delivered
ORD_0004234,CUST_000938,2026-07-19 03:24:27,LOC_0008,LOC_0045,Urgent,57959.32,2692.43,2025-11-01 10:54:47,Delivered
ORD_0004235,CUST_000695,2026-06-13 17:42:04,LOC_0017,LOC_0018,Urgent,46029.64,2824.61,2026-01-28 21:36:14,Delivered
ORD_0004236,CUST_000731,2026-04-05 16:27:44,LOC_0047,LOC_0034,Urgent,62013.64,1639.24,2026-07-23 21:00:40,Delivered
ORD_0004237,CUST_000952,2026-02-07 18:11:44,LOC_0046,LOC_0005,Standard,69428.48,1147.38,2025-12-01 11:15:12,Delivered
ORD_0004238,CUST_000979,2026-07-23 02:20:47,LOC_0043,LOC_0003,Express,35349.1,3793.05,2026-03-17 13:54:31,Delivered
ORD_0004239,CUST_000071,2026-02-23 14:26:08,LOC_0005,LOC_0046,Express,30815.06,775.22,2025-11-18 10:48:22,Delivered
ORD_0004240,CUST_000457,2026-09-04 19:35:25,LOC_0043,LOC_0006,Standard,26829.77,1790.51,2026-06-11 23:28:20,Delivered
ORD_0004241,CUST_000026,2026-06-30 21:18:56,LOC_0046,LOC_0044,Urgent,13701.04,140.34,2026-01-08 20:15:59,Delivered
ORD_0004242,CUST_000097,2025-10-30 19:33:21,LOC_0013,LOC_0032,Urgent,9414.27,839.05,2025-11-27 18:07:23,Delivered
ORD_0004243,CUST_000275,2026-06-03 10:19:14,LOC_0035,LOC_0022,Same Day,75059.1,4951.84,2026-07-22 03:49:49,Delivered
ORD_0004244,CUST_000844,2026-09-07 03:47:27,LOC_0004,LOC_0023,Standard,24477.12,4792.0,2026-03-11 06:09:08,Delivered
ORD_0004245,CUST_000437,2026-07-08 19:33:19,LOC_0003,LOC_0046,Express,52457.88,1232.28,2026-08-23 07:15:09,Delivered
ORD_0004246,CUST_000925,2026-08-06 15:54:24,LOC_0001,LOC_0014,Standard,48815.52,743.31,2026-04-13 18:19:36,Delivered
ORD_0004247,CUST_000478,2025-11-23 08:03:26,LOC_0044,LOC_0021,Urgent,66931.65,1654.16,2026-03-25 19:15:44,Cancelled
ORD_0004248,CUST_000916,2026-02-22 22:01:32,LOC_0027,LOC_0046,Standard,28991.38,2552.13,2026-05-31 17:19:02,Delivered
ORD_0004249,CUST_000863,2026-08-27 21:38:06,LOC_0002,LOC_0038,Express,5664.37,1881.75,2026-02-02 00:34:32,Delivered
ORD_0004250,CUST_000100,2025-12-02 15:29:57,LOC_0024,LOC_0016,Standard,20678.15,5.88,2025-10-12 14:56:25,Delivered
ORD_0004251,CUST_000944,2026-05-30 12:21:27,LOC_0029,LOC_0047,Standard,5285.31,269.16,2025-10-06 05:39:04,Delivered
ORD_0004252,CUST_000291,2026-01-08 22:17:45,LOC_0034,LOC_0022,Standard,38357.0,4693.35,2026-02-16 23:52:50,Delivered
ORD_0004253,CUST_000669,2026-06-11 01:04:17,LOC_0041,LOC_0022,Standard,28769.76,2670.62,2026-08-17 16:45:17,Delivered
ORD_0004254,CUST_000503,2026-05-30 19:10:27,LOC_0024,LOC_0004,Standard,81437.81,1044.69,2026-03-18 16:02:13,Delivered
ORD_0004255,CUST_000702,2026-01-13 02:53:31,LOC_0015,LOC_0017,Standard,31247.94,1781.6,2026-06-21 18:00:41,Delivered
ORD_0004256,CUST_000852,2026-01-15 19:23:30,LOC_0002,LOC_0023,Standard,48662.58,1850.05,2026-01-25 11:51:48,Delivered
ORD_0004257,CUST_000864,2025-11-29 21:20:33,LOC_0016,LOC_0040,Standard,54078.85,4458.21,2026-01-08 22:47:20,Delivered
ORD_0004258,CUST_000962,2025-11-10 02:36:23,LOC_0032,LOC_0016,Express,80425.5,3928.36,2025-11-15 14:40:28,Delivered
ORD_0004259,CUST_000244,2026-02-21 16:08:27,LOC_0027,LOC_0001,Express,16570.64,3085.26,2026-05-14 04:11:26,Delivered
ORD_0004260,CUST_000533,2026-04-02 02:07:47,LOC_0028,LOC_0013,Express,19532.2,3357.92,2026-02-08 14:37:15,Delivered
ORD_0004261,CUST_000623,2026-03-18 11:00:19,LOC_0026,LOC_0017,Standard,43448.42,1820.68,2025-12-02 11:32:56,Delivered
ORD_0004262,CUST_000197,2026-01-14 05:05:25,LOC_0035,LOC_0006,Standard,21189.22,2385.27,2026-02-01 13:37:38,Delivered
ORD_0004263,CUST_000512,2025-11-10 15:10:06,LOC_0005,LOC_0040,Same Day,26072.64,392.86,2025-12-13 00:18:25,Delivered
ORD_0004264,CUST_000135,2026-05-10 20:29:07,LOC_0041,LOC_0033,Standard,10252.65,829.23,2026-09-13 02:51:34,Delivered
ORD_0004265,CUST_000890,2026-03-24 00:59:46,LOC_0002,LOC_0048,Express,62585.22,2710.93,2026-05-16 03:05:34,Delivered
ORD_0004266,CUST_000908,2026-01-05 16:24:05,LOC_0030,LOC_0019,Express,27348.92,3436.47,2026-01-10 14:59:25,Delivered
ORD_0004267,CUST_000992,2026-06-18 10:20:33,LOC_0012,LOC_0015,Standard,26540.69,3430.24,2025-12-02 04:54:19,Delivered
ORD_0004268,CUST_000287,2026-07-10 09:21:53,LOC_0040,LOC_0038,Standard,13280.86,1597.1,2026-02-04 09:57:22,Delivered
ORD_0004269,CUST_000295,2026-06-19 00:15:27,LOC_0036,LOC_0017,Express,30866.61,1434.21,2026-01-04 16:23:11,Delivered
ORD_0004270,CUST_000555,2026-07-22 03:39:35,LOC_0033,LOC_0022,Express,71914.05,2647.99,2026-05-12 16:18:00,Delivered
ORD_0004271,CUST_000592,2026-07-20 05:47:10,LOC_0023,LOC_0036,Standard,65823.55,526.37,2026-02-10 11:27:16,Delivered
ORD_0004272,CUST_000084,2026-08-01 02:47:49,LOC_0012,LOC_0007,Urgent,75939.52,4531.28,2026-08-30 01:31:55,Cancelled
ORD_0004273,CUST_000778,2026-06-14 20:06:10,LOC_0037,LOC_0030,Urgent,3044.73,3968.02,2025-12-22 15:48:22,Delivered
ORD_0004274,CUST_000669,2026-09-05 08:32:09,LOC_0033,LOC_0007,Same Day,24450.06,4266.95,2025-10-02 02:29:21,Delivered
ORD_0004275,CUST_000038,2026-02-25 10:15:50,LOC_0018,LOC_0016,Urgent,4984.71,2709.78,2026-09-04 23:59:07,Delivered
ORD_0004276,CUST_000388,2026-03-16 09:47:15,LOC_0010,LOC_0016,Standard,18315.11,1381.48,2026-07-29 02:48:15,Delivered
ORD_0004277,CUST_000927,2025-12-22 02:51:16,LOC_0010,LOC_0001,Standard,31105.69,2338.67,2026-02-20 23:38:32,Delivered
ORD_0004278,CUST_000493,2026-05-22 10:43:04,LOC_0031,LOC_0011,Express,18245.99,648.47,2026-03-13 02:19:23,Delivered
ORD_0004279,CUST_000792,2026-04-17 09:38:40,LOC_0003,LOC_0001,Standard,31371.62,4538.42,2026-08-30 01:18:39,Delivered
ORD_0004280,CUST_000507,2025-10-21 06:31:22,LOC_0033,LOC_0022,Standard,79074.74,1027.83,2026-04-17 20:07:25,Cancelled
ORD_0004281,CUST_000467,2026-08-13 21:51:47,LOC_0001,LOC_0044,Urgent,69617.68,2212.43,2025-12-14 17:55:15,Delivered
ORD_0004282,CUST_000961,2026-02-08 08:13:07,LOC_0037,LOC_0017,Standard,3290.42,933.13,2026-06-27 20:59:33,Delivered
ORD_0004283,CUST_000473,2026-06-20 04:12:28,LOC_0003,LOC_0035,Standard,32276.42,3122.97,2025-12-28 04:48:34,Delivered
ORD_0004284,CUST_000649,2026-04-18 19:17:51,LOC_0019,LOC_0022,Express,42854.63,1138.68,2026-05-11 04:07:03,Delivered
ORD_0004285,CUST_000198,2025-10-25 21:39:54,LOC_0011,LOC_0002,Express,61727.83,3828.08,2026-03-21 13:49:13,Delivered
ORD_0004286,CUST_000642,2025-12-14 09:16:24,LOC_0012,LOC_0023,Standard,76639.76,3796.24,2026-02-04 16:35:25,Delivered
ORD_0004287,CUST_000679,2026-09-08 16:54:09,LOC_0012,LOC_0031,Standard,81735.89,1251.03,2026-04-22 23:17:33,Delivered
ORD_0004288,CUST_000724,2026-01-14 00:47:59,LOC_0040,LOC_0009,Urgent,73616.97,2328.2,2026-04-18 19:05:23,Delivered
ORD_0004289,CUST_000402,2026-01-31 14:39:08,LOC_0009,LOC_0048,Express,84340.16,3662.0,2026-05-03 19:01:09,Delivered
ORD_0004290,CUST_000548,2025-10-28 14:27:52,LOC_0033,LOC_0034,Express,53302.21,3447.04,2025-10-06 17:23:58,Delivered
ORD_0004291,CUST_000206,2026-04-27 19:27:25,LOC_0001,LOC_0029,Standard,61974.7,3700.23,2026-01-08 22:58:42,Cancelled
ORD_0004292,CUST_000707,2026-02-04 00:28:16,LOC_0007,LOC_0011,Standard,52864.8,2356.97,2026-03-27 18:17:53,Delivered
ORD_0004293,CUST_000420,2026-04-21 06:47:15,LOC_0046,LOC_0010,Standard,24557.28,3205.43,2026-04-09 14:11:41,Delivered
ORD_0004294,CUST_000691,2026-08-15 03:23:11,LOC_0016,LOC_0008,Standard,3440.78,2262.57,2026-03-08 10:33:33,Delivered
ORD_0004295,CUST_000997,2026-06-04 04:20:46,LOC_0006,LOC_0013,Standard,12934.64,2997.76,2025-10-23 10:02:20,Delivered
ORD_0004296,CUST_000874,2026-07-09 16:04:36,LOC_0036,LOC_0013,Express,13619.04,1212.11,2026-05-16 11:07:08,Delivered
ORD_0004297,CUST_000861,2025-11-08 20:46:27,LOC_0042,LOC_0027,Standard,23774.07,3651.81,2026-08-05 22:01:36,Delivered
ORD_0004298,CUST_000712,2025-12-16 23:54:00,LOC_0011,LOC_0013,Express,36135.1,147.0,2025-12-14 13:37:58,Delivered
ORD_0004299,CUST_000693,2025-10-20 00:21:52,LOC_0006,LOC_0019,Standard,8463.81,1050.82,2026-09-19 11:09:29,Cancelled
ORD_0004300,CUST_000864,2026-04-17 19:00:52,LOC_0027,LOC_0005,Urgent,9064.28,4133.24,2026-03-31 14:44:21,Delivered
ORD_0004301,CUST_000211,2026-08-07 03:12:48,LOC_0043,LOC_0006,Standard,9778.2,1942.71,2026-07-21 19:40:01,Delivered
ORD_0004302,CUST_000023,2026-01-30 05:21:11,LOC_0031,LOC_0028,Standard,10698.35,1094.44,2025-12-01 08:34:11,Delivered
ORD_0004303,CUST_000873,2026-04-14 03:13:42,LOC_0017,LOC_0005,Express,24423.55,1688.35,2025-10-20 04:04:01,Delivered
ORD_0004304,CUST_000128,2026-05-31 05:14:46,LOC_0025,LOC_0007,Standard,21407.73,2324.71,2026-05-22 20:23:51,Delivered
ORD_0004305,CUST_000188,2026-03-20 07:31:05,LOC_0041,LOC_0015,Express,60646.82,4873.99,2025-12-08 10:26:44,Delivered
ORD_0004306,CUST_000793,2025-11-05 02:01:20,LOC_0005,LOC_0032,Standard,27269.35,2668.58,2025-10-26 19:54:38,Delivered
ORD_0004307,CUST_000002,2026-04-21 16:07:44,LOC_0033,LOC_0031,Standard,34659.1,4372.19,2025-11-19 12:22:19,Cancelled
ORD_0004308,CUST_000186,2026-03-14 17:48:33,LOC_0005,LOC_0043,Standard,57154.24,3194.57,2025-11-24 07:59:23,Delivered
ORD_0004309,CUST_000963,2025-12-15 03:13:46,LOC_0027,LOC_0046,Standard,16872.45,2857.75,2026-05-22 21:28:12,Delivered
ORD_0004310,CUST_000372,2025-11-02 00:35:17,LOC_0029,LOC_0020,Standard,25829.29,4439.53,2026-05-14 18:56:45,Delivered
ORD_0004311,CUST_000157,2026-06-03 23:55:06,LOC_0010,LOC_0046,Express,20164.66,4050.32,2026-01-12 20:42:03,Delivered
ORD_0004312,CUST_000661,2025-10-08 05:05:05,LOC_0041,LOC_0011,Standard,51123.38,2154.53,2026-03-04 11:33:06,Delivered
ORD_0004313,CUST_000786,2026-01-01 05:49:42,LOC_0014,LOC_0035,Standard,69792.96,4876.99,2025-11-15 13:31:31,Delivered
ORD_0004314,CUST_000972,2025-12-30 12:12:11,LOC_0038,LOC_0040,Express,65332.56,4398.73,2026-09-22 17:55:33,Delivered
ORD_0004315,CUST_000968,2026-08-29 20:45:03,LOC_0035,LOC_0033,Express,3647.74,1210.52,2026-02-22 08:25:22,Delivered
ORD_0004316,CUST_000634,2025-10-24 05:51:44,LOC_0034,LOC_0046,Express,46970.63,2974.14,2026-03-20 07:49:52,Delivered
ORD_0004317,CUST_000041,2025-11-30 11:40:01,LOC_0040,LOC_0047,Standard,74631.35,4043.69,2026-08-31 18:11:52,Delivered
ORD_0004318,CUST_000738,2026-01-04 04:49:21,LOC_0039,LOC_0004,Express,26988.62,3573.4,2026-05-06 21:53:51,Delivered
ORD_0004319,CUST_000896,2025-12-25 08:40:18,LOC_0037,LOC_0018,Express,7009.88,348.62,2026-09-28 01:16:59,Delivered
ORD_0004320,CUST_000410,2026-09-11 02:30:46,LOC_0012,LOC_0004,Express,13288.89,626.77,2026-03-09 21:35:36,Delivered
ORD_0004321,CUST_000465,2026-06-20 05:17:51,LOC_0005,LOC_0028,Standard,75839.83,667.17,2025-11-28 06:53:18,Delivered
ORD_0004322,CUST_000126,2026-02-02 04:01:16,LOC_0008,LOC_0011,Urgent,74026.06,2098.05,2026-08-23 14:29:52,Delivered
ORD_0004323,CUST_000204,2026-04-03 06:35:18,LOC_0041,LOC_0039,Standard,56420.48,4290.17,2025-12-21 03:48:08,Delivered
ORD_0004324,CUST_000172,2026-04-30 05:00:22,LOC_0013,LOC_0036,Standard,11442.61,3442.05,2026-01-28 00:33:07,Delivered
ORD_0004325,CUST_000706,2026-06-23 18:14:35,LOC_0008,LOC_0035,Standard,21011.37,1056.33,2026-03-19 15:48:23,Delivered
ORD_0004326,CUST_000712,2026-01-10 17:31:59,LOC_0045,LOC_0005,Urgent,68858.71,3790.05,2025-11-23 21:54:23,Delivered
ORD_0004327,CUST_000985,2026-07-14 23:11:30,LOC_0006,LOC_0037,Urgent,39485.06,650.88,2025-12-19 05:02:00,Delivered
ORD_0004328,CUST_000313,2026-07-18 16:36:41,LOC_0018,LOC_0002,Standard,62035.25,3802.37,2026-06-22 05:45:38,Delivered
ORD_0004329,CUST_000696,2026-08-20 00:19:21,LOC_0034,LOC_0032,Express,63484.49,296.87,2025-12-20 04:41:02,Delivered
ORD_0004330,CUST_000070,2026-03-09 01:54:59,LOC_0019,LOC_0034,Standard,28747.05,1751.26,2026-04-29 22:03:57,Delivered
ORD_0004331,CUST_000475,2026-05-31 19:30:35,LOC_0003,LOC_0018,Standard,71032.94,2653.1,2026-08-11 17:24:34,Delivered
ORD_0004332,CUST_000645,2026-05-10 21:27:50,LOC_0018,LOC_0029,Standard,38974.84,3860.94,2026-03-16 00:09:15,Delivered
ORD_0004333,CUST_000465,2026-05-19 15:23:41,LOC_0028,LOC_0001,Standard,76234.18,3687.35,2026-09-23 15:54:38,Delivered
ORD_0004334,CUST_000021,2025-12-04 03:53:49,LOC_0033,LOC_0004,Standard,83140.07,4756.47,2026-07-14 16:41:02,Delivered
ORD_0004335,CUST_000153,2026-07-17 07:51:37,LOC_0009,LOC_0005,Standard,43439.14,3081.93,2025-11-17 13:43:18,Delivered
ORD_0004336,CUST_000596,2026-04-15 18:36:03,LOC_0021,LOC_0032,Express,35231.77,1704.29,2025-12-03 23:29:33,Cancelled
ORD_0004337,CUST_000989,2026-01-28 16:45:51,LOC_0033,LOC_0043,Express,30015.25,3649.45,2025-11-01 01:17:19,Delivered
ORD_0004338,CUST_000969,2026-08-03 09:09:31,LOC_0014,LOC_0003,Standard,40309.41,3111.74,2026-06-27 03:05:44,Delivered
ORD_0004339,CUST_000481,2026-01-05 08:40:02,LOC_0043,LOC_0011,Standard,56610.7,1613.11,2026-03-04 11:57:23,Delivered
ORD_0004340,CUST_000564,2026-03-25 09:42:44,LOC_0002,LOC_0042,Urgent,27314.74,4361.38,2026-07-07 08:32:18,Delivered
ORD_0004341,CUST_000966,2026-07-21 12:58:14,LOC_0034,LOC_0028,Urgent,32636.36,318.23,2025-11-14 10:13:18,Cancelled
ORD_0004342,CUST_000520,2026-01-30 14:26:25,LOC_0007,LOC_0002,Standard,83448.67,64.19,2026-08-01 11:23:29,Delivered
ORD_0004343,CUST_000896,2026-01-10 07:54:58,LOC_0013,LOC_0042,Express,67439.03,460.09,2026-08-02 10:39:40,Delivered
ORD_0004344,CUST_000903,2026-03-30 17:33:14,LOC_0022,LOC_0011,Standard,7624.02,66.93,2025-12-04 23:12:51,Delivered
ORD_0004345,CUST_000969,2025-11-30 09:54:05,LOC_0001,LOC_0002,Standard,29820.26,815.19,2026-03-16 03:37:12,Delivered
ORD_0004346,CUST_000010,2025-10-29 21:26:47,LOC_0017,LOC_0011,Urgent,42840.49,1582.4,2026-04-22 00:41:44,Delivered
ORD_0004347,CUST_000867,2026-02-03 02:25:21,LOC_0002,LOC_0034,Urgent,57935.66,4436.22,2026-02-02 08:00:31,Delivered
ORD_0004348,CUST_000225,2026-04-08 16:45:56,LOC_0007,LOC_0002,Express,78786.14,136.76,2025-11-20 02:12:54,Delivered
ORD_0004349,CUST_000912,2026-04-10 19:43:07,LOC_0034,LOC_0028,Standard,15033.37,2894.9,2025-11-25 07:47:17,Delivered
ORD_0004350,CUST_000515,2026-03-24 23:09:19,LOC_0040,LOC_0001,Standard,39884.74,1742.08,2025-11-20 00:52:12,Delivered
ORD_0004351,CUST_000528,2026-05-25 04:08:28,LOC_0008,LOC_0023,Standard,61885.54,3347.88,2026-03-30 03:37:52,Delivered
ORD_0004352,CUST_000543,2026-02-09 04:17:41,LOC_0042,LOC_0008,Express,57199.37,2216.39,2026-07-02 10:55:19,Cancelled
ORD_0004353,CUST_000513,2025-10-11 03:44:51,LOC_0022,LOC_0001,Urgent,77966.98,2867.51,2025-12-17 01:33:50,Delivered
ORD_0004354,CUST_000418,2025-12-29 17:18:07,LOC_0002,LOC_0046,Standard,69119.85,2752.83,2026-07-07 14:40:35,Delivered
ORD_0004355,CUST_000304,2025-11-19 11:59:56,LOC_0013,LOC_0039,Express,43071.66,3142.88,2026-09-11 07:36:42,Delivered
ORD_0004356,CUST_000661,2025-12-28 15:08:45,LOC_0039,LOC_0023,Urgent,20599.16,4211.63,2026-02-06 18:21:17,Delivered
ORD_0004357,CUST_000920,2025-11-20 23:15:57,LOC_0031,LOC_0041,Standard,11274.23,2425.93,2026-08-24 20:24:16,Delivered
ORD_0004358,CUST_000464,2026-04-13 10:00:59,LOC_0043,LOC_0001,Standard,55470.02,691.71,2026-06-16 09:37:53,Cancelled
ORD_0004359,CUST_000692,2025-11-14 03:57:51,LOC_0048,LOC_0028,Standard,5665.47,4233.34,2025-10-15 21:54:11,Delivered
ORD_0004360,CUST_000675,2026-05-01 23:37:41,LOC_0045,LOC_0032,Express,16396.81,699.21,2026-04-05 13:56:23,Delivered
ORD_0004361,CUST_000453,2026-04-18 13:53:03,LOC_0035,LOC_0022,Same Day,40325.55,4292.29,2026-07-05 10:59:37,Delivered
ORD_0004362,CUST_000990,2026-06-09 16:57:52,LOC_0048,LOC_0019,Standard,77258.83,3792.46,2026-08-23 22:24:28,Delivered
ORD_0004363,CUST_000932,2025-12-16 21:39:26,LOC_0031,LOC_0020,Standard,38479.87,1601.61,2026-02-04 23:20:15,Delivered
ORD_0004364,CUST_000867,2025-11-18 12:56:24,LOC_0025,LOC_0011,Standard,6303.93,4405.53,2026-05-09 00:32:31,Delivered
ORD_0004365,CUST_000974,2026-03-17 08:19:08,LOC_0045,LOC_0043,Same Day,49672.52,4027.02,2026-09-18 08:54:00,Delivered
ORD_0004366,CUST_000074,2025-10-05 00:35:38,LOC_0039,LOC_0002,Standard,29962.29,1764.0,2025-11-03 04:17:52,Delivered
ORD_0004367,CUST_000088,2025-10-09 07:08:43,LOC_0045,LOC_0032,Standard,25079.0,4413.54,2025-11-11 11:47:12,Delivered
ORD_0004368,CUST_000496,2026-08-06 08:40:29,LOC_0016,LOC_0026,Standard,64692.08,2007.67,2025-11-28 20:52:44,Delivered
ORD_0004369,CUST_000126,2025-11-08 23:38:14,LOC_0035,LOC_0046,Express,15135.47,3516.99,2026-02-21 03:09:31,Cancelled
ORD_0004370,CUST_000400,2025-12-18 19:27:51,LOC_0014,LOC_0038,Urgent,24324.92,670.58,2026-01-13 23:13:21,Delivered
ORD_0004371,CUST_000161,2025-11-12 22:42:44,LOC_0027,LOC_0015,Urgent,47904.97,33.99,2026-09-07 02:58:37,Delivered
ORD_0004372,CUST_000012,2026-04-12 12:43:25,LOC_0005,LOC_0039,Express,74525.99,2757.19,2025-12-30 04:42:29,Delivered
ORD_0004373,CUST_000706,2026-02-14 04:50:02,LOC_0048,LOC_0030,Standard,39202.58,112.99,2026-08-23 04:41:56,Delivered
ORD_0004374,CUST_000423,2026-04-07 22:17:34,LOC_0044,LOC_0019,Standard,77883.68,1973.88,2026-08-07 12:39:43,Delivered
ORD_0004375,CUST_000785,2025-12-05 00:49:27,LOC_0019,LOC_0045,Standard,71027.93,1902.0,2026-01-17 14:24:46,Delivered
ORD_0004376,CUST_000438,2026-07-28 02:41:53,LOC_0008,LOC_0012,Urgent,83722.17,2469.06,2025-10-03 21:59:28,Delivered
ORD_0004377,CUST_000406,2025-11-17 21:54:28,LOC_0042,LOC_0039,Standard,80102.87,4689.23,2025-12-06 15:52:39,Delivered
ORD_0004378,CUST_000128,2026-03-17 23:36:44,LOC_0041,LOC_0013,Standard,1409.73,3536.3,2026-03-11 01:35:25,Delivered
ORD_0004379,CUST_000155,2025-12-17 23:54:29,LOC_0041,LOC_0030,Standard,13754.04,4530.35,2026-05-09 22:42:13,Delivered
ORD_0004380,CUST_000860,2025-10-06 18:45:10,LOC_0039,LOC_0029,Same Day,25830.52,356.43,2026-04-24 07:10:49,Delivered
ORD_0004381,CUST_000428,2026-03-29 22:08:42,LOC_0035,LOC_0021,Express,65504.01,4754.92,2025-12-09 17:04:54,Delivered
ORD_0004382,CUST_000787,2026-02-16 02:01:46,LOC_0013,LOC_0033,Standard,9892.31,4141.36,2026-09-08 10:33:42,Delivered
ORD_0004383,CUST_000536,2026-02-14 20:50:45,LOC_0025,LOC_0045,Standard,64759.75,1907.67,2026-08-06 05:13:16,Delivered
ORD_0004384,CUST_000848,2025-12-13 16:13:22,LOC_0020,LOC_0029,Standard,3879.97,2218.95,2026-03-07 08:12:56,Delivered
ORD_0004385,CUST_000493,2025-11-23 21:21:21,LOC_0024,LOC_0031,Urgent,1670.7,2288.96,2026-08-15 06:53:33,Delivered
ORD_0004386,CUST_000978,2026-04-12 06:39:56,LOC_0040,LOC_0034,Same Day,26881.75,3735.7,2026-03-27 03:39:30,Delivered
ORD_0004387,CUST_000102,2026-09-07 09:51:31,LOC_0009,LOC_0048,Standard,3248.02,1372.82,2026-04-23 02:44:08,Delivered
ORD_0004388,CUST_000381,2026-05-04 18:46:38,LOC_0013,LOC_0022,Urgent,73592.41,2245.81,2026-07-20 16:05:35,Delivered
ORD_0004389,CUST_000976,2025-11-10 18:44:03,LOC_0043,LOC_0019,Express,73927.02,1560.44,2025-11-05 19:16:54,Delivered
ORD_0004390,CUST_000171,2026-03-10 22:33:40,LOC_0016,LOC_0011,Express,17210.91,1614.19,2026-06-16 03:55:39,Delivered
ORD_0004391,CUST_000717,2025-11-08 03:46:44,LOC_0018,LOC_0008,Standard,65124.34,2009.64,2026-05-27 19:51:49,Delivered
ORD_0004392,CUST_000423,2026-03-30 07:01:44,LOC_0033,LOC_0031,Urgent,59122.51,3510.11,2026-07-08 19:28:30,Delivered
ORD_0004393,CUST_000531,2026-02-25 13:33:54,LOC_0021,LOC_0048,Express,37381.71,716.96,2026-06-27 08:40:38,Delivered
ORD_0004394,CUST_000276,2026-08-07 08:51:45,LOC_0034,LOC_0002,Standard,55410.27,2529.3,2025-11-21 02:40:47,Delivered
ORD_0004395,CUST_000375,2026-04-21 20:20:17,LOC_0035,LOC_0016,Express,54232.66,3859.47,2026-02-04 18:54:09,Delivered
ORD_0004396,CUST_000977,2026-03-26 16:29:32,LOC_0043,LOC_0035,Standard,1871.55,3551.16,2025-12-13 05:21:03,Delivered
ORD_0004397,CUST_000172,2026-08-05 21:13:53,LOC_0026,LOC_0007,Express,60369.05,307.61,2025-11-07 17:50:11,Delivered
ORD_0004398,CUST_000142,2026-01-07 21:38:10,LOC_0048,LOC_0013,Standard,34281.21,1701.87,2026-03-20 15:30:37,Delivered
ORD_0004399,CUST_000024,2026-04-08 08:42:28,LOC_0047,LOC_0010,Standard,33823.02,4772.65,2026-09-07 18:16:55,Delivered
ORD_0004400,CUST_000677,2026-04-27 23:43:25,LOC_0029,LOC_0016,Same Day,1829.74,3560.0,2025-12-27 05:03:40,Delivered
ORD_0004401,CUST_000143,2026-02-23 20:12:35,LOC_0017,LOC_0010,Express,63235.33,4888.85,2026-05-15 15:51:42,Delivered
ORD_0004402,CUST_000949,2026-08-16 17:09:14,LOC_0041,LOC_0040,Standard,84869.85,48.46,2025-11-04 08:09:11,Delivered
ORD_0004403,CUST_000702,2025-11-13 08:31:07,LOC_0013,LOC_0005,Standard,58835.8,1246.07,2026-01-22 00:47:06,Delivered
ORD_0004404,CUST_000287,2026-06-22 08:31:00,LOC_0043,LOC_0042,Express,69777.79,3442.07,2026-09-17 08:37:45,Delivered
ORD_0004405,CUST_000022,2026-03-24 13:59:49,LOC_0025,LOC_0030,Standard,73765.65,3799.21,2026-07-06 01:05:46,Delivered
ORD_0004406,CUST_000320,2026-05-13 03:39:38,LOC_0019,LOC_0015,Standard,57617.46,1135.8,2026-05-25 10:17:11,Delivered
ORD_0004407,CUST_000179,2026-01-25 00:28:18,LOC_0034,LOC_0005,Standard,52259.09,3182.95,2026-04-17 15:38:36,Delivered
ORD_0004408,CUST_000607,2026-06-01 11:54:47,LOC_0005,LOC_0042,Urgent,47730.56,199.18,2026-09-08 14:38:20,Delivered
ORD_0004409,CUST_000484,2026-04-30 20:55:05,LOC_0009,LOC_0027,Standard,3766.16,2171.57,2026-04-09 14:26:12,Delivered
ORD_0004410,CUST_000562,2026-08-17 02:35:29,LOC_0027,LOC_0025,Express,5174.42,2224.48,2026-05-03 00:40:38,Delivered
ORD_0004411,CUST_000696,2026-07-31 13:24:17,LOC_0014,LOC_0007,Urgent,11889.32,4387.34,2026-03-05 10:21:30,Delivered
ORD_0004412,CUST_000697,2026-02-16 20:14:29,LOC_0041,LOC_0002,Standard,81811.78,1122.58,2026-02-09 10:03:16,Delivered
ORD_0004413,CUST_000870,2026-08-06 21:52:05,LOC_0044,LOC_0046,Urgent,55430.41,4641.91,2026-04-30 09:41:13,Delivered
ORD_0004414,CUST_000751,2025-10-01 21:55:39,LOC_0022,LOC_0007,Urgent,48150.93,3111.58,2025-10-02 18:53:23,Delivered
ORD_0004415,CUST_000105,2026-07-23 20:26:29,LOC_0027,LOC_0030,Urgent,31027.67,1224.67,2026-02-14 13:05:00,Cancelled
ORD_0004416,CUST_000510,2026-01-18 13:55:27,LOC_0047,LOC_0011,Express,21775.17,2317.84,2026-01-02 14:33:08,Delivered
ORD_0004417,CUST_000904,2026-08-16 13:50:10,LOC_0032,LOC_0020,Same Day,45514.13,2118.01,2026-03-17 15:52:43,Delivered
ORD_0004418,CUST_000678,2026-08-18 06:51:31,LOC_0036,LOC_0033,Urgent,81543.79,2418.49,2026-05-18 02:11:56,Cancelled
ORD_0004419,CUST_000232,2026-06-21 08:33:45,LOC_0045,LOC_0046,Standard,74549.03,2511.74,2026-02-19 19:23:14,Delivered
ORD_0004420,CUST_000679,2026-06-26 02:40:10,LOC_0010,LOC_0023,Standard,66021.97,2876.44,2025-11-29 16:07:14,Delivered
ORD_0004421,CUST_000490,2026-05-16 02:27:08,LOC_0035,LOC_0012,Standard,42339.0,4.37,2026-09-12 11:55:07,Cancelled
ORD_0004422,CUST_000446,2026-04-23 13:40:21,LOC_0005,LOC_0025,Standard,79887.46,2297.71,2025-10-28 23:55:06,Delivered
ORD_0004423,CUST_000433,2026-09-06 06:47:36,LOC_0026,LOC_0040,Standard,12326.42,4397.78,2026-04-19 14:58:44,Delivered
ORD_0004424,CUST_000582,2026-06-21 21:49:07,LOC_0047,LOC_0021,Express,63425.44,4083.48,2026-01-28 15:40:30,Cancelled
ORD_0004425,CUST_000263,2025-11-16 21:14:00,LOC_0042,LOC_0045,Express,79284.19,1932.0,2026-01-31 12:49:00,Delivered
ORD_0004426,CUST_000097,2026-05-15 03:28:33,LOC_0044,LOC_0034,Express,68773.94,1510.03,2025-11-14 22:30:57,Delivered
ORD_0004427,CUST_000525,2025-10-22 15:45:55,LOC_0044,LOC_0023,Standard,84647.21,4430.51,2025-10-31 19:19:07,Delivered
ORD_0004428,CUST_000295,2026-07-31 02:56:38,LOC_0019,LOC_0023,Express,74593.82,4964.5,2025-11-10 19:00:19,Cancelled
ORD_0004429,CUST_000078,2025-12-02 16:04:36,LOC_0008,LOC_0028,Standard,69030.18,2987.34,2026-09-24 22:38:44,Delivered
ORD_0004430,CUST_000565,2026-05-14 06:48:47,LOC_0024,LOC_0040,Express,17917.0,2497.38,2025-11-14 12:39:43,Delivered
ORD_0004431,CUST_000091,2026-03-17 13:31:45,LOC_0033,LOC_0032,Standard,63484.38,3830.7,2025-11-15 01:57:48,Delivered
ORD_0004432,CUST_000818,2026-02-16 01:49:34,LOC_0030,LOC_0027,Standard,40115.3,2853.61,2026-04-22 08:42:55,Delivered
ORD_0004433,CUST_000433,2026-08-15 12:19:55,LOC_0010,LOC_0007,Express,37115.24,3080.94,2025-12-25 16:35:45,Delivered
ORD_0004434,CUST_000364,2026-01-30 00:35:01,LOC_0021,LOC_0043,Standard,45644.99,4557.32,2026-04-11 09:11:32,Delivered
ORD_0004435,CUST_000910,2026-01-14 03:39:16,LOC_0014,LOC_0040,Urgent,3047.15,337.08,2026-05-11 04:10:07,Delivered
ORD_0004436,CUST_000590,2026-01-10 22:43:37,LOC_0017,LOC_0041,Standard,59339.05,1964.39,2026-01-19 00:02:02,Delivered
ORD_0004437,CUST_000918,2025-11-22 03:47:03,LOC_0010,LOC_0025,Urgent,75929.77,4818.09,2026-01-07 09:43:18,Cancelled
ORD_0004438,CUST_000717,2026-03-16 22:27:58,LOC_0032,LOC_0013,Express,38938.65,597.78,2026-06-30 02:54:40,Delivered
ORD_0004439,CUST_000480,2025-12-04 03:40:59,LOC_0017,LOC_0037,Standard,23986.37,3213.85,2026-05-12 06:41:11,Delivered
ORD_0004440,CUST_000879,2026-04-24 03:58:35,LOC_0032,LOC_0004,Express,83519.12,3779.32,2025-10-24 05:08:29,Delivered
ORD_0004441,CUST_000026,2026-07-27 06:53:43,LOC_0023,LOC_0048,Express,33539.8,1296.55,2026-03-10 23:33:50,Delivered
ORD_0004442,CUST_000813,2026-05-09 08:14:37,LOC_0036,LOC_0012,Express,21178.57,100.11,2026-09-27 01:08:09,Delivered
ORD_0004443,CUST_000552,2026-04-15 19:36:14,LOC_0034,LOC_0047,Urgent,75819.36,2078.5,2026-07-21 15:45:30,Delivered
ORD_0004444,CUST_000116,2026-05-23 09:35:37,LOC_0030,LOC_0019,Urgent,14722.48,2408.09,2026-06-22 03:20:11,Cancelled
ORD_0004445,CUST_000482,2026-02-26 02:54:34,LOC_0011,LOC_0018,Standard,7333.63,127.02,2025-11-25 15:52:00,Delivered
ORD_0004446,CUST_000220,2026-05-02 04:53:48,LOC_0007,LOC_0028,Standard,52121.08,3167.14,2026-09-11 19:08:07,Delivered
ORD_0004447,CUST_000962,2026-05-11 13:02:57,LOC_0014,LOC_0012,Express,70164.61,2558.58,2026-04-28 14:13:51,Delivered
ORD_0004448,CUST_000562,2026-01-08 09:34:31,LOC_0012,LOC_0010,Urgent,23139.04,1074.41,2026-08-19 08:32:21,Delivered
ORD_0004449,CUST_000366,2026-04-08 04:57:05,LOC_0033,LOC_0036,Standard,3232.42,2721.14,2026-08-28 22:06:28,Delivered
ORD_0004450,CUST_000707,2026-03-03 23:46:43,LOC_0007,LOC_0046,Standard,60826.64,3884.75,2026-07-13 06:58:16,Delivered
ORD_0004451,CUST_000387,2025-12-03 21:24:37,LOC_0025,LOC_0016,Standard,65148.31,4526.45,2026-04-22 08:22:32,Delivered
ORD_0004452,CUST_000834,2025-10-15 18:51:27,LOC_0020,LOC_0012,Express,5605.95,4154.22,2026-05-14 18:03:09,Delivered
ORD_0004453,CUST_000804,2026-08-12 15:59:07,LOC_0015,LOC_0025,Standard,7918.23,4677.48,2026-06-19 08:47:22,Delivered
ORD_0004454,CUST_000180,2026-06-15 08:42:35,LOC_0041,LOC_0012,Same Day,57687.32,948.02,2026-04-29 03:09:52,Delivered
ORD_0004455,CUST_000944,2026-04-14 08:26:42,LOC_0047,LOC_0044,Express,28480.91,4703.4,2026-02-04 13:32:23,Delivered
ORD_0004456,CUST_000684,2026-05-26 01:58:57,LOC_0045,LOC_0048,Standard,35211.3,782.39,2026-06-11 15:08:45,Delivered
ORD_0004457,CUST_000803,2026-09-07 20:08:06,LOC_0015,LOC_0001,Express,27487.13,730.64,2026-07-29 04:57:23,Delivered
ORD_0004458,CUST_000700,2026-02-04 17:11:04,LOC_0017,LOC_0023,Express,19618.79,5.79,2026-01-21 18:13:54,Delivered
ORD_0004459,CUST_000374,2025-11-20 04:15:17,LOC_0044,LOC_0011,Standard,53972.97,2831.3,2025-11-11 02:50:10,Delivered
ORD_0004460,CUST_000279,2026-03-22 01:50:28,LOC_0027,LOC_0005,Standard,25649.83,128.62,2026-06-15 06:53:23,Delivered
ORD_0004461,CUST_000014,2026-06-09 01:32:05,LOC_0007,LOC_0041,Express,39726.19,3343.91,2026-04-22 10:08:22,Delivered
ORD_0004462,CUST_000090,2026-04-03 00:05:17,LOC_0010,LOC_0018,Urgent,46976.07,1257.91,2026-09-16 21:47:46,Delivered
ORD_0004463,CUST_000128,2026-08-09 16:57:46,LOC_0035,LOC_0004,Same Day,44079.66,4121.56,2025-12-13 08:35:14,Delivered
ORD_0004464,CUST_000659,2026-07-10 05:49:48,LOC_0034,LOC_0012,Standard,3525.12,4731.44,2026-02-28 04:52:13,Delivered
ORD_0004465,CUST_000833,2026-04-13 04:03:22,LOC_0005,LOC_0030,Standard,38008.73,1522.86,2026-04-17 13:40:07,Delivered
ORD_0004466,CUST_000805,2026-01-02 09:29:10,LOC_0028,LOC_0033,Standard,36362.15,4553.32,2026-01-17 01:47:06,Delivered
ORD_0004467,CUST_000916,2025-11-13 07:06:28,LOC_0047,LOC_0028,Standard,46974.51,4141.46,2026-02-22 09:29:22,Delivered
ORD_0004468,CUST_000806,2026-08-26 23:14:30,LOC_0044,LOC_0016,Standard,64908.3,291.65,2026-04-20 12:32:45,Delivered
ORD_0004469,CUST_000075,2026-05-13 08:37:16,LOC_0034,LOC_0008,Urgent,75192.13,3366.65,2026-01-11 20:30:13,Delivered
ORD_0004470,CUST_000755,2025-10-29 00:40:06,LOC_0043,LOC_0011,Standard,885.23,4710.31,2026-05-28 02:57:13,Delivered
ORD_0004471,CUST_000946,2026-02-28 07:08:58,LOC_0028,LOC_0025,Standard,32134.57,2219.18,2026-04-08 05:54:02,Cancelled
ORD_0004472,CUST_000493,2026-03-21 11:05:20,LOC_0020,LOC_0040,Standard,46511.65,3085.62,2026-05-24 02:29:50,Delivered
ORD_0004473,CUST_000385,2025-10-30 01:23:48,LOC_0003,LOC_0007,Standard,41888.45,561.02,2026-01-24 23:10:35,Delivered
ORD_0004474,CUST_000054,2026-02-23 21:38:10,LOC_0016,LOC_0011,Urgent,43234.26,323.71,2026-07-16 06:04:40,Delivered
ORD_0004475,CUST_000944,2026-04-11 13:52:58,LOC_0047,LOC_0016,Urgent,7692.56,4822.11,2026-05-12 10:22:14,Delivered
ORD_0004476,CUST_000850,2026-05-18 03:06:46,LOC_0029,LOC_0039,Urgent,75211.53,262.79,2025-12-14 07:46:01,Delivered
ORD_0004477,CUST_000211,2025-11-15 13:56:01,LOC_0016,LOC_0031,Same Day,6531.65,1005.82,2025-11-17 13:23:10,Delivered
ORD_0004478,CUST_000479,2026-01-20 10:29:13,LOC_0004,LOC_0014,Express,6270.22,1637.1,2026-08-09 15:32:37,Delivered
ORD_0004479,CUST_000266,2026-01-14 07:58:44,LOC_0021,LOC_0022,Standard,55028.62,669.37,2026-01-26 06:58:40,Delivered
ORD_0004480,CUST_000597,2026-09-13 19:58:07,LOC_0045,LOC_0048,Express,75591.56,2590.78,2025-11-24 07:32:38,Delivered
ORD_0004481,CUST_000615,2026-08-28 19:50:02,LOC_0025,LOC_0035,Same Day,32568.49,129.73,2026-03-10 04:53:17,Delivered
ORD_0004482,CUST_000244,2026-06-23 20:10:07,LOC_0021,LOC_0024,Express,46453.84,281.22,2026-02-22 10:25:11,Delivered
ORD_0004483,CUST_000492,2026-01-14 19:32:34,LOC_0043,LOC_0012,Standard,1996.84,2688.72,2026-06-09 19:16:21,Delivered
ORD_0004484,CUST_000624,2026-06-30 05:02:19,LOC_0039,LOC_0015,Standard,72674.26,2110.62,2026-04-14 17:13:18,Cancelled
ORD_0004485,CUST_000679,2026-06-17 18:42:21,LOC_0034,LOC_0029,Urgent,8911.41,1918.26,2025-12-06 18:34:44,Delivered
ORD_0004486,CUST_000277,2026-05-26 15:34:45,LOC_0031,LOC_0012,Standard,75675.78,161.4,2025-11-12 08:23:27,Delivered
ORD_0004487,CUST_000962,2026-04-24 02:04:39,LOC_0021,LOC_0043,Standard,63843.68,2256.66,2026-02-23 00:48:21,Delivered
ORD_0004488,CUST_000135,2026-06-24 04:09:04,LOC_0023,LOC_0043,Urgent,17132.41,3046.57,2026-01-13 23:30:48,Delivered
ORD_0004489,CUST_000339,2025-10-28 23:53:15,LOC_0033,LOC_0043,Urgent,1902.29,2000.68,2026-06-07 05:18:32,Delivered
ORD_0004490,CUST_000690,2026-05-23 15:13:19,LOC_0045,LOC_0031,Standard,55802.48,1151.36,2026-06-15 20:53:26,Delivered
ORD_0004491,CUST_000827,2025-12-16 13:31:59,LOC_0047,LOC_0036,Standard,45087.24,1699.04,2026-04-10 18:59:43,Delivered
ORD_0004492,CUST_000467,2026-07-15 15:02:16,LOC_0003,LOC_0005,Standard,58246.52,997.63,2026-06-23 14:35:38,Cancelled
ORD_0004493,CUST_000335,2025-11-07 12:22:50,LOC_0002,LOC_0027,Standard,81379.71,4646.87,2025-10-11 07:25:36,Delivered
ORD_0004494,CUST_000570,2025-12-04 21:05:54,LOC_0019,LOC_0023,Urgent,20355.02,4062.18,2026-06-22 12:25:10,Delivered
ORD_0004495,CUST_000173,2026-09-05 14:49:54,LOC_0029,LOC_0016,Urgent,52633.5,654.74,2025-12-13 02:03:32,Delivered
ORD_0004496,CUST_000602,2025-12-31 17:11:11,LOC_0046,LOC_0032,Standard,811.71,933.71,2026-02-08 08:39:52,Delivered
ORD_0004497,CUST_000480,2026-06-19 12:33:01,LOC_0036,LOC_0037,Standard,76341.4,1776.04,2026-09-25 22:26:51,Cancelled
ORD_0004498,CUST_000911,2026-07-07 07:17:50,LOC_0003,LOC_0015,Urgent,47888.19,1492.31,2025-12-03 08:15:27,Delivered
ORD_0004499,CUST_000236,2025-10-01 05:04:25,LOC_0003,LOC_0004,Standard,14495.24,1655.58,2026-06-11 01:07:08,Delivered
ORD_0004500,CUST_000658,2026-06-27 12:35:38,LOC_0012,LOC_0002,Standard,13445.07,101.21,2025-12-08 01:50:18,Delivered
ORD_0004501,CUST_000166,2026-04-10 06:41:29,LOC_0015,LOC_0041,Standard,41048.29,1509.76,2026-08-06 23:50:36,Delivered
ORD_0004502,CUST_000015,2026-06-04 02:07:43,LOC_0003,LOC_0048,Same Day,65094.62,4651.53,2026-05-18 05:04:24,Delivered
ORD_0004503,CUST_000265,2026-04-12 09:50:38,LOC_0036,LOC_0006,Urgent,12859.82,41.27,2025-12-30 23:34:00,Delivered
ORD_0004504,CUST_000241,2026-01-02 05:21:17,LOC_0038,LOC_0034,Standard,14168.45,3062.22,2026-05-09 19:23:12,Delivered
ORD_0004505,CUST_000192,2026-09-08 11:52:08,LOC_0035,LOC_0019,Express,45543.2,3883.8,2025-10-07 08:09:45,Delivered
ORD_0004506,CUST_000071,2026-09-11 01:50:25,LOC_0010,LOC_0004,Urgent,34649.0,4666.74,2025-10-20 08:48:06,Delivered
ORD_0004507,CUST_000489,2026-05-26 22:11:29,LOC_0003,LOC_0013,Urgent,44247.75,76.59,2026-09-04 12:42:58,Delivered
ORD_0004508,CUST_000684,2026-06-27 05:54:19,LOC_0024,LOC_0040,Standard,6339.12,2877.1,2026-01-15 09:59:51,Delivered
ORD_0004509,CUST_000394,2026-03-09 11:22:16,LOC_0010,LOC_0018,Standard,81311.49,1669.13,2026-06-25 21:11:49,Delivered
ORD_0004510,CUST_000353,2026-05-19 18:13:18,LOC_0006,LOC_0031,Standard,46929.6,2277.91,2025-11-23 19:28:18,Delivered
ORD_0004511,CUST_000101,2026-01-21 12:41:34,LOC_0029,LOC_0015,Standard,60188.32,1436.25,2026-02-02 19:00:53,Delivered
ORD_0004512,CUST_000395,2026-03-23 10:21:26,LOC_0002,LOC_0010,Standard,5114.14,3629.39,2026-06-06 23:37:06,Delivered
ORD_0004513,CUST_000149,2025-10-06 20:54:46,LOC_0023,LOC_0044,Standard,68642.27,4515.39,2026-07-24 08:49:56,Delivered
ORD_0004514,CUST_000704,2025-11-25 17:53:22,LOC_0022,LOC_0017,Express,84603.04,874.16,2025-10-30 11:59:18,Delivered
ORD_0004515,CUST_000803,2026-06-24 15:56:20,LOC_0047,LOC_0008,Express,53251.04,4116.31,2026-04-04 16:02:06,Delivered
ORD_0004516,CUST_000495,2026-05-04 19:30:40,LOC_0021,LOC_0028,Standard,49913.89,3424.93,2026-07-09 09:21:13,Delivered
ORD_0004517,CUST_000914,2025-11-13 19:45:44,LOC_0006,LOC_0034,Urgent,24349.24,2594.45,2026-05-30 20:59:43,Delivered
ORD_0004518,CUST_000974,2026-02-27 07:40:09,LOC_0029,LOC_0010,Standard,61454.27,822.13,2026-07-05 05:35:26,Delivered
ORD_0004519,CUST_000316,2026-06-18 18:28:03,LOC_0004,LOC_0031,Standard,82908.32,4124.59,2026-06-29 11:20:50,Delivered
ORD_0004520,CUST_000330,2026-07-30 20:44:43,LOC_0046,LOC_0040,Standard,8029.06,1231.17,2026-03-10 21:54:33,Delivered
ORD_0004521,CUST_000677,2026-08-28 14:44:35,LOC_0044,LOC_0006,Standard,44491.54,1714.59,2026-01-16 23:31:56,Delivered
ORD_0004522,CUST_000354,2025-11-18 22:41:30,LOC_0004,LOC_0034,Express,51550.75,3829.59,2026-09-26 20:17:03,Cancelled
ORD_0004523,CUST_000077,2026-07-06 12:01:32,LOC_0024,LOC_0038,Express,67115.16,3809.27,2026-01-29 13:33:03,Cancelled
ORD_0004524,CUST_000362,2026-01-15 11:00:10,LOC_0009,LOC_0029,Standard,55172.98,3245.7,2025-10-26 17:08:34,Delivered
ORD_0004525,CUST_000857,2025-10-27 15:30:46,LOC_0042,LOC_0003,Express,15136.86,1135.02,2026-01-02 17:52:07,Cancelled
ORD_0004526,CUST_000156,2026-01-20 10:11:02,LOC_0045,LOC_0048,Same Day,5517.39,1826.95,2025-11-02 19:54:01,Delivered
ORD_0004527,CUST_000493,2025-10-14 01:50:23,LOC_0011,LOC_0003,Express,1866.23,2225.03,2026-05-08 19:32:45,Delivered
ORD_0004528,CUST_000849,2026-06-11 00:49:33,LOC_0032,LOC_0008,Same Day,61434.39,1726.42,2026-04-02 20:23:41,Cancelled
ORD_0004529,CUST_000569,2026-01-19 02:13:13,LOC_0035,LOC_0026,Same Day,56647.12,3236.82,2026-01-15 16:31:11,Delivered
ORD_0004530,CUST_000359,2025-12-05 18:02:44,LOC_0015,LOC_0025,Express,41720.08,1548.5,2026-08-15 22:37:30,Delivered
ORD_0004531,CUST_000421,2025-11-05 10:33:10,LOC_0015,LOC_0023,Standard,20140.89,4748.19,2026-07-29 01:20:23,Delivered
ORD_0004532,CUST_000905,2026-08-26 04:05:15,LOC_0034,LOC_0014,Urgent,48391.47,99.65,2026-09-15 13:36:12,Delivered
ORD_0004533,CUST_000602,2026-03-29 09:16:57,LOC_0039,LOC_0008,Standard,61008.72,805.82,2026-03-10 05:16:26,Delivered
ORD_0004534,CUST_000719,2026-02-26 11:13:08,LOC_0021,LOC_0031,Standard,7834.05,4811.36,2026-03-23 18:12:23,Delivered
ORD_0004535,CUST_000501,2026-01-11 18:25:11,LOC_0018,LOC_0003,Express,29002.94,2217.18,2026-08-15 06:53:57,Delivered
ORD_0004536,CUST_000737,2026-07-25 01:00:49,LOC_0016,LOC_0043,Standard,39354.92,1228.14,2026-02-18 04:15:34,Delivered
ORD_0004537,CUST_000290,2026-01-31 00:22:50,LOC_0014,LOC_0035,Standard,34016.67,539.93,2026-06-30 06:45:58,Cancelled
ORD_0004538,CUST_000413,2026-06-13 23:35:04,LOC_0008,LOC_0017,Express,43260.97,565.8,2025-10-04 10:00:26,Delivered
ORD_0004539,CUST_000187,2025-11-15 02:01:22,LOC_0004,LOC_0003,Standard,61438.3,3009.39,2026-06-01 05:56:49,Delivered
ORD_0004540,CUST_000629,2025-10-04 23:33:08,LOC_0034,LOC_0042,Express,22222.04,1955.77,2025-12-26 23:20:28,Delivered
ORD_0004541,CUST_000745,2025-12-21 22:28:50,LOC_0010,LOC_0044,Standard,14511.16,1199.99,2026-08-29 16:05:44,Delivered
ORD_0004542,CUST_000654,2026-03-22 04:27:11,LOC_0021,LOC_0002,Standard,77740.37,4191.83,2026-06-12 16:22:25,Delivered
ORD_0004543,CUST_000966,2026-04-17 15:12:29,LOC_0047,LOC_0030,Urgent,10878.76,4268.36,2026-05-02 22:25:02,Delivered
ORD_0004544,CUST_000436,2026-03-20 06:19:22,LOC_0014,LOC_0009,Standard,46200.63,1880.98,2026-05-31 08:07:03,Delivered
ORD_0004545,CUST_000768,2026-04-22 03:21:26,LOC_0005,LOC_0037,Urgent,30753.49,14.04,2026-07-02 08:42:47,Delivered
ORD_0004546,CUST_000363,2025-12-21 04:44:50,LOC_0014,LOC_0005,Same Day,64052.75,3468.67,2026-02-15 10:49:40,Delivered
ORD_0004547,CUST_000339,2026-04-20 20:23:26,LOC_0022,LOC_0026,Standard,5843.36,3672.83,2025-10-29 12:51:57,Delivered
ORD_0004548,CUST_000203,2026-05-20 06:10:16,LOC_0012,LOC_0023,Express,10434.96,3502.71,2026-04-05 08:50:09,Delivered
ORD_0004549,CUST_000608,2026-05-14 13:15:22,LOC_0013,LOC_0044,Standard,16026.52,2864.51,2026-03-19 17:08:58,Delivered
ORD_0004550,CUST_000321,2026-07-05 09:36:22,LOC_0047,LOC_0036,Standard,43505.98,1456.25,2026-05-14 07:54:25,Delivered
ORD_0004551,CUST_000188,2026-05-14 22:43:10,LOC_0021,LOC_0038,Express,13680.57,2015.83,2026-02-18 23:04:22,Delivered
ORD_0004552,CUST_000106,2025-10-17 07:34:07,LOC_0004,LOC_0028,Standard,29760.63,494.95,2025-12-01 18:26:09,Delivered
ORD_0004553,CUST_000361,2026-04-16 14:46:09,LOC_0030,LOC_0002,Express,72772.07,3975.21,2026-06-09 17:52:32,Delivered
ORD_0004554,CUST_000572,2025-12-04 23:44:02,LOC_0024,LOC_0021,Standard,19100.85,2442.59,2026-09-17 15:57:01,Delivered
ORD_0004555,CUST_000780,2026-08-23 20:42:10,LOC_0024,LOC_0038,Standard,81713.54,4152.31,2026-05-30 05:51:22,Delivered
ORD_0004556,CUST_000477,2026-08-01 08:28:30,LOC_0011,LOC_0001,Standard,41559.81,2787.04,2026-04-04 03:15:10,Delivered
ORD_0004557,CUST_000916,2026-08-04 09:52:49,LOC_0042,LOC_0012,Urgent,40057.1,3588.52,2026-04-04 03:11:14,Delivered
ORD_0004558,CUST_000154,2025-12-04 20:54:03,LOC_0037,LOC_0007,Urgent,48598.16,307.07,2026-05-01 10:28:17,Delivered
ORD_0004559,CUST_000113,2026-08-18 08:16:45,LOC_0014,LOC_0002,Standard,81326.85,2264.75,2025-12-11 20:01:05,Delivered
ORD_0004560,CUST_000797,2026-07-12 19:21:16,LOC_0001,LOC_0007,Standard,83786.22,2301.85,2026-03-14 07:52:48,Delivered
ORD_0004561,CUST_000071,2026-09-08 17:04:41,LOC_0040,LOC_0035,Standard,6495.16,654.84,2026-02-28 09:23:52,Delivered
ORD_0004562,CUST_000828,2026-03-01 15:42:53,LOC_0043,LOC_0014,Same Day,77843.91,3952.89,2025-12-09 12:34:50,Delivered
ORD_0004563,CUST_000617,2026-06-29 21:13:49,LOC_0033,LOC_0046,Express,81964.25,2331.46,2026-03-22 23:09:38,Delivered
ORD_0004564,CUST_000960,2026-05-19 02:36:31,LOC_0029,LOC_0032,Express,24318.22,2732.97,2026-02-09 01:12:11,Delivered
ORD_0004565,CUST_000718,2026-03-12 13:01:53,LOC_0020,LOC_0042,Standard,61892.02,3150.58,2026-01-21 15:51:53,Delivered
ORD_0004566,CUST_000253,2025-11-23 17:09:00,LOC_0005,LOC_0047,Standard,50575.24,4313.41,2025-11-10 00:14:01,Delivered
ORD_0004567,CUST_000700,2025-12-23 04:56:26,LOC_0019,LOC_0044,Standard,51900.93,2058.09,2026-01-11 16:32:01,Delivered
ORD_0004568,CUST_000125,2026-01-21 18:47:07,LOC_0021,LOC_0046,Urgent,82235.26,2278.23,2025-10-20 05:54:20,Delivered
ORD_0004569,CUST_000323,2026-08-06 20:41:54,LOC_0038,LOC_0018,Standard,5129.37,3358.17,2026-09-26 13:19:19,Delivered
ORD_0004570,CUST_000161,2026-07-04 06:10:56,LOC_0023,LOC_0004,Urgent,16564.02,4974.62,2026-08-23 21:12:04,Delivered
ORD_0004571,CUST_000329,2026-03-31 13:15:00,LOC_0014,LOC_0033,Standard,9917.65,1252.83,2026-01-21 17:35:17,Delivered
ORD_0004572,CUST_000386,2026-07-24 11:44:55,LOC_0006,LOC_0003,Standard,44817.49,867.28,2025-12-23 11:55:32,Delivered
ORD_0004573,CUST_000901,2026-08-02 22:00:26,LOC_0037,LOC_0041,Express,51957.17,901.96,2026-05-17 18:27:46,Delivered
ORD_0004574,CUST_000346,2026-08-27 19:37:01,LOC_0025,LOC_0012,Standard,41482.75,1281.55,2025-10-31 02:06:57,Delivered
ORD_0004575,CUST_000896,2025-10-19 17:01:32,LOC_0020,LOC_0008,Express,27772.49,4222.92,2026-06-17 00:51:29,Delivered
ORD_0004576,CUST_000672,2025-11-11 14:08:23,LOC_0040,LOC_0033,Standard,6736.58,4364.81,2026-04-24 19:08:38,Delivered
ORD_0004577,CUST_000622,2026-02-22 17:04:53,LOC_0001,LOC_0027,Express,3228.54,949.75,2025-11-06 06:24:12,Delivered
ORD_0004578,CUST_000635,2025-10-11 20:00:23,LOC_0011,LOC_0041,Express,66478.33,4515.58,2026-01-11 09:55:47,Delivered
ORD_0004579,CUST_000325,2026-06-22 00:45:43,LOC_0024,LOC_0040,Express,42000.24,1814.17,2026-01-05 04:44:25,Delivered
ORD_0004580,CUST_000303,2026-07-16 07:48:02,LOC_0010,LOC_0011,Standard,84107.75,3902.5,2025-11-16 00:05:54,Delivered
ORD_0004581,CUST_000135,2026-04-07 23:08:45,LOC_0040,LOC_0007,Standard,3359.61,3762.99,2026-07-25 10:41:08,Delivered
ORD_0004582,CUST_000523,2026-01-13 05:55:21,LOC_0020,LOC_0027,Standard,60975.36,552.22,2026-03-19 08:14:07,Delivered
ORD_0004583,CUST_000037,2025-10-28 06:01:40,LOC_0023,LOC_0045,Standard,57932.7,1009.0,2026-04-06 03:49:49,Delivered
ORD_0004584,CUST_000244,2026-07-02 11:14:51,LOC_0033,LOC_0028,Standard,80517.68,3940.4,2026-02-20 02:20:30,Delivered
ORD_0004585,CUST_000831,2026-01-23 03:42:46,LOC_0038,LOC_0018,Standard,24381.51,3660.73,2025-12-05 03:16:15,Delivered
ORD_0004586,CUST_000960,2025-12-02 21:57:08,LOC_0011,LOC_0012,Urgent,68885.43,4463.55,2026-05-25 16:37:22,Delivered
ORD_0004587,CUST_000083,2026-03-26 22:49:19,LOC_0037,LOC_0045,Standard,55118.56,3941.44,2026-04-26 10:24:08,Delivered
ORD_0004588,CUST_000159,2026-01-29 06:25:41,LOC_0006,LOC_0046,Standard,24401.91,3637.16,2026-03-27 21:50:19,Delivered
ORD_0004589,CUST_000493,2026-04-27 20:26:57,LOC_0022,LOC_0039,Standard,6810.2,729.0,2026-04-27 14:32:59,Delivered
ORD_0004590,CUST_000684,2026-03-23 07:37:08,LOC_0018,LOC_0021,Urgent,33499.73,176.45,2026-03-24 01:11:29,Delivered
ORD_0004591,CUST_000381,2026-01-17 07:34:42,LOC_0010,LOC_0032,Standard,30567.37,1258.22,2026-02-01 12:20:29,Delivered
ORD_0004592,CUST_000102,2025-12-15 09:45:21,LOC_0010,LOC_0038,Standard,11602.74,3854.54,2026-01-11 23:03:51,Delivered
ORD_0004593,CUST_000885,2026-03-17 20:40:18,LOC_0006,LOC_0044,Standard,37686.81,4752.75,2026-08-14 07:39:49,Delivered
ORD_0004594,CUST_000710,2026-06-28 21:57:08,LOC_0019,LOC_0012,Standard,43364.6,4885.57,2025-12-02 23:28:17,Delivered
ORD_0004595,CUST_000638,2026-01-28 11:21:34,LOC_0029,LOC_0008,Same Day,23121.55,2675.0,2026-07-11 12:59:00,Delivered
ORD_0004596,CUST_000575,2026-04-04 16:46:35,LOC_0030,LOC_0013,Standard,65305.51,675.9,2025-11-17 06:25:11,Delivered
ORD_0004597,CUST_000605,2026-08-12 13:41:25,LOC_0010,LOC_0026,Standard,65406.56,3431.58,2025-10-28 12:13:25,Delivered
ORD_0004598,CUST_000850,2025-11-01 11:58:27,LOC_0042,LOC_0004,Express,10766.58,691.64,2025-12-29 18:48:07,Delivered
ORD_0004599,CUST_000558,2025-11-15 11:27:38,LOC_0042,LOC_0043,Standard,43631.63,1869.42,2026-08-11 09:21:36,Delivered
ORD_0004600,CUST_000787,2026-01-31 04:21:39,LOC_0004,LOC_0041,Standard,11031.19,650.18,2025-11-04 13:22:02,Delivered
ORD_0004601,CUST_000445,2026-09-30 01:11:38,LOC_0032,LOC_0048,Standard,84247.34,255.9,2026-01-10 15:21:49,In Transit
ORD_0004602,CUST_000352,2026-09-30 03:39:46,LOC_0024,LOC_0012,Urgent,39891.58,2696.31,2026-02-01 01:24:01,In Transit
ORD_0004603,CUST_000816,2026-09-28 21:20:42,LOC_0014,LOC_0026,Standard,15364.36,2671.76,2025-12-12 18:54:04,In Transit
ORD_0004604,CUST_000229,2026-09-29 01:39:55,LOC_0028,LOC_0036,Standard,59193.02,3991.45,2026-05-28 10:23:57,Pending
ORD_0004605,CUST_000173,2026-09-29 08:28:22,LOC_0046,LOC_0013,Express,20769.8,4320.98,2026-01-01 02:40:09,Dispatched
ORD_0004606,CUST_000251,2026-09-29 14:05:38,LOC_0022,LOC_0031,Standard,66647.18,1802.0,2025-11-08 16:53:06,Dispatched
ORD_0004607,CUST_000522,2026-09-30 08:11:22,LOC_0034,LOC_0022,Express,75362.95,808.3,2026-03-26 12:39:04,In Transit
ORD_0004608,CUST_000319,2026-09-29 11:15:48,LOC_0028,LOC_0016,Standard,78166.55,2366.12,2025-12-15 07:14:32,In Transit
ORD_0004609,CUST_000057,2026-09-29 19:15:23,LOC_0023,LOC_0020,Standard,3903.23,2914.4,2026-07-08 15:35:23,In Transit
ORD_0004610,CUST_000911,2026-09-28 17:41:49,LOC_0033,LOC_0025,Standard,5597.9,628.94,2026-05-12 06:17:50,Dispatched
ORD_0004611,CUST_000234,2026-09-29 01:28:25,LOC_0039,LOC_0005,Express,53024.67,1900.21,2026-03-01 12:24:06,In Transit
ORD_0004612,CUST_000111,2026-09-30 13:20:47,LOC_0041,LOC_0034,Standard,15027.45,3870.27,2025-10-05 23:02:11,In Transit
ORD_0004613,CUST_000102,2026-09-28 19:23:10,LOC_0032,LOC_0015,Standard,52279.58,4373.7,2026-06-24 16:26:04,Dispatched
ORD_0004614,CUST_000383,2026-09-30 07:46:44,LOC_0014,LOC_0012,Same Day,14903.92,1104.04,2026-03-25 14:36:55,In Transit
ORD_0004615,CUST_000755,2026-09-29 16:40:13,LOC_0005,LOC_0015,Standard,60534.83,3682.88,2026-04-02 10:22:46,Dispatched
ORD_0004616,CUST_000985,2026-09-28 20:47:54,LOC_0007,LOC_0008,Urgent,45191.4,446.99,2026-08-19 21:37:58,Dispatched
ORD_0004617,CUST_000027,2026-09-29 13:09:03,LOC_0015,LOC_0040,Standard,34318.79,578.65,2026-07-03 00:00:46,In Transit
ORD_0004618,CUST_000079,2026-09-29 09:38:40,LOC_0022,LOC_0015,Standard,8425.55,2925.12,2026-08-22 14:48:13,Dispatched
ORD_0004619,CUST_000170,2026-09-28 21:17:54,LOC_0043,LOC_0023,Same Day,36961.48,1347.28,2026-08-18 11:44:10,Pending
ORD_0004620,CUST_000686,2026-09-29 04:55:21,LOC_0030,LOC_0028,Urgent,41409.1,2497.23,2026-02-20 05:41:46,Dispatched
ORD_0004621,CUST_000206,2026-09-29 12:10:49,LOC_0002,LOC_0038,Urgent,32513.99,2855.19,2026-08-07 07:10:19,Pending
ORD_0004622,CUST_000278,2026-09-29 22:12:24,LOC_0002,LOC_0026,Urgent,34978.63,1845.29,2026-03-08 04:39:35,In Transit
ORD_0004623,CUST_000992,2026-09-28 15:48:56,LOC_0038,LOC_0044,Standard,1357.58,20.35,2026-01-18 07:20:50,In Transit
ORD_0004624,CUST_000984,2026-09-28 20:37:57,LOC_0038,LOC_0015,Standard,27518.35,2163.49,2026-08-27 08:24:25,Dispatched
ORD_0004625,CUST_000695,2026-09-30 13:15:45,LOC_0037,LOC_0045,Standard,59987.08,735.12,2026-05-02 03:02:13,Dispatched
ORD_0004626,CUST_000403,2026-09-28 19:51:16,LOC_0040,LOC_0047,Standard,17911.89,303.68,2026-07-05 16:09:56,In Transit
ORD_0004627,CUST_000766,2026-09-28 18:37:29,LOC_0029,LOC_0003,Standard,41551.39,57.64,2025-11-15 11:02:21,In Transit
ORD_0004628,CUST_000991,2026-09-28 19:08:28,LOC_0016,LOC_0033,Standard,2790.47,1751.61,2026-03-11 13:25:51,In Transit
ORD_0004629,CUST_000146,2026-09-29 16:56:53,LOC_0024,LOC_0037,Urgent,35532.14,4011.78,2026-04-12 05:50:39,Dispatched
ORD_0004630,CUST_000839,2026-09-29 23:06:26,LOC_0028,LOC_0045,Standard,12119.27,2378.91,2026-08-29 03:11:01,In Transit
ORD_0004631,CUST_000975,2026-09-28 17:02:17,LOC_0007,LOC_0023,Standard,53534.07,300.68,2026-06-05 00:52:43,Dispatched
ORD_0004632,CUST_000322,2026-09-30 01:07:15,LOC_0029,LOC_0043,Express,76980.49,3381.82,2026-03-29 12:22:11,Dispatched
ORD_0004633,CUST_000810,2026-09-29 16:21:27,LOC_0047,LOC_0039,Standard,71639.8,787.79,2025-10-28 23:48:53,In Transit
ORD_0004634,CUST_000428,2026-09-28 22:40:59,LOC_0001,LOC_0043,Express,78010.15,2387.79,2026-06-21 17:23:40,In Transit
ORD_0004635,CUST_000125,2026-09-29 08:53:26,LOC_0033,LOC_0031,Urgent,55232.89,3763.02,2026-08-11 21:44:51,Dispatched
ORD_0004636,CUST_000021,2026-09-29 00:39:32,LOC_0014,LOC_0038,Express,83891.73,4629.59,2025-12-12 23:56:30,In Transit
ORD_0004637,CUST_000843,2026-09-29 21:17:25,LOC_0035,LOC_0022,Express,39320.32,1201.27,2026-09-12 13:43:49,Dispatched
ORD_0004638,CUST_000511,2026-09-29 19:20:39,LOC_0048,LOC_0006,Urgent,46441.45,4137.42,2026-06-17 09:31:27,In Transit
ORD_0004639,CUST_000092,2026-09-29 22:57:36,LOC_0018,LOC_0012,Standard,35826.26,4863.16,2026-09-25 18:14:26,In Transit
ORD_0004640,CUST_000407,2026-09-30 04:41:40,LOC_0045,LOC_0015,Standard,41971.19,717.71,2026-09-23 02:41:35,Dispatched
ORD_0004641,CUST_000458,2026-09-30 02:46:11,LOC_0022,LOC_0023,Standard,53128.24,1487.25,2026-08-22 03:25:19,Dispatched
ORD_0004642,CUST_000760,2026-09-29 08:15:15,LOC_0042,LOC_0044,Standard,21602.71,3128.25,2026-08-19 14:47:26,In Transit
ORD_0004643,CUST_000417,2026-09-29 05:45:11,LOC_0045,LOC_0012,Urgent,32210.44,1996.54,2026-06-11 10:07:03,Dispatched
ORD_0004644,CUST_000890,2026-09-29 09:00:18,LOC_0034,LOC_0023,Standard,29867.85,3786.9,2026-03-21 02:44:58,In Transit
ORD_0004645,CUST_000483,2026-09-29 02:33:09,LOC_0003,LOC_0047,Express,76823.95,3430.25,2026-03-25 20:03:34,In Transit
ORD_0004646,CUST_000057,2026-09-28 20:59:54,LOC_0035,LOC_0032,Express,38857.74,1487.83,2026-09-06 07:39:26,In Transit
ORD_0004647,CUST_000194,2026-09-29 21:37:23,LOC_0035,LOC_0019,Standard,15208.73,1765.25,2026-08-28 11:17:45,Dispatched
ORD_0004648,CUST_000550,2026-09-29 04:00:00,LOC_0045,LOC_0047,Express,75431.32,3853.82,2026-07-16 03:03:12,In Transit
ORD_0004649,CUST_000521,2026-09-30 09:11:03,LOC_0022,LOC_0002,Standard,48684.59,79.16,2025-11-20 04:53:03,Pending
ORD_0004650,CUST_000252,2026-09-29 16:50:05,LOC_0038,LOC_0044,Standard,9132.21,2913.51,2025-10-19 07:41:37,In Transit
ORD_0004651,CUST_000756,2026-09-30 00:22:33,LOC_0011,LOC_0043,Standard,34282.2,3829.61,2025-10-21 14:24:29,Dispatched
ORD_0004652,CUST_000989,2026-09-30 08:56:11,LOC_0012,LOC_0016,Standard,74318.56,961.68,2026-02-13 06:40:09,In Transit
ORD_0004653,CUST_000948,2026-09-30 10:47:12,LOC_0028,LOC_0036,Standard,70502.8,2289.43,2026-06-10 18:03:21,In Transit
ORD_0004654,CUST_000153,2026-09-29 12:31:39,LOC_0010,LOC_0040,Standard,74293.45,2207.44,2025-11-13 01:11:40,In Transit
ORD_0004655,CUST_000036,2026-09-28 22:34:50,LOC_0047,LOC_0040,Same Day,66021.74,344.2,2025-10-06 11:53:07,Dispatched
ORD_0004656,CUST_000588,2026-09-30 12:49:47,LOC_0048,LOC_0016,Standard,58593.34,2853.09,2026-07-18 13:19:03,In Transit
ORD_0004657,CUST_000617,2026-09-30 02:18:09,LOC_0006,LOC_0001,Express,47775.97,290.99,2025-12-30 01:11:02,In Transit
ORD_0004658,CUST_000686,2026-09-30 04:53:36,LOC_0035,LOC_0009,Standard,64279.34,4229.98,2026-01-12 14:43:19,In Transit
ORD_0004659,CUST_000677,2026-09-29 20:57:46,LOC_0021,LOC_0019,Standard,13499.95,2947.58,2026-09-22 08:17:50,Dispatched
ORD_0004660,CUST_000830,2026-09-30 10:10:04,LOC_0014,LOC_0019,Standard,75620.49,2962.93,2026-06-04 01:29:03,In Transit
ORD_0004661,CUST_000932,2026-09-29 18:44:56,LOC_0015,LOC_0025,Standard,37602.98,2334.8,2025-11-14 23:37:30,In Transit
ORD_0004662,CUST_000234,2026-09-29 00:20:28,LOC_0011,LOC_0037,Urgent,64182.99,3526.91,2025-10-05 09:52:27,In Transit
ORD_0004663,CUST_000097,2026-09-30 07:31:18,LOC_0046,LOC_0018,Standard,8755.66,3377.56,2026-09-06 03:50:57,In Transit
ORD_0004664,CUST_000636,2026-09-29 08:15:17,LOC_0023,LOC_0004,Urgent,73418.14,1485.81,2026-07-22 09:35:38,Pending
ORD_0004665,CUST_000455,2026-09-28 20:49:59,LOC_0034,LOC_0041,Standard,27024.26,2327.7,2026-02-09 19:51:04,Dispatched
ORD_0004666,CUST_000585,2026-09-30 00:55:30,LOC_0047,LOC_0048,Standard,5936.04,2310.8,2025-12-16 20:23:35,In Transit
ORD_0004667,CUST_000022,2026-09-28 21:37:47,LOC_0035,LOC_0021,Express,13946.96,2619.83,2026-03-29 01:33:56,In Transit
ORD_0004668,CUST_000623,2026-09-29 01:48:58,LOC_0029,LOC_0010,Standard,42787.24,1864.35,2026-08-31 00:36:31,Dispatched
ORD_0004669,CUST_000929,2026-09-28 15:37:16,LOC_0039,LOC_0028,Standard,73383.17,524.63,2026-04-05 12:19:54,Dispatched
ORD_0004670,CUST_000498,2026-09-29 09:32:53,LOC_0028,LOC_0023,Urgent,22749.22,4561.05,2026-02-07 11:04:38,In Transit
ORD_0004671,CUST_000373,2026-09-29 20:03:39,LOC_0006,LOC_0033,Express,63479.76,3333.31,2026-08-31 21:35:51,Pending
ORD_0004672,CUST_000463,2026-09-29 16:26:05,LOC_0042,LOC_0024,Express,69434.75,230.15,2026-09-05 05:30:41,In Transit
ORD_0004673,CUST_000831,2026-09-29 03:31:45,LOC_0013,LOC_0019,Standard,47318.37,3024.19,2026-08-18 01:26:31,In Transit
ORD_0004674,CUST_000922,2026-09-30 11:46:43,LOC_0011,LOC_0001,Standard,3676.74,48.34,2026-02-13 19:42:16,In Transit
ORD_0004675,CUST_000424,2026-09-29 01:50:03,LOC_0015,LOC_0046,Standard,3520.9,3127.25,2026-01-21 10:22:10,Dispatched
ORD_0004676,CUST_000294,2026-09-29 08:38:25,LOC_0045,LOC_0021,Express,55862.36,4102.89,2026-07-12 20:08:00,Dispatched
ORD_0004677,CUST_000540,2026-09-29 09:21:24,LOC_0041,LOC_0027,Standard,74123.44,2580.17,2026-07-03 07:10:11,In Transit
ORD_0004678,CUST_000817,2026-09-29 14:14:15,LOC_0020,LOC_0038,Same Day,36501.41,4950.15,2026-07-30 04:44:46,In Transit
ORD_0004679,CUST_000607,2026-09-28 21:44:19,LOC_0015,LOC_0024,Standard,41515.96,2238.32,2026-01-25 08:24:35,In Transit
ORD_0004680,CUST_000047,2026-09-28 23:14:43,LOC_0023,LOC_0008,Standard,49712.62,791.45,2026-06-29 12:16:32,In Transit
ORD_0004681,CUST_000376,2026-09-28 23:55:44,LOC_0004,LOC_0045,Standard,28667.33,1468.03,2026-03-31 15:43:55,Pending
ORD_0004682,CUST_000087,2026-09-29 07:06:24,LOC_0002,LOC_0042,Standard,76522.55,1228.48,2025-10-19 14:29:55,Dispatched
ORD_0004683,CUST_000754,2026-09-29 01:33:29,LOC_0011,LOC_0031,Standard,18214.16,2789.1,2025-10-15 19:37:35,In Transit
ORD_0004684,CUST_000877,2026-09-28 16:28:45,LOC_0009,LOC_0033,Express,81253.55,1230.15,2026-04-10 06:18:00,In Transit
ORD_0004685,CUST_000797,2026-09-30 10:19:40,LOC_0037,LOC_0012,Express,72511.56,811.57,2026-02-13 23:24:34,In Transit
ORD_0004686,CUST_000994,2026-09-29 18:06:37,LOC_0044,LOC_0042,Standard,80920.63,734.0,2026-01-24 11:30:59,Dispatched
ORD_0004687,CUST_000078,2026-09-29 13:51:33,LOC_0007,LOC_0042,Standard,66243.84,1354.54,2025-12-06 23:56:01,In Transit
ORD_0004688,CUST_000877,2026-09-29 02:29:11,LOC_0024,LOC_0014,Urgent,55787.92,4914.56,2026-01-08 20:30:24,In Transit
ORD_0004689,CUST_000737,2026-09-28 22:26:49,LOC_0042,LOC_0023,Standard,47461.54,2751.38,2026-01-07 03:32:53,Dispatched
ORD_0004690,CUST_000267,2026-09-28 22:25:41,LOC_0035,LOC_0043,Standard,41436.29,4812.01,2025-10-06 02:51:18,Dispatched
ORD_0004691,CUST_000816,2026-09-30 09:26:50,LOC_0019,LOC_0032,Standard,23851.68,1323.12,2026-03-10 09:20:31,In Transit
ORD_0004692,CUST_000117,2026-09-29 22:42:44,LOC_0028,LOC_0025,Standard,68711.66,4859.75,2026-01-22 22:47:37,In Transit
ORD_0004693,CUST_000895,2026-09-29 01:26:23,LOC_0018,LOC_0046,Standard,34129.28,3708.47,2026-03-10 17:46:15,In Transit
ORD_0004694,CUST_000981,2026-09-30 03:02:11,LOC_0021,LOC_0037,Standard,30298.35,4283.65,2026-06-11 10:59:28,Dispatched
ORD_0004695,CUST_000012,2026-09-28 16:24:20,LOC_0025,LOC_0002,Standard,60273.2,4935.9,2026-03-04 23:58:22,In Transit
ORD_0004696,CUST_000863,2026-09-29 00:56:55,LOC_0005,LOC_0024,Standard,81076.03,1645.26,2026-03-27 13:12:10,In Transit
ORD_0004697,CUST_000709,2026-09-29 18:51:23,LOC_0013,LOC_0002,Standard,7388.67,2767.11,2026-06-04 14:06:19,In Transit
ORD_0004698,CUST_000090,2026-09-30 08:18:34,LOC_0005,LOC_0001,Standard,74023.29,2604.27,2026-05-21 11:28:14,In Transit
ORD_0004699,CUST_000738,2026-09-29 10:58:14,LOC_0014,LOC_0037,Express,34837.06,1922.79,2026-07-20 09:06:59,In Transit
ORD_0004700,CUST_000608,2026-09-29 13:02:49,LOC_0009,LOC_0017,Express,24130.5,2550.96,2026-05-14 02:02:23,In Transit
ORD_0004701,CUST_000108,2026-09-29 18:36:20,LOC_0024,LOC_0005,Urgent,81465.11,2966.88,2026-03-30 10:16:55,In Transit
ORD_0004702,CUST_000774,2026-09-30 00:27:31,LOC_0011,LOC_0016,Standard,36870.64,3129.24,2026-06-20 08:13:12,In Transit
ORD_0004703,CUST_000682,2026-09-28 23:35:46,LOC_0013,LOC_0045,Express,75464.98,663.05,2026-06-02 04:35:15,In Transit
ORD_0004704,CUST_000692,2026-09-29 07:33:30,LOC_0005,LOC_0027,Standard,48675.02,1004.63,2026-09-09 19:13:13,In Transit
ORD_0004705,CUST_000571,2026-09-29 12:57:55,LOC_0027,LOC_0029,Express,19227.24,1383.79,2026-07-18 13:37:10,Dispatched
ORD_0004706,CUST_000953,2026-09-29 03:20:42,LOC_0009,LOC_0010,Standard,79341.84,2294.05,2026-09-25 07:24:34,In Transit
ORD_0004707,CUST_000045,2026-09-30 01:55:22,LOC_0002,LOC_0026,Urgent,43767.12,3692.68,2026-01-13 16:38:19,Dispatched
ORD_0004708,CUST_000634,2026-09-28 20:00:30,LOC_0032,LOC_0011,Express,49230.65,947.88,2026-09-03 19:43:43,In Transit
ORD_0004709,CUST_000312,2026-09-28 22:50:03,LOC_0022,LOC_0029,Standard,28288.33,592.21,2026-01-03 07:36:43,In Transit
ORD_0004710,CUST_000363,2026-09-30 12:53:06,LOC_0011,LOC_0027,Standard,65734.85,3056.39,2026-06-25 02:26:06,In Transit
ORD_0004711,CUST_000239,2026-09-28 22:44:40,LOC_0034,LOC_0012,Standard,3689.5,2938.82,2026-09-20 22:44:11,In Transit
ORD_0004712,CUST_000181,2026-09-28 19:18:10,LOC_0048,LOC_0019,Standard,57613.81,1834.17,2026-09-05 10:44:28,In Transit
ORD_0004713,CUST_000320,2026-09-29 09:09:53,LOC_0032,LOC_0012,Standard,16026.1,120.4,2026-05-24 11:40:26,In Transit
ORD_0004714,CUST_000960,2026-09-29 17:08:19,LOC_0017,LOC_0012,Standard,31114.14,3291.28,2026-06-25 22:11:31,Dispatched
ORD_0004715,CUST_000588,2026-09-29 03:36:50,LOC_0021,LOC_0037,Standard,26320.27,3626.84,2026-01-01 22:28:39,In Transit
ORD_0004716,CUST_000887,2026-09-28 16:48:22,LOC_0031,LOC_0027,Express,51306.36,4190.74,2025-10-17 09:07:12,In Transit
ORD_0004717,CUST_000804,2026-09-30 10:03:24,LOC_0021,LOC_0015,Express,5972.19,3642.51,2026-05-24 12:58:14,In Transit
ORD_0004718,CUST_000121,2026-09-30 08:43:20,LOC_0037,LOC_0044,Same Day,82555.86,4488.93,2026-09-25 13:42:37,In Transit
ORD_0004719,CUST_000704,2026-09-28 17:09:36,LOC_0008,LOC_0023,Standard,27477.1,2686.84,2026-01-26 06:23:05,In Transit
ORD_0004720,CUST_000772,2026-09-29 00:26:32,LOC_0018,LOC_0012,Express,51859.18,510.47,2026-04-03 22:40:44,In Transit
ORD_0004721,CUST_000748,2026-09-29 18:41:37,LOC_0015,LOC_0005,Standard,58721.35,2059.67,2025-11-06 00:14:38,In Transit
ORD_0004722,CUST_000023,2026-09-30 06:26:23,LOC_0011,LOC_0040,Standard,30224.83,1558.26,2026-09-08 16:36:21,In Transit
ORD_0004723,CUST_000184,2026-09-28 20:59:45,LOC_0045,LOC_0011,Standard,21588.35,935.14,2026-05-24 13:37:28,In Transit
ORD_0004724,CUST_000254,2026-09-29 19:46:02,LOC_0033,LOC_0044,Standard,68554.91,4985.68,2026-04-09 09:20:57,In Transit
ORD_0004725,CUST_000151,2026-09-29 02:12:33,LOC_0021,LOC_0027,Standard,70293.34,4462.45,2026-06-09 03:34:32,In Transit
ORD_0004726,CUST_000610,2026-09-29 07:44:25,LOC_0033,LOC_0042,Standard,80831.11,3871.94,2026-06-28 00:00:00,In Transit
ORD_0004727,CUST_000667,2026-09-28 23:49:57,LOC_0036,LOC_0002,Standard,5253.97,4567.05,2025-11-01 11:31:56,In Transit
ORD_0004728,CUST_000887,2026-09-29 21:16:30,LOC_0028,LOC_0039,Express,50538.79,3122.79,2026-06-07 20:40:21,In Transit
ORD_0004729,CUST_000863,2026-09-29 19:48:25,LOC_0016,LOC_0043,Standard,6069.79,1277.69,2026-05-18 20:50:34,In Transit
ORD_0004730,CUST_000406,2026-09-28 16:19:08,LOC_0033,LOC_0043,Standard,41907.41,4668.89,2026-03-19 12:50:19,In Transit
ORD_0004731,CUST_000978,2026-09-29 07:01:19,LOC_0009,LOC_0038,Standard,24049.25,290.04,2026-06-20 00:38:09,In Transit
ORD_0004732,CUST_000905,2026-09-28 19:36:33,LOC_0047,LOC_0017,Standard,8118.37,2531.5,2025-10-21 21:26:22,Dispatched
ORD_0004733,CUST_000219,2026-09-28 18:18:09,LOC_0046,LOC_0002,Standard,12444.2,1991.85,2026-04-30 04:51:34,In Transit
ORD_0004734,CUST_000645,2026-09-29 17:56:35,LOC_0004,LOC_0008,Standard,49302.35,872.7,2026-07-07 04:08:08,Dispatched
ORD_0004735,CUST_000624,2026-09-30 11:24:58,LOC_0016,LOC_0027,Express,78797.68,1792.3,2026-07-11 05:58:46,Dispatched
ORD_0004736,CUST_000059,2026-09-29 18:09:31,LOC_0023,LOC_0025,Standard,7145.67,692.81,2026-02-01 23:12:54,In Transit
ORD_0004737,CUST_000551,2026-09-29 14:10:59,LOC_0007,LOC_0023,Urgent,50863.59,3029.02,2026-09-13 13:10:37,In Transit
ORD_0004738,CUST_000702,2026-09-29 09:42:58,LOC_0001,LOC_0047,Standard,74508.71,4822.26,2026-08-01 10:45:33,In Transit
ORD_0004739,CUST_000057,2026-09-29 03:51:37,LOC_0004,LOC_0030,Standard,52912.34,4378.29,2025-10-18 02:59:33,In Transit
ORD_0004740,CUST_000948,2026-09-30 07:59:48,LOC_0045,LOC_0004,Standard,69923.19,96.7,2026-07-06 20:10:16,In Transit
ORD_0004741,CUST_000961,2026-09-30 00:08:30,LOC_0010,LOC_0016,Standard,10653.74,153.69,2026-06-30 00:58:17,In Transit
ORD_0004742,CUST_000822,2026-09-28 22:03:29,LOC_0022,LOC_0042,Express,66369.66,2168.7,2026-03-22 20:32:00,In Transit
ORD_0004743,CUST_000243,2026-09-30 13:21:41,LOC_0037,LOC_0006,Express,84985.84,1696.02,2026-03-11 16:42:01,In Transit
ORD_0004744,CUST_000480,2026-09-30 00:24:12,LOC_0048,LOC_0012,Standard,37554.39,1998.71,2026-05-04 17:23:31,In Transit
ORD_0004745,CUST_000908,2026-09-28 16:25:37,LOC_0015,LOC_0042,Express,59887.17,836.35,2026-03-11 12:58:39,In Transit
ORD_0004746,CUST_000637,2026-09-30 00:05:21,LOC_0035,LOC_0038,Standard,2562.43,1492.34,2026-05-11 23:06:09,Pending
ORD_0004747,CUST_000686,2026-09-29 21:28:36,LOC_0045,LOC_0007,Urgent,22946.78,1476.67,2026-07-02 10:23:30,In Transit
ORD_0004748,CUST_000420,2026-09-29 21:12:58,LOC_0026,LOC_0011,Standard,80624.15,2769.37,2026-05-22 18:13:10,Dispatched
ORD_0004749,CUST_000587,2026-09-30 11:00:15,LOC_0033,LOC_0009,Standard,23226.64,2095.63,2026-09-10 01:44:18,In Transit
ORD_0004750,CUST_000206,2026-09-29 00:31:23,LOC_0018,LOC_0048,Standard,20756.35,2861.93,2026-04-21 09:08:26,In Transit
ORD_0004751,CUST_000794,2026-09-30 01:37:06,LOC_0041,LOC_0006,Standard,47431.25,514.56,2026-09-05 10:55:21,Dispatched
ORD_0004752,CUST_000861,2026-09-28 17:22:52,LOC_0029,LOC_0023,Express,57487.32,4203.33,2025-10-16 18:47:47,In Transit
ORD_0004753,CUST_000797,2026-09-30 08:51:24,LOC_0042,LOC_0043,Express,18657.79,8.03,2026-08-21 02:51:51,In Transit
ORD_0004754,CUST_000249,2026-09-29 02:14:06,LOC_0011,LOC_0026,Express,74679.04,2472.68,2026-04-29 06:43:42,In Transit
ORD_0004755,CUST_000966,2026-09-29 06:49:22,LOC_0001,LOC_0021,Express,10875.82,407.02,2026-09-16 13:26:26,Pending
ORD_0004756,CUST_000089,2026-09-29 23:28:09,LOC_0023,LOC_0014,Standard,77494.28,724.61,2026-01-23 00:21:15,In Transit
ORD_0004757,CUST_000365,2026-09-29 07:10:07,LOC_0032,LOC_0041,Standard,19287.7,4654.81,2026-09-03 20:08:39,In Transit
ORD_0004758,CUST_000988,2026-09-29 19:30:46,LOC_0017,LOC_0032,Express,11552.05,558.12,2025-12-04 05:03:18,In Transit
ORD_0004759,CUST_000837,2026-09-29 22:20:20,LOC_0036,LOC_0015,Standard,39011.0,537.81,2026-01-13 17:57:42,In Transit
ORD_0004760,CUST_000909,2026-09-28 23:32:29,LOC_0046,LOC_0048,Standard,53263.2,3501.87,2026-09-24 23:02:10,In Transit
ORD_0004761,CUST_000837,2026-09-28 16:14:10,LOC_0018,LOC_0047,Express,71995.23,1658.8,2026-09-08 06:59:42,Dispatched
ORD_0004762,CUST_000532,2026-09-30 12:11:55,LOC_0048,LOC_0001,Same Day,78124.38,2206.64,2026-06-14 15:59:11,In Transit
ORD_0004763,CUST_000176,2026-09-30 01:53:19,LOC_0009,LOC_0033,Same Day,18080.72,1607.83,2026-09-16 07:37:31,In Transit
ORD_0004764,CUST_000330,2026-09-29 15:40:50,LOC_0005,LOC_0042,Same Day,70200.9,3472.97,2026-04-17 11:49:44,In Transit
ORD_0004765,CUST_000833,2026-09-30 10:19:47,LOC_0012,LOC_0035,Express,69850.2,1712.81,2025-10-20 09:45:15,In Transit
ORD_0004766,CUST_000899,2026-09-30 10:16:19,LOC_0039,LOC_0001,Standard,80562.99,4016.73,2025-10-23 18:00:16,In Transit
ORD_0004767,CUST_000096,2026-09-30 11:25:08,LOC_0034,LOC_0018,Standard,64428.73,4893.37,2026-01-26 15:09:01,Dispatched
ORD_0004768,CUST_000945,2026-09-28 20:57:35,LOC_0009,LOC_0006,Standard,10838.38,4118.93,2026-06-16 00:40:19,In Transit
ORD_0004769,CUST_000848,2026-09-29 02:01:40,LOC_0043,LOC_0014,Express,28319.84,326.89,2026-03-06 13:21:27,In Transit
ORD_0004770,CUST_000309,2026-09-30 00:09:58,LOC_0020,LOC_0036,Standard,23602.27,1085.48,2026-01-23 23:47:20,In Transit
ORD_0004771,CUST_000374,2026-09-29 02:16:10,LOC_0024,LOC_0039,Standard,76264.23,3737.56,2026-05-06 18:22:46,Dispatched
ORD_0004772,CUST_000663,2026-09-29 10:41:36,LOC_0010,LOC_0018,Express,76818.3,3651.83,2026-08-08 04:24:12,In Transit
ORD_0004773,CUST_000611,2026-09-29 03:23:57,LOC_0008,LOC_0022,Standard,62235.73,1647.69,2026-06-19 03:09:46,Dispatched
ORD_0004774,CUST_000587,2026-09-29 14:27:44,LOC_0001,LOC_0047,Express,26711.88,3887.47,2026-08-08 00:51:27,Pending
ORD_0004775,CUST_000303,2026-09-29 18:46:15,LOC_0030,LOC_0021,Standard,31816.9,388.88,2025-12-08 06:05:57,Dispatched
ORD_0004776,CUST_000675,2026-09-29 03:37:08,LOC_0021,LOC_0031,Express,40342.75,3556.96,2026-02-20 23:11:09,Pending
ORD_0004777,CUST_000085,2026-09-29 21:37:42,LOC_0035,LOC_0034,Express,9545.42,1271.57,2026-07-27 22:25:58,In Transit
ORD_0004778,CUST_000145,2026-09-30 00:30:00,LOC_0018,LOC_0009,Standard,19802.92,4409.81,2026-07-04 19:32:02,In Transit
ORD_0004779,CUST_000004,2026-09-28 18:04:53,LOC_0008,LOC_0042,Urgent,12678.28,1810.12,2025-11-11 08:19:07,In Transit
ORD_0004780,CUST_000131,2026-09-28 20:34:52,LOC_0046,LOC_0025,Standard,65348.5,2903.51,2025-11-19 10:27:50,Pending
ORD_0004781,CUST_000462,2026-09-30 11:10:06,LOC_0008,LOC_0035,Express,1675.77,584.96,2026-09-03 10:38:02,Dispatched
ORD_0004782,CUST_000770,2026-09-30 09:47:58,LOC_0043,LOC_0047,Express,55594.57,3453.89,2026-05-16 23:19:10,Dispatched
ORD_0004783,CUST_000187,2026-09-29 22:16:08,LOC_0028,LOC_0015,Standard,58997.41,3794.19,2026-02-13 15:01:00,In Transit
ORD_0004784,CUST_000783,2026-09-29 10:11:32,LOC_0012,LOC_0017,Standard,69602.58,1661.11,2025-12-28 19:02:57,In Transit
ORD_0004785,CUST_000098,2026-09-29 19:09:43,LOC_0010,LOC_0002,Standard,63226.14,3681.5,2025-11-14 19:16:13,In Transit
ORD_0004786,CUST_000320,2026-09-29 11:26:25,LOC_0046,LOC_0008,Standard,14443.26,414.89,2026-02-26 19:17:06,Dispatched
ORD_0004787,CUST_000093,2026-09-30 09:18:30,LOC_0016,LOC_0024,Standard,70280.22,4914.18,2026-09-15 19:44:41,In Transit
ORD_0004788,CUST_000753,2026-09-30 02:35:58,LOC_0030,LOC_0036,Urgent,77513.31,2470.19,2025-10-25 10:28:45,In Transit
ORD_0004789,CUST_000086,2026-09-30 08:55:52,LOC_0031,LOC_0041,Same Day,76971.79,4915.49,2025-10-10 23:21:36,Dispatched
ORD_0004790,CUST_000073,2026-09-29 08:36:04,LOC_0022,LOC_0037,Standard,83049.97,2963.51,2026-02-17 08:04:50,In Transit
ORD_0004791,CUST_000530,2026-09-29 08:27:21,LOC_0039,LOC_0036,Standard,19148.59,2736.64,2026-02-10 08:10:05,In Transit
ORD_0004792,CUST_000712,2026-09-30 03:30:36,LOC_0019,LOC_0028,Standard,49415.64,241.43,2026-05-26 06:04:02,In Transit
ORD_0004793,CUST_000101,2026-09-30 07:08:07,LOC_0007,LOC_0005,Urgent,67153.27,4423.65,2026-06-01 22:24:31,In Transit
ORD_0004794,CUST_000416,2026-09-29 09:00:17,LOC_0021,LOC_0042,Standard,37694.37,1116.33,2026-08-07 08:23:55,In Transit
ORD_0004795,CUST_000149,2026-09-28 16:53:02,LOC_0008,LOC_0032,Standard,39745.69,1584.31,2025-11-15 18:47:05,In Transit
ORD_0004796,CUST_000989,2026-09-29 22:14:19,LOC_0010,LOC_0047,Standard,83838.11,208.1,2026-04-29 01:18:09,In Transit
ORD_0004797,CUST_000781,2026-09-28 21:05:01,LOC_0027,LOC_0038,Urgent,70485.96,438.0,2025-12-27 20:25:27,In Transit
ORD_0004798,CUST_000555,2026-09-29 06:52:14,LOC_0012,LOC_0030,Standard,38911.83,4864.37,2025-12-01 02:15:29,In Transit
ORD_0004799,CUST_000440,2026-09-29 05:17:15,LOC_0008,LOC_0043,Express,16012.03,1376.38,2026-01-12 07:27:13,In Transit
ORD_0004800,CUST_000053,2026-09-29 21:02:22,LOC_0040,LOC_0037,Express,66135.95,1408.97,2026-08-03 08:41:36,In Transit
ORD_0004801,CUST_000701,2026-09-30 05:59:04,LOC_0025,LOC_0009,Standard,37828.15,2085.22,2026-09-26 20:15:00,In Transit
ORD_0004802,CUST_000005,2026-09-28 23:57:25,LOC_0001,LOC_0018,Standard,73122.07,4540.97,2026-03-06 11:03:22,In Transit
ORD_0004803,CUST_000235,2026-09-29 04:41:47,LOC_0021,LOC_0019,Express,2456.31,809.21,2026-04-17 17:33:19,Dispatched
ORD_0004804,CUST_000676,2026-09-29 01:24:12,LOC_0012,LOC_0026,Standard,57933.12,4606.18,2026-01-14 06:12:03,In Transit
ORD_0004805,CUST_000623,2026-09-30 08:16:13,LOC_0004,LOC_0018,Express,64916.9,3552.91,2026-05-25 00:54:19,In Transit
ORD_0004806,CUST_000484,2026-09-28 15:40:01,LOC_0046,LOC_0001,Express,19193.03,545.8,2025-12-16 05:51:44,Dispatched
ORD_0004807,CUST_000704,2026-09-30 11:11:27,LOC_0027,LOC_0007,Urgent,14555.57,4879.46,2025-12-12 13:28:25,In Transit
ORD_0004808,CUST_000658,2026-09-29 20:59:08,LOC_0035,LOC_0032,Standard,84192.82,3710.68,2026-05-18 19:52:33,In Transit
ORD_0004809,CUST_000138,2026-09-29 22:16:07,LOC_0038,LOC_0044,Express,13803.76,520.29,2026-03-17 21:13:34,In Transit
ORD_0004810,CUST_000005,2026-09-30 02:05:43,LOC_0038,LOC_0043,Urgent,43286.83,4653.54,2026-07-16 10:29:18,Dispatched
ORD_0004811,CUST_000020,2026-09-30 06:06:39,LOC_0048,LOC_0033,Urgent,43464.36,2656.29,2025-10-12 23:11:11,Dispatched
ORD_0004812,CUST_000039,2026-09-30 13:15:23,LOC_0002,LOC_0003,Standard,74795.47,1496.63,2026-07-26 09:08:10,In Transit
ORD_0004813,CUST_000402,2026-09-29 14:22:09,LOC_0006,LOC_0047,Standard,13073.06,1088.98,2026-05-08 12:44:59,Dispatched
ORD_0004814,CUST_000153,2026-09-29 22:15:41,LOC_0004,LOC_0018,Standard,50860.8,4135.43,2026-09-21 09:56:59,Pending
ORD_0004815,CUST_000570,2026-09-30 00:47:01,LOC_0042,LOC_0016,Standard,22099.45,3223.93,2025-12-12 15:07:26,Pending
ORD_0004816,CUST_000572,2026-09-28 15:35:03,LOC_0042,LOC_0028,Standard,80899.31,4256.87,2026-09-12 23:16:48,In Transit
ORD_0004817,CUST_000182,2026-09-28 15:58:09,LOC_0012,LOC_0034,Standard,1037.07,589.32,2025-11-29 01:04:52,Pending
ORD_0004818,CUST_000846,2026-09-30 07:41:41,LOC_0034,LOC_0020,Standard,82622.49,2832.0,2026-09-08 23:14:11,Dispatched
ORD_0004819,CUST_000720,2026-09-30 04:53:03,LOC_0014,LOC_0044,Express,52652.39,3945.94,2025-11-11 14:19:10,Dispatched
ORD_0004820,CUST_000037,2026-09-30 01:20:40,LOC_0038,LOC_0041,Urgent,51060.22,3879.11,2026-08-28 16:01:14,Dispatched
ORD_0004821,CUST_000917,2026-09-30 05:34:26,LOC_0043,LOC_0003,Standard,75470.94,2474.89,2026-06-03 17:38:16,In Transit
ORD_0004822,CUST_000159,2026-09-30 05:38:26,LOC_0023,LOC_0007,Standard,37461.38,431.6,2026-07-24 22:15:48,Dispatched
ORD_0004823,CUST_000708,2026-09-29 09:09:05,LOC_0011,LOC_0033,Express,18444.22,1589.0,2026-05-29 11:38:25,In Transit
ORD_0004824,CUST_000082,2026-09-28 15:58:26,LOC_0027,LOC_0037,Standard,6023.13,4524.94,2026-07-11 01:26:35,Dispatched
ORD_0004825,CUST_000431,2026-09-29 03:22:52,LOC_0016,LOC_0032,Urgent,25720.78,239.04,2026-02-25 02:43:16,In Transit
ORD_0004826,CUST_000724,2026-09-29 01:37:32,LOC_0020,LOC_0044,Standard,32171.65,4056.41,2026-04-18 15:53:49,In Transit
ORD_0004827,CUST_000195,2026-09-30 07:48:53,LOC_0013,LOC_0034,Express,35952.91,3815.01,2026-05-16 04:16:58,In Transit
ORD_0004828,CUST_000721,2026-09-30 11:40:33,LOC_0046,LOC_0036,Standard,41828.61,4247.36,2026-07-14 20:51:40,In Transit
ORD_0004829,CUST_000814,2026-09-30 04:47:04,LOC_0012,LOC_0018,Urgent,77224.88,74.13,2026-07-23 21:23:06,In Transit
ORD_0004830,CUST_000689,2026-09-30 09:13:34,LOC_0017,LOC_0006,Standard,11580.44,3296.93,2026-08-25 07:22:03,In Transit
ORD_0004831,CUST_000899,2026-09-29 04:18:53,LOC_0030,LOC_0009,Urgent,36859.53,3559.62,2025-10-31 17:23:31,In Transit
ORD_0004832,CUST_000775,2026-09-29 19:38:38,LOC_0041,LOC_0047,Standard,6226.39,1687.74,2025-11-25 13:05:40,In Transit
ORD_0004833,CUST_000074,2026-09-28 21:32:19,LOC_0010,LOC_0031,Same Day,9985.77,4799.25,2025-11-24 07:16:44,Dispatched
ORD_0004834,CUST_000463,2026-09-28 23:36:31,LOC_0011,LOC_0004,Standard,33769.03,1846.98,2025-10-26 13:48:42,In Transit
ORD_0004835,CUST_000245,2026-09-29 15:51:53,LOC_0002,LOC_0011,Standard,79434.49,4007.82,2026-08-02 04:44:00,In Transit
ORD_0004836,CUST_000974,2026-09-29 00:57:55,LOC_0037,LOC_0045,Standard,17327.34,4179.23,2026-05-13 12:01:57,In Transit
ORD_0004837,CUST_000066,2026-09-29 23:19:29,LOC_0015,LOC_0042,Express,41590.76,4202.68,2026-08-07 16:19:54,In Transit
ORD_0004838,CUST_000927,2026-09-30 07:32:31,LOC_0016,LOC_0030,Urgent,45761.83,2255.33,2025-10-18 10:23:43,Pending
ORD_0004839,CUST_000220,2026-09-29 10:11:17,LOC_0013,LOC_0025,Express,29636.0,2822.6,2026-08-31 22:38:34,In Transit
ORD_0004840,CUST_000113,2026-09-30 02:56:47,LOC_0037,LOC_0034,Standard,40622.57,968.48,2026-07-11 23:26:00,In Transit
ORD_0004841,CUST_000011,2026-09-29 09:40:41,LOC_0029,LOC_0041,Same Day,41182.4,433.98,2026-03-06 02:59:28,In Transit
ORD_0004842,CUST_000186,2026-09-29 05:57:25,LOC_0031,LOC_0015,Standard,66076.98,2252.71,2025-12-28 04:37:25,In Transit
ORD_0004843,CUST_000748,2026-09-29 20:42:02,LOC_0033,LOC_0046,Standard,73296.3,1192.56,2026-03-14 15:29:27,In Transit
ORD_0004844,CUST_000851,2026-09-29 23:25:44,LOC_0037,LOC_0038,Express,13495.07,2450.75,2026-02-11 00:56:21,Pending
ORD_0004845,CUST_000163,2026-09-29 02:13:16,LOC_0005,LOC_0015,Standard,73797.36,4448.22,2025-11-30 20:40:23,In Transit
ORD_0004846,CUST_000567,2026-09-29 19:46:40,LOC_0043,LOC_0048,Urgent,31746.6,4349.73,2025-12-05 13:32:10,In Transit
ORD_0004847,CUST_000598,2026-09-30 08:01:35,LOC_0040,LOC_0039,Standard,15088.96,3239.36,2026-02-27 04:29:24,In Transit
ORD_0004848,CUST_000102,2026-09-29 00:15:56,LOC_0031,LOC_0044,Express,5082.51,3615.66,2025-11-15 23:56:43,In Transit
ORD_0004849,CUST_000492,2026-09-30 09:35:17,LOC_0003,LOC_0028,Standard,50853.31,1849.48,2026-07-18 23:09:48,Dispatched
ORD_0004850,CUST_000156,2026-09-28 20:02:10,LOC_0006,LOC_0023,Standard,54466.5,1534.06,2026-03-22 18:38:19,Dispatched
ORD_0004851,CUST_000518,2026-09-30 04:06:25,LOC_0031,LOC_0048,Urgent,36807.0,2740.79,2026-09-19 07:31:50,Dispatched
ORD_0004852,CUST_000392,2026-09-29 05:41:04,LOC_0027,LOC_0007,Standard,54339.77,833.85,2026-03-29 19:57:32,Dispatched
ORD_0004853,CUST_000166,2026-09-28 18:00:02,LOC_0020,LOC_0010,Standard,34304.21,2933.64,2026-08-14 21:27:38,Dispatched
ORD_0004854,CUST_000616,2026-09-30 13:15:47,LOC_0030,LOC_0045,Same Day,68527.85,4750.26,2025-10-03 16:18:57,In Transit
ORD_0004855,CUST_000109,2026-09-28 16:07:47,LOC_0028,LOC_0033,Standard,34577.9,4475.86,2026-05-11 13:03:13,Dispatched
ORD_0004856,CUST_000971,2026-09-29 21:40:24,LOC_0037,LOC_0030,Standard,42016.43,4533.97,2025-10-14 05:03:09,Pending
ORD_0004857,CUST_000507,2026-09-29 16:25:37,LOC_0030,LOC_0023,Standard,70419.33,721.69,2026-06-08 18:37:52,In Transit
ORD_0004858,CUST_000377,2026-09-28 15:50:01,LOC_0015,LOC_0021,Standard,84408.27,1971.21,2026-03-16 13:27:47,In Transit
ORD_0004859,CUST_000730,2026-09-30 10:25:34,LOC_0018,LOC_0033,Standard,34105.4,1973.6,2026-01-04 01:23:23,In Transit
ORD_0004860,CUST_000014,2026-09-29 11:43:17,LOC_0007,LOC_0015,Same Day,29196.87,4161.88,2026-04-20 11:24:02,In Transit
ORD_0004861,CUST_000337,2026-09-28 18:03:17,LOC_0006,LOC_0007,Standard,3204.62,2611.7,2026-07-25 20:03:43,Dispatched
ORD_0004862,CUST_000672,2026-09-29 02:12:38,LOC_0044,LOC_0030,Express,40935.61,4235.12,2025-10-06 18:41:53,Pending
ORD_0004863,CUST_000097,2026-09-29 10:51:24,LOC_0001,LOC_0022,Standard,50918.93,3177.97,2026-03-12 06:48:31,Dispatched
ORD_0004864,CUST_000087,2026-09-29 19:35:10,LOC_0026,LOC_0014,Standard,9540.14,1152.52,2026-09-11 23:44:26,In Transit
ORD_0004865,CUST_000710,2026-09-30 06:09:30,LOC_0021,LOC_0028,Same Day,78865.98,1871.61,2026-05-02 08:53:24,In Transit
ORD_0004866,CUST_000881,2026-09-28 18:29:46,LOC_0012,LOC_0017,Standard,82163.91,4214.7,2026-01-12 02:21:28,In Transit
ORD_0004867,CUST_000388,2026-09-28 17:28:49,LOC_0031,LOC_0009,Standard,44654.81,4983.15,2026-04-19 13:25:09,In Transit
ORD_0004868,CUST_000203,2026-09-29 19:31:46,LOC_0023,LOC_0007,Urgent,32386.58,1476.75,2026-03-25 02:33:38,In Transit
ORD_0004869,CUST_000462,2026-09-29 20:10:50,LOC_0010,LOC_0041,Urgent,80544.33,3865.27,2025-12-17 10:28:46,In Transit
ORD_0004870,CUST_000056,2026-09-29 18:33:06,LOC_0022,LOC_0032,Standard,72970.63,3900.15,2026-08-09 07:28:07,In Transit
ORD_0004871,CUST_000328,2026-09-28 21:03:28,LOC_0025,LOC_0016,Standard,4712.22,3372.07,2026-07-12 15:59:40,In Transit
ORD_0004872,CUST_000276,2026-09-29 22:50:47,LOC_0025,LOC_0015,Urgent,35720.93,2915.13,2026-01-27 06:51:32,In Transit
ORD_0004873,CUST_000335,2026-09-30 00:14:05,LOC_0036,LOC_0010,Standard,1133.74,3220.57,2025-12-05 19:29:31,Pending
ORD_0004874,CUST_000461,2026-09-28 22:59:09,LOC_0003,LOC_0008,Standard,51565.1,4581.4,2026-07-01 06:20:27,Dispatched
ORD_0004875,CUST_000282,2026-09-30 03:55:56,LOC_0039,LOC_0037,Standard,1498.81,206.35,2026-07-16 06:53:25,In Transit
ORD_0004876,CUST_000514,2026-09-29 08:08:37,LOC_0030,LOC_0019,Express,23066.73,3315.49,2026-08-27 19:44:35,In Transit
ORD_0004877,CUST_000138,2026-09-30 04:59:25,LOC_0023,LOC_0007,Standard,84108.9,2417.33,2026-02-26 13:50:41,In Transit
ORD_0004878,CUST_000838,2026-09-30 11:03:40,LOC_0045,LOC_0029,Standard,4979.79,3296.91,2025-12-23 07:27:01,In Transit
ORD_0004879,CUST_000617,2026-09-29 14:41:09,LOC_0002,LOC_0046,Standard,82553.68,4626.72,2026-05-08 03:11:06,Pending
ORD_0004880,CUST_000608,2026-09-28 18:46:08,LOC_0018,LOC_0019,Urgent,15222.19,3342.3,2026-03-09 22:19:28,In Transit
ORD_0004881,CUST_000450,2026-09-29 07:38:22,LOC_0048,LOC_0024,Standard,78452.84,2295.05,2026-05-14 18:34:30,In Transit
ORD_0004882,CUST_000937,2026-09-29 09:45:45,LOC_0009,LOC_0016,Same Day,70153.99,424.61,2026-01-12 08:48:44,Pending
ORD_0004883,CUST_000216,2026-09-29 16:31:16,LOC_0028,LOC_0040,Urgent,49342.18,1286.11,2026-08-05 15:12:53,Pending
ORD_0004884,CUST_000167,2026-09-28 21:36:10,LOC_0043,LOC_0003,Standard,47815.06,873.93,2026-09-08 00:03:22,In Transit
ORD_0004885,CUST_000570,2026-09-29 13:20:02,LOC_0013,LOC_0038,Urgent,46432.39,3563.17,2025-11-26 18:05:30,Dispatched
ORD_0004886,CUST_000750,2026-09-29 12:49:13,LOC_0046,LOC_0005,Standard,18981.86,2504.0,2025-10-05 00:13:21,In Transit
ORD_0004887,CUST_000548,2026-09-29 15:47:41,LOC_0028,LOC_0017,Urgent,58358.3,2264.87,2025-11-13 04:22:11,In Transit
ORD_0004888,CUST_000996,2026-09-29 05:10:22,LOC_0007,LOC_0046,Express,18398.11,4922.25,2026-02-06 04:20:50,In Transit
ORD_0004889,CUST_000562,2026-09-29 19:29:14,LOC_0040,LOC_0007,Express,82018.53,2495.1,2025-12-25 01:28:41,In Transit
ORD_0004890,CUST_000944,2026-09-29 08:13:02,LOC_0029,LOC_0013,Urgent,80760.51,3909.06,2025-12-19 12:39:37,Dispatched
ORD_0004891,CUST_000297,2026-09-30 01:29:14,LOC_0008,LOC_0014,Standard,11501.83,3405.68,2026-02-21 19:26:38,In Transit
ORD_0004892,CUST_000260,2026-09-29 18:28:13,LOC_0017,LOC_0022,Standard,81788.19,3335.93,2025-12-08 23:25:10,In Transit
ORD_0004893,CUST_000612,2026-09-29 11:32:32,LOC_0024,LOC_0017,Urgent,35550.17,472.0,2026-05-02 17:23:31,Pending
ORD_0004894,CUST_000028,2026-09-29 17:31:30,LOC_0033,LOC_0048,Express,75676.03,3641.94,2026-07-23 22:04:54,Pending
ORD_0004895,CUST_000319,2026-09-28 22:16:14,LOC_0042,LOC_0023,Standard,13051.52,4447.6,2026-05-24 15:37:24,Dispatched
ORD_0004896,CUST_000805,2026-09-29 08:36:05,LOC_0017,LOC_0033,Standard,49174.84,1462.86,2026-05-26 18:24:20,Dispatched
ORD_0004897,CUST_000190,2026-09-30 02:14:18,LOC_0047,LOC_0044,Same Day,48494.91,3265.47,2026-07-18 18:42:21,In Transit
ORD_0004898,CUST_000206,2026-09-29 13:23:30,LOC_0047,LOC_0004,Urgent,30419.69,2598.1,2025-12-03 08:13:54,Pending
ORD_0004899,CUST_000006,2026-09-29 23:28:42,LOC_0002,LOC_0018,Standard,30850.6,721.59,2026-06-18 05:44:24,Dispatched
ORD_0004900,CUST_000714,2026-09-29 08:00:15,LOC_0031,LOC_0018,Express,50753.4,3852.71,2025-10-03 13:55:36,In Transit
ORD_0004901,CUST_000681,2026-09-30 08:09:24,LOC_0024,LOC_0015,Standard,12900.29,3498.27,2026-06-10 15:33:15,In Transit
ORD_0004902,CUST_000017,2026-09-28 23:33:33,LOC_0018,LOC_0016,Standard,45091.48,3695.27,2026-04-27 03:52:45,In Transit
ORD_0004903,CUST_000070,2026-09-29 00:02:42,LOC_0005,LOC_0032,Standard,76246.48,1911.28,2026-09-06 01:28:54,Pending
ORD_0004904,CUST_000668,2026-09-29 17:27:43,LOC_0002,LOC_0044,Standard,54393.03,2291.62,2026-06-20 11:32:45,In Transit
ORD_0004905,CUST_000979,2026-09-29 05:41:02,LOC_0034,LOC_0040,Standard,44449.69,1879.21,2026-01-23 07:46:33,In Transit
ORD_0004906,CUST_000388,2026-09-30 12:15:55,LOC_0004,LOC_0039,Standard,62041.56,4426.76,2026-08-30 11:31:39,In Transit
ORD_0004907,CUST_000911,2026-09-29 12:03:58,LOC_0013,LOC_0044,Standard,27804.66,2405.05,2026-05-06 17:51:48,In Transit
ORD_0004908,CUST_000093,2026-09-29 08:54:39,LOC_0028,LOC_0046,Standard,23774.48,3978.7,2026-06-13 18:16:12,Dispatched
ORD_0004909,CUST_000211,2026-09-29 11:10:06,LOC_0002,LOC_0041,Urgent,52697.57,2232.51,2026-08-03 04:57:54,Dispatched
ORD_0004910,CUST_000549,2026-09-29 17:47:01,LOC_0005,LOC_0044,Same Day,26502.26,3476.1,2026-06-04 05:21:11,Dispatched
ORD_0004911,CUST_000961,2026-09-28 17:31:29,LOC_0010,LOC_0039,Express,12285.95,4205.12,2026-04-05 02:19:30,In Transit
ORD_0004912,CUST_000691,2026-09-30 01:49:46,LOC_0015,LOC_0033,Standard,28689.72,1707.69,2025-11-29 23:09:43,In Transit
ORD_0004913,CUST_000269,2026-09-28 22:59:19,LOC_0036,LOC_0035,Standard,50269.48,909.22,2026-03-09 12:18:01,In Transit
ORD_0004914,CUST_000120,2026-09-29 12:06:37,LOC_0011,LOC_0038,Express,2234.13,1285.64,2026-02-05 19:35:03,Dispatched
ORD_0004915,CUST_000014,2026-09-28 17:15:33,LOC_0009,LOC_0039,Standard,11763.21,3440.27,2025-12-14 20:43:46,In Transit
ORD_0004916,CUST_000474,2026-09-29 11:54:06,LOC_0025,LOC_0047,Standard,7322.59,149.77,2026-05-14 02:19:34,In Transit
ORD_0004917,CUST_000676,2026-09-28 17:18:33,LOC_0014,LOC_0027,Standard,49532.65,3141.35,2026-06-29 17:24:17,In Transit
ORD_0004918,CUST_000695,2026-09-29 19:57:12,LOC_0036,LOC_0039,Express,81754.6,1540.8,2025-12-13 07:07:22,In Transit
ORD_0004919,CUST_000924,2026-09-29 11:51:17,LOC_0021,LOC_0036,Urgent,12107.19,595.65,2026-05-01 08:43:21,In Transit
ORD_0004920,CUST_000176,2026-09-29 14:11:33,LOC_0018,LOC_0046,Standard,65433.48,466.48,2025-12-24 11:27:48,Dispatched
ORD_0004921,CUST_000315,2026-09-30 07:06:17,LOC_0040,LOC_0002,Standard,20952.97,3769.42,2025-10-09 17:05:30,In Transit
ORD_0004922,CUST_000474,2026-09-29 11:29:01,LOC_0040,LOC_0042,Standard,58394.27,1724.73,2026-01-31 11:02:52,In Transit
ORD_0004923,CUST_000408,2026-09-29 19:13:56,LOC_0048,LOC_0047,Standard,28378.37,88.21,2026-07-30 10:58:03,Dispatched
ORD_0004924,CUST_000358,2026-09-29 20:38:33,LOC_0026,LOC_0021,Standard,17006.22,858.09,2026-02-06 02:08:49,Dispatched
ORD_0004925,CUST_000841,2026-09-28 23:20:41,LOC_0030,LOC_0022,Express,52037.05,3199.49,2026-08-03 20:35:03,In Transit
ORD_0004926,CUST_000994,2026-09-29 21:20:04,LOC_0007,LOC_0032,Standard,81148.47,3929.62,2026-09-11 01:59:51,Dispatched
ORD_0004927,CUST_000548,2026-09-29 11:29:59,LOC_0038,LOC_0002,Express,27002.26,1193.33,2026-04-11 18:39:49,Dispatched
ORD_0004928,CUST_000574,2026-09-30 07:58:17,LOC_0003,LOC_0040,Standard,42493.9,2676.04,2025-11-03 23:57:56,In Transit
ORD_0004929,CUST_000249,2026-09-30 13:07:59,LOC_0048,LOC_0018,Standard,76326.08,3652.23,2026-07-13 00:05:18,Dispatched
ORD_0004930,CUST_000730,2026-09-30 07:29:23,LOC_0039,LOC_0025,Urgent,25245.67,3464.98,2025-12-18 08:23:54,In Transit
ORD_0004931,CUST_000365,2026-09-29 18:55:11,LOC_0027,LOC_0030,Standard,56460.11,3193.67,2026-09-04 11:00:44,In Transit
ORD_0004932,CUST_000705,2026-09-29 13:33:28,LOC_0032,LOC_0030,Standard,27080.86,2308.9,2026-04-02 17:30:22,Dispatched
ORD_0004933,CUST_000672,2026-09-30 07:45:12,LOC_0015,LOC_0047,Standard,66524.22,4332.6,2026-01-30 05:09:38,In Transit
ORD_0004934,CUST_000564,2026-09-30 10:40:37,LOC_0005,LOC_0033,Same Day,11010.27,252.34,2025-10-30 09:11:43,In Transit
ORD_0004935,CUST_000070,2026-09-29 21:50:39,LOC_0034,LOC_0044,Urgent,75167.09,4442.12,2026-07-30 03:41:05,Dispatched
ORD_0004936,CUST_000272,2026-09-28 20:58:48,LOC_0009,LOC_0018,Urgent,67510.29,2560.81,2025-12-25 17:17:07,Dispatched
ORD_0004937,CUST_000386,2026-09-29 14:27:51,LOC_0012,LOC_0022,Express,11667.65,4586.74,2026-06-08 05:57:06,In Transit
ORD_0004938,CUST_000071,2026-09-28 17:10:53,LOC_0034,LOC_0006,Standard,58679.81,824.26,2026-02-12 18:49:13,In Transit
ORD_0004939,CUST_000878,2026-09-30 02:42:11,LOC_0010,LOC_0033,Standard,67110.07,4060.42,2025-11-08 15:49:53,Pending
ORD_0004940,CUST_000042,2026-09-30 00:55:31,LOC_0024,LOC_0042,Standard,42358.79,3300.38,2025-11-29 00:11:48,In Transit
ORD_0004941,CUST_000575,2026-09-29 05:10:44,LOC_0015,LOC_0048,Standard,80608.88,3494.32,2026-08-20 18:59:02,Dispatched
ORD_0004942,CUST_000746,2026-09-29 07:16:49,LOC_0008,LOC_0006,Standard,33991.89,2963.45,2026-04-21 11:20:07,In Transit
ORD_0004943,CUST_000500,2026-09-30 04:12:30,LOC_0015,LOC_0047,Standard,77220.89,2945.95,2025-10-08 11:13:35,Dispatched
ORD_0004944,CUST_000881,2026-09-29 13:52:20,LOC_0020,LOC_0014,Express,27971.81,2612.89,2026-02-26 19:17:58,In Transit
ORD_0004945,CUST_000995,2026-09-28 16:09:55,LOC_0002,LOC_0039,Urgent,81573.36,664.45,2026-05-25 07:23:45,In Transit
ORD_0004946,CUST_000306,2026-09-28 18:56:44,LOC_0012,LOC_0017,Urgent,13039.16,1786.55,2026-02-14 22:34:36,Dispatched
ORD_0004947,CUST_000100,2026-09-28 15:47:33,LOC_0025,LOC_0002,Standard,8205.11,4092.68,2026-06-01 13:29:12,Dispatched
ORD_0004948,CUST_000064,2026-09-29 19:51:53,LOC_0012,LOC_0024,Urgent,73558.25,3590.86,2026-05-03 17:21:36,In Transit
ORD_0004949,CUST_000171,2026-09-29 09:02:52,LOC_0021,LOC_0018,Express,47121.35,105.62,2026-04-09 14:44:31,Dispatched
ORD_0004950,CUST_000917,2026-09-29 12:15:07,LOC_0012,LOC_0001,Standard,13448.13,1007.46,2026-03-19 18:25:20,In Transit
ORD_0004951,CUST_000098,2026-09-29 02:09:42,LOC_0009,LOC_0020,Express,31465.74,3308.11,2026-03-10 05:26:13,In Transit
ORD_0004952,CUST_000287,2026-09-28 21:28:40,LOC_0032,LOC_0047,Urgent,15837.16,2562.04,2026-02-11 10:11:27,Dispatched
ORD_0004953,CUST_000425,2026-09-29 19:59:30,LOC_0034,LOC_0045,Express,60155.87,2341.27,2026-03-02 09:43:48,In Transit
ORD_0004954,CUST_000499,2026-09-28 18:15:46,LOC_0003,LOC_0002,Urgent,24215.85,2152.62,2025-10-25 21:05:23,Pending
ORD_0004955,CUST_000379,2026-09-29 22:52:33,LOC_0026,LOC_0029,Standard,35697.09,4393.29,2026-07-16 09:36:58,In Transit
ORD_0004956,CUST_000711,2026-09-29 05:45:41,LOC_0003,LOC_0009,Same Day,1007.19,1716.28,2026-01-25 07:45:32,In Transit
ORD_0004957,CUST_000276,2026-09-29 19:11:21,LOC_0003,LOC_0029,Standard,36805.78,3824.62,2026-04-17 03:23:20,In Transit
ORD_0004958,CUST_000092,2026-09-29 05:25:39,LOC_0047,LOC_0029,Standard,81093.46,3719.62,2026-02-16 22:03:25,Pending
ORD_0004959,CUST_000371,2026-09-30 02:58:05,LOC_0015,LOC_0027,Urgent,12472.65,4568.03,2025-11-24 09:40:49,In Transit
ORD_0004960,CUST_000760,2026-09-29 11:30:29,LOC_0036,LOC_0041,Standard,56008.39,3822.5,2026-08-02 19:03:12,In Transit
ORD_0004961,CUST_000814,2026-09-28 19:48:03,LOC_0009,LOC_0034,Standard,14960.39,3900.13,2026-02-28 15:08:47,In Transit
ORD_0004962,CUST_000021,2026-09-28 22:35:50,LOC_0026,LOC_0017,Same Day,14049.33,2635.44,2025-10-18 16:00:33,Dispatched
ORD_0004963,CUST_000603,2026-09-29 06:45:49,LOC_0032,LOC_0033,Same Day,36640.01,1324.62,2026-02-18 06:29:40,In Transit
ORD_0004964,CUST_000834,2026-09-28 19:39:45,LOC_0033,LOC_0005,Standard,34365.91,2428.09,2026-07-24 19:26:34,In Transit
ORD_0004965,CUST_000088,2026-09-30 04:22:02,LOC_0034,LOC_0003,Express,61634.24,2022.1,2026-08-02 01:02:13,In Transit
ORD_0004966,CUST_000718,2026-09-30 00:23:08,LOC_0008,LOC_0021,Standard,83030.88,4344.55,2025-11-08 17:46:28,Dispatched
ORD_0004967,CUST_000743,2026-09-29 03:23:20,LOC_0045,LOC_0035,Express,42726.79,1604.09,2026-01-02 07:19:39,Pending
ORD_0004968,CUST_000692,2026-09-30 08:36:36,LOC_0001,LOC_0018,Standard,15290.93,1424.91,2025-12-03 11:42:03,In Transit
ORD_0004969,CUST_000782,2026-09-28 21:18:57,LOC_0005,LOC_0021,Express,3785.2,3111.62,2026-05-08 01:25:20,Dispatched
ORD_0004970,CUST_000787,2026-09-28 18:38:36,LOC_0048,LOC_0027,Standard,33422.47,818.6,2025-12-22 13:38:00,In Transit
ORD_0004971,CUST_000641,2026-09-29 23:47:25,LOC_0021,LOC_0018,Express,6358.54,4995.95,2026-01-20 02:44:49,Pending
ORD_0004972,CUST_000188,2026-09-30 10:02:16,LOC_0031,LOC_0016,Standard,46554.16,2372.79,2026-05-06 16:33:11,Dispatched
ORD_0004973,CUST_000049,2026-09-30 07:29:09,LOC_0045,LOC_0043,Standard,2454.97,3791.7,2026-06-19 01:50:35,Pending
ORD_0004974,CUST_000419,2026-09-29 13:23:36,LOC_0034,LOC_0024,Standard,8055.48,4093.73,2026-04-09 23:50:37,In Transit
ORD_0004975,CUST_000966,2026-09-30 03:55:21,LOC_0037,LOC_0022,Standard,60723.65,1951.81,2025-12-31 12:09:45,In Transit
ORD_0004976,CUST_000844,2026-09-28 18:34:02,LOC_0024,LOC_0042,Express,64185.57,3032.03,2026-07-26 09:58:34,In Transit
ORD_0004977,CUST_000453,2026-09-29 17:16:15,LOC_0032,LOC_0036,Standard,9513.91,203.21,2025-11-14 11:24:22,Pending
ORD_0004978,CUST_000010,2026-09-28 18:56:33,LOC_0013,LOC_0007,Urgent,33443.87,782.62,2026-03-11 09:57:16,Dispatched
ORD_0004979,CUST_000111,2026-09-29 01:10:54,LOC_0035,LOC_0012,Standard,69703.41,1012.15,2026-09-22 00:03:06,Dispatched
ORD_0004980,CUST_000026,2026-09-30 12:44:46,LOC_0035,LOC_0010,Standard,9747.15,4404.92,2026-01-03 02:31:54,Pending
ORD_0004981,CUST_000698,2026-09-29 20:56:15,LOC_0042,LOC_0033,Express,25593.58,2049.1,2026-03-14 14:33:00,Dispatched
ORD_0004982,CUST_000241,2026-09-28 21:03:00,LOC_0013,LOC_0006,Express,75078.29,4847.62,2026-07-27 17:48:30,In Transit
ORD_0004983,CUST_000697,2026-09-29 20:23:38,LOC_0043,LOC_0030,Express,20103.19,2210.62,2026-06-06 08:30:55,In Transit
ORD_0004984,CUST_000884,2026-09-30 04:25:07,LOC_0029,LOC_0035,Urgent,26128.61,1272.01,2026-02-05 18:43:50,In Transit
ORD_0004985,CUST_000885,2026-09-29 03:40:51,LOC_0036,LOC_0044,Standard,59703.84,3271.17,2025-11-19 13:32:17,In Transit
ORD_0004986,CUST_000770,2026-09-29 04:35:35,LOC_0018,LOC_0008,Express,44652.25,567.7,2026-04-22 10:45:00,In Transit
ORD_0004987,CUST_000465,2026-09-29 00:11:01,LOC_0035,LOC_0042,Standard,677.91,24.73,2026-03-24 12:11:01,Dispatched
ORD_0004988,CUST_000672,2026-09-30 00:49:12,LOC_0043,LOC_0018,Express,64527.03,148.81,2026-02-11 21:50:33,In Transit
ORD_0004989,CUST_000071,2026-09-28 19:11:34,LOC_0028,LOC_0047,Express,11433.32,4115.22,2025-12-01 23:44:00,Pending
ORD_0004990,CUST_000381,2026-09-30 12:54:07,LOC_0026,LOC_0031,Same Day,58249.84,2766.15,2025-12-17 16:34:57,In Transit
ORD_0004991,CUST_000312,2026-09-29 09:26:35,LOC_0046,LOC_0042,Standard,32045.95,1844.16,2025-12-23 17:19:36,In Transit
ORD_0004992,CUST_000330,2026-09-29 01:13:06,LOC_0033,LOC_0038,Express,38386.4,2583.42,2026-02-08 05:15:30,In Transit
ORD_0004993,CUST_000710,2026-09-29 19:51:00,LOC_0003,LOC_0013,Standard,48205.25,1366.69,2026-02-10 22:36:35,In Transit
ORD_0004994,CUST_000406,2026-09-30 00:35:50,LOC_0021,LOC_0033,Standard,14986.81,2123.04,2026-05-04 17:32:10,Dispatched
ORD_0004995,CUST_000266,2026-09-29 19:17:26,LOC_0024,LOC_0001,Standard,47649.98,27.99,2026-09-03 08:03:56,In Transit
ORD_0004996,CUST_000685,2026-09-30 11:24:42,LOC_0014,LOC_0034,Express,59093.43,1264.88,2026-05-05 06:06:35,In Transit
ORD_0004997,CUST_000951,2026-09-30 02:51:00,LOC_0032,LOC_0025,Standard,79544.31,3997.33,2026-01-13 17:49:16,In Transit
ORD_0004998,CUST_000687,2026-09-29 05:06:28,LOC_0004,LOC_0007,Standard,48309.45,1371.35,2026-08-06 05:40:18,Dispatched
ORD_0004999,CUST_000795,2026-09-29 02:18:57,LOC_0039,LOC_0043,Urgent,71728.73,1750.89,2026-05-23 08:38:21,Dispatched
ORD_0005000,CUST_000846,2026-09-30 12:54:54,LOC_0034,LOC_0044,Express,45340.22,1060.42,2025-10-21 18:39:53,Dispatched
