Payment_ID,Order_ID,Payment_Date,Payment_Method,Payment_Status,Amount
PAY_0000001,ORD_0000001,2026-04-26 11:25:06,Cash on Delivery,Completed,12017.39
PAY_0000002,ORD_0000002,2026-07-05 07:26:24,UPI,Completed,37435.49
PAY_0000003,ORD_0000003,2025-12-12 15:58:41,UPI,Completed,45449.29
PAY_0000004,ORD_0000004,2026-01-18 05:25:00,Credit Card,Completed,2370.06
PAY_0000005,ORD_0000005,2025-11-26 09:12:21,Credit Card,Completed,7278.85
PAY_0000006,ORD_0000006,2025-10-13 15:55:25,Credit Card,Completed,82885.15
PAY_0000007,ORD_0000007,2026-04-05 12:56:12,UPI,Completed,46939.51
PAY_0000008,ORD_0000008,2026-06-25 21:59:18,Net Banking,Completed,82366.55
PAY_0000009,ORD_0000009,2026-01-31 16:09:42,Credit Card,Refunded,9574.59
PAY_0000010,ORD_0000010,2026-05-05 18:07:26,Credit Card,Completed,3836.78
PAY_0000011,ORD_0000011,2026-02-20 05:32:25,Credit Card,Completed,25484.34
PAY_0000012,ORD_0000012,2026-04-11 21:10:46,UPI,Completed,33242.98
PAY_0000013,ORD_0000013,2026-06-06 21:21:39,Credit Card,Completed,16691.61
PAY_0000014,ORD_0000014,2025-10-24 05:31:07,Credit Card,Completed,7256.35
PAY_0000015,ORD_0000015,2026-04-25 03:19:31,UPI,Completed,8706.58
PAY_0000016,ORD_0000016,2026-09-08 12:20:05,Credit Card,Completed,39261.89
PAY_0000017,ORD_0000017,2026-03-16 21:01:25,UPI,Completed,31910.3
PAY_0000018,ORD_0000018,2025-10-06 23:38:06,Corporate Cheque,Completed,3429.02
PAY_0000019,ORD_0000019,2025-10-15 07:23:47,UPI,Completed,78740.45
PAY_0000020,ORD_0000020,2026-04-08 06:54:04,Credit Card,Completed,27936.48
PAY_0000021,ORD_0000021,2026-07-26 20:24:27,Credit Card,Completed,79105.79
PAY_0000022,ORD_0000022,2026-07-11 18:44:30,Corporate Cheque,Refunded,19157.36
PAY_0000023,ORD_0000023,2025-10-19 19:20:52,UPI,Completed,7475.06
PAY_0000024,ORD_0000024,2026-01-02 18:14:32,Credit Card,Completed,84753.16
PAY_0000025,ORD_0000025,2026-08-15 17:19:13,Net Banking,Refunded,14802.07
PAY_0000026,ORD_0000026,2026-01-03 01:03:34,Cash on Delivery,Refunded,7751.32
PAY_0000027,ORD_0000027,2026-04-21 21:02:36,Net Banking,Completed,45961.46
PAY_0000028,ORD_0000028,2026-03-30 05:29:03,UPI,Completed,59356.51
PAY_0000029,ORD_0000029,2026-01-31 03:49:52,Net Banking,Completed,83023.71
PAY_0000030,ORD_0000030,2026-02-12 07:54:29,UPI,Completed,33742.28
PAY_0000031,ORD_0000031,2026-07-11 02:55:00,Corporate Cheque,Completed,33695.54
PAY_0000032,ORD_0000032,2026-08-07 09:25:17,UPI,Completed,12209.72
PAY_0000033,ORD_0000033,2026-08-22 16:51:07,Credit Card,Completed,61292.72
PAY_0000034,ORD_0000034,2026-05-26 07:56:01,Net Banking,Completed,11615.63
PAY_0000035,ORD_0000035,2026-02-28 03:01:36,UPI,Completed,55388.54
PAY_0000036,ORD_0000036,2026-03-20 06:08:12,Net Banking,Completed,17785.5
PAY_0000037,ORD_0000037,2026-06-06 18:01:32,Credit Card,Completed,48828.46
PAY_0000038,ORD_0000038,2025-10-19 19:09:07,Net Banking,Completed,33235.12
PAY_0000039,ORD_0000039,2026-07-30 02:07:08,Cash on Delivery,Completed,61563.65
PAY_0000040,ORD_0000040,2026-08-05 23:21:29,Credit Card,Completed,58950.12
PAY_0000041,ORD_0000041,2026-02-07 19:49:42,Credit Card,Completed,32661.29
PAY_0000042,ORD_0000042,2026-05-30 10:28:05,UPI,Completed,11617.75
PAY_0000043,ORD_0000043,2026-09-08 06:13:08,Net Banking,Completed,51302.8
PAY_0000044,ORD_0000044,2026-03-11 14:00:19,UPI,Refunded,78272.51
PAY_0000045,ORD_0000045,2026-07-26 02:47:10,UPI,Completed,30935.94
PAY_0000046,ORD_0000046,2026-05-26 08:37:22,Net Banking,Completed,44832.6
PAY_0000047,ORD_0000047,2025-11-20 00:55:57,Net Banking,Completed,49099.56
PAY_0000048,ORD_0000048,2026-08-07 04:01:54,Net Banking,Completed,10464.72
PAY_0000049,ORD_0000049,2025-10-03 00:52:58,UPI,Completed,43315.27
PAY_0000050,ORD_0000050,2026-06-01 05:38:03,Cash on Delivery,Completed,55057.61
PAY_0000051,ORD_0000051,2026-09-10 12:38:11,UPI,Completed,58424.18
PAY_0000052,ORD_0000052,2026-08-29 19:12:32,UPI,Completed,66608.06
PAY_0000053,ORD_0000053,2025-11-05 14:55:05,UPI,Completed,3659.88
PAY_0000054,ORD_0000054,2025-11-21 04:44:55,UPI,Completed,83502.11
PAY_0000055,ORD_0000055,2025-10-09 09:09:59,UPI,Completed,65242.23
PAY_0000056,ORD_0000056,2026-04-18 07:12:40,Net Banking,Completed,1789.19
PAY_0000057,ORD_0000057,2026-04-01 11:18:31,UPI,Completed,37988.23
PAY_0000058,ORD_0000058,2026-07-22 04:45:33,Net Banking,Completed,28582.06
PAY_0000059,ORD_0000059,2025-12-26 13:35:02,Cash on Delivery,Completed,39826.01
PAY_0000060,ORD_0000060,2025-12-05 23:49:15,UPI,Completed,30196.75
PAY_0000061,ORD_0000061,2026-05-29 18:45:29,UPI,Completed,34368.99
PAY_0000062,ORD_0000062,2026-07-14 19:11:08,Net Banking,Completed,15125.72
PAY_0000063,ORD_0000063,2026-02-24 19:15:30,Net Banking,Completed,69288.64
PAY_0000064,ORD_0000064,2025-12-15 15:25:49,Cash on Delivery,Completed,33453.53
PAY_0000065,ORD_0000065,2026-01-22 21:33:06,Cash on Delivery,Completed,34654.68
PAY_0000066,ORD_0000066,2026-02-25 20:03:45,UPI,Completed,27381.76
PAY_0000067,ORD_0000067,2025-10-06 18:17:33,Cash on Delivery,Completed,11846.44
PAY_0000068,ORD_0000068,2026-02-27 01:39:10,UPI,Completed,36338.54
PAY_0000069,ORD_0000069,2025-11-13 14:20:13,Corporate Cheque,Completed,48508.64
PAY_0000070,ORD_0000070,2026-07-15 16:54:03,Credit Card,Completed,7973.72
PAY_0000071,ORD_0000071,2026-08-06 15:52:53,UPI,Completed,36075.86
PAY_0000072,ORD_0000072,2025-10-11 06:14:18,UPI,Completed,25153.15
PAY_0000073,ORD_0000073,2026-02-21 06:22:42,UPI,Completed,62942.73
PAY_0000074,ORD_0000074,2026-01-01 01:26:58,Credit Card,Completed,84457.98
PAY_0000075,ORD_0000075,2026-04-25 11:11:21,Credit Card,Completed,40744.5
PAY_0000076,ORD_0000076,2026-04-24 23:45:53,Corporate Cheque,Completed,81271.08
PAY_0000077,ORD_0000077,2026-05-17 07:11:36,Net Banking,Completed,63798.18
PAY_0000078,ORD_0000078,2025-12-14 15:11:01,Net Banking,Completed,19040.68
PAY_0000079,ORD_0000079,2026-05-08 11:43:44,UPI,Completed,55965.35
PAY_0000080,ORD_0000080,2025-10-29 09:26:16,UPI,Completed,27827.65
PAY_0000081,ORD_0000081,2026-03-17 03:20:35,Net Banking,Completed,9662.37
PAY_0000082,ORD_0000082,2026-06-29 12:31:21,UPI,Completed,56659.19
PAY_0000083,ORD_0000083,2025-11-16 17:25:06,Cash on Delivery,Completed,58742.58
PAY_0000084,ORD_0000084,2026-06-09 05:35:58,Net Banking,Completed,39339.53
PAY_0000085,ORD_0000085,2026-07-07 04:11:21,UPI,Refunded,12325.18
PAY_0000086,ORD_0000086,2025-11-15 13:23:08,Credit Card,Completed,67067.29
PAY_0000087,ORD_0000087,2025-10-18 10:26:16,Net Banking,Completed,40318.06
PAY_0000088,ORD_0000088,2026-08-07 00:29:17,UPI,Completed,9484.99
PAY_0000089,ORD_0000089,2025-10-18 08:28:57,UPI,Completed,82016.51
PAY_0000090,ORD_0000090,2026-02-23 17:34:50,UPI,Completed,67343.92
PAY_0000091,ORD_0000091,2026-06-06 03:15:35,Net Banking,Completed,59004.28
PAY_0000092,ORD_0000092,2025-11-15 07:06:15,Corporate Cheque,Refunded,886.17
PAY_0000093,ORD_0000093,2025-11-27 14:35:32,Corporate Cheque,Completed,4984.33
PAY_0000094,ORD_0000094,2025-11-10 04:53:37,Cash on Delivery,Completed,75711.73
PAY_0000095,ORD_0000095,2026-02-04 07:31:28,UPI,Completed,28020.38
PAY_0000096,ORD_0000096,2026-07-07 04:53:19,UPI,Completed,33229.41
PAY_0000097,ORD_0000097,2025-11-30 13:13:23,Net Banking,Completed,19077.63
PAY_0000098,ORD_0000098,2026-07-11 03:54:38,Cash on Delivery,Completed,71225.57
PAY_0000099,ORD_0000099,2025-10-13 17:19:05,UPI,Completed,40270.15
PAY_0000100,ORD_0000100,2026-06-17 11:41:56,Credit Card,Completed,84911.42
PAY_0000101,ORD_0000101,2026-06-01 06:36:30,Cash on Delivery,Completed,59979.72
PAY_0000102,ORD_0000102,2025-10-21 22:36:01,Cash on Delivery,Completed,52928.47
PAY_0000103,ORD_0000103,2026-02-07 17:33:22,UPI,Completed,65867.13
PAY_0000104,ORD_0000104,2026-04-13 09:45:20,UPI,Completed,32002.76
PAY_0000105,ORD_0000105,2025-11-03 13:27:42,Cash on Delivery,Completed,16415.88
PAY_0000106,ORD_0000106,2026-04-02 16:58:57,Net Banking,Completed,58163.09
PAY_0000107,ORD_0000107,2026-06-28 07:00:28,Net Banking,Completed,28072.89
PAY_0000108,ORD_0000108,2026-03-26 17:09:42,Net Banking,Refunded,4498.45
PAY_0000109,ORD_0000109,2026-01-31 14:53:07,Net Banking,Completed,20603.0
PAY_0000110,ORD_0000110,2026-04-12 14:36:17,Cash on Delivery,Completed,10765.91
PAY_0000111,ORD_0000111,2026-06-16 15:36:46,Net Banking,Completed,64226.66
PAY_0000112,ORD_0000112,2026-02-04 09:47:28,Net Banking,Completed,19120.83
PAY_0000113,ORD_0000113,2026-02-01 01:16:09,Net Banking,Completed,43746.05
PAY_0000114,ORD_0000114,2026-07-10 07:50:12,Credit Card,Completed,74378.5
PAY_0000115,ORD_0000115,2026-09-02 13:45:43,UPI,Completed,18057.73
PAY_0000116,ORD_0000116,2026-01-21 01:40:39,UPI,Completed,17337.26
PAY_0000117,ORD_0000117,2026-06-16 06:32:54,Net Banking,Completed,54289.39
PAY_0000118,ORD_0000118,2026-04-03 12:44:22,Credit Card,Refunded,73875.23
PAY_0000119,ORD_0000119,2025-12-03 02:01:02,UPI,Completed,74717.81
PAY_0000120,ORD_0000120,2026-01-31 10:58:48,Credit Card,Completed,14622.99
PAY_0000121,ORD_0000121,2025-12-02 23:11:37,UPI,Completed,41473.97
PAY_0000122,ORD_0000122,2026-08-14 15:54:17,UPI,Completed,39411.52
PAY_0000123,ORD_0000123,2026-08-29 09:46:54,Credit Card,Completed,69331.51
PAY_0000124,ORD_0000124,2026-05-19 00:28:16,UPI,Completed,3270.98
PAY_0000125,ORD_0000125,2026-08-25 03:50:09,UPI,Completed,30204.59
PAY_0000126,ORD_0000126,2025-12-14 01:17:15,UPI,Refunded,1681.67
PAY_0000127,ORD_0000127,2025-11-11 08:04:19,UPI,Completed,50302.66
PAY_0000128,ORD_0000128,2026-07-08 02:23:09,UPI,Completed,31025.66
PAY_0000129,ORD_0000129,2026-09-13 03:36:10,Net Banking,Completed,36662.76
PAY_0000130,ORD_0000130,2025-11-09 03:44:16,Cash on Delivery,Completed,33861.57
PAY_0000131,ORD_0000131,2026-05-19 05:05:14,Credit Card,Completed,65127.04
PAY_0000132,ORD_0000132,2026-06-01 16:45:39,UPI,Refunded,21683.29
PAY_0000133,ORD_0000133,2025-10-30 08:58:40,Net Banking,Completed,53056.19
PAY_0000134,ORD_0000134,2025-11-15 22:08:44,UPI,Completed,84215.13
PAY_0000135,ORD_0000135,2025-11-12 03:19:57,Net Banking,Completed,60978.61
PAY_0000136,ORD_0000136,2026-01-19 02:42:07,UPI,Completed,57663.22
PAY_0000137,ORD_0000137,2026-06-14 10:53:19,UPI,Completed,30697.43
PAY_0000138,ORD_0000138,2026-03-13 05:26:55,Credit Card,Completed,36198.97
PAY_0000139,ORD_0000139,2026-02-09 12:29:19,UPI,Completed,42983.94
PAY_0000140,ORD_0000140,2026-05-31 05:16:15,UPI,Completed,48962.5
PAY_0000141,ORD_0000141,2026-06-15 07:35:59,UPI,Completed,43142.04
PAY_0000142,ORD_0000142,2026-08-16 15:14:51,Net Banking,Completed,42682.71
PAY_0000143,ORD_0000143,2026-07-24 22:57:34,Net Banking,Completed,20811.6
PAY_0000144,ORD_0000144,2026-01-04 00:49:06,UPI,Completed,10095.7
PAY_0000145,ORD_0000145,2025-10-17 01:10:10,Net Banking,Refunded,47034.67
PAY_0000146,ORD_0000146,2026-07-08 22:11:22,UPI,Completed,8130.88
PAY_0000147,ORD_0000147,2026-02-05 13:07:08,Credit Card,Completed,10832.39
PAY_0000148,ORD_0000148,2026-01-31 13:33:07,Net Banking,Completed,32162.57
PAY_0000149,ORD_0000149,2026-08-02 23:54:33,UPI,Completed,80001.68
PAY_0000150,ORD_0000150,2026-01-07 21:40:54,Cash on Delivery,Completed,81683.2
PAY_0000151,ORD_0000151,2026-04-09 14:36:08,Net Banking,Completed,7267.99
PAY_0000152,ORD_0000152,2025-10-20 21:21:53,UPI,Completed,38800.62
PAY_0000153,ORD_0000153,2026-08-25 13:56:43,Net Banking,Completed,70687.51
PAY_0000154,ORD_0000154,2026-08-20 19:18:28,UPI,Completed,33750.26
PAY_0000155,ORD_0000155,2025-11-27 14:57:26,UPI,Completed,52721.34
PAY_0000156,ORD_0000156,2026-01-12 00:47:32,Net Banking,Completed,80441.42
PAY_0000157,ORD_0000157,2026-05-28 13:01:56,UPI,Completed,25021.31
PAY_0000158,ORD_0000158,2026-05-04 23:16:04,UPI,Completed,50963.06
PAY_0000159,ORD_0000159,2026-03-02 22:39:34,UPI,Completed,52861.09
PAY_0000160,ORD_0000160,2025-10-17 19:17:23,Net Banking,Refunded,12481.74
PAY_0000161,ORD_0000161,2026-01-31 04:40:30,Net Banking,Completed,26949.37
PAY_0000162,ORD_0000162,2026-09-13 07:21:22,UPI,Completed,39972.72
PAY_0000163,ORD_0000163,2026-01-14 14:14:12,Credit Card,Completed,14720.93
PAY_0000164,ORD_0000164,2025-11-17 00:37:23,Net Banking,Completed,24521.77
PAY_0000165,ORD_0000165,2026-03-25 15:08:07,Credit Card,Completed,82445.61
PAY_0000166,ORD_0000166,2026-01-01 21:16:39,Cash on Delivery,Refunded,8320.56
PAY_0000167,ORD_0000167,2026-03-17 13:45:28,Cash on Delivery,Completed,10690.87
PAY_0000168,ORD_0000168,2026-02-20 15:57:37,Net Banking,Completed,8123.79
PAY_0000169,ORD_0000169,2026-03-31 11:54:15,Cash on Delivery,Completed,55190.55
PAY_0000170,ORD_0000170,2026-04-16 23:30:10,UPI,Completed,78012.02
PAY_0000171,ORD_0000171,2026-03-11 07:34:51,UPI,Completed,71725.88
PAY_0000172,ORD_0000172,2026-03-18 02:53:03,UPI,Completed,22412.34
PAY_0000173,ORD_0000173,2026-06-19 08:15:08,Credit Card,Refunded,82796.4
PAY_0000174,ORD_0000174,2026-06-09 13:28:30,UPI,Completed,73086.52
PAY_0000175,ORD_0000175,2025-10-08 06:34:45,Net Banking,Completed,38124.97
PAY_0000176,ORD_0000176,2026-05-03 22:13:40,UPI,Refunded,62783.12
PAY_0000177,ORD_0000177,2025-10-25 07:44:48,Net Banking,Completed,36159.38
PAY_0000178,ORD_0000178,2026-05-16 21:13:41,UPI,Completed,37520.35
PAY_0000179,ORD_0000179,2025-12-20 03:12:33,Credit Card,Completed,82544.57
PAY_0000180,ORD_0000180,2026-01-09 22:42:31,UPI,Completed,84937.57
PAY_0000181,ORD_0000181,2026-09-13 18:05:18,Credit Card,Completed,65573.02
PAY_0000182,ORD_0000182,2025-10-16 22:46:07,UPI,Completed,80553.91
PAY_0000183,ORD_0000183,2026-08-26 05:24:53,Corporate Cheque,Completed,28774.34
PAY_0000184,ORD_0000184,2026-07-20 04:02:35,Net Banking,Completed,53687.71
PAY_0000185,ORD_0000185,2026-04-19 13:44:28,UPI,Refunded,65577.83
PAY_0000186,ORD_0000186,2026-07-04 16:46:15,Cash on Delivery,Completed,49050.09
PAY_0000187,ORD_0000187,2025-11-26 16:29:11,Net Banking,Completed,76567.62
PAY_0000188,ORD_0000188,2026-07-09 06:12:41,Cash on Delivery,Completed,3623.98
PAY_0000189,ORD_0000189,2026-07-28 07:28:31,Net Banking,Completed,50566.55
PAY_0000190,ORD_0000190,2026-03-25 15:33:22,UPI,Completed,25677.71
PAY_0000191,ORD_0000191,2025-11-24 00:16:50,Net Banking,Completed,69374.2
PAY_0000192,ORD_0000192,2025-11-20 03:59:47,Net Banking,Completed,8295.01
PAY_0000193,ORD_0000193,2026-03-11 13:35:59,UPI,Completed,79172.51
PAY_0000194,ORD_0000194,2025-11-15 18:33:54,Net Banking,Completed,13752.95
PAY_0000195,ORD_0000195,2025-10-19 13:08:45,UPI,Completed,12510.81
PAY_0000196,ORD_0000196,2026-02-24 04:35:43,Credit Card,Completed,38725.64
PAY_0000197,ORD_0000197,2026-02-28 01:06:41,UPI,Completed,53293.1
PAY_0000198,ORD_0000198,2025-11-17 17:34:48,UPI,Completed,60275.2
PAY_0000199,ORD_0000199,2026-01-15 10:44:18,UPI,Completed,45442.12
PAY_0000200,ORD_0000200,2026-04-23 15:59:10,UPI,Completed,15752.93
PAY_0000201,ORD_0000201,2026-07-04 16:08:44,UPI,Completed,81714.92
PAY_0000202,ORD_0000202,2026-04-14 13:05:55,UPI,Completed,20483.5
PAY_0000203,ORD_0000203,2026-08-01 14:29:43,Net Banking,Completed,21313.71
PAY_0000204,ORD_0000204,2026-08-12 06:04:25,Credit Card,Completed,47410.36
PAY_0000205,ORD_0000205,2025-12-02 08:11:39,Net Banking,Completed,71537.81
PAY_0000206,ORD_0000206,2026-06-04 07:58:51,Credit Card,Completed,75192.22
PAY_0000207,ORD_0000207,2025-10-02 07:38:14,Credit Card,Completed,78430.78
PAY_0000208,ORD_0000208,2026-02-14 18:00:04,UPI,Refunded,57251.31
PAY_0000209,ORD_0000209,2025-10-08 08:16:49,Credit Card,Completed,38066.81
PAY_0000210,ORD_0000210,2025-10-03 10:14:31,Credit Card,Completed,59992.03
PAY_0000211,ORD_0000211,2025-10-25 21:57:20,Cash on Delivery,Completed,6022.97
PAY_0000212,ORD_0000212,2026-03-15 12:32:50,Cash on Delivery,Completed,75122.11
PAY_0000213,ORD_0000213,2026-03-12 18:59:51,UPI,Completed,61443.11
PAY_0000214,ORD_0000214,2025-10-25 01:32:05,UPI,Completed,17136.09
PAY_0000215,ORD_0000215,2026-08-05 01:30:14,UPI,Completed,5099.58
PAY_0000216,ORD_0000216,2026-08-08 06:39:30,UPI,Completed,5994.88
PAY_0000217,ORD_0000217,2026-03-25 17:57:03,Credit Card,Completed,67041.62
PAY_0000218,ORD_0000218,2026-08-03 05:29:46,Cash on Delivery,Completed,50792.3
PAY_0000219,ORD_0000219,2026-06-10 18:08:57,UPI,Completed,49892.13
PAY_0000220,ORD_0000220,2026-05-05 22:05:11,Net Banking,Completed,20559.23
PAY_0000221,ORD_0000221,2026-02-08 00:12:03,Net Banking,Completed,28481.79
PAY_0000222,ORD_0000222,2026-07-26 01:26:41,UPI,Refunded,18510.2
PAY_0000223,ORD_0000223,2025-12-15 03:41:24,Cash on Delivery,Completed,10233.5
PAY_0000224,ORD_0000224,2026-01-10 07:55:54,UPI,Completed,17060.95
PAY_0000225,ORD_0000225,2026-08-06 23:20:04,Cash on Delivery,Refunded,14979.9
PAY_0000226,ORD_0000226,2026-06-04 17:08:02,UPI,Completed,27366.91
PAY_0000227,ORD_0000227,2026-04-08 13:30:30,UPI,Completed,43448.77
PAY_0000228,ORD_0000228,2026-04-06 08:19:25,Net Banking,Completed,60705.14
PAY_0000229,ORD_0000229,2026-05-10 13:13:35,Credit Card,Completed,26356.92
PAY_0000230,ORD_0000230,2026-02-20 09:11:41,UPI,Completed,38622.28
PAY_0000231,ORD_0000231,2025-12-28 02:15:26,UPI,Completed,7104.44
PAY_0000232,ORD_0000232,2026-07-14 23:34:00,UPI,Completed,84865.23
PAY_0000233,ORD_0000233,2026-03-04 00:39:11,Credit Card,Completed,64818.07
PAY_0000234,ORD_0000234,2026-03-11 20:57:06,Net Banking,Completed,36733.01
PAY_0000235,ORD_0000235,2026-07-19 22:48:11,Credit Card,Completed,19553.96
PAY_0000236,ORD_0000236,2026-02-25 17:57:54,UPI,Completed,51862.25
PAY_0000237,ORD_0000237,2026-04-08 09:56:29,UPI,Completed,3209.0
PAY_0000238,ORD_0000238,2025-11-12 16:07:37,Net Banking,Completed,35217.77
PAY_0000239,ORD_0000239,2026-05-16 19:35:25,Credit Card,Completed,51513.45
PAY_0000240,ORD_0000240,2025-10-15 20:03:54,UPI,Completed,41986.0
PAY_0000241,ORD_0000241,2026-06-13 14:48:23,Net Banking,Completed,37010.47
PAY_0000242,ORD_0000242,2026-03-09 09:06:31,Net Banking,Refunded,76738.83
PAY_0000243,ORD_0000243,2026-06-05 18:24:13,Credit Card,Completed,4271.67
PAY_0000244,ORD_0000244,2025-11-01 17:10:39,UPI,Completed,39728.75
PAY_0000245,ORD_0000245,2026-07-24 04:56:03,UPI,Completed,33526.78
PAY_0000246,ORD_0000246,2025-11-09 13:39:17,UPI,Completed,56484.63
PAY_0000247,ORD_0000247,2025-12-14 06:34:12,UPI,Completed,84095.06
PAY_0000248,ORD_0000248,2025-11-16 13:40:35,UPI,Completed,46273.87
PAY_0000249,ORD_0000249,2025-12-24 12:55:12,Credit Card,Completed,31678.81
PAY_0000250,ORD_0000250,2026-07-27 05:53:50,UPI,Completed,33333.78
PAY_0000251,ORD_0000251,2025-12-29 23:37:46,Credit Card,Completed,50141.09
PAY_0000252,ORD_0000252,2026-07-09 08:16:59,Cash on Delivery,Completed,17770.56
PAY_0000253,ORD_0000253,2026-01-02 17:48:34,UPI,Completed,72065.99
PAY_0000254,ORD_0000254,2025-10-20 21:18:23,UPI,Completed,42043.77
PAY_0000255,ORD_0000255,2026-03-14 07:48:29,UPI,Completed,14371.42
PAY_0000256,ORD_0000256,2026-03-17 23:49:00,Credit Card,Completed,36217.92
PAY_0000257,ORD_0000257,2026-03-25 19:40:21,Net Banking,Completed,22241.15
PAY_0000258,ORD_0000258,2026-07-15 21:37:04,Net Banking,Completed,78720.9
PAY_0000259,ORD_0000259,2026-02-13 00:53:26,Net Banking,Completed,65672.35
PAY_0000260,ORD_0000260,2026-06-16 04:18:54,UPI,Completed,60204.23
PAY_0000261,ORD_0000261,2026-09-15 13:38:24,Cash on Delivery,Completed,32977.38
PAY_0000262,ORD_0000262,2025-11-12 02:13:36,Credit Card,Completed,78605.09
PAY_0000263,ORD_0000263,2026-03-11 12:52:14,Credit Card,Completed,65881.34
PAY_0000264,ORD_0000264,2026-07-22 11:40:46,Corporate Cheque,Completed,5483.98
PAY_0000265,ORD_0000265,2026-06-18 22:39:42,UPI,Completed,49987.12
PAY_0000266,ORD_0000266,2026-07-21 14:38:47,Net Banking,Completed,22963.12
PAY_0000267,ORD_0000267,2026-03-05 16:43:38,Cash on Delivery,Completed,760.65
PAY_0000268,ORD_0000268,2025-12-12 15:22:57,Net Banking,Completed,40654.35
PAY_0000269,ORD_0000269,2026-04-03 13:21:47,Cash on Delivery,Refunded,67589.65
PAY_0000270,ORD_0000270,2026-08-06 02:43:35,Credit Card,Completed,43141.79
PAY_0000271,ORD_0000271,2026-07-05 15:07:00,Cash on Delivery,Completed,8056.99
PAY_0000272,ORD_0000272,2026-06-26 07:44:04,UPI,Completed,61797.52
PAY_0000273,ORD_0000273,2025-12-26 11:13:48,UPI,Completed,72843.92
PAY_0000274,ORD_0000274,2025-10-24 16:32:40,UPI,Completed,49249.47
PAY_0000275,ORD_0000275,2026-01-31 08:17:52,Cash on Delivery,Completed,1276.43
PAY_0000276,ORD_0000276,2026-08-25 20:29:07,Net Banking,Completed,58686.7
PAY_0000277,ORD_0000277,2026-09-01 18:19:42,Cash on Delivery,Completed,19518.56
PAY_0000278,ORD_0000278,2025-10-28 13:20:34,UPI,Completed,29931.96
PAY_0000279,ORD_0000279,2026-03-21 06:15:24,UPI,Completed,55816.57
PAY_0000280,ORD_0000280,2026-03-15 12:30:56,UPI,Completed,12972.66
PAY_0000281,ORD_0000281,2025-11-15 19:13:18,Net Banking,Completed,61555.51
PAY_0000282,ORD_0000282,2026-03-22 12:22:18,UPI,Completed,32787.53
PAY_0000283,ORD_0000283,2026-06-07 23:40:41,UPI,Completed,50598.28
PAY_0000284,ORD_0000284,2025-10-25 11:47:17,Net Banking,Completed,66703.6
PAY_0000285,ORD_0000285,2026-05-11 23:57:44,UPI,Completed,27058.02
PAY_0000286,ORD_0000286,2026-04-20 09:22:44,UPI,Completed,21484.48
PAY_0000287,ORD_0000287,2025-12-12 16:36:31,Cash on Delivery,Completed,69770.0
PAY_0000288,ORD_0000288,2026-03-26 18:36:41,UPI,Completed,55405.48
PAY_0000289,ORD_0000289,2025-12-03 08:56:39,UPI,Completed,55236.66
PAY_0000290,ORD_0000290,2026-02-07 04:33:32,UPI,Completed,54595.0
PAY_0000291,ORD_0000291,2025-11-06 18:11:16,Credit Card,Completed,50255.89
PAY_0000292,ORD_0000292,2026-09-08 04:38:05,Net Banking,Completed,67149.16
PAY_0000293,ORD_0000293,2026-07-29 14:59:22,Net Banking,Completed,54511.85
PAY_0000294,ORD_0000294,2026-08-29 20:20:34,UPI,Completed,69284.96
PAY_0000295,ORD_0000295,2026-03-14 07:24:56,Cash on Delivery,Completed,42145.87
PAY_0000296,ORD_0000296,2026-06-30 12:32:52,UPI,Completed,63530.01
PAY_0000297,ORD_0000297,2026-03-13 19:38:32,UPI,Completed,43906.34
PAY_0000298,ORD_0000298,2025-12-24 02:46:20,Cash on Delivery,Completed,62863.17
PAY_0000299,ORD_0000299,2026-07-08 05:09:15,UPI,Completed,9555.36
PAY_0000300,ORD_0000300,2026-01-24 21:21:23,Cash on Delivery,Completed,19605.05
PAY_0000301,ORD_0000301,2026-01-19 07:22:36,UPI,Completed,60429.04
PAY_0000302,ORD_0000302,2026-07-19 08:28:02,Cash on Delivery,Completed,58106.73
PAY_0000303,ORD_0000303,2026-05-20 12:56:16,Net Banking,Completed,70621.12
PAY_0000304,ORD_0000304,2026-06-16 10:33:06,UPI,Completed,22768.35
PAY_0000305,ORD_0000305,2025-12-14 07:04:30,Net Banking,Completed,34408.43
PAY_0000306,ORD_0000306,2026-01-26 19:54:24,UPI,Completed,43583.48
PAY_0000307,ORD_0000307,2026-01-06 14:56:50,UPI,Refunded,51751.09
PAY_0000308,ORD_0000308,2026-05-23 11:58:35,Credit Card,Completed,63277.76
PAY_0000309,ORD_0000309,2025-11-07 23:04:09,Net Banking,Completed,16802.37
PAY_0000310,ORD_0000310,2026-08-25 05:49:50,Corporate Cheque,Completed,75839.07
PAY_0000311,ORD_0000311,2025-10-18 07:28:55,UPI,Refunded,59371.68
PAY_0000312,ORD_0000312,2026-05-07 02:32:07,Net Banking,Completed,37489.45
PAY_0000313,ORD_0000313,2026-07-02 17:03:51,UPI,Completed,26138.16
PAY_0000314,ORD_0000314,2026-04-26 06:39:16,Net Banking,Completed,21541.18
PAY_0000315,ORD_0000315,2025-10-04 16:40:47,UPI,Completed,83754.58
PAY_0000316,ORD_0000316,2026-06-03 23:55:29,UPI,Completed,55748.19
PAY_0000317,ORD_0000317,2025-11-06 00:52:57,Net Banking,Completed,31650.08
PAY_0000318,ORD_0000318,2025-10-28 15:24:39,Net Banking,Completed,51860.97
PAY_0000319,ORD_0000319,2025-10-17 15:21:19,Credit Card,Completed,65011.17
PAY_0000320,ORD_0000320,2026-07-22 16:16:21,Net Banking,Completed,7679.56
PAY_0000321,ORD_0000321,2026-09-09 22:01:43,UPI,Completed,46522.26
PAY_0000322,ORD_0000322,2025-11-12 10:13:26,Corporate Cheque,Completed,9998.53
PAY_0000323,ORD_0000323,2025-11-28 00:00:14,Credit Card,Completed,51167.17
PAY_0000324,ORD_0000324,2026-06-12 08:46:19,UPI,Completed,79346.52
PAY_0000325,ORD_0000325,2026-06-26 23:01:09,Net Banking,Refunded,27482.18
PAY_0000326,ORD_0000326,2025-12-29 00:34:28,Net Banking,Completed,42124.82
PAY_0000327,ORD_0000327,2025-11-21 12:53:33,UPI,Completed,31122.67
PAY_0000328,ORD_0000328,2026-06-27 20:40:54,UPI,Completed,63621.11
PAY_0000329,ORD_0000329,2026-08-19 09:44:01,UPI,Completed,21206.37
PAY_0000330,ORD_0000330,2025-10-23 23:10:59,UPI,Completed,1616.2
PAY_0000331,ORD_0000331,2026-03-14 04:27:41,UPI,Completed,42908.22
PAY_0000332,ORD_0000332,2026-06-26 13:45:08,UPI,Completed,51629.55
PAY_0000333,ORD_0000333,2026-01-18 05:59:40,UPI,Completed,72038.48
PAY_0000334,ORD_0000334,2026-04-06 13:05:35,UPI,Completed,4291.9
PAY_0000335,ORD_0000335,2026-07-15 14:45:45,Net Banking,Completed,8728.6
PAY_0000336,ORD_0000336,2026-07-06 16:26:35,UPI,Completed,75299.73
PAY_0000337,ORD_0000337,2026-02-17 13:56:37,Cash on Delivery,Completed,66862.23
PAY_0000338,ORD_0000338,2026-09-02 13:34:06,Credit Card,Refunded,65253.81
PAY_0000339,ORD_0000339,2026-07-27 10:40:32,Corporate Cheque,Completed,8039.87
PAY_0000340,ORD_0000340,2026-03-20 20:30:49,Credit Card,Completed,52863.26
PAY_0000341,ORD_0000341,2026-05-06 10:43:26,Cash on Delivery,Completed,67304.91
PAY_0000342,ORD_0000342,2025-11-12 00:47:54,Credit Card,Completed,45717.28
PAY_0000343,ORD_0000343,2026-04-01 04:15:01,UPI,Completed,3734.86
PAY_0000344,ORD_0000344,2026-06-04 12:42:13,UPI,Completed,58270.24
PAY_0000345,ORD_0000345,2026-02-10 11:29:05,UPI,Refunded,8311.29
PAY_0000346,ORD_0000346,2026-05-06 11:36:51,Net Banking,Completed,48691.78
PAY_0000347,ORD_0000347,2026-01-31 12:53:12,Corporate Cheque,Completed,79407.74
PAY_0000348,ORD_0000348,2025-12-12 12:42:29,Net Banking,Completed,3583.06
PAY_0000349,ORD_0000349,2026-09-02 15:51:38,Net Banking,Completed,76267.34
PAY_0000350,ORD_0000350,2026-04-29 10:48:07,UPI,Completed,15447.64
PAY_0000351,ORD_0000351,2025-11-09 22:08:32,Credit Card,Completed,1888.04
PAY_0000352,ORD_0000352,2025-11-17 23:38:19,Credit Card,Completed,10175.34
PAY_0000353,ORD_0000353,2026-03-10 17:11:24,UPI,Completed,26475.02
PAY_0000354,ORD_0000354,2026-03-01 15:18:49,Net Banking,Completed,84394.06
PAY_0000355,ORD_0000355,2025-11-15 15:14:56,Credit Card,Completed,60497.1
PAY_0000356,ORD_0000356,2025-10-31 06:07:53,UPI,Completed,52729.42
PAY_0000357,ORD_0000357,2026-07-26 20:08:19,UPI,Completed,66412.45
PAY_0000358,ORD_0000358,2026-04-10 14:19:58,Cash on Delivery,Completed,76094.1
PAY_0000359,ORD_0000359,2025-12-09 11:48:09,Cash on Delivery,Completed,77251.55
PAY_0000360,ORD_0000360,2026-05-24 01:09:49,UPI,Completed,22005.34
PAY_0000361,ORD_0000361,2025-11-05 08:54:22,Net Banking,Completed,23624.82
PAY_0000362,ORD_0000362,2025-11-09 14:43:56,Credit Card,Completed,61119.97
PAY_0000363,ORD_0000363,2026-05-08 21:42:55,Cash on Delivery,Completed,51816.48
PAY_0000364,ORD_0000364,2025-11-14 04:34:01,UPI,Completed,45327.1
PAY_0000365,ORD_0000365,2026-08-05 11:44:14,UPI,Completed,28289.46
PAY_0000366,ORD_0000366,2026-06-22 13:37:56,UPI,Completed,48998.64
PAY_0000367,ORD_0000367,2025-10-08 22:04:26,Net Banking,Completed,50453.96
PAY_0000368,ORD_0000368,2026-03-10 20:45:02,UPI,Completed,40205.99
PAY_0000369,ORD_0000369,2026-08-24 01:34:11,Net Banking,Completed,54672.71
PAY_0000370,ORD_0000370,2026-04-27 09:57:32,Cash on Delivery,Refunded,69137.83
PAY_0000371,ORD_0000371,2025-12-05 19:15:22,Net Banking,Completed,69155.03
PAY_0000372,ORD_0000372,2026-04-09 00:01:02,UPI,Refunded,20824.23
PAY_0000373,ORD_0000373,2026-08-29 01:00:39,UPI,Completed,20980.79
PAY_0000374,ORD_0000374,2026-07-23 00:07:48,Credit Card,Refunded,45085.97
PAY_0000375,ORD_0000375,2025-12-12 15:44:19,Net Banking,Completed,43887.71
PAY_0000376,ORD_0000376,2026-03-25 10:44:15,UPI,Completed,2915.54
PAY_0000377,ORD_0000377,2026-03-13 18:25:39,UPI,Completed,55308.54
PAY_0000378,ORD_0000378,2026-01-12 00:37:46,Net Banking,Completed,4990.14
PAY_0000379,ORD_0000379,2026-07-01 18:36:55,Credit Card,Completed,17702.13
PAY_0000380,ORD_0000380,2025-11-24 17:44:14,Credit Card,Refunded,16330.6
PAY_0000381,ORD_0000381,2025-10-01 00:57:58,UPI,Completed,30256.14
PAY_0000382,ORD_0000382,2026-03-25 10:30:31,UPI,Completed,26238.89
PAY_0000383,ORD_0000383,2026-05-20 00:32:03,UPI,Completed,72912.8
PAY_0000384,ORD_0000384,2026-07-16 17:43:15,Cash on Delivery,Completed,82743.05
PAY_0000385,ORD_0000385,2026-01-15 22:36:42,UPI,Completed,28486.03
PAY_0000386,ORD_0000386,2025-11-28 00:02:33,UPI,Completed,58427.01
PAY_0000387,ORD_0000387,2026-06-14 01:36:31,UPI,Completed,26341.92
PAY_0000388,ORD_0000388,2025-11-01 00:03:51,UPI,Completed,17123.47
PAY_0000389,ORD_0000389,2026-05-13 04:34:46,Credit Card,Completed,57869.01
PAY_0000390,ORD_0000390,2026-04-23 03:53:11,UPI,Completed,70960.52
PAY_0000391,ORD_0000391,2026-01-26 02:11:51,Net Banking,Completed,64369.87
PAY_0000392,ORD_0000392,2026-08-22 13:45:40,UPI,Completed,64973.12
PAY_0000393,ORD_0000393,2025-12-19 07:07:28,Net Banking,Completed,62976.21
PAY_0000394,ORD_0000394,2025-11-29 01:51:16,UPI,Completed,17459.14
PAY_0000395,ORD_0000395,2026-01-09 17:47:30,Credit Card,Completed,20351.4
PAY_0000396,ORD_0000396,2026-01-21 07:10:06,UPI,Completed,46694.55
PAY_0000397,ORD_0000397,2025-10-04 22:34:44,UPI,Completed,39123.45
PAY_0000398,ORD_0000398,2025-12-21 12:20:54,Credit Card,Completed,42803.94
PAY_0000399,ORD_0000399,2026-03-02 15:28:01,Credit Card,Completed,66829.2
PAY_0000400,ORD_0000400,2026-05-28 10:49:10,UPI,Completed,81213.94
PAY_0000401,ORD_0000401,2026-07-21 04:14:52,Cash on Delivery,Refunded,15202.83
PAY_0000402,ORD_0000402,2026-02-02 09:01:22,Net Banking,Completed,71537.41
PAY_0000403,ORD_0000403,2026-05-14 17:13:28,Corporate Cheque,Completed,68832.8
PAY_0000404,ORD_0000404,2026-06-07 01:40:29,UPI,Completed,62183.07
PAY_0000405,ORD_0000405,2026-07-31 12:09:50,UPI,Completed,6488.31
PAY_0000406,ORD_0000406,2025-10-29 16:46:30,UPI,Completed,74139.5
PAY_0000407,ORD_0000407,2026-03-13 07:43:15,UPI,Completed,55698.1
PAY_0000408,ORD_0000408,2026-08-20 22:21:53,UPI,Completed,48145.85
PAY_0000409,ORD_0000409,2026-03-17 05:40:06,Credit Card,Completed,43392.56
PAY_0000410,ORD_0000410,2026-06-27 17:47:39,Credit Card,Completed,4905.87
PAY_0000411,ORD_0000411,2025-12-27 20:55:07,Credit Card,Completed,20106.82
PAY_0000412,ORD_0000412,2026-06-12 02:35:31,Corporate Cheque,Completed,4194.29
PAY_0000413,ORD_0000413,2026-03-21 22:02:41,Cash on Delivery,Completed,76350.59
PAY_0000414,ORD_0000414,2026-04-07 11:23:10,UPI,Completed,35215.46
PAY_0000415,ORD_0000415,2026-04-12 09:59:24,UPI,Completed,38842.97
PAY_0000416,ORD_0000416,2026-06-13 22:38:18,UPI,Completed,19465.89
PAY_0000417,ORD_0000417,2026-05-30 01:00:10,Net Banking,Completed,2810.66
PAY_0000418,ORD_0000418,2026-02-25 17:32:31,Corporate Cheque,Completed,44348.14
PAY_0000419,ORD_0000419,2026-01-05 22:48:17,Credit Card,Completed,23675.8
PAY_0000420,ORD_0000420,2026-06-05 07:44:54,UPI,Completed,3626.82
PAY_0000421,ORD_0000421,2026-06-02 11:02:46,Cash on Delivery,Completed,73935.18
PAY_0000422,ORD_0000422,2026-01-08 15:16:50,Credit Card,Completed,60879.44
PAY_0000423,ORD_0000423,2026-06-22 03:13:00,Net Banking,Completed,48695.92
PAY_0000424,ORD_0000424,2026-01-21 14:39:52,Cash on Delivery,Completed,3132.8
PAY_0000425,ORD_0000425,2026-07-09 17:06:00,Credit Card,Completed,70696.41
PAY_0000426,ORD_0000426,2025-10-20 15:10:41,Credit Card,Completed,72121.78
PAY_0000427,ORD_0000427,2025-11-14 11:30:56,Net Banking,Completed,39016.89
PAY_0000428,ORD_0000428,2025-11-18 07:27:28,UPI,Completed,48609.42
PAY_0000429,ORD_0000429,2026-07-27 17:20:30,UPI,Completed,49172.99
PAY_0000430,ORD_0000430,2025-10-29 00:16:54,Cash on Delivery,Completed,36954.98
PAY_0000431,ORD_0000431,2026-07-08 02:55:12,Credit Card,Completed,51940.0
PAY_0000432,ORD_0000432,2026-04-16 11:32:41,Cash on Delivery,Completed,50317.66
PAY_0000433,ORD_0000433,2025-10-19 09:54:41,Cash on Delivery,Completed,20126.27
PAY_0000434,ORD_0000434,2026-01-16 17:07:16,Net Banking,Completed,62268.22
PAY_0000435,ORD_0000435,2026-01-16 20:48:35,UPI,Completed,9467.09
PAY_0000436,ORD_0000436,2026-05-10 11:14:49,Net Banking,Completed,17665.41
PAY_0000437,ORD_0000437,2025-11-14 21:25:44,Credit Card,Refunded,84415.03
PAY_0000438,ORD_0000438,2026-06-24 19:47:41,Cash on Delivery,Completed,57290.88
PAY_0000439,ORD_0000439,2025-12-25 04:06:13,UPI,Completed,50046.02
PAY_0000440,ORD_0000440,2026-05-26 00:42:32,UPI,Completed,37199.94
PAY_0000441,ORD_0000441,2026-04-09 00:55:06,UPI,Completed,74440.8
PAY_0000442,ORD_0000442,2026-02-01 12:09:15,UPI,Completed,10286.72
PAY_0000443,ORD_0000443,2026-03-08 11:52:45,Credit Card,Completed,18676.47
PAY_0000444,ORD_0000444,2026-03-08 19:32:20,Cash on Delivery,Completed,69665.33
PAY_0000445,ORD_0000445,2026-07-01 08:29:59,UPI,Completed,68303.89
PAY_0000446,ORD_0000446,2026-02-06 09:28:32,Net Banking,Completed,68208.62
PAY_0000447,ORD_0000447,2026-01-04 17:02:11,Credit Card,Completed,19935.44
PAY_0000448,ORD_0000448,2026-07-16 01:37:12,Net Banking,Completed,62407.98
PAY_0000449,ORD_0000449,2026-01-11 06:54:35,Net Banking,Refunded,23657.2
PAY_0000450,ORD_0000450,2025-10-07 08:09:03,Credit Card,Refunded,45555.73
PAY_0000451,ORD_0000451,2026-01-29 06:39:43,Credit Card,Completed,40790.13
PAY_0000452,ORD_0000452,2025-12-29 22:09:15,Net Banking,Completed,61596.24
PAY_0000453,ORD_0000453,2026-04-30 12:54:27,Corporate Cheque,Completed,64300.71
PAY_0000454,ORD_0000454,2026-07-18 04:50:13,UPI,Completed,64456.93
PAY_0000455,ORD_0000455,2026-09-07 12:09:16,Net Banking,Completed,37298.01
PAY_0000456,ORD_0000456,2026-07-17 15:56:56,Cash on Delivery,Completed,39613.37
PAY_0000457,ORD_0000457,2025-11-06 02:16:38,UPI,Completed,59773.76
PAY_0000458,ORD_0000458,2026-01-27 09:28:05,Credit Card,Completed,73853.87
PAY_0000459,ORD_0000459,2026-06-08 02:11:15,UPI,Completed,11206.5
PAY_0000460,ORD_0000460,2026-05-27 11:02:22,UPI,Completed,18789.47
PAY_0000461,ORD_0000461,2026-07-28 05:08:20,Net Banking,Completed,20845.31
PAY_0000462,ORD_0000462,2026-06-27 14:37:04,Credit Card,Completed,37447.05
PAY_0000463,ORD_0000463,2025-12-13 20:01:07,UPI,Completed,74546.91
PAY_0000464,ORD_0000464,2025-10-13 16:14:26,Net Banking,Completed,78372.15
PAY_0000465,ORD_0000465,2026-09-05 10:35:15,Net Banking,Completed,41930.39
PAY_0000466,ORD_0000466,2025-10-24 20:35:02,Cash on Delivery,Completed,5236.06
PAY_0000467,ORD_0000467,2026-06-15 17:25:50,Credit Card,Completed,31448.68
PAY_0000468,ORD_0000468,2026-06-04 08:57:27,Credit Card,Completed,58696.56
PAY_0000469,ORD_0000469,2026-05-18 05:31:20,UPI,Completed,62147.01
PAY_0000470,ORD_0000470,2026-07-14 07:35:24,UPI,Completed,73557.51
PAY_0000471,ORD_0000471,2025-11-05 13:03:41,Net Banking,Completed,22415.42
PAY_0000472,ORD_0000472,2026-08-11 13:54:55,UPI,Completed,59834.84
PAY_0000473,ORD_0000473,2025-12-12 01:18:49,Net Banking,Completed,10242.7
PAY_0000474,ORD_0000474,2026-06-09 06:24:36,UPI,Completed,36108.96
PAY_0000475,ORD_0000475,2026-01-06 17:57:09,Net Banking,Completed,34243.68
PAY_0000476,ORD_0000476,2025-12-03 08:41:05,Cash on Delivery,Completed,49297.74
PAY_0000477,ORD_0000477,2025-12-03 20:44:06,Credit Card,Completed,68225.87
PAY_0000478,ORD_0000478,2025-12-01 12:56:48,Net Banking,Completed,66038.92
PAY_0000479,ORD_0000479,2026-03-04 23:04:12,Cash on Delivery,Completed,27401.14
PAY_0000480,ORD_0000480,2026-04-13 09:50:35,Net Banking,Completed,20370.82
PAY_0000481,ORD_0000481,2026-06-19 21:45:06,UPI,Completed,13238.17
PAY_0000482,ORD_0000482,2025-12-02 03:16:50,Net Banking,Completed,34678.01
PAY_0000483,ORD_0000483,2026-03-24 12:43:19,Credit Card,Completed,51507.25
PAY_0000484,ORD_0000484,2025-12-16 09:39:20,Net Banking,Completed,79437.96
PAY_0000485,ORD_0000485,2025-10-09 19:02:14,UPI,Completed,57537.19
PAY_0000486,ORD_0000486,2025-11-18 14:39:58,Net Banking,Completed,15307.24
PAY_0000487,ORD_0000487,2026-07-08 18:08:07,Cash on Delivery,Completed,32001.21
PAY_0000488,ORD_0000488,2026-08-21 15:59:24,Corporate Cheque,Completed,55669.66
PAY_0000489,ORD_0000489,2026-01-15 08:52:00,Credit Card,Completed,18685.18
PAY_0000490,ORD_0000490,2026-03-29 05:57:59,Corporate Cheque,Completed,56034.48
PAY_0000491,ORD_0000491,2026-04-28 22:17:20,Cash on Delivery,Completed,36054.62
PAY_0000492,ORD_0000492,2026-06-14 06:01:29,Corporate Cheque,Completed,33460.18
PAY_0000493,ORD_0000493,2025-12-04 09:49:41,Net Banking,Completed,2998.21
PAY_0000494,ORD_0000494,2025-12-21 17:07:31,Net Banking,Refunded,10935.24
PAY_0000495,ORD_0000495,2026-07-26 21:27:45,UPI,Completed,76588.78
PAY_0000496,ORD_0000496,2025-10-01 22:52:30,UPI,Completed,74297.39
PAY_0000497,ORD_0000497,2025-10-31 21:54:13,Credit Card,Completed,52020.16
PAY_0000498,ORD_0000498,2025-12-14 14:54:11,UPI,Completed,33399.18
PAY_0000499,ORD_0000499,2026-03-21 22:54:57,Credit Card,Refunded,39301.8
PAY_0000500,ORD_0000500,2026-06-20 12:41:35,Net Banking,Completed,1081.64
PAY_0000501,ORD_0000501,2026-08-18 02:57:36,UPI,Completed,60897.58
PAY_0000502,ORD_0000502,2025-11-13 01:47:06,UPI,Completed,70231.82
PAY_0000503,ORD_0000503,2026-01-09 15:04:24,Credit Card,Completed,42038.25
PAY_0000504,ORD_0000504,2026-01-27 18:10:20,UPI,Refunded,48119.08
PAY_0000505,ORD_0000505,2026-01-08 13:53:55,UPI,Completed,51829.48
PAY_0000506,ORD_0000506,2026-08-27 18:38:27,Net Banking,Completed,29586.04
PAY_0000507,ORD_0000507,2026-01-16 17:40:27,Credit Card,Completed,26636.55
PAY_0000508,ORD_0000508,2025-11-08 00:55:27,Net Banking,Refunded,56628.63
PAY_0000509,ORD_0000509,2026-06-25 12:06:46,Cash on Delivery,Completed,22138.09
PAY_0000510,ORD_0000510,2025-10-24 07:14:21,UPI,Completed,76814.79
PAY_0000511,ORD_0000511,2026-05-17 13:12:59,Net Banking,Completed,40725.03
PAY_0000512,ORD_0000512,2026-07-20 16:52:47,UPI,Completed,39053.5
PAY_0000513,ORD_0000513,2025-11-12 22:45:41,Cash on Delivery,Refunded,43008.76
PAY_0000514,ORD_0000514,2026-08-31 10:31:10,Net Banking,Completed,57366.49
PAY_0000515,ORD_0000515,2026-05-10 09:49:10,UPI,Completed,25855.19
PAY_0000516,ORD_0000516,2026-01-10 17:40:31,Cash on Delivery,Completed,61886.57
PAY_0000517,ORD_0000517,2025-10-22 03:27:16,UPI,Refunded,979.33
PAY_0000518,ORD_0000518,2026-03-15 16:23:31,UPI,Completed,70850.62
PAY_0000519,ORD_0000519,2025-10-18 12:39:09,UPI,Completed,50603.45
PAY_0000520,ORD_0000520,2025-11-21 19:33:34,UPI,Completed,78544.71
PAY_0000521,ORD_0000521,2026-08-14 01:48:59,UPI,Completed,56328.37
PAY_0000522,ORD_0000522,2025-12-16 22:20:41,Credit Card,Completed,19739.15
PAY_0000523,ORD_0000523,2025-10-06 22:48:31,Corporate Cheque,Completed,77647.0
PAY_0000524,ORD_0000524,2026-08-25 07:51:00,Net Banking,Completed,45433.93
PAY_0000525,ORD_0000525,2025-12-10 05:07:28,UPI,Completed,13361.35
PAY_0000526,ORD_0000526,2026-07-25 20:06:09,Net Banking,Completed,72796.06
PAY_0000527,ORD_0000527,2026-05-22 09:54:59,UPI,Refunded,15844.08
PAY_0000528,ORD_0000528,2025-12-24 00:33:11,UPI,Completed,36351.97
PAY_0000529,ORD_0000529,2025-11-18 01:39:04,UPI,Completed,65648.13
PAY_0000530,ORD_0000530,2026-04-15 12:19:50,UPI,Completed,18272.67
PAY_0000531,ORD_0000531,2026-01-25 10:32:38,Credit Card,Completed,37185.58
PAY_0000532,ORD_0000532,2025-11-24 02:30:01,Credit Card,Completed,1283.65
PAY_0000533,ORD_0000533,2026-06-17 08:01:15,Cash on Delivery,Completed,13291.65
PAY_0000534,ORD_0000534,2026-07-13 01:47:24,Cash on Delivery,Completed,2907.99
PAY_0000535,ORD_0000535,2026-03-30 00:39:03,Cash on Delivery,Refunded,6104.52
PAY_0000536,ORD_0000536,2026-04-28 08:56:13,Net Banking,Completed,22204.81
PAY_0000537,ORD_0000537,2026-07-06 05:00:29,Cash on Delivery,Completed,56203.24
PAY_0000538,ORD_0000538,2025-11-20 19:12:03,UPI,Completed,75162.75
PAY_0000539,ORD_0000539,2026-03-03 17:53:24,Net Banking,Completed,71089.53
PAY_0000540,ORD_0000540,2026-04-18 11:01:17,UPI,Completed,63449.16
PAY_0000541,ORD_0000541,2026-06-07 02:11:13,Net Banking,Completed,5833.45
PAY_0000542,ORD_0000542,2026-04-14 16:10:04,Credit Card,Completed,7510.73
PAY_0000543,ORD_0000543,2026-08-07 10:51:56,Net Banking,Completed,73163.76
PAY_0000544,ORD_0000544,2026-03-14 07:50:54,UPI,Completed,46199.42
PAY_0000545,ORD_0000545,2026-01-29 16:13:27,Credit Card,Completed,21737.32
PAY_0000546,ORD_0000546,2026-02-13 17:42:06,Corporate Cheque,Completed,50474.69
PAY_0000547,ORD_0000547,2026-01-29 12:04:43,Credit Card,Completed,1409.98
PAY_0000548,ORD_0000548,2026-01-14 07:51:01,UPI,Refunded,77437.77
PAY_0000549,ORD_0000549,2025-11-04 01:24:42,Net Banking,Refunded,25098.54
PAY_0000550,ORD_0000550,2026-07-08 20:31:32,Cash on Delivery,Completed,73606.63
PAY_0000551,ORD_0000551,2026-06-16 04:00:32,Corporate Cheque,Completed,42325.48
PAY_0000552,ORD_0000552,2026-05-12 04:52:14,Corporate Cheque,Completed,67559.2
PAY_0000553,ORD_0000553,2026-04-21 16:28:42,UPI,Completed,72513.69
PAY_0000554,ORD_0000554,2026-01-07 02:38:32,Credit Card,Completed,62105.35
PAY_0000555,ORD_0000555,2026-02-13 00:24:19,UPI,Completed,27698.96
PAY_0000556,ORD_0000556,2026-05-30 03:19:43,UPI,Completed,8141.54
PAY_0000557,ORD_0000557,2026-06-29 14:25:09,UPI,Completed,49666.06
PAY_0000558,ORD_0000558,2026-04-25 14:02:59,UPI,Completed,22754.77
PAY_0000559,ORD_0000559,2026-01-14 23:47:37,UPI,Completed,46804.92
PAY_0000560,ORD_0000560,2026-05-04 17:03:07,Net Banking,Completed,41336.59
PAY_0000561,ORD_0000561,2026-02-19 05:13:24,Cash on Delivery,Completed,68245.79
PAY_0000562,ORD_0000562,2026-04-15 17:23:52,Net Banking,Completed,83395.43
PAY_0000563,ORD_0000563,2026-03-19 01:04:01,Corporate Cheque,Completed,52789.1
PAY_0000564,ORD_0000564,2026-07-10 06:58:17,Net Banking,Completed,48644.18
PAY_0000565,ORD_0000565,2026-04-28 05:05:21,Net Banking,Refunded,80459.63
PAY_0000566,ORD_0000566,2026-07-12 03:51:18,Corporate Cheque,Completed,45265.73
PAY_0000567,ORD_0000567,2026-06-28 02:40:38,Credit Card,Completed,33239.62
PAY_0000568,ORD_0000568,2026-02-09 14:05:24,UPI,Completed,83786.24
PAY_0000569,ORD_0000569,2026-05-09 06:29:43,Cash on Delivery,Completed,26379.3
PAY_0000570,ORD_0000570,2026-08-25 04:38:32,UPI,Completed,15450.44
PAY_0000571,ORD_0000571,2025-11-08 09:19:27,Net Banking,Completed,50363.98
PAY_0000572,ORD_0000572,2026-04-09 06:00:33,Net Banking,Completed,12446.73
PAY_0000573,ORD_0000573,2026-05-12 00:07:57,Net Banking,Completed,27586.73
PAY_0000574,ORD_0000574,2026-02-02 12:25:03,Net Banking,Completed,41944.32
PAY_0000575,ORD_0000575,2026-06-06 13:27:30,UPI,Completed,76573.35
PAY_0000576,ORD_0000576,2025-10-18 00:26:44,UPI,Completed,43489.0
PAY_0000577,ORD_0000577,2026-01-21 10:48:52,UPI,Completed,76577.1
PAY_0000578,ORD_0000578,2026-07-03 10:55:19,Net Banking,Completed,78424.02
PAY_0000579,ORD_0000579,2026-03-24 01:44:48,Credit Card,Completed,33917.09
PAY_0000580,ORD_0000580,2026-04-26 21:58:29,Cash on Delivery,Completed,79137.33
PAY_0000581,ORD_0000581,2025-11-12 02:53:39,UPI,Completed,84624.69
PAY_0000582,ORD_0000582,2026-07-25 10:55:15,Credit Card,Refunded,3968.89
PAY_0000583,ORD_0000583,2026-06-07 19:27:36,UPI,Completed,30084.9
PAY_0000584,ORD_0000584,2025-12-02 05:05:38,Corporate Cheque,Completed,51340.27
PAY_0000585,ORD_0000585,2026-02-25 16:54:05,UPI,Completed,9270.47
PAY_0000586,ORD_0000586,2026-06-23 22:16:00,Net Banking,Completed,48791.06
PAY_0000587,ORD_0000587,2026-01-20 01:29:49,UPI,Completed,74813.04
PAY_0000588,ORD_0000588,2026-05-31 23:09:15,Cash on Delivery,Completed,83942.85
PAY_0000589,ORD_0000589,2025-12-13 19:50:31,Cash on Delivery,Completed,17899.82
PAY_0000590,ORD_0000590,2026-01-25 07:02:23,Corporate Cheque,Completed,9680.94
PAY_0000591,ORD_0000591,2026-06-16 16:42:56,Corporate Cheque,Completed,59140.43
PAY_0000592,ORD_0000592,2026-01-31 11:08:08,Credit Card,Completed,11531.9
PAY_0000593,ORD_0000593,2025-10-26 07:12:54,Cash on Delivery,Completed,81447.33
PAY_0000594,ORD_0000594,2026-03-08 18:16:43,Net Banking,Completed,10508.22
PAY_0000595,ORD_0000595,2025-12-05 20:30:06,Net Banking,Completed,32690.2
PAY_0000596,ORD_0000596,2025-11-22 01:21:56,Credit Card,Completed,75408.46
PAY_0000597,ORD_0000597,2025-12-05 07:33:24,UPI,Completed,53047.36
PAY_0000598,ORD_0000598,2026-07-18 22:22:11,Credit Card,Refunded,37084.25
PAY_0000599,ORD_0000599,2026-02-28 12:01:32,Credit Card,Completed,17369.78
PAY_0000600,ORD_0000600,2026-01-18 00:58:15,Cash on Delivery,Completed,22604.18
PAY_0000601,ORD_0000601,2026-07-30 03:34:31,UPI,Completed,13513.52
PAY_0000602,ORD_0000602,2026-05-26 13:09:23,Credit Card,Completed,28461.1
PAY_0000603,ORD_0000603,2026-04-03 12:50:16,Credit Card,Completed,27574.22
PAY_0000604,ORD_0000604,2026-09-06 17:06:05,Corporate Cheque,Completed,82819.09
PAY_0000605,ORD_0000605,2026-01-19 11:52:03,UPI,Completed,51331.31
PAY_0000606,ORD_0000606,2026-08-14 05:27:03,Credit Card,Completed,62431.25
PAY_0000607,ORD_0000607,2026-02-01 13:40:37,Credit Card,Completed,48597.5
PAY_0000608,ORD_0000608,2026-02-03 15:03:43,Credit Card,Completed,35122.39
PAY_0000609,ORD_0000609,2025-10-06 01:38:36,Credit Card,Completed,53920.31
PAY_0000610,ORD_0000610,2026-08-28 05:54:52,UPI,Completed,13877.73
PAY_0000611,ORD_0000611,2026-01-21 00:27:37,Net Banking,Completed,27817.37
PAY_0000612,ORD_0000612,2026-02-10 02:51:31,Credit Card,Completed,51125.29
PAY_0000613,ORD_0000613,2026-04-03 14:13:34,Net Banking,Completed,26909.38
PAY_0000614,ORD_0000614,2026-09-11 12:10:43,Net Banking,Completed,21548.87
PAY_0000615,ORD_0000615,2026-07-04 03:00:42,Credit Card,Completed,16823.86
PAY_0000616,ORD_0000616,2026-04-26 22:24:30,Credit Card,Completed,83756.55
PAY_0000617,ORD_0000617,2026-01-24 10:44:47,UPI,Completed,59704.59
PAY_0000618,ORD_0000618,2026-01-14 21:32:30,UPI,Completed,38029.77
PAY_0000619,ORD_0000619,2026-06-01 21:18:05,UPI,Completed,61382.36
PAY_0000620,ORD_0000620,2025-10-27 00:26:33,UPI,Completed,60804.62
PAY_0000621,ORD_0000621,2026-06-27 09:39:06,Credit Card,Completed,35681.82
PAY_0000622,ORD_0000622,2025-10-17 02:45:01,Credit Card,Completed,71724.47
PAY_0000623,ORD_0000623,2025-10-27 01:04:57,Net Banking,Completed,60895.71
PAY_0000624,ORD_0000624,2026-06-01 10:13:05,UPI,Completed,13365.62
PAY_0000625,ORD_0000625,2026-03-22 16:34:04,Credit Card,Completed,55464.09
PAY_0000626,ORD_0000626,2026-09-09 23:57:56,UPI,Completed,70882.56
PAY_0000627,ORD_0000627,2026-04-12 16:14:36,UPI,Refunded,15787.67
PAY_0000628,ORD_0000628,2025-10-30 19:30:38,Cash on Delivery,Completed,56863.55
PAY_0000629,ORD_0000629,2025-12-13 17:58:04,Credit Card,Refunded,5023.95
PAY_0000630,ORD_0000630,2026-08-07 13:35:53,UPI,Completed,39110.39
PAY_0000631,ORD_0000631,2026-06-26 07:56:34,UPI,Completed,48092.99
PAY_0000632,ORD_0000632,2026-01-18 00:04:41,UPI,Completed,65525.54
PAY_0000633,ORD_0000633,2026-04-08 09:19:33,Credit Card,Completed,37286.61
PAY_0000634,ORD_0000634,2026-07-13 04:20:56,Net Banking,Completed,47061.53
PAY_0000635,ORD_0000635,2026-09-09 06:32:40,Cash on Delivery,Completed,36979.61
PAY_0000636,ORD_0000636,2026-08-19 18:45:33,Cash on Delivery,Completed,51097.97
PAY_0000637,ORD_0000637,2026-06-15 18:45:01,Credit Card,Refunded,841.42
PAY_0000638,ORD_0000638,2026-03-08 02:28:23,Corporate Cheque,Completed,19011.54
PAY_0000639,ORD_0000639,2026-03-07 09:10:48,UPI,Completed,80784.35
PAY_0000640,ORD_0000640,2026-03-06 03:56:30,Net Banking,Completed,36152.03
PAY_0000641,ORD_0000641,2025-10-12 17:16:07,Net Banking,Completed,3163.27
PAY_0000642,ORD_0000642,2025-11-03 08:52:12,Net Banking,Completed,81853.92
PAY_0000643,ORD_0000643,2026-07-01 01:52:52,UPI,Completed,27782.73
PAY_0000644,ORD_0000644,2026-04-26 16:34:32,UPI,Completed,59407.57
PAY_0000645,ORD_0000645,2025-10-30 11:33:20,Net Banking,Completed,58535.22
PAY_0000646,ORD_0000646,2026-07-04 20:56:38,Credit Card,Completed,49811.65
PAY_0000647,ORD_0000647,2026-06-27 02:32:57,Net Banking,Completed,2235.43
PAY_0000648,ORD_0000648,2026-09-05 16:07:38,UPI,Completed,34412.13
PAY_0000649,ORD_0000649,2026-05-06 00:09:21,UPI,Completed,16175.61
PAY_0000650,ORD_0000650,2026-01-03 06:51:41,Credit Card,Completed,74892.5
PAY_0000651,ORD_0000651,2026-04-04 04:12:49,Corporate Cheque,Completed,12786.52
PAY_0000652,ORD_0000652,2025-10-11 09:34:38,Credit Card,Completed,74071.51
PAY_0000653,ORD_0000653,2026-01-02 09:23:33,UPI,Completed,74173.12
PAY_0000654,ORD_0000654,2026-02-10 06:33:02,Net Banking,Completed,39750.85
PAY_0000655,ORD_0000655,2026-03-31 22:09:24,Credit Card,Completed,56355.25
PAY_0000656,ORD_0000656,2025-12-13 22:26:08,UPI,Completed,27891.89
PAY_0000657,ORD_0000657,2026-06-24 01:29:44,Net Banking,Completed,58664.07
PAY_0000658,ORD_0000658,2026-06-09 02:39:41,UPI,Completed,70667.89
PAY_0000659,ORD_0000659,2025-10-01 22:07:11,Credit Card,Completed,69208.18
PAY_0000660,ORD_0000660,2025-11-11 14:57:22,UPI,Completed,53575.53
PAY_0000661,ORD_0000661,2026-06-24 08:37:09,UPI,Completed,66737.07
PAY_0000662,ORD_0000662,2026-05-03 06:17:16,UPI,Completed,48717.14
PAY_0000663,ORD_0000663,2026-01-13 09:42:35,UPI,Completed,8204.52
PAY_0000664,ORD_0000664,2026-08-26 14:20:01,UPI,Completed,37273.83
PAY_0000665,ORD_0000665,2026-08-03 07:01:35,UPI,Completed,75012.63
PAY_0000666,ORD_0000666,2025-12-20 02:16:07,UPI,Completed,32412.63
PAY_0000667,ORD_0000667,2026-02-28 16:03:54,UPI,Completed,38714.77
PAY_0000668,ORD_0000668,2026-08-28 04:22:05,Net Banking,Completed,40935.85
PAY_0000669,ORD_0000669,2026-01-07 17:52:43,UPI,Completed,21658.05
PAY_0000670,ORD_0000670,2026-07-15 11:15:26,Net Banking,Completed,74169.46
PAY_0000671,ORD_0000671,2026-07-23 03:33:01,UPI,Completed,10989.6
PAY_0000672,ORD_0000672,2025-11-30 05:01:58,UPI,Completed,11903.2
PAY_0000673,ORD_0000673,2025-11-22 10:40:17,Net Banking,Completed,4072.11
PAY_0000674,ORD_0000674,2026-07-18 16:08:15,UPI,Completed,51666.2
PAY_0000675,ORD_0000675,2026-01-30 19:24:31,Credit Card,Completed,32267.29
PAY_0000676,ORD_0000676,2026-03-20 03:55:16,UPI,Completed,12525.65
PAY_0000677,ORD_0000677,2026-02-27 18:32:22,Cash on Delivery,Completed,32106.01
PAY_0000678,ORD_0000678,2025-11-08 23:52:42,Credit Card,Completed,43317.63
PAY_0000679,ORD_0000679,2026-08-07 19:43:01,UPI,Completed,28093.02
PAY_0000680,ORD_0000680,2026-07-05 01:09:30,Credit Card,Completed,70188.25
PAY_0000681,ORD_0000681,2025-12-14 20:41:01,Credit Card,Completed,11733.6
PAY_0000682,ORD_0000682,2025-12-03 23:06:32,Net Banking,Completed,19013.48
PAY_0000683,ORD_0000683,2026-02-04 11:24:38,Credit Card,Completed,63208.41
PAY_0000684,ORD_0000684,2026-07-08 22:35:03,UPI,Refunded,43496.56
PAY_0000685,ORD_0000685,2025-11-07 22:44:41,Net Banking,Completed,21518.36
PAY_0000686,ORD_0000686,2026-03-17 11:37:49,Net Banking,Completed,5308.31
PAY_0000687,ORD_0000687,2025-12-03 16:45:45,Net Banking,Completed,24706.51
PAY_0000688,ORD_0000688,2025-10-20 14:17:28,UPI,Completed,68784.32
PAY_0000689,ORD_0000689,2025-11-01 15:09:13,Net Banking,Refunded,8947.58
PAY_0000690,ORD_0000690,2025-11-23 11:39:48,Net Banking,Completed,6557.24
PAY_0000691,ORD_0000691,2026-03-25 09:22:11,Net Banking,Completed,14257.15
PAY_0000692,ORD_0000692,2026-05-16 21:22:19,UPI,Completed,13616.01
PAY_0000693,ORD_0000693,2026-06-18 12:02:48,Net Banking,Completed,79074.29
PAY_0000694,ORD_0000694,2026-03-29 16:04:18,UPI,Completed,33417.74
PAY_0000695,ORD_0000695,2025-12-03 10:02:44,Net Banking,Refunded,16044.78
PAY_0000696,ORD_0000696,2025-10-15 14:16:24,Net Banking,Completed,17590.58
PAY_0000697,ORD_0000697,2026-03-01 09:20:54,Corporate Cheque,Completed,63372.43
PAY_0000698,ORD_0000698,2025-10-07 14:55:51,Net Banking,Completed,39068.87
PAY_0000699,ORD_0000699,2026-09-11 21:09:25,UPI,Completed,19335.01
PAY_0000700,ORD_0000700,2026-04-26 12:42:52,Net Banking,Completed,6930.93
PAY_0000701,ORD_0000701,2026-01-20 07:57:43,Cash on Delivery,Completed,18533.53
PAY_0000702,ORD_0000702,2026-07-18 16:41:42,UPI,Completed,2248.38
PAY_0000703,ORD_0000703,2025-11-30 01:32:23,Cash on Delivery,Completed,54497.41
PAY_0000704,ORD_0000704,2026-03-30 08:44:11,Net Banking,Completed,65226.98
PAY_0000705,ORD_0000705,2025-10-25 07:02:24,UPI,Completed,82416.17
PAY_0000706,ORD_0000706,2025-12-22 03:07:25,Net Banking,Completed,43799.47
PAY_0000707,ORD_0000707,2025-10-16 22:58:26,UPI,Completed,54793.56
PAY_0000708,ORD_0000708,2026-05-06 16:31:37,Net Banking,Completed,71735.39
PAY_0000709,ORD_0000709,2025-11-11 00:56:45,UPI,Completed,36466.63
PAY_0000710,ORD_0000710,2026-01-19 09:26:28,Credit Card,Completed,34880.59
PAY_0000711,ORD_0000711,2025-10-19 17:15:55,Credit Card,Completed,49698.28
PAY_0000712,ORD_0000712,2025-10-16 11:16:08,Cash on Delivery,Completed,76155.03
PAY_0000713,ORD_0000713,2026-05-18 02:48:32,Cash on Delivery,Completed,46295.99
PAY_0000714,ORD_0000714,2026-08-15 22:59:03,Net Banking,Completed,60339.65
PAY_0000715,ORD_0000715,2026-08-17 01:31:44,UPI,Completed,52320.3
PAY_0000716,ORD_0000716,2026-05-18 01:40:23,UPI,Completed,622.75
PAY_0000717,ORD_0000717,2026-03-02 22:37:51,UPI,Completed,4434.68
PAY_0000718,ORD_0000718,2026-09-03 01:32:55,Corporate Cheque,Completed,61704.55
PAY_0000719,ORD_0000719,2026-04-08 12:40:22,Net Banking,Refunded,80501.66
PAY_0000720,ORD_0000720,2026-01-18 17:26:42,Net Banking,Completed,9830.19
PAY_0000721,ORD_0000721,2025-12-01 23:10:53,Net Banking,Completed,40792.58
PAY_0000722,ORD_0000722,2026-06-25 14:12:33,Cash on Delivery,Completed,61445.01
PAY_0000723,ORD_0000723,2026-05-11 17:32:31,Net Banking,Completed,79200.9
PAY_0000724,ORD_0000724,2026-07-07 15:02:51,UPI,Completed,16332.92
PAY_0000725,ORD_0000725,2026-08-29 18:53:39,Net Banking,Completed,75726.72
PAY_0000726,ORD_0000726,2026-03-09 19:03:28,Credit Card,Completed,73723.61
PAY_0000727,ORD_0000727,2026-05-17 05:57:45,Cash on Delivery,Completed,10663.45
PAY_0000728,ORD_0000728,2026-07-21 18:34:44,UPI,Completed,23913.39
PAY_0000729,ORD_0000729,2026-06-27 22:29:25,Credit Card,Completed,30658.02
PAY_0000730,ORD_0000730,2025-10-24 10:43:40,UPI,Completed,17200.97
PAY_0000731,ORD_0000731,2025-10-03 14:40:05,UPI,Completed,76647.72
PAY_0000732,ORD_0000732,2026-09-08 21:42:54,Cash on Delivery,Completed,60807.4
PAY_0000733,ORD_0000733,2026-01-17 02:01:18,Net Banking,Completed,52125.17
PAY_0000734,ORD_0000734,2026-04-25 20:45:55,UPI,Refunded,5045.44
PAY_0000735,ORD_0000735,2025-10-20 08:40:08,Net Banking,Completed,68010.67
PAY_0000736,ORD_0000736,2025-12-19 09:26:24,Credit Card,Completed,36642.4
PAY_0000737,ORD_0000737,2026-02-08 19:21:17,Credit Card,Completed,58073.14
PAY_0000738,ORD_0000738,2026-04-05 09:08:42,UPI,Refunded,7349.84
PAY_0000739,ORD_0000739,2025-11-14 09:01:53,Net Banking,Completed,30356.96
PAY_0000740,ORD_0000740,2026-08-16 19:30:58,Net Banking,Completed,65394.91
PAY_0000741,ORD_0000741,2025-11-04 02:26:21,Net Banking,Completed,32432.19
PAY_0000742,ORD_0000742,2026-02-23 09:50:21,Net Banking,Completed,69923.36
PAY_0000743,ORD_0000743,2026-08-29 03:31:26,UPI,Completed,65764.97
PAY_0000744,ORD_0000744,2026-01-09 02:43:10,Net Banking,Refunded,920.11
PAY_0000745,ORD_0000745,2026-01-02 17:37:22,UPI,Completed,55234.25
PAY_0000746,ORD_0000746,2026-07-06 02:38:36,Credit Card,Completed,21009.52
PAY_0000747,ORD_0000747,2026-02-22 18:21:42,Cash on Delivery,Completed,13738.78
PAY_0000748,ORD_0000748,2026-04-01 02:49:14,Net Banking,Completed,62121.31
PAY_0000749,ORD_0000749,2026-08-19 03:38:11,UPI,Refunded,59430.82
PAY_0000750,ORD_0000750,2026-01-01 09:52:19,UPI,Completed,5360.73
PAY_0000751,ORD_0000751,2026-05-21 15:00:27,Net Banking,Completed,9133.84
PAY_0000752,ORD_0000752,2025-10-15 21:23:34,Cash on Delivery,Completed,54920.39
PAY_0000753,ORD_0000753,2026-09-01 04:49:48,UPI,Completed,34908.19
PAY_0000754,ORD_0000754,2026-04-02 01:49:19,Net Banking,Completed,21150.6
PAY_0000755,ORD_0000755,2025-10-30 06:18:17,UPI,Completed,29719.47
PAY_0000756,ORD_0000756,2026-03-07 19:44:03,Credit Card,Completed,50064.07
PAY_0000757,ORD_0000757,2026-01-22 19:42:58,Net Banking,Completed,59262.74
PAY_0000758,ORD_0000758,2026-07-17 11:57:19,Credit Card,Completed,44384.17
PAY_0000759,ORD_0000759,2025-10-28 21:00:23,Credit Card,Completed,33141.01
PAY_0000760,ORD_0000760,2026-03-14 11:58:56,Net Banking,Completed,41515.13
PAY_0000761,ORD_0000761,2026-07-30 16:10:46,UPI,Completed,67577.06
PAY_0000762,ORD_0000762,2025-10-07 15:59:44,UPI,Completed,31812.56
PAY_0000763,ORD_0000763,2026-07-01 21:39:19,Cash on Delivery,Completed,14493.29
PAY_0000764,ORD_0000764,2026-08-28 09:25:35,Cash on Delivery,Completed,57614.28
PAY_0000765,ORD_0000765,2026-05-09 19:35:16,Corporate Cheque,Completed,65759.31
PAY_0000766,ORD_0000766,2026-03-08 00:58:05,UPI,Completed,47807.22
PAY_0000767,ORD_0000767,2026-05-24 06:59:43,Credit Card,Completed,84551.46
PAY_0000768,ORD_0000768,2026-03-07 21:31:04,UPI,Completed,759.6
PAY_0000769,ORD_0000769,2026-02-26 04:24:38,UPI,Completed,22980.26
PAY_0000770,ORD_0000770,2026-07-19 02:22:23,Credit Card,Completed,48792.34
PAY_0000771,ORD_0000771,2026-07-19 20:03:08,UPI,Completed,70848.78
PAY_0000772,ORD_0000772,2026-08-16 11:41:33,Cash on Delivery,Refunded,16836.63
PAY_0000773,ORD_0000773,2026-03-25 15:24:38,UPI,Completed,72987.21
PAY_0000774,ORD_0000774,2026-03-20 18:46:12,UPI,Completed,23325.27
PAY_0000775,ORD_0000775,2026-09-04 11:35:35,Net Banking,Completed,47436.75
PAY_0000776,ORD_0000776,2025-12-16 17:11:23,UPI,Completed,22706.52
PAY_0000777,ORD_0000777,2026-09-14 19:55:04,Credit Card,Completed,1399.2
PAY_0000778,ORD_0000778,2025-11-16 18:08:58,Net Banking,Completed,48955.31
PAY_0000779,ORD_0000779,2025-11-06 08:30:25,UPI,Completed,43617.7
PAY_0000780,ORD_0000780,2025-12-12 03:33:25,Credit Card,Completed,42721.13
PAY_0000781,ORD_0000781,2026-07-12 22:22:06,Credit Card,Completed,15001.86
PAY_0000782,ORD_0000782,2026-03-08 06:44:01,UPI,Completed,46426.74
PAY_0000783,ORD_0000783,2026-03-06 00:47:32,Net Banking,Completed,38826.98
PAY_0000784,ORD_0000784,2026-02-13 07:28:58,UPI,Completed,14944.45
PAY_0000785,ORD_0000785,2025-12-07 07:30:03,Net Banking,Completed,44679.77
PAY_0000786,ORD_0000786,2026-07-31 20:57:48,UPI,Completed,53180.43
PAY_0000787,ORD_0000787,2026-01-06 00:57:35,UPI,Completed,61271.47
PAY_0000788,ORD_0000788,2026-08-11 08:02:00,UPI,Completed,46611.01
PAY_0000789,ORD_0000789,2026-05-27 17:13:00,UPI,Completed,55993.41
PAY_0000790,ORD_0000790,2026-04-11 18:05:05,UPI,Completed,49053.1
PAY_0000791,ORD_0000791,2026-08-04 09:25:14,UPI,Completed,54879.93
PAY_0000792,ORD_0000792,2026-01-17 05:57:08,UPI,Completed,3088.58
PAY_0000793,ORD_0000793,2026-01-04 10:31:41,UPI,Completed,52162.24
PAY_0000794,ORD_0000794,2025-10-31 13:36:32,Cash on Delivery,Completed,29245.72
PAY_0000795,ORD_0000795,2026-06-27 10:04:17,Net Banking,Completed,80442.47
PAY_0000796,ORD_0000796,2026-02-27 15:55:02,Net Banking,Refunded,41873.91
PAY_0000797,ORD_0000797,2026-09-06 13:03:31,Net Banking,Completed,26409.33
PAY_0000798,ORD_0000798,2025-12-21 06:45:34,UPI,Completed,3684.85
PAY_0000799,ORD_0000799,2026-04-22 08:41:38,Credit Card,Completed,40709.8
PAY_0000800,ORD_0000800,2026-02-15 02:00:41,UPI,Completed,67462.39
PAY_0000801,ORD_0000801,2026-08-29 06:19:34,Net Banking,Completed,71877.33
PAY_0000802,ORD_0000802,2026-08-31 15:38:54,Net Banking,Completed,46038.31
PAY_0000803,ORD_0000803,2026-08-23 11:39:43,UPI,Completed,73744.07
PAY_0000804,ORD_0000804,2026-01-27 19:50:11,UPI,Completed,3829.48
PAY_0000805,ORD_0000805,2026-06-03 11:55:14,Credit Card,Completed,3355.2
PAY_0000806,ORD_0000806,2025-12-25 21:56:20,Cash on Delivery,Completed,42714.89
PAY_0000807,ORD_0000807,2025-12-20 21:03:43,UPI,Refunded,14671.41
PAY_0000808,ORD_0000808,2026-08-23 08:05:49,Net Banking,Completed,17415.3
PAY_0000809,ORD_0000809,2026-07-25 11:55:15,Net Banking,Completed,29653.1
PAY_0000810,ORD_0000810,2026-05-10 11:59:49,UPI,Refunded,11963.83
PAY_0000811,ORD_0000811,2025-10-21 06:39:48,UPI,Completed,20872.02
PAY_0000812,ORD_0000812,2025-10-12 00:37:09,UPI,Completed,82179.41
PAY_0000813,ORD_0000813,2026-05-03 11:13:24,UPI,Completed,6868.16
PAY_0000814,ORD_0000814,2026-06-07 23:57:11,Credit Card,Completed,35810.47
PAY_0000815,ORD_0000815,2026-07-09 05:37:09,Cash on Delivery,Completed,65981.67
PAY_0000816,ORD_0000816,2026-07-06 19:04:25,Net Banking,Completed,64698.51
PAY_0000817,ORD_0000817,2026-07-10 20:29:02,Cash on Delivery,Completed,11883.53
PAY_0000818,ORD_0000818,2026-06-26 21:55:32,Credit Card,Completed,37542.26
PAY_0000819,ORD_0000819,2026-08-13 01:00:07,Credit Card,Completed,78455.02
PAY_0000820,ORD_0000820,2025-12-04 16:51:45,Credit Card,Completed,66320.84
PAY_0000821,ORD_0000821,2026-04-01 05:24:11,Credit Card,Completed,77534.8
PAY_0000822,ORD_0000822,2026-03-28 10:19:33,Credit Card,Completed,58533.41
PAY_0000823,ORD_0000823,2026-03-23 01:30:59,UPI,Completed,10720.85
PAY_0000824,ORD_0000824,2025-10-05 20:52:00,Net Banking,Completed,32633.96
PAY_0000825,ORD_0000825,2026-02-08 14:13:12,Net Banking,Completed,33859.22
PAY_0000826,ORD_0000826,2026-08-03 20:17:44,Credit Card,Completed,30072.92
PAY_0000827,ORD_0000827,2025-11-24 18:07:36,Net Banking,Completed,19838.94
PAY_0000828,ORD_0000828,2026-04-05 18:54:32,Net Banking,Completed,66285.03
PAY_0000829,ORD_0000829,2026-05-18 02:22:30,UPI,Completed,7714.07
PAY_0000830,ORD_0000830,2026-01-05 15:04:02,UPI,Completed,60523.03
PAY_0000831,ORD_0000831,2026-01-19 08:27:03,UPI,Completed,66273.14
PAY_0000832,ORD_0000832,2025-10-15 16:54:43,Credit Card,Completed,67868.39
PAY_0000833,ORD_0000833,2026-07-09 21:31:28,Net Banking,Completed,1609.4
PAY_0000834,ORD_0000834,2025-12-28 15:52:53,Corporate Cheque,Completed,21329.5
PAY_0000835,ORD_0000835,2026-08-30 09:58:58,UPI,Completed,37265.62
PAY_0000836,ORD_0000836,2026-03-20 07:57:02,Credit Card,Completed,34518.0
PAY_0000837,ORD_0000837,2026-03-14 22:24:30,Corporate Cheque,Completed,83295.03
PAY_0000838,ORD_0000838,2026-05-16 01:40:34,Credit Card,Completed,2160.24
PAY_0000839,ORD_0000839,2025-12-06 12:04:55,Net Banking,Completed,60303.09
PAY_0000840,ORD_0000840,2026-05-17 21:54:23,UPI,Completed,55258.27
PAY_0000841,ORD_0000841,2026-01-05 01:28:59,UPI,Completed,41484.31
PAY_0000842,ORD_0000842,2025-10-26 16:03:46,Cash on Delivery,Completed,52091.15
PAY_0000843,ORD_0000843,2025-10-11 07:19:45,Credit Card,Completed,13881.29
PAY_0000844,ORD_0000844,2026-09-15 12:08:08,UPI,Completed,84412.84
PAY_0000845,ORD_0000845,2026-09-12 21:49:38,Net Banking,Completed,82507.94
PAY_0000846,ORD_0000846,2025-10-24 14:46:21,UPI,Completed,79296.84
PAY_0000847,ORD_0000847,2025-11-02 07:01:30,Net Banking,Completed,8232.06
PAY_0000848,ORD_0000848,2026-08-25 22:58:16,Net Banking,Completed,80206.33
PAY_0000849,ORD_0000849,2026-01-05 00:31:08,UPI,Completed,42273.04
PAY_0000850,ORD_0000850,2026-06-06 04:58:17,Net Banking,Completed,54679.45
PAY_0000851,ORD_0000851,2025-11-29 01:11:32,UPI,Completed,13317.75
PAY_0000852,ORD_0000852,2026-04-26 06:41:27,Credit Card,Completed,67199.58
PAY_0000853,ORD_0000853,2026-01-25 02:51:10,Corporate Cheque,Completed,53163.7
PAY_0000854,ORD_0000854,2026-07-07 03:50:36,UPI,Completed,9622.66
PAY_0000855,ORD_0000855,2026-04-11 02:50:13,UPI,Completed,81294.53
PAY_0000856,ORD_0000856,2026-07-17 23:18:36,Net Banking,Completed,64348.66
PAY_0000857,ORD_0000857,2025-10-31 13:41:32,Net Banking,Completed,47072.42
PAY_0000858,ORD_0000858,2026-05-14 14:15:15,Net Banking,Completed,68502.76
PAY_0000859,ORD_0000859,2026-05-26 23:41:24,Net Banking,Completed,56262.11
PAY_0000860,ORD_0000860,2025-10-24 16:34:43,Net Banking,Completed,7142.23
PAY_0000861,ORD_0000861,2026-04-07 05:07:56,UPI,Completed,31966.82
PAY_0000862,ORD_0000862,2026-07-15 06:16:19,Net Banking,Completed,58163.51
PAY_0000863,ORD_0000863,2025-10-11 23:42:06,Credit Card,Completed,37941.62
PAY_0000864,ORD_0000864,2025-11-20 10:57:12,UPI,Completed,34674.89
PAY_0000865,ORD_0000865,2025-12-12 04:08:36,UPI,Completed,57560.11
PAY_0000866,ORD_0000866,2026-01-17 18:10:53,UPI,Completed,2844.78
PAY_0000867,ORD_0000867,2026-04-10 16:57:41,UPI,Refunded,83477.19
PAY_0000868,ORD_0000868,2026-07-06 14:27:28,UPI,Completed,23585.16
PAY_0000869,ORD_0000869,2026-05-17 07:17:37,Cash on Delivery,Completed,19763.97
PAY_0000870,ORD_0000870,2026-04-14 04:33:51,UPI,Completed,47608.08
PAY_0000871,ORD_0000871,2025-10-30 10:31:59,Cash on Delivery,Completed,74004.04
PAY_0000872,ORD_0000872,2026-07-24 10:19:50,Credit Card,Completed,37543.82
PAY_0000873,ORD_0000873,2026-04-29 12:03:54,Credit Card,Completed,30381.75
PAY_0000874,ORD_0000874,2026-08-18 21:25:19,Net Banking,Completed,27962.48
PAY_0000875,ORD_0000875,2026-01-19 23:06:39,UPI,Completed,33990.65
PAY_0000876,ORD_0000876,2025-10-26 06:32:09,Net Banking,Completed,45714.28
PAY_0000877,ORD_0000877,2026-04-13 17:57:34,UPI,Completed,12928.56
PAY_0000878,ORD_0000878,2025-11-21 05:58:22,UPI,Completed,27075.43
PAY_0000879,ORD_0000879,2026-05-04 20:52:38,Net Banking,Completed,11671.0
PAY_0000880,ORD_0000880,2026-05-08 16:43:18,UPI,Completed,69529.01
PAY_0000881,ORD_0000881,2026-04-21 09:10:43,Net Banking,Completed,678.51
PAY_0000882,ORD_0000882,2026-02-22 09:06:02,UPI,Completed,7565.16
PAY_0000883,ORD_0000883,2026-07-25 07:19:16,Net Banking,Completed,23852.72
PAY_0000884,ORD_0000884,2026-03-06 15:48:35,UPI,Completed,1928.19
PAY_0000885,ORD_0000885,2025-10-29 07:49:28,Net Banking,Completed,33449.43
PAY_0000886,ORD_0000886,2026-05-18 08:33:25,Net Banking,Completed,8998.3
PAY_0000887,ORD_0000887,2026-05-30 03:38:42,UPI,Completed,45648.0
PAY_0000888,ORD_0000888,2026-05-27 06:15:03,UPI,Completed,56304.8
PAY_0000889,ORD_0000889,2026-09-07 20:57:25,Corporate Cheque,Completed,80206.15
PAY_0000890,ORD_0000890,2025-11-23 17:09:30,Credit Card,Refunded,76323.74
PAY_0000891,ORD_0000891,2026-01-23 21:55:30,UPI,Completed,57196.48
PAY_0000892,ORD_0000892,2025-11-24 09:12:31,Net Banking,Completed,37320.24
PAY_0000893,ORD_0000893,2026-06-22 03:04:27,Net Banking,Completed,9392.42
PAY_0000894,ORD_0000894,2026-06-03 03:28:16,Cash on Delivery,Completed,79769.19
PAY_0000895,ORD_0000895,2026-09-09 12:49:45,UPI,Completed,52131.74
PAY_0000896,ORD_0000896,2026-04-29 05:48:27,Credit Card,Completed,84466.45
PAY_0000897,ORD_0000897,2026-03-29 19:01:05,UPI,Completed,586.67
PAY_0000898,ORD_0000898,2026-08-11 02:07:55,UPI,Completed,4205.34
PAY_0000899,ORD_0000899,2026-06-08 11:37:03,Net Banking,Completed,59576.22
PAY_0000900,ORD_0000900,2025-11-03 20:52:02,Credit Card,Refunded,10265.42
PAY_0000901,ORD_0000901,2025-10-18 07:04:50,Credit Card,Completed,6476.11
PAY_0000902,ORD_0000902,2026-09-04 01:11:19,Net Banking,Completed,74970.61
PAY_0000903,ORD_0000903,2026-04-29 02:53:03,Net Banking,Completed,21740.84
PAY_0000904,ORD_0000904,2026-03-22 05:13:25,Credit Card,Completed,28722.37
PAY_0000905,ORD_0000905,2026-02-07 02:11:37,UPI,Completed,50698.63
PAY_0000906,ORD_0000906,2026-02-28 07:01:39,Corporate Cheque,Completed,39598.13
PAY_0000907,ORD_0000907,2025-12-30 10:54:56,Cash on Delivery,Completed,34817.39
PAY_0000908,ORD_0000908,2025-11-30 23:43:02,Credit Card,Completed,74177.49
PAY_0000909,ORD_0000909,2026-05-28 12:19:45,Net Banking,Completed,22438.71
PAY_0000910,ORD_0000910,2025-10-11 13:00:59,Credit Card,Completed,50345.47
PAY_0000911,ORD_0000911,2025-11-18 14:41:01,Cash on Delivery,Completed,10514.73
PAY_0000912,ORD_0000912,2026-09-07 14:40:28,Cash on Delivery,Completed,19206.73
PAY_0000913,ORD_0000913,2026-05-09 18:40:35,UPI,Refunded,5512.95
PAY_0000914,ORD_0000914,2026-06-27 17:52:58,Corporate Cheque,Completed,40848.8
PAY_0000915,ORD_0000915,2025-12-27 01:11:03,UPI,Completed,81888.72
PAY_0000916,ORD_0000916,2026-01-07 17:25:32,UPI,Completed,18457.65
PAY_0000917,ORD_0000917,2025-11-06 15:20:10,Credit Card,Completed,19201.74
PAY_0000918,ORD_0000918,2026-01-07 00:17:48,UPI,Completed,47463.91
PAY_0000919,ORD_0000919,2026-07-20 13:57:04,Net Banking,Completed,78538.25
PAY_0000920,ORD_0000920,2026-08-24 02:28:44,Credit Card,Completed,33897.89
PAY_0000921,ORD_0000921,2025-11-14 03:09:25,UPI,Completed,11153.96
PAY_0000922,ORD_0000922,2026-04-22 07:51:15,Net Banking,Completed,14942.47
PAY_0000923,ORD_0000923,2026-01-30 04:39:57,Net Banking,Completed,7391.23
PAY_0000924,ORD_0000924,2025-12-23 12:37:33,Corporate Cheque,Completed,68801.0
PAY_0000925,ORD_0000925,2025-12-04 22:32:23,Net Banking,Completed,8609.84
PAY_0000926,ORD_0000926,2026-01-16 22:09:38,Credit Card,Completed,7993.5
PAY_0000927,ORD_0000927,2025-10-05 17:08:50,Net Banking,Completed,11192.04
PAY_0000928,ORD_0000928,2026-07-06 10:48:14,Cash on Delivery,Completed,74505.99
PAY_0000929,ORD_0000929,2025-12-29 07:03:55,Net Banking,Completed,29604.7
PAY_0000930,ORD_0000930,2026-08-12 09:04:19,Credit Card,Completed,8076.17
PAY_0000931,ORD_0000931,2026-04-28 20:11:56,UPI,Completed,21451.06
PAY_0000932,ORD_0000932,2026-03-11 20:51:57,Cash on Delivery,Completed,75265.44
PAY_0000933,ORD_0000933,2026-01-07 14:03:39,UPI,Completed,24746.41
PAY_0000934,ORD_0000934,2025-11-19 22:33:12,UPI,Completed,32350.48
PAY_0000935,ORD_0000935,2026-01-12 04:16:30,UPI,Completed,55809.14
PAY_0000936,ORD_0000936,2026-01-29 11:52:21,Credit Card,Completed,12965.35
PAY_0000937,ORD_0000937,2025-12-12 03:30:23,Credit Card,Completed,80541.33
PAY_0000938,ORD_0000938,2026-04-12 15:40:22,UPI,Completed,31413.85
PAY_0000939,ORD_0000939,2026-07-07 11:58:00,UPI,Completed,34416.33
PAY_0000940,ORD_0000940,2025-10-25 08:13:49,Cash on Delivery,Completed,42985.73
PAY_0000941,ORD_0000941,2025-11-03 15:39:06,UPI,Completed,77992.0
PAY_0000942,ORD_0000942,2026-01-15 22:07:20,UPI,Completed,1644.66
PAY_0000943,ORD_0000943,2026-03-11 00:02:00,UPI,Completed,21440.15
PAY_0000944,ORD_0000944,2026-06-24 04:11:39,Net Banking,Completed,2027.08
PAY_0000945,ORD_0000945,2026-07-14 16:56:25,Net Banking,Completed,69422.04
PAY_0000946,ORD_0000946,2026-06-20 11:18:14,Net Banking,Completed,73989.11
PAY_0000947,ORD_0000947,2025-11-12 22:34:31,UPI,Completed,16411.37
PAY_0000948,ORD_0000948,2026-04-06 13:21:48,UPI,Completed,3572.97
PAY_0000949,ORD_0000949,2026-07-26 09:37:57,Credit Card,Completed,48974.63
PAY_0000950,ORD_0000950,2026-07-07 14:36:19,Net Banking,Completed,66035.28
PAY_0000951,ORD_0000951,2026-08-13 01:01:04,Credit Card,Completed,13240.6
PAY_0000952,ORD_0000952,2026-02-13 13:52:48,Net Banking,Refunded,36262.67
PAY_0000953,ORD_0000953,2025-12-01 03:53:58,UPI,Completed,10707.02
PAY_0000954,ORD_0000954,2025-11-04 11:27:45,Net Banking,Refunded,53914.14
PAY_0000955,ORD_0000955,2025-12-23 19:18:28,Corporate Cheque,Refunded,22694.4
PAY_0000956,ORD_0000956,2026-07-15 06:28:02,Credit Card,Completed,47838.01
PAY_0000957,ORD_0000957,2026-06-04 10:36:17,Net Banking,Completed,33422.16
PAY_0000958,ORD_0000958,2026-05-05 17:06:20,Credit Card,Refunded,57030.7
PAY_0000959,ORD_0000959,2026-01-20 01:18:36,UPI,Completed,56362.82
PAY_0000960,ORD_0000960,2026-02-20 16:21:22,Corporate Cheque,Completed,79658.2
PAY_0000961,ORD_0000961,2025-12-21 19:17:39,Net Banking,Completed,61415.76
PAY_0000962,ORD_0000962,2026-04-11 07:50:21,Credit Card,Completed,6509.69
PAY_0000963,ORD_0000963,2026-04-21 20:30:51,UPI,Completed,38854.82
PAY_0000964,ORD_0000964,2026-05-12 15:43:25,Net Banking,Refunded,39402.3
PAY_0000965,ORD_0000965,2025-11-14 10:17:54,Net Banking,Completed,59504.96
PAY_0000966,ORD_0000966,2025-10-27 13:12:14,UPI,Completed,4360.02
PAY_0000967,ORD_0000967,2026-03-03 07:35:50,Net Banking,Completed,36063.08
PAY_0000968,ORD_0000968,2025-10-13 18:20:18,UPI,Completed,29868.71
PAY_0000969,ORD_0000969,2026-03-21 01:47:23,Cash on Delivery,Completed,52590.76
PAY_0000970,ORD_0000970,2026-04-24 02:25:25,Net Banking,Completed,31596.58
PAY_0000971,ORD_0000971,2026-01-18 01:15:14,Net Banking,Completed,28841.23
PAY_0000972,ORD_0000972,2026-03-03 06:11:00,Net Banking,Completed,76270.12
PAY_0000973,ORD_0000973,2026-07-22 10:52:05,Credit Card,Completed,35138.06
PAY_0000974,ORD_0000974,2026-06-07 04:37:27,Net Banking,Completed,49139.85
PAY_0000975,ORD_0000975,2026-04-04 15:45:17,Cash on Delivery,Completed,73205.6
PAY_0000976,ORD_0000976,2026-01-16 16:09:58,Credit Card,Completed,21154.66
PAY_0000977,ORD_0000977,2026-03-28 20:56:22,UPI,Completed,10200.49
PAY_0000978,ORD_0000978,2026-05-25 08:42:14,UPI,Completed,68620.89
PAY_0000979,ORD_0000979,2026-01-23 20:28:56,UPI,Completed,31848.37
PAY_0000980,ORD_0000980,2026-03-24 17:19:38,Net Banking,Completed,2081.55
PAY_0000981,ORD_0000981,2026-09-09 19:07:52,UPI,Completed,49726.89
PAY_0000982,ORD_0000982,2025-10-18 21:17:12,Credit Card,Completed,67371.19
PAY_0000983,ORD_0000983,2025-11-22 14:10:13,UPI,Completed,53194.92
PAY_0000984,ORD_0000984,2026-03-26 20:44:21,Credit Card,Completed,57142.68
PAY_0000985,ORD_0000985,2025-10-31 00:55:09,UPI,Refunded,54728.29
PAY_0000986,ORD_0000986,2025-10-18 18:32:02,UPI,Completed,78062.53
PAY_0000987,ORD_0000987,2026-03-20 06:40:32,Credit Card,Completed,4904.07
PAY_0000988,ORD_0000988,2026-08-19 22:14:32,Cash on Delivery,Completed,35476.24
PAY_0000989,ORD_0000989,2025-10-25 12:54:17,UPI,Completed,29185.92
PAY_0000990,ORD_0000990,2026-03-24 23:01:14,Cash on Delivery,Completed,41522.03
PAY_0000991,ORD_0000991,2026-07-16 02:28:30,Credit Card,Completed,47211.51
PAY_0000992,ORD_0000992,2026-06-27 08:36:52,Net Banking,Completed,82602.26
PAY_0000993,ORD_0000993,2026-08-29 12:59:56,UPI,Completed,15861.08
PAY_0000994,ORD_0000994,2026-04-28 04:55:15,UPI,Completed,63033.2
PAY_0000995,ORD_0000995,2026-08-09 01:46:17,Cash on Delivery,Completed,1492.33
PAY_0000996,ORD_0000996,2026-03-03 22:21:32,Credit Card,Completed,53220.74
PAY_0000997,ORD_0000997,2026-03-12 03:13:28,UPI,Completed,30809.54
PAY_0000998,ORD_0000998,2026-07-26 03:45:08,UPI,Completed,78583.12
PAY_0000999,ORD_0000999,2026-07-08 07:51:21,Credit Card,Completed,35027.17
PAY_0001000,ORD_0001000,2026-06-11 21:48:36,Cash on Delivery,Completed,17802.45
PAY_0001001,ORD_0001001,2025-10-30 06:46:04,UPI,Completed,80754.45
PAY_0001002,ORD_0001002,2026-02-04 12:57:17,Net Banking,Completed,65022.16
PAY_0001003,ORD_0001003,2026-04-05 05:44:30,UPI,Completed,42566.47
PAY_0001004,ORD_0001004,2026-05-25 18:21:51,Cash on Delivery,Completed,25528.42
PAY_0001005,ORD_0001005,2026-07-12 05:27:25,Net Banking,Completed,67748.28
PAY_0001006,ORD_0001006,2026-06-10 17:45:17,Credit Card,Completed,49118.54
PAY_0001007,ORD_0001007,2026-07-18 03:38:39,UPI,Completed,954.83
PAY_0001008,ORD_0001008,2026-02-15 15:11:00,UPI,Completed,46960.91
PAY_0001009,ORD_0001009,2026-01-03 10:40:30,UPI,Completed,39149.34
PAY_0001010,ORD_0001010,2026-06-02 18:16:08,Cash on Delivery,Refunded,28910.8
PAY_0001011,ORD_0001011,2025-11-29 20:49:46,Credit Card,Completed,569.33
PAY_0001012,ORD_0001012,2026-04-03 20:40:33,Cash on Delivery,Completed,62043.29
PAY_0001013,ORD_0001013,2026-09-14 17:47:40,Net Banking,Completed,49679.1
PAY_0001014,ORD_0001014,2026-05-13 17:39:59,Net Banking,Completed,30273.01
PAY_0001015,ORD_0001015,2026-02-26 23:15:33,Net Banking,Completed,81057.32
PAY_0001016,ORD_0001016,2026-03-18 15:42:36,UPI,Completed,19387.08
PAY_0001017,ORD_0001017,2026-07-24 13:09:38,Net Banking,Completed,84025.1
PAY_0001018,ORD_0001018,2026-01-15 18:35:26,Net Banking,Completed,72376.4
PAY_0001019,ORD_0001019,2025-11-11 03:26:58,UPI,Refunded,49638.86
PAY_0001020,ORD_0001020,2025-12-06 00:28:04,Cash on Delivery,Completed,33835.12
PAY_0001021,ORD_0001021,2026-01-06 18:38:19,UPI,Completed,15637.46
PAY_0001022,ORD_0001022,2026-07-13 20:15:44,Credit Card,Completed,47065.01
PAY_0001023,ORD_0001023,2026-03-01 06:24:56,Net Banking,Completed,4380.6
PAY_0001024,ORD_0001024,2026-06-15 21:41:18,Corporate Cheque,Completed,70252.05
PAY_0001025,ORD_0001025,2025-10-12 18:50:12,Credit Card,Completed,74706.79
PAY_0001026,ORD_0001026,2026-03-13 12:28:46,Cash on Delivery,Completed,41393.6
PAY_0001027,ORD_0001027,2026-03-14 21:17:18,UPI,Completed,74204.51
PAY_0001028,ORD_0001028,2026-01-26 13:12:59,Credit Card,Completed,26467.12
PAY_0001029,ORD_0001029,2026-02-06 23:33:41,UPI,Completed,7415.11
PAY_0001030,ORD_0001030,2026-03-29 14:04:19,Net Banking,Completed,66308.68
PAY_0001031,ORD_0001031,2026-06-22 05:34:42,UPI,Completed,49886.53
PAY_0001032,ORD_0001032,2026-02-18 17:42:59,UPI,Completed,45208.36
PAY_0001033,ORD_0001033,2025-11-13 04:45:32,Credit Card,Completed,63313.07
PAY_0001034,ORD_0001034,2026-04-26 03:59:03,UPI,Completed,28669.77
PAY_0001035,ORD_0001035,2026-04-15 04:20:15,UPI,Completed,79620.65
PAY_0001036,ORD_0001036,2026-06-26 05:13:15,UPI,Completed,26987.45
PAY_0001037,ORD_0001037,2026-01-22 06:12:52,UPI,Completed,36400.31
PAY_0001038,ORD_0001038,2026-01-08 10:43:23,Net Banking,Completed,12038.62
PAY_0001039,ORD_0001039,2025-10-07 05:58:53,UPI,Completed,29254.03
PAY_0001040,ORD_0001040,2026-01-24 05:09:59,Cash on Delivery,Completed,79751.11
PAY_0001041,ORD_0001041,2026-04-19 22:34:36,Credit Card,Completed,64232.75
PAY_0001042,ORD_0001042,2026-04-24 00:41:36,Net Banking,Completed,6751.2
PAY_0001043,ORD_0001043,2026-07-23 00:34:11,Net Banking,Completed,78744.03
PAY_0001044,ORD_0001044,2026-01-04 02:29:00,Corporate Cheque,Completed,10139.5
PAY_0001045,ORD_0001045,2026-06-02 10:21:28,Credit Card,Completed,82132.99
PAY_0001046,ORD_0001046,2026-01-30 05:39:41,Net Banking,Completed,8056.86
PAY_0001047,ORD_0001047,2025-10-31 15:47:49,Corporate Cheque,Completed,49144.39
PAY_0001048,ORD_0001048,2026-08-17 13:57:31,UPI,Completed,5491.48
PAY_0001049,ORD_0001049,2026-04-11 08:25:18,Credit Card,Completed,59410.02
PAY_0001050,ORD_0001050,2026-02-07 07:46:03,Corporate Cheque,Completed,5599.88
PAY_0001051,ORD_0001051,2025-12-11 20:38:50,Credit Card,Completed,20730.04
PAY_0001052,ORD_0001052,2026-08-28 19:32:21,Net Banking,Completed,41580.44
PAY_0001053,ORD_0001053,2025-10-14 05:46:14,Net Banking,Completed,60055.21
PAY_0001054,ORD_0001054,2025-12-13 00:21:53,Net Banking,Completed,32044.27
PAY_0001055,ORD_0001055,2026-04-24 01:06:50,UPI,Completed,57658.52
PAY_0001056,ORD_0001056,2026-06-26 10:02:33,Net Banking,Completed,73192.57
PAY_0001057,ORD_0001057,2026-07-25 11:58:26,Credit Card,Completed,60234.05
PAY_0001058,ORD_0001058,2026-08-15 09:35:53,Credit Card,Completed,64513.73
PAY_0001059,ORD_0001059,2026-04-17 11:38:05,UPI,Completed,55585.51
PAY_0001060,ORD_0001060,2026-08-17 09:31:28,Net Banking,Completed,80902.93
PAY_0001061,ORD_0001061,2026-05-26 00:41:15,Credit Card,Completed,74005.77
PAY_0001062,ORD_0001062,2025-12-01 14:52:06,Corporate Cheque,Completed,23493.41
PAY_0001063,ORD_0001063,2026-05-16 18:23:46,Net Banking,Completed,46466.83
PAY_0001064,ORD_0001064,2026-08-19 21:59:43,Net Banking,Completed,16176.62
PAY_0001065,ORD_0001065,2025-10-05 07:44:33,UPI,Completed,32735.27
PAY_0001066,ORD_0001066,2025-12-15 23:55:22,Net Banking,Completed,11953.3
PAY_0001067,ORD_0001067,2026-03-28 20:08:49,Net Banking,Completed,82101.38
PAY_0001068,ORD_0001068,2025-11-25 00:11:29,UPI,Completed,6885.71
PAY_0001069,ORD_0001069,2026-03-26 06:29:05,UPI,Completed,6280.03
PAY_0001070,ORD_0001070,2025-12-23 00:28:25,UPI,Completed,1801.03
PAY_0001071,ORD_0001071,2025-10-09 10:33:09,UPI,Completed,75139.01
PAY_0001072,ORD_0001072,2025-11-21 16:16:51,UPI,Completed,2536.99
PAY_0001073,ORD_0001073,2025-12-05 23:02:59,Net Banking,Completed,49631.86
PAY_0001074,ORD_0001074,2026-03-29 16:41:02,UPI,Completed,57492.25
PAY_0001075,ORD_0001075,2025-10-13 07:01:39,Net Banking,Completed,83032.9
PAY_0001076,ORD_0001076,2026-02-04 06:32:18,UPI,Refunded,11303.96
PAY_0001077,ORD_0001077,2026-03-17 07:12:35,Credit Card,Completed,45097.75
PAY_0001078,ORD_0001078,2025-12-24 05:53:56,UPI,Completed,625.91
PAY_0001079,ORD_0001079,2026-07-29 20:30:17,UPI,Completed,44115.35
PAY_0001080,ORD_0001080,2026-03-27 01:00:10,Net Banking,Completed,58425.68
PAY_0001081,ORD_0001081,2026-09-02 04:58:23,Net Banking,Completed,80855.69
PAY_0001082,ORD_0001082,2026-03-22 17:30:24,UPI,Completed,8678.0
PAY_0001083,ORD_0001083,2025-12-13 02:32:31,Credit Card,Completed,26614.38
PAY_0001084,ORD_0001084,2026-05-14 16:24:42,UPI,Completed,51809.21
PAY_0001085,ORD_0001085,2026-04-15 13:11:37,UPI,Completed,46051.83
PAY_0001086,ORD_0001086,2026-02-03 18:57:00,Net Banking,Completed,6417.35
PAY_0001087,ORD_0001087,2026-07-27 07:38:15,UPI,Completed,13975.25
PAY_0001088,ORD_0001088,2025-11-14 02:20:40,UPI,Completed,56739.7
PAY_0001089,ORD_0001089,2026-07-17 05:26:53,UPI,Completed,3003.29
PAY_0001090,ORD_0001090,2026-07-13 06:20:33,Credit Card,Completed,60945.4
PAY_0001091,ORD_0001091,2025-10-10 10:05:48,UPI,Completed,25836.97
PAY_0001092,ORD_0001092,2025-11-01 21:55:33,Net Banking,Completed,30051.54
PAY_0001093,ORD_0001093,2026-08-10 22:33:49,UPI,Completed,33622.7
PAY_0001094,ORD_0001094,2026-01-13 08:16:23,UPI,Completed,37848.82
PAY_0001095,ORD_0001095,2025-11-26 04:31:14,UPI,Completed,41344.99
PAY_0001096,ORD_0001096,2026-08-24 05:29:26,Credit Card,Completed,28915.53
PAY_0001097,ORD_0001097,2026-06-18 01:53:58,Net Banking,Completed,7931.05
PAY_0001098,ORD_0001098,2026-09-05 06:12:39,Credit Card,Completed,50081.17
PAY_0001099,ORD_0001099,2025-10-17 15:25:38,UPI,Completed,8809.7
PAY_0001100,ORD_0001100,2026-03-14 06:40:12,Cash on Delivery,Completed,52154.92
PAY_0001101,ORD_0001101,2026-08-18 05:44:31,Net Banking,Completed,9375.42
PAY_0001102,ORD_0001102,2026-03-30 20:54:11,Net Banking,Completed,63667.01
PAY_0001103,ORD_0001103,2025-11-07 22:09:42,UPI,Completed,4803.46
PAY_0001104,ORD_0001104,2026-04-02 04:21:14,Net Banking,Completed,14497.3
PAY_0001105,ORD_0001105,2026-06-25 17:28:09,Credit Card,Completed,9438.72
PAY_0001106,ORD_0001106,2026-08-21 21:49:46,Net Banking,Completed,45747.54
PAY_0001107,ORD_0001107,2025-10-12 21:16:47,Credit Card,Completed,39836.62
PAY_0001108,ORD_0001108,2026-05-02 19:57:27,Net Banking,Completed,51408.28
PAY_0001109,ORD_0001109,2026-06-28 07:56:23,Cash on Delivery,Completed,83524.86
PAY_0001110,ORD_0001110,2026-08-12 13:06:39,Credit Card,Completed,18885.98
PAY_0001111,ORD_0001111,2025-10-09 19:44:51,Cash on Delivery,Completed,25244.55
PAY_0001112,ORD_0001112,2026-07-05 01:30:31,UPI,Completed,61314.24
PAY_0001113,ORD_0001113,2026-09-07 14:16:31,Cash on Delivery,Completed,28034.46
PAY_0001114,ORD_0001114,2026-09-01 06:45:05,Net Banking,Completed,27620.41
PAY_0001115,ORD_0001115,2026-06-06 00:20:51,Credit Card,Completed,13577.6
PAY_0001116,ORD_0001116,2026-03-29 07:05:21,UPI,Completed,65708.81
PAY_0001117,ORD_0001117,2026-07-19 22:39:03,Credit Card,Completed,41117.83
PAY_0001118,ORD_0001118,2026-03-27 21:59:00,UPI,Completed,43025.04
PAY_0001119,ORD_0001119,2026-03-23 21:40:28,UPI,Completed,70965.01
PAY_0001120,ORD_0001120,2026-04-03 11:26:58,UPI,Completed,46847.39
PAY_0001121,ORD_0001121,2026-04-21 21:18:22,Net Banking,Refunded,67874.48
PAY_0001122,ORD_0001122,2026-05-23 05:22:31,Net Banking,Completed,58577.2
PAY_0001123,ORD_0001123,2026-03-24 12:19:00,Net Banking,Completed,55952.08
PAY_0001124,ORD_0001124,2026-08-24 20:26:06,UPI,Completed,66516.16
PAY_0001125,ORD_0001125,2026-06-10 13:39:51,Net Banking,Completed,71134.95
PAY_0001126,ORD_0001126,2025-10-13 05:34:24,Cash on Delivery,Completed,34650.53
PAY_0001127,ORD_0001127,2026-09-11 11:34:33,Credit Card,Completed,67653.29
PAY_0001128,ORD_0001128,2026-09-10 04:12:00,Cash on Delivery,Completed,34305.25
PAY_0001129,ORD_0001129,2026-08-10 14:13:33,Net Banking,Completed,19417.59
PAY_0001130,ORD_0001130,2026-02-13 12:08:07,Net Banking,Completed,22479.26
PAY_0001131,ORD_0001131,2026-09-13 03:51:50,Credit Card,Completed,46207.58
PAY_0001132,ORD_0001132,2025-12-06 07:43:13,UPI,Completed,33888.73
PAY_0001133,ORD_0001133,2026-01-25 16:35:43,Net Banking,Completed,43228.73
PAY_0001134,ORD_0001134,2025-10-18 16:44:00,Credit Card,Completed,71683.19
PAY_0001135,ORD_0001135,2025-12-06 23:06:51,UPI,Completed,81376.51
PAY_0001136,ORD_0001136,2026-08-05 20:54:36,Cash on Delivery,Completed,84096.74
PAY_0001137,ORD_0001137,2026-01-04 07:20:20,UPI,Completed,74449.92
PAY_0001138,ORD_0001138,2025-12-02 11:01:00,UPI,Completed,23269.86
PAY_0001139,ORD_0001139,2026-04-05 12:03:06,Net Banking,Completed,42446.9
PAY_0001140,ORD_0001140,2025-11-07 15:13:38,UPI,Completed,29390.37
PAY_0001141,ORD_0001141,2026-06-02 03:27:57,UPI,Completed,13271.73
PAY_0001142,ORD_0001142,2026-01-12 22:53:46,UPI,Completed,63184.36
PAY_0001143,ORD_0001143,2025-11-10 10:51:06,Credit Card,Completed,12294.0
PAY_0001144,ORD_0001144,2025-11-05 22:26:46,UPI,Completed,73167.43
PAY_0001145,ORD_0001145,2026-08-18 19:17:25,Corporate Cheque,Completed,36955.16
PAY_0001146,ORD_0001146,2026-01-15 10:28:05,Net Banking,Completed,56735.78
PAY_0001147,ORD_0001147,2025-10-07 15:27:33,UPI,Completed,11905.45
PAY_0001148,ORD_0001148,2025-12-06 16:48:35,UPI,Completed,33606.26
PAY_0001149,ORD_0001149,2026-05-17 09:34:56,Cash on Delivery,Completed,15042.73
PAY_0001150,ORD_0001150,2026-06-30 08:33:36,UPI,Completed,1467.07
PAY_0001151,ORD_0001151,2026-06-08 22:28:38,Credit Card,Completed,6140.65
PAY_0001152,ORD_0001152,2026-05-18 12:40:53,Cash on Delivery,Completed,71171.91
PAY_0001153,ORD_0001153,2026-08-19 08:47:58,Net Banking,Completed,78533.12
PAY_0001154,ORD_0001154,2026-08-17 12:02:35,UPI,Completed,23431.35
PAY_0001155,ORD_0001155,2025-11-22 22:41:21,Credit Card,Completed,8371.47
PAY_0001156,ORD_0001156,2026-03-12 20:30:59,Credit Card,Completed,44723.83
PAY_0001157,ORD_0001157,2026-03-21 01:44:52,UPI,Completed,29245.28
PAY_0001158,ORD_0001158,2026-04-11 08:46:00,UPI,Completed,65691.38
PAY_0001159,ORD_0001159,2026-08-23 16:27:56,Net Banking,Completed,31741.6
PAY_0001160,ORD_0001160,2026-04-13 04:03:13,Net Banking,Completed,771.49
PAY_0001161,ORD_0001161,2025-12-25 05:55:28,UPI,Completed,67938.03
PAY_0001162,ORD_0001162,2026-03-27 03:27:24,Credit Card,Completed,44655.5
PAY_0001163,ORD_0001163,2025-12-30 11:29:57,Cash on Delivery,Completed,57912.39
PAY_0001164,ORD_0001164,2026-06-27 20:39:21,Credit Card,Completed,13103.4
PAY_0001165,ORD_0001165,2025-10-13 13:57:55,UPI,Completed,35305.33
PAY_0001166,ORD_0001166,2026-06-29 20:08:57,Cash on Delivery,Completed,2380.39
PAY_0001167,ORD_0001167,2026-06-08 22:40:38,UPI,Completed,65657.73
PAY_0001168,ORD_0001168,2026-05-28 15:11:32,Net Banking,Completed,14794.02
PAY_0001169,ORD_0001169,2025-10-23 10:42:51,Cash on Delivery,Completed,70502.83
PAY_0001170,ORD_0001170,2026-06-20 05:57:34,UPI,Completed,34487.52
PAY_0001171,ORD_0001171,2026-06-30 10:44:17,Cash on Delivery,Completed,10639.83
PAY_0001172,ORD_0001172,2026-07-06 11:47:17,Net Banking,Completed,25168.65
PAY_0001173,ORD_0001173,2026-03-12 04:59:26,Corporate Cheque,Completed,65994.89
PAY_0001174,ORD_0001174,2026-04-17 18:00:24,UPI,Completed,23446.34
PAY_0001175,ORD_0001175,2025-10-02 19:52:53,UPI,Completed,40339.72
PAY_0001176,ORD_0001176,2026-06-13 06:23:20,Credit Card,Completed,65767.7
PAY_0001177,ORD_0001177,2025-10-19 06:30:12,Net Banking,Completed,25710.05
PAY_0001178,ORD_0001178,2026-09-03 13:53:48,Credit Card,Completed,35535.31
PAY_0001179,ORD_0001179,2026-03-30 23:49:26,UPI,Completed,48238.01
PAY_0001180,ORD_0001180,2026-04-24 15:23:13,UPI,Completed,11690.48
PAY_0001181,ORD_0001181,2026-05-19 16:23:07,Credit Card,Completed,23257.84
PAY_0001182,ORD_0001182,2025-11-25 00:53:09,Credit Card,Completed,68987.8
PAY_0001183,ORD_0001183,2026-03-06 23:04:08,Cash on Delivery,Completed,77350.44
PAY_0001184,ORD_0001184,2026-02-14 07:58:57,Credit Card,Completed,75823.07
PAY_0001185,ORD_0001185,2026-08-23 00:41:56,Net Banking,Completed,34309.11
PAY_0001186,ORD_0001186,2025-11-19 01:04:28,UPI,Completed,13366.83
PAY_0001187,ORD_0001187,2026-09-10 07:41:41,UPI,Completed,41448.86
PAY_0001188,ORD_0001188,2026-05-09 17:00:33,UPI,Completed,34144.11
PAY_0001189,ORD_0001189,2026-02-02 04:05:43,Credit Card,Completed,62524.35
PAY_0001190,ORD_0001190,2026-09-02 08:03:30,Cash on Delivery,Completed,15090.33
PAY_0001191,ORD_0001191,2026-01-21 03:05:11,Credit Card,Completed,2978.47
PAY_0001192,ORD_0001192,2026-05-07 16:36:38,UPI,Completed,74075.43
PAY_0001193,ORD_0001193,2026-06-18 09:29:51,UPI,Completed,37238.8
PAY_0001194,ORD_0001194,2026-04-06 19:37:33,Net Banking,Refunded,20114.77
PAY_0001195,ORD_0001195,2026-08-13 17:37:30,Corporate Cheque,Completed,83036.64
PAY_0001196,ORD_0001196,2026-02-07 01:38:09,UPI,Refunded,79629.8
PAY_0001197,ORD_0001197,2025-12-15 01:32:30,Net Banking,Completed,19557.99
PAY_0001198,ORD_0001198,2025-12-09 07:15:33,UPI,Refunded,64514.61
PAY_0001199,ORD_0001199,2026-01-24 11:45:46,Credit Card,Completed,18242.23
PAY_0001200,ORD_0001200,2026-01-31 01:32:08,Cash on Delivery,Refunded,73677.12
PAY_0001201,ORD_0001201,2026-07-31 01:40:05,UPI,Refunded,78148.58
PAY_0001202,ORD_0001202,2026-08-12 18:18:03,Credit Card,Completed,82600.25
PAY_0001203,ORD_0001203,2026-06-17 11:50:01,Net Banking,Completed,61197.47
PAY_0001204,ORD_0001204,2026-01-29 17:19:57,UPI,Completed,61071.67
PAY_0001205,ORD_0001205,2026-07-14 10:15:03,UPI,Completed,65475.89
PAY_0001206,ORD_0001206,2026-05-24 19:27:22,UPI,Completed,13306.12
PAY_0001207,ORD_0001207,2026-03-31 13:49:06,Cash on Delivery,Completed,79299.68
PAY_0001208,ORD_0001208,2026-06-21 13:14:25,Net Banking,Completed,50911.08
PAY_0001209,ORD_0001209,2025-11-08 14:18:33,Net Banking,Completed,12774.42
PAY_0001210,ORD_0001210,2026-06-23 04:29:34,UPI,Completed,25450.2
PAY_0001211,ORD_0001211,2026-09-01 00:44:28,Cash on Delivery,Completed,59499.92
PAY_0001212,ORD_0001212,2026-09-06 00:23:05,Credit Card,Completed,21107.93
PAY_0001213,ORD_0001213,2026-01-25 15:16:12,UPI,Completed,32979.04
PAY_0001214,ORD_0001214,2025-10-17 18:08:05,Net Banking,Completed,37170.69
PAY_0001215,ORD_0001215,2025-10-23 10:40:47,UPI,Completed,50554.86
PAY_0001216,ORD_0001216,2025-11-13 04:42:45,Credit Card,Completed,50985.02
PAY_0001217,ORD_0001217,2026-08-11 17:39:17,Net Banking,Completed,25450.8
PAY_0001218,ORD_0001218,2026-07-06 15:31:38,UPI,Completed,1876.5
PAY_0001219,ORD_0001219,2025-11-17 13:23:18,Net Banking,Completed,67610.07
PAY_0001220,ORD_0001220,2026-06-06 08:12:06,Net Banking,Completed,1385.98
PAY_0001221,ORD_0001221,2026-06-21 12:07:57,Corporate Cheque,Completed,869.1
PAY_0001222,ORD_0001222,2026-03-21 10:37:15,UPI,Completed,21227.42
PAY_0001223,ORD_0001223,2025-10-31 17:04:28,Cash on Delivery,Completed,10902.65
PAY_0001224,ORD_0001224,2025-12-15 07:31:48,Credit Card,Completed,75297.26
PAY_0001225,ORD_0001225,2026-04-04 09:21:21,Credit Card,Completed,21023.98
PAY_0001226,ORD_0001226,2025-11-25 10:45:37,Net Banking,Completed,18837.67
PAY_0001227,ORD_0001227,2026-08-13 08:33:59,Credit Card,Completed,27722.52
PAY_0001228,ORD_0001228,2026-06-10 18:13:17,UPI,Completed,61418.59
PAY_0001229,ORD_0001229,2025-12-22 03:26:46,Net Banking,Refunded,44124.45
PAY_0001230,ORD_0001230,2026-08-23 22:39:06,UPI,Completed,27631.44
PAY_0001231,ORD_0001231,2026-01-04 03:28:08,UPI,Completed,70832.58
PAY_0001232,ORD_0001232,2025-10-13 18:26:37,Net Banking,Refunded,61845.02
PAY_0001233,ORD_0001233,2026-01-30 06:50:44,Net Banking,Completed,67894.7
PAY_0001234,ORD_0001234,2026-09-02 23:07:05,Credit Card,Completed,23336.01
PAY_0001235,ORD_0001235,2026-08-09 05:37:00,Corporate Cheque,Completed,21211.82
PAY_0001236,ORD_0001236,2026-05-16 15:43:01,Net Banking,Completed,9329.17
PAY_0001237,ORD_0001237,2026-01-30 23:38:33,UPI,Completed,50293.93
PAY_0001238,ORD_0001238,2026-02-25 15:08:07,UPI,Completed,82917.89
PAY_0001239,ORD_0001239,2025-10-02 05:49:55,UPI,Completed,29182.19
PAY_0001240,ORD_0001240,2026-09-11 02:30:38,UPI,Completed,42556.3
PAY_0001241,ORD_0001241,2026-06-09 16:17:56,UPI,Completed,38546.23
PAY_0001242,ORD_0001242,2026-05-11 22:37:55,Corporate Cheque,Completed,26352.55
PAY_0001243,ORD_0001243,2025-10-02 02:19:23,Cash on Delivery,Completed,75163.7
PAY_0001244,ORD_0001244,2026-09-15 12:30:13,Net Banking,Completed,8861.82
PAY_0001245,ORD_0001245,2026-03-17 00:30:43,UPI,Completed,82132.3
PAY_0001246,ORD_0001246,2025-11-11 00:26:35,Cash on Delivery,Completed,32830.93
PAY_0001247,ORD_0001247,2026-03-15 00:27:04,Credit Card,Completed,45224.47
PAY_0001248,ORD_0001248,2026-04-17 18:12:41,UPI,Completed,23127.51
PAY_0001249,ORD_0001249,2026-03-17 22:02:45,Credit Card,Completed,49373.65
PAY_0001250,ORD_0001250,2026-02-18 11:00:44,UPI,Completed,47417.67
PAY_0001251,ORD_0001251,2026-04-12 04:00:18,Corporate Cheque,Completed,83620.09
PAY_0001252,ORD_0001252,2026-01-13 14:36:10,Cash on Delivery,Completed,14745.5
PAY_0001253,ORD_0001253,2025-11-29 07:14:48,UPI,Completed,40100.4
PAY_0001254,ORD_0001254,2026-06-24 08:22:37,UPI,Completed,76495.42
PAY_0001255,ORD_0001255,2026-06-08 19:27:33,UPI,Completed,48711.61
PAY_0001256,ORD_0001256,2026-08-26 11:38:45,UPI,Refunded,78923.76
PAY_0001257,ORD_0001257,2026-09-12 16:03:07,UPI,Completed,8297.04
PAY_0001258,ORD_0001258,2025-11-28 23:27:07,Net Banking,Completed,71139.93
PAY_0001259,ORD_0001259,2026-07-02 18:47:34,Credit Card,Completed,70425.82
PAY_0001260,ORD_0001260,2026-06-30 18:41:29,Net Banking,Completed,83684.4
PAY_0001261,ORD_0001261,2026-02-14 15:38:56,UPI,Completed,18256.06
PAY_0001262,ORD_0001262,2026-04-17 09:10:16,UPI,Completed,18253.27
PAY_0001263,ORD_0001263,2026-06-03 02:48:36,Credit Card,Completed,66946.68
PAY_0001264,ORD_0001264,2026-08-10 14:34:10,Credit Card,Completed,43657.83
PAY_0001265,ORD_0001265,2025-11-25 13:37:44,Net Banking,Completed,66353.87
PAY_0001266,ORD_0001266,2026-03-13 01:16:32,Net Banking,Completed,21000.58
PAY_0001267,ORD_0001267,2026-07-25 02:44:01,Credit Card,Completed,37870.9
PAY_0001268,ORD_0001268,2026-05-28 14:35:33,Cash on Delivery,Completed,54893.28
PAY_0001269,ORD_0001269,2025-10-20 15:04:34,Credit Card,Completed,5898.82
PAY_0001270,ORD_0001270,2026-04-25 23:21:06,Credit Card,Completed,33754.46
PAY_0001271,ORD_0001271,2026-01-10 23:03:38,Net Banking,Completed,30680.06
PAY_0001272,ORD_0001272,2026-02-01 15:52:30,Credit Card,Completed,18915.02
PAY_0001273,ORD_0001273,2026-03-02 11:20:50,Credit Card,Refunded,37610.9
PAY_0001274,ORD_0001274,2025-12-27 17:22:20,UPI,Completed,54794.04
PAY_0001275,ORD_0001275,2026-08-05 06:53:41,Net Banking,Completed,77427.28
PAY_0001276,ORD_0001276,2026-05-25 10:54:15,UPI,Completed,23123.59
PAY_0001277,ORD_0001277,2025-11-08 01:18:52,Credit Card,Completed,80165.92
PAY_0001278,ORD_0001278,2026-07-06 20:55:47,Net Banking,Completed,84680.91
PAY_0001279,ORD_0001279,2026-05-05 07:07:24,Net Banking,Completed,60248.27
PAY_0001280,ORD_0001280,2026-08-11 17:53:16,UPI,Refunded,77840.37
PAY_0001281,ORD_0001281,2026-03-14 01:56:32,Cash on Delivery,Completed,84033.97
PAY_0001282,ORD_0001282,2026-05-28 04:32:16,UPI,Completed,10665.15
PAY_0001283,ORD_0001283,2026-04-08 19:07:22,UPI,Completed,9798.69
PAY_0001284,ORD_0001284,2026-03-20 00:40:04,Cash on Delivery,Completed,54525.82
PAY_0001285,ORD_0001285,2026-08-19 16:20:47,Corporate Cheque,Completed,62067.32
PAY_0001286,ORD_0001286,2026-01-06 19:10:07,UPI,Completed,20881.43
PAY_0001287,ORD_0001287,2026-05-17 15:29:44,UPI,Completed,39200.02
PAY_0001288,ORD_0001288,2026-04-13 15:19:57,UPI,Completed,59511.85
PAY_0001289,ORD_0001289,2026-08-07 09:51:32,Credit Card,Completed,35360.71
PAY_0001290,ORD_0001290,2026-05-01 10:41:54,UPI,Completed,71391.24
PAY_0001291,ORD_0001291,2025-10-21 17:09:38,Net Banking,Completed,3308.81
PAY_0001292,ORD_0001292,2025-10-14 21:28:27,UPI,Completed,2807.57
PAY_0001293,ORD_0001293,2025-10-15 04:02:22,UPI,Completed,11965.25
PAY_0001294,ORD_0001294,2026-01-08 02:10:13,UPI,Completed,6881.92
PAY_0001295,ORD_0001295,2026-06-21 10:59:10,UPI,Completed,28852.71
PAY_0001296,ORD_0001296,2026-07-17 03:33:56,Credit Card,Completed,36784.2
PAY_0001297,ORD_0001297,2026-08-19 03:36:52,Net Banking,Completed,30964.21
PAY_0001298,ORD_0001298,2025-11-30 21:47:44,UPI,Completed,65060.59
PAY_0001299,ORD_0001299,2026-09-06 16:41:04,Corporate Cheque,Completed,59478.4
PAY_0001300,ORD_0001300,2026-05-12 13:49:47,UPI,Completed,64879.65
PAY_0001301,ORD_0001301,2026-08-31 23:12:42,Cash on Delivery,Completed,7411.78
PAY_0001302,ORD_0001302,2025-11-08 23:34:20,Net Banking,Completed,49319.97
PAY_0001303,ORD_0001303,2025-11-02 00:14:12,Cash on Delivery,Completed,19478.99
PAY_0001304,ORD_0001304,2025-11-06 17:09:11,Net Banking,Completed,70643.25
PAY_0001305,ORD_0001305,2026-05-18 15:02:13,Credit Card,Completed,24622.64
PAY_0001306,ORD_0001306,2026-08-13 12:45:28,UPI,Completed,63930.15
PAY_0001307,ORD_0001307,2026-03-10 06:49:24,UPI,Completed,56926.53
PAY_0001308,ORD_0001308,2025-11-10 09:15:50,UPI,Refunded,19146.92
PAY_0001309,ORD_0001309,2025-12-15 06:17:12,UPI,Completed,3363.48
PAY_0001310,ORD_0001310,2026-08-06 05:27:28,UPI,Completed,4352.4
PAY_0001311,ORD_0001311,2026-06-15 02:23:02,Credit Card,Completed,49369.89
PAY_0001312,ORD_0001312,2026-04-30 00:43:50,Credit Card,Refunded,78732.6
PAY_0001313,ORD_0001313,2026-01-26 01:46:59,Cash on Delivery,Completed,76154.43
PAY_0001314,ORD_0001314,2026-02-26 01:45:07,UPI,Completed,8923.75
PAY_0001315,ORD_0001315,2025-11-22 05:10:13,Net Banking,Completed,72121.85
PAY_0001316,ORD_0001316,2026-06-28 10:00:49,Cash on Delivery,Completed,12052.62
PAY_0001317,ORD_0001317,2026-06-05 02:16:25,Net Banking,Completed,81956.62
PAY_0001318,ORD_0001318,2026-02-07 23:04:56,UPI,Completed,60493.86
PAY_0001319,ORD_0001319,2025-11-23 14:50:47,UPI,Completed,26854.53
PAY_0001320,ORD_0001320,2025-12-25 10:34:32,UPI,Refunded,48683.01
PAY_0001321,ORD_0001321,2026-04-14 17:18:31,UPI,Completed,18093.51
PAY_0001322,ORD_0001322,2026-06-15 06:36:57,UPI,Completed,74350.02
PAY_0001323,ORD_0001323,2026-09-06 05:30:25,Corporate Cheque,Completed,38109.24
PAY_0001324,ORD_0001324,2026-07-07 07:54:38,UPI,Completed,34945.9
PAY_0001325,ORD_0001325,2026-02-16 15:42:10,Net Banking,Refunded,73704.73
PAY_0001326,ORD_0001326,2025-11-09 04:22:31,Cash on Delivery,Completed,19780.62
PAY_0001327,ORD_0001327,2026-03-19 06:02:38,Net Banking,Completed,78538.77
PAY_0001328,ORD_0001328,2026-05-30 05:43:06,Cash on Delivery,Completed,2505.15
PAY_0001329,ORD_0001329,2026-07-12 05:24:23,UPI,Completed,35144.19
PAY_0001330,ORD_0001330,2025-10-10 08:15:10,UPI,Completed,77625.41
PAY_0001331,ORD_0001331,2026-07-07 11:13:00,Net Banking,Completed,78046.69
PAY_0001332,ORD_0001332,2026-09-13 03:55:29,Credit Card,Completed,64682.86
PAY_0001333,ORD_0001333,2026-02-06 10:07:36,UPI,Completed,6134.26
PAY_0001334,ORD_0001334,2026-05-02 23:21:46,UPI,Completed,6339.97
PAY_0001335,ORD_0001335,2026-04-12 10:00:37,UPI,Completed,25959.34
PAY_0001336,ORD_0001336,2026-07-03 04:08:37,UPI,Completed,3196.37
PAY_0001337,ORD_0001337,2026-08-20 13:52:36,Credit Card,Completed,78930.07
PAY_0001338,ORD_0001338,2025-12-10 01:22:59,Credit Card,Completed,57592.98
PAY_0001339,ORD_0001339,2026-03-21 13:09:12,Net Banking,Completed,58818.4
PAY_0001340,ORD_0001340,2025-12-21 04:05:41,Corporate Cheque,Completed,76537.08
PAY_0001341,ORD_0001341,2026-08-15 14:50:34,UPI,Completed,4315.82
PAY_0001342,ORD_0001342,2025-10-23 05:41:28,UPI,Completed,7661.6
PAY_0001343,ORD_0001343,2026-05-21 13:27:50,Credit Card,Completed,63026.78
PAY_0001344,ORD_0001344,2026-07-31 06:58:42,UPI,Completed,55500.17
PAY_0001345,ORD_0001345,2025-11-10 04:57:28,Credit Card,Completed,17046.09
PAY_0001346,ORD_0001346,2026-05-03 17:15:09,Credit Card,Completed,2739.48
PAY_0001347,ORD_0001347,2026-06-21 15:37:21,UPI,Completed,33521.89
PAY_0001348,ORD_0001348,2026-08-14 15:02:09,Credit Card,Completed,6551.24
PAY_0001349,ORD_0001349,2026-08-19 01:39:21,Cash on Delivery,Completed,79842.1
PAY_0001350,ORD_0001350,2026-02-25 06:33:46,UPI,Completed,56160.62
PAY_0001351,ORD_0001351,2026-04-22 02:02:20,UPI,Completed,83768.98
PAY_0001352,ORD_0001352,2026-09-04 02:36:46,UPI,Completed,73659.99
PAY_0001353,ORD_0001353,2026-03-31 21:36:15,UPI,Refunded,79114.77
PAY_0001354,ORD_0001354,2026-01-27 19:22:14,UPI,Completed,31562.89
PAY_0001355,ORD_0001355,2026-03-23 08:51:02,Credit Card,Completed,36133.77
PAY_0001356,ORD_0001356,2026-01-25 14:44:59,Credit Card,Completed,6664.21
PAY_0001357,ORD_0001357,2026-04-10 00:20:00,Net Banking,Completed,1028.33
PAY_0001358,ORD_0001358,2026-06-21 23:34:24,Cash on Delivery,Completed,8409.81
PAY_0001359,ORD_0001359,2026-07-25 02:41:17,UPI,Completed,78453.7
PAY_0001360,ORD_0001360,2025-11-28 12:05:17,Cash on Delivery,Completed,12187.9
PAY_0001361,ORD_0001361,2026-02-25 15:02:06,Credit Card,Completed,72250.24
PAY_0001362,ORD_0001362,2026-09-11 13:05:07,Cash on Delivery,Completed,21894.94
PAY_0001363,ORD_0001363,2026-05-07 16:02:03,UPI,Completed,31730.45
PAY_0001364,ORD_0001364,2025-12-23 19:58:18,Credit Card,Refunded,5571.21
PAY_0001365,ORD_0001365,2026-02-09 16:05:00,UPI,Completed,34778.85
PAY_0001366,ORD_0001366,2025-11-09 16:45:00,Net Banking,Completed,4054.31
PAY_0001367,ORD_0001367,2026-06-12 20:01:33,Cash on Delivery,Completed,13577.87
PAY_0001368,ORD_0001368,2025-11-13 11:19:10,Net Banking,Completed,68001.4
PAY_0001369,ORD_0001369,2026-04-26 22:29:15,UPI,Completed,27611.62
PAY_0001370,ORD_0001370,2026-07-26 20:51:39,UPI,Completed,21410.8
PAY_0001371,ORD_0001371,2026-03-15 18:37:09,Net Banking,Completed,69315.44
PAY_0001372,ORD_0001372,2025-12-25 20:42:31,UPI,Completed,50568.53
PAY_0001373,ORD_0001373,2025-10-03 15:07:34,Net Banking,Completed,69636.58
PAY_0001374,ORD_0001374,2026-07-17 17:30:20,UPI,Refunded,40647.29
PAY_0001375,ORD_0001375,2025-10-24 12:37:23,Cash on Delivery,Completed,17266.45
PAY_0001376,ORD_0001376,2026-06-13 10:55:07,Credit Card,Completed,81984.36
PAY_0001377,ORD_0001377,2026-05-25 12:32:41,Credit Card,Completed,9654.43
PAY_0001378,ORD_0001378,2025-11-28 19:35:20,Credit Card,Completed,1975.83
PAY_0001379,ORD_0001379,2026-01-03 08:52:09,Credit Card,Refunded,49463.98
PAY_0001380,ORD_0001380,2025-11-14 00:48:22,Cash on Delivery,Completed,42145.13
PAY_0001381,ORD_0001381,2026-06-17 15:11:30,Net Banking,Completed,47864.37
PAY_0001382,ORD_0001382,2025-11-11 12:34:32,Net Banking,Completed,76079.41
PAY_0001383,ORD_0001383,2026-09-06 02:15:21,Cash on Delivery,Completed,20785.51
PAY_0001384,ORD_0001384,2026-07-07 12:03:12,UPI,Completed,50544.67
PAY_0001385,ORD_0001385,2026-02-01 19:05:54,UPI,Completed,63560.91
PAY_0001386,ORD_0001386,2026-02-02 00:45:06,Credit Card,Completed,61803.99
PAY_0001387,ORD_0001387,2025-12-30 20:02:38,Net Banking,Completed,44974.32
PAY_0001388,ORD_0001388,2026-05-21 17:13:52,Net Banking,Completed,28816.2
PAY_0001389,ORD_0001389,2026-06-07 05:56:26,Credit Card,Completed,33785.24
PAY_0001390,ORD_0001390,2025-10-02 02:33:57,Cash on Delivery,Completed,22168.73
PAY_0001391,ORD_0001391,2026-03-23 14:00:09,UPI,Completed,42512.95
PAY_0001392,ORD_0001392,2026-07-10 13:36:54,Credit Card,Completed,30580.16
PAY_0001393,ORD_0001393,2026-04-30 05:07:41,Credit Card,Completed,35074.62
PAY_0001394,ORD_0001394,2026-03-22 00:32:49,Credit Card,Completed,16054.38
PAY_0001395,ORD_0001395,2026-04-27 12:07:04,UPI,Refunded,51388.13
PAY_0001396,ORD_0001396,2026-03-18 03:24:44,Net Banking,Completed,40774.49
PAY_0001397,ORD_0001397,2026-01-21 15:24:06,Net Banking,Completed,78109.53
PAY_0001398,ORD_0001398,2026-03-21 01:50:33,UPI,Completed,68221.04
PAY_0001399,ORD_0001399,2026-03-23 07:58:41,Cash on Delivery,Completed,59988.51
PAY_0001400,ORD_0001400,2026-06-07 15:41:58,Credit Card,Completed,29221.16
PAY_0001401,ORD_0001401,2026-05-23 12:17:35,UPI,Completed,19686.73
PAY_0001402,ORD_0001402,2026-03-14 02:54:14,Credit Card,Completed,76947.03
PAY_0001403,ORD_0001403,2026-07-23 20:12:24,UPI,Completed,58837.07
PAY_0001404,ORD_0001404,2026-01-06 23:14:59,UPI,Completed,18099.54
PAY_0001405,ORD_0001405,2026-04-15 10:29:09,UPI,Completed,56798.72
PAY_0001406,ORD_0001406,2026-01-25 01:04:04,UPI,Completed,37187.92
PAY_0001407,ORD_0001407,2026-05-06 11:11:39,Credit Card,Completed,35019.36
PAY_0001408,ORD_0001408,2025-10-23 19:06:58,Credit Card,Completed,67292.65
PAY_0001409,ORD_0001409,2026-05-08 21:49:20,Net Banking,Completed,64564.38
PAY_0001410,ORD_0001410,2026-03-13 10:20:30,Net Banking,Completed,48008.28
PAY_0001411,ORD_0001411,2026-09-09 06:01:28,Cash on Delivery,Completed,26834.58
PAY_0001412,ORD_0001412,2025-11-08 17:06:08,UPI,Completed,7147.56
PAY_0001413,ORD_0001413,2026-06-17 00:30:09,Credit Card,Completed,32635.7
PAY_0001414,ORD_0001414,2026-08-06 15:12:15,Cash on Delivery,Completed,64432.61
PAY_0001415,ORD_0001415,2026-03-11 22:30:00,UPI,Completed,59526.43
PAY_0001416,ORD_0001416,2026-07-23 18:44:03,UPI,Completed,81900.77
PAY_0001417,ORD_0001417,2025-10-23 15:44:10,UPI,Completed,1692.77
PAY_0001418,ORD_0001418,2026-02-05 18:59:25,Credit Card,Completed,26759.61
PAY_0001419,ORD_0001419,2026-04-24 20:58:39,Net Banking,Completed,66548.97
PAY_0001420,ORD_0001420,2026-08-30 06:36:29,Net Banking,Completed,34362.35
PAY_0001421,ORD_0001421,2025-10-10 01:58:04,Net Banking,Completed,61199.35
PAY_0001422,ORD_0001422,2025-11-30 13:06:36,Net Banking,Completed,3722.39
PAY_0001423,ORD_0001423,2026-02-09 14:10:02,Cash on Delivery,Completed,33440.37
PAY_0001424,ORD_0001424,2026-05-19 05:17:25,UPI,Completed,52767.74
PAY_0001425,ORD_0001425,2026-01-22 01:39:08,Net Banking,Completed,41678.87
PAY_0001426,ORD_0001426,2026-04-10 15:28:19,UPI,Completed,68684.45
PAY_0001427,ORD_0001427,2026-07-06 19:50:04,UPI,Completed,23500.95
PAY_0001428,ORD_0001428,2026-08-19 00:45:12,UPI,Completed,4273.22
PAY_0001429,ORD_0001429,2026-06-13 00:18:44,UPI,Completed,746.91
PAY_0001430,ORD_0001430,2025-10-04 04:07:18,Net Banking,Completed,35235.81
PAY_0001431,ORD_0001431,2026-04-05 21:36:52,UPI,Completed,26378.68
PAY_0001432,ORD_0001432,2025-10-11 08:57:30,Credit Card,Completed,47873.12
PAY_0001433,ORD_0001433,2026-02-18 18:41:34,Net Banking,Completed,54798.19
PAY_0001434,ORD_0001434,2026-07-20 23:21:49,Net Banking,Completed,58328.03
PAY_0001435,ORD_0001435,2026-04-10 16:08:11,UPI,Completed,79926.25
PAY_0001436,ORD_0001436,2025-10-27 09:26:27,Credit Card,Completed,81228.28
PAY_0001437,ORD_0001437,2026-05-31 20:22:49,UPI,Completed,8676.42
PAY_0001438,ORD_0001438,2026-05-08 05:28:37,Net Banking,Completed,33311.19
PAY_0001439,ORD_0001439,2026-07-10 18:06:57,Credit Card,Completed,78285.13
PAY_0001440,ORD_0001440,2026-05-21 00:19:23,UPI,Completed,79511.06
PAY_0001441,ORD_0001441,2025-10-08 14:15:04,UPI,Completed,41044.3
PAY_0001442,ORD_0001442,2026-06-12 11:37:21,Net Banking,Completed,67259.96
PAY_0001443,ORD_0001443,2026-03-11 19:17:01,Credit Card,Completed,72634.89
PAY_0001444,ORD_0001444,2026-01-30 08:41:38,UPI,Completed,72676.18
PAY_0001445,ORD_0001445,2026-01-27 03:26:51,UPI,Completed,35518.3
PAY_0001446,ORD_0001446,2025-12-04 09:17:43,UPI,Completed,5025.14
PAY_0001447,ORD_0001447,2025-11-16 11:14:48,UPI,Completed,83620.08
PAY_0001448,ORD_0001448,2026-07-18 19:44:21,Net Banking,Completed,57330.93
PAY_0001449,ORD_0001449,2026-08-27 00:07:29,Credit Card,Completed,70708.1
PAY_0001450,ORD_0001450,2026-09-06 16:46:57,Credit Card,Completed,16069.64
PAY_0001451,ORD_0001451,2026-05-10 13:52:10,UPI,Completed,59330.04
PAY_0001452,ORD_0001452,2026-05-20 19:44:56,Credit Card,Completed,76106.91
PAY_0001453,ORD_0001453,2026-07-18 15:29:44,Cash on Delivery,Completed,62132.59
PAY_0001454,ORD_0001454,2026-04-01 08:37:11,Net Banking,Completed,17923.54
PAY_0001455,ORD_0001455,2026-08-27 03:35:50,UPI,Refunded,15004.5
PAY_0001456,ORD_0001456,2025-10-06 06:14:08,Net Banking,Completed,20331.18
PAY_0001457,ORD_0001457,2026-08-21 15:14:40,UPI,Completed,59069.25
PAY_0001458,ORD_0001458,2025-10-03 18:45:02,Net Banking,Completed,28922.68
PAY_0001459,ORD_0001459,2025-11-05 21:46:54,Net Banking,Completed,11842.87
PAY_0001460,ORD_0001460,2026-05-19 04:40:21,UPI,Refunded,23075.68
PAY_0001461,ORD_0001461,2026-02-12 09:36:06,Net Banking,Completed,15141.24
PAY_0001462,ORD_0001462,2026-06-11 12:30:27,UPI,Completed,67592.28
PAY_0001463,ORD_0001463,2026-04-02 05:14:27,Cash on Delivery,Completed,80966.98
PAY_0001464,ORD_0001464,2026-05-29 12:35:29,Net Banking,Refunded,61970.23
PAY_0001465,ORD_0001465,2026-04-21 19:08:27,Corporate Cheque,Completed,72541.72
PAY_0001466,ORD_0001466,2026-03-06 21:07:53,UPI,Completed,8622.66
PAY_0001467,ORD_0001467,2026-07-14 21:11:41,Net Banking,Completed,79470.44
PAY_0001468,ORD_0001468,2026-06-07 04:04:43,Cash on Delivery,Completed,39165.18
PAY_0001469,ORD_0001469,2026-03-23 15:40:08,UPI,Completed,67771.95
PAY_0001470,ORD_0001470,2026-09-10 01:25:55,UPI,Completed,56454.75
PAY_0001471,ORD_0001471,2026-06-08 10:23:00,Net Banking,Completed,27895.33
PAY_0001472,ORD_0001472,2026-04-27 05:42:29,Cash on Delivery,Completed,6592.53
PAY_0001473,ORD_0001473,2026-07-21 02:13:25,Credit Card,Completed,41947.45
PAY_0001474,ORD_0001474,2025-12-15 17:06:16,UPI,Completed,73860.57
PAY_0001475,ORD_0001475,2026-07-22 10:58:08,Cash on Delivery,Completed,52077.95
PAY_0001476,ORD_0001476,2025-12-23 09:28:14,Credit Card,Completed,80382.45
PAY_0001477,ORD_0001477,2026-02-21 15:44:26,Net Banking,Completed,81873.84
PAY_0001478,ORD_0001478,2026-02-28 09:23:53,UPI,Completed,57554.57
PAY_0001479,ORD_0001479,2026-05-26 19:47:45,UPI,Completed,82142.93
PAY_0001480,ORD_0001480,2026-01-01 21:01:27,Net Banking,Completed,2823.44
PAY_0001481,ORD_0001481,2025-11-03 22:38:32,Credit Card,Completed,38115.36
PAY_0001482,ORD_0001482,2026-02-16 08:02:12,UPI,Completed,67788.09
PAY_0001483,ORD_0001483,2026-09-01 13:22:59,Cash on Delivery,Completed,81098.73
PAY_0001484,ORD_0001484,2026-07-13 08:20:19,UPI,Completed,62764.88
PAY_0001485,ORD_0001485,2026-06-22 20:30:59,Net Banking,Completed,7289.56
PAY_0001486,ORD_0001486,2026-01-17 15:43:52,Credit Card,Completed,43689.79
PAY_0001487,ORD_0001487,2026-05-21 19:59:30,UPI,Completed,11752.63
PAY_0001488,ORD_0001488,2025-10-07 09:35:25,Credit Card,Completed,36227.7
PAY_0001489,ORD_0001489,2026-04-06 20:00:03,Cash on Delivery,Completed,33332.46
PAY_0001490,ORD_0001490,2026-02-04 18:19:34,UPI,Completed,70433.37
PAY_0001491,ORD_0001491,2026-01-29 02:04:08,Cash on Delivery,Completed,64279.1
PAY_0001492,ORD_0001492,2026-03-12 03:24:53,Net Banking,Completed,32093.54
PAY_0001493,ORD_0001493,2026-08-09 23:04:52,Credit Card,Completed,28204.88
PAY_0001494,ORD_0001494,2026-02-23 23:33:14,Credit Card,Completed,75459.86
PAY_0001495,ORD_0001495,2025-12-15 19:14:52,UPI,Refunded,3968.92
PAY_0001496,ORD_0001496,2026-03-29 14:18:00,UPI,Completed,51898.49
PAY_0001497,ORD_0001497,2026-01-05 12:50:28,Cash on Delivery,Completed,61655.11
PAY_0001498,ORD_0001498,2026-07-04 06:11:50,UPI,Completed,37760.37
PAY_0001499,ORD_0001499,2026-09-09 21:15:17,Credit Card,Completed,63816.9
PAY_0001500,ORD_0001500,2026-07-12 14:33:42,UPI,Completed,58334.84
PAY_0001501,ORD_0001501,2025-11-17 14:53:08,UPI,Completed,21629.96
PAY_0001502,ORD_0001502,2025-11-26 08:35:09,UPI,Completed,52744.93
PAY_0001503,ORD_0001503,2026-06-03 16:43:28,UPI,Completed,54018.28
PAY_0001504,ORD_0001504,2026-07-13 02:39:53,Credit Card,Completed,47723.4
PAY_0001505,ORD_0001505,2026-07-02 00:49:53,Cash on Delivery,Completed,78705.21
PAY_0001506,ORD_0001506,2026-03-24 20:55:22,UPI,Refunded,25886.83
PAY_0001507,ORD_0001507,2026-06-24 18:35:44,UPI,Completed,43177.52
PAY_0001508,ORD_0001508,2026-03-14 22:25:58,Cash on Delivery,Completed,62016.44
PAY_0001509,ORD_0001509,2025-11-07 14:19:35,Cash on Delivery,Completed,2446.04
PAY_0001510,ORD_0001510,2025-11-16 17:57:49,Credit Card,Completed,43505.41
PAY_0001511,ORD_0001511,2026-05-07 10:31:37,Corporate Cheque,Completed,10811.98
PAY_0001512,ORD_0001512,2025-11-18 14:49:18,UPI,Completed,48191.75
PAY_0001513,ORD_0001513,2026-05-18 23:03:24,UPI,Completed,32609.82
PAY_0001514,ORD_0001514,2026-02-22 17:13:44,Net Banking,Completed,45026.63
PAY_0001515,ORD_0001515,2026-01-16 19:59:01,Net Banking,Completed,2060.89
PAY_0001516,ORD_0001516,2026-02-11 11:52:37,Credit Card,Completed,79729.59
PAY_0001517,ORD_0001517,2026-09-10 06:12:52,UPI,Refunded,82526.89
PAY_0001518,ORD_0001518,2026-05-26 18:20:27,Credit Card,Completed,22231.02
PAY_0001519,ORD_0001519,2026-05-08 08:44:12,UPI,Refunded,1170.62
PAY_0001520,ORD_0001520,2025-12-06 16:06:09,UPI,Completed,40671.3
PAY_0001521,ORD_0001521,2026-01-07 07:23:27,Credit Card,Completed,48472.81
PAY_0001522,ORD_0001522,2026-02-23 04:27:10,Net Banking,Completed,19020.17
PAY_0001523,ORD_0001523,2026-04-06 20:07:19,Cash on Delivery,Completed,3956.3
PAY_0001524,ORD_0001524,2026-08-15 12:18:06,Net Banking,Refunded,58878.85
PAY_0001525,ORD_0001525,2026-08-01 09:27:08,Credit Card,Completed,27623.01
PAY_0001526,ORD_0001526,2026-02-21 15:35:36,Net Banking,Completed,22454.93
PAY_0001527,ORD_0001527,2025-11-08 12:21:52,UPI,Completed,76018.55
PAY_0001528,ORD_0001528,2026-01-15 16:38:41,UPI,Completed,57299.58
PAY_0001529,ORD_0001529,2026-02-18 02:26:31,Credit Card,Completed,76371.74
PAY_0001530,ORD_0001530,2025-11-24 08:36:59,Credit Card,Completed,68159.41
PAY_0001531,ORD_0001531,2025-10-19 04:49:31,Cash on Delivery,Completed,11061.6
PAY_0001532,ORD_0001532,2025-11-21 12:00:11,Cash on Delivery,Completed,22674.06
PAY_0001533,ORD_0001533,2026-03-31 05:53:04,Credit Card,Completed,28283.52
PAY_0001534,ORD_0001534,2026-08-20 02:26:37,Cash on Delivery,Completed,41565.68
PAY_0001535,ORD_0001535,2026-07-13 12:16:50,Corporate Cheque,Completed,14665.94
PAY_0001536,ORD_0001536,2026-04-08 15:00:54,Credit Card,Completed,83231.63
PAY_0001537,ORD_0001537,2025-10-15 01:27:32,UPI,Completed,32006.95
PAY_0001538,ORD_0001538,2026-08-03 16:30:10,Net Banking,Completed,79939.9
PAY_0001539,ORD_0001539,2026-08-11 09:37:06,Credit Card,Completed,63812.56
PAY_0001540,ORD_0001540,2026-03-07 21:57:23,UPI,Completed,30585.87
PAY_0001541,ORD_0001541,2025-10-18 22:57:11,Cash on Delivery,Completed,1116.96
PAY_0001542,ORD_0001542,2026-08-15 04:20:03,Corporate Cheque,Completed,48477.09
PAY_0001543,ORD_0001543,2026-06-01 21:17:04,UPI,Completed,19793.66
PAY_0001544,ORD_0001544,2026-07-29 23:03:02,UPI,Completed,50464.64
PAY_0001545,ORD_0001545,2026-02-02 19:21:18,Credit Card,Completed,22795.67
PAY_0001546,ORD_0001546,2026-01-11 05:21:51,UPI,Completed,64616.83
PAY_0001547,ORD_0001547,2026-06-28 01:35:47,UPI,Completed,45481.33
PAY_0001548,ORD_0001548,2026-07-08 03:41:42,UPI,Completed,18784.77
PAY_0001549,ORD_0001549,2025-12-16 16:05:12,UPI,Completed,22557.5
PAY_0001550,ORD_0001550,2026-04-06 04:44:56,Net Banking,Completed,33868.43
PAY_0001551,ORD_0001551,2025-10-26 03:46:16,UPI,Completed,55780.38
PAY_0001552,ORD_0001552,2025-12-27 11:57:43,Credit Card,Completed,69276.44
PAY_0001553,ORD_0001553,2026-07-19 23:42:05,Credit Card,Completed,27785.16
PAY_0001554,ORD_0001554,2026-05-20 04:38:50,UPI,Completed,56439.31
PAY_0001555,ORD_0001555,2026-02-06 15:10:38,UPI,Completed,39570.39
PAY_0001556,ORD_0001556,2026-07-02 13:12:22,UPI,Completed,79019.28
PAY_0001557,ORD_0001557,2026-06-05 17:36:51,Net Banking,Completed,16734.49
PAY_0001558,ORD_0001558,2026-07-12 21:05:57,UPI,Completed,10818.95
PAY_0001559,ORD_0001559,2026-02-09 06:18:37,Cash on Delivery,Completed,49356.94
PAY_0001560,ORD_0001560,2025-11-19 23:24:37,Cash on Delivery,Completed,75979.77
PAY_0001561,ORD_0001561,2026-07-21 06:40:15,Credit Card,Completed,33048.12
PAY_0001562,ORD_0001562,2026-08-06 23:27:36,Credit Card,Completed,71715.89
PAY_0001563,ORD_0001563,2026-02-07 02:32:19,Corporate Cheque,Completed,70526.6
PAY_0001564,ORD_0001564,2025-11-15 02:53:05,Corporate Cheque,Completed,61793.07
PAY_0001565,ORD_0001565,2025-11-15 05:46:30,UPI,Completed,68332.06
PAY_0001566,ORD_0001566,2026-02-28 02:38:32,UPI,Completed,67276.03
PAY_0001567,ORD_0001567,2026-03-11 13:21:26,Net Banking,Completed,45151.89
PAY_0001568,ORD_0001568,2026-05-31 07:17:12,Net Banking,Completed,66561.07
PAY_0001569,ORD_0001569,2026-08-10 10:01:54,Net Banking,Completed,50292.43
PAY_0001570,ORD_0001570,2026-09-15 13:37:18,UPI,Completed,67506.28
PAY_0001571,ORD_0001571,2026-03-05 10:35:23,Cash on Delivery,Completed,24153.49
PAY_0001572,ORD_0001572,2025-11-24 06:03:14,UPI,Completed,74856.18
PAY_0001573,ORD_0001573,2026-02-09 22:51:19,UPI,Completed,45429.33
PAY_0001574,ORD_0001574,2026-01-26 05:09:53,UPI,Refunded,38023.61
PAY_0001575,ORD_0001575,2025-10-16 23:28:23,Net Banking,Completed,34036.99
PAY_0001576,ORD_0001576,2026-05-12 14:55:25,Net Banking,Completed,18147.62
PAY_0001577,ORD_0001577,2026-03-08 09:04:09,Credit Card,Completed,26670.93
PAY_0001578,ORD_0001578,2025-10-16 16:54:06,Net Banking,Completed,2138.13
PAY_0001579,ORD_0001579,2025-10-26 14:41:22,Net Banking,Completed,25643.6
PAY_0001580,ORD_0001580,2025-12-06 02:41:50,Credit Card,Completed,2013.09
PAY_0001581,ORD_0001581,2025-12-12 21:57:51,Net Banking,Completed,46371.07
PAY_0001582,ORD_0001582,2026-03-22 15:20:59,UPI,Refunded,7929.62
PAY_0001583,ORD_0001583,2026-02-19 09:38:10,UPI,Completed,54095.63
PAY_0001584,ORD_0001584,2026-05-02 03:18:29,UPI,Completed,10568.86
PAY_0001585,ORD_0001585,2026-05-19 02:39:44,UPI,Completed,49973.95
PAY_0001586,ORD_0001586,2026-08-19 04:18:45,UPI,Completed,76891.19
PAY_0001587,ORD_0001587,2026-06-26 20:00:04,UPI,Completed,44197.61
PAY_0001588,ORD_0001588,2026-06-02 04:45:04,Cash on Delivery,Completed,16662.26
PAY_0001589,ORD_0001589,2026-04-20 00:38:38,Net Banking,Completed,72444.11
PAY_0001590,ORD_0001590,2025-10-20 07:07:55,Credit Card,Completed,49609.91
PAY_0001591,ORD_0001591,2026-06-27 03:01:14,UPI,Completed,32774.18
PAY_0001592,ORD_0001592,2025-10-23 10:14:07,Credit Card,Completed,78489.49
PAY_0001593,ORD_0001593,2026-05-10 15:01:38,UPI,Refunded,81620.14
PAY_0001594,ORD_0001594,2026-08-07 18:52:00,UPI,Completed,83736.93
PAY_0001595,ORD_0001595,2026-05-19 18:45:05,UPI,Completed,83558.27
PAY_0001596,ORD_0001596,2026-06-04 17:09:45,UPI,Completed,1843.48
PAY_0001597,ORD_0001597,2025-10-21 01:10:50,UPI,Completed,27379.36
PAY_0001598,ORD_0001598,2026-05-10 08:51:57,UPI,Completed,69065.39
PAY_0001599,ORD_0001599,2026-05-05 07:58:29,UPI,Completed,29801.19
PAY_0001600,ORD_0001600,2025-12-28 23:23:59,UPI,Completed,57893.6
PAY_0001601,ORD_0001601,2025-10-18 01:19:36,UPI,Completed,5144.52
PAY_0001602,ORD_0001602,2026-05-16 22:12:33,UPI,Refunded,73102.35
PAY_0001603,ORD_0001603,2026-05-29 16:26:39,Credit Card,Completed,26318.84
PAY_0001604,ORD_0001604,2026-02-11 17:58:07,UPI,Completed,83077.94
PAY_0001605,ORD_0001605,2026-01-30 14:58:37,Cash on Delivery,Completed,58974.55
PAY_0001606,ORD_0001606,2026-08-27 13:43:30,Credit Card,Completed,63450.85
PAY_0001607,ORD_0001607,2026-05-24 10:39:32,UPI,Completed,24934.17
PAY_0001608,ORD_0001608,2025-10-16 23:21:35,Net Banking,Completed,2526.2
PAY_0001609,ORD_0001609,2025-11-07 18:36:57,UPI,Completed,43886.04
PAY_0001610,ORD_0001610,2026-02-14 19:48:41,Cash on Delivery,Completed,7986.28
PAY_0001611,ORD_0001611,2025-11-30 06:19:43,UPI,Completed,44778.46
PAY_0001612,ORD_0001612,2026-07-10 01:21:50,Credit Card,Completed,1999.25
PAY_0001613,ORD_0001613,2026-01-18 23:21:31,UPI,Completed,54710.4
PAY_0001614,ORD_0001614,2026-07-23 22:08:10,UPI,Completed,6277.95
PAY_0001615,ORD_0001615,2026-06-12 08:17:51,Net Banking,Completed,43069.47
PAY_0001616,ORD_0001616,2026-08-05 05:48:42,Credit Card,Completed,40191.8
PAY_0001617,ORD_0001617,2025-11-25 09:57:22,UPI,Completed,13487.56
PAY_0001618,ORD_0001618,2026-05-02 11:23:24,Net Banking,Completed,56760.77
PAY_0001619,ORD_0001619,2026-04-22 23:37:35,Credit Card,Completed,67555.35
PAY_0001620,ORD_0001620,2026-05-09 07:08:23,Net Banking,Completed,23989.28
PAY_0001621,ORD_0001621,2026-03-25 07:40:53,Net Banking,Completed,13746.41
PAY_0001622,ORD_0001622,2026-02-17 05:55:33,UPI,Completed,82937.68
PAY_0001623,ORD_0001623,2025-11-14 05:13:42,UPI,Completed,4171.06
PAY_0001624,ORD_0001624,2026-03-01 11:28:44,Credit Card,Completed,7504.85
PAY_0001625,ORD_0001625,2026-09-02 20:53:13,Net Banking,Completed,16672.7
PAY_0001626,ORD_0001626,2026-01-11 00:18:16,Net Banking,Completed,53844.72
PAY_0001627,ORD_0001627,2026-05-27 17:54:10,UPI,Completed,69332.24
PAY_0001628,ORD_0001628,2025-12-16 13:07:03,Net Banking,Completed,22624.94
PAY_0001629,ORD_0001629,2026-01-28 22:29:49,UPI,Completed,74342.38
PAY_0001630,ORD_0001630,2025-10-09 02:57:54,UPI,Completed,39266.17
PAY_0001631,ORD_0001631,2026-07-09 11:15:36,UPI,Completed,23213.03
PAY_0001632,ORD_0001632,2026-07-18 01:30:48,Net Banking,Refunded,9502.85
PAY_0001633,ORD_0001633,2026-02-13 19:37:52,UPI,Completed,36550.01
PAY_0001634,ORD_0001634,2026-03-07 17:12:04,UPI,Completed,34810.92
PAY_0001635,ORD_0001635,2026-06-04 17:00:48,Net Banking,Completed,47940.89
PAY_0001636,ORD_0001636,2026-07-20 07:00:15,Net Banking,Completed,39031.57
PAY_0001637,ORD_0001637,2026-05-11 11:08:39,Net Banking,Completed,75279.72
PAY_0001638,ORD_0001638,2025-12-29 21:27:25,Credit Card,Completed,36232.86
PAY_0001639,ORD_0001639,2026-07-09 22:39:59,UPI,Completed,57935.16
PAY_0001640,ORD_0001640,2026-04-04 03:20:59,Net Banking,Completed,9935.96
PAY_0001641,ORD_0001641,2026-07-17 11:20:23,Credit Card,Completed,79008.48
PAY_0001642,ORD_0001642,2026-01-02 09:50:20,UPI,Completed,8315.3
PAY_0001643,ORD_0001643,2025-11-18 07:34:22,Credit Card,Completed,70191.93
PAY_0001644,ORD_0001644,2026-06-27 03:52:36,UPI,Completed,18128.89
PAY_0001645,ORD_0001645,2026-03-03 02:23:04,Credit Card,Completed,83494.95
PAY_0001646,ORD_0001646,2026-08-01 01:09:58,Credit Card,Refunded,1098.93
PAY_0001647,ORD_0001647,2026-07-27 04:45:19,Net Banking,Completed,47976.16
PAY_0001648,ORD_0001648,2026-05-11 04:15:58,Credit Card,Completed,56777.8
PAY_0001649,ORD_0001649,2026-03-30 17:05:12,UPI,Refunded,57644.73
PAY_0001650,ORD_0001650,2025-11-23 21:45:07,UPI,Completed,45310.88
PAY_0001651,ORD_0001651,2026-03-10 05:35:42,UPI,Completed,70505.71
PAY_0001652,ORD_0001652,2025-11-26 20:53:41,Net Banking,Completed,23645.82
PAY_0001653,ORD_0001653,2025-12-07 13:04:05,Net Banking,Completed,68526.16
PAY_0001654,ORD_0001654,2026-06-23 05:04:30,Credit Card,Completed,64856.07
PAY_0001655,ORD_0001655,2026-05-23 14:49:31,UPI,Completed,4415.07
PAY_0001656,ORD_0001656,2025-12-04 11:28:03,Net Banking,Completed,77382.01
PAY_0001657,ORD_0001657,2025-12-09 00:11:55,Corporate Cheque,Completed,40042.8
PAY_0001658,ORD_0001658,2026-03-31 13:49:21,Credit Card,Completed,50307.45
PAY_0001659,ORD_0001659,2026-01-13 07:04:36,UPI,Completed,12841.12
PAY_0001660,ORD_0001660,2025-12-01 22:08:27,Net Banking,Completed,73410.42
PAY_0001661,ORD_0001661,2026-06-01 15:34:59,Net Banking,Completed,12849.92
PAY_0001662,ORD_0001662,2026-06-04 21:58:32,Credit Card,Completed,44842.56
PAY_0001663,ORD_0001663,2026-08-18 20:22:32,Net Banking,Completed,12137.91
PAY_0001664,ORD_0001664,2026-06-23 11:04:48,UPI,Completed,28151.6
PAY_0001665,ORD_0001665,2025-12-21 03:06:59,Corporate Cheque,Completed,18075.26
PAY_0001666,ORD_0001666,2026-01-15 07:57:01,Net Banking,Completed,12528.19
PAY_0001667,ORD_0001667,2026-03-13 13:25:38,Credit Card,Completed,60449.73
PAY_0001668,ORD_0001668,2026-03-18 22:21:46,Net Banking,Completed,80172.29
PAY_0001669,ORD_0001669,2026-03-09 23:48:04,UPI,Completed,34909.82
PAY_0001670,ORD_0001670,2025-12-15 10:45:25,Credit Card,Completed,8841.46
PAY_0001671,ORD_0001671,2026-06-04 15:15:17,UPI,Completed,83656.96
PAY_0001672,ORD_0001672,2025-11-14 15:08:35,Credit Card,Completed,4448.08
PAY_0001673,ORD_0001673,2026-04-25 01:42:00,Corporate Cheque,Completed,7467.53
PAY_0001674,ORD_0001674,2026-08-24 04:37:35,Cash on Delivery,Completed,6195.89
PAY_0001675,ORD_0001675,2026-02-14 14:27:59,Net Banking,Completed,4319.03
PAY_0001676,ORD_0001676,2026-03-09 12:46:40,Net Banking,Refunded,26310.54
PAY_0001677,ORD_0001677,2026-05-10 04:50:21,Cash on Delivery,Completed,72229.37
PAY_0001678,ORD_0001678,2026-04-18 06:52:45,Net Banking,Completed,32268.71
PAY_0001679,ORD_0001679,2025-11-10 18:18:04,Credit Card,Completed,42398.65
PAY_0001680,ORD_0001680,2025-10-19 12:59:48,Cash on Delivery,Completed,28246.4
PAY_0001681,ORD_0001681,2026-04-17 12:57:12,Credit Card,Completed,80216.02
PAY_0001682,ORD_0001682,2026-05-16 18:40:54,Net Banking,Completed,844.15
PAY_0001683,ORD_0001683,2025-12-05 19:42:18,UPI,Completed,34552.82
PAY_0001684,ORD_0001684,2026-05-13 19:24:42,Net Banking,Completed,62491.39
PAY_0001685,ORD_0001685,2026-08-28 17:30:03,Net Banking,Completed,82137.69
PAY_0001686,ORD_0001686,2026-08-23 06:32:02,UPI,Refunded,26406.27
PAY_0001687,ORD_0001687,2026-06-06 22:56:01,Net Banking,Completed,16834.29
PAY_0001688,ORD_0001688,2026-02-09 17:32:40,Net Banking,Completed,35043.62
PAY_0001689,ORD_0001689,2026-02-06 05:02:52,UPI,Completed,26995.99
PAY_0001690,ORD_0001690,2026-05-15 21:48:20,UPI,Completed,52245.62
PAY_0001691,ORD_0001691,2026-08-04 14:46:21,UPI,Completed,35829.17
PAY_0001692,ORD_0001692,2026-02-03 20:07:52,Credit Card,Completed,66891.27
PAY_0001693,ORD_0001693,2026-02-14 15:04:53,UPI,Completed,24437.45
PAY_0001694,ORD_0001694,2026-04-27 23:10:36,Credit Card,Completed,42726.54
PAY_0001695,ORD_0001695,2025-12-08 18:17:10,Credit Card,Completed,35234.56
PAY_0001696,ORD_0001696,2026-02-23 02:33:31,Credit Card,Refunded,13146.83
PAY_0001697,ORD_0001697,2025-11-11 12:44:15,UPI,Completed,6172.91
PAY_0001698,ORD_0001698,2026-07-20 20:10:56,UPI,Completed,55345.01
PAY_0001699,ORD_0001699,2025-12-06 23:09:48,UPI,Completed,2603.25
PAY_0001700,ORD_0001700,2026-04-09 08:10:43,Net Banking,Completed,24673.08
PAY_0001701,ORD_0001701,2025-12-04 15:56:09,Net Banking,Completed,81618.79
PAY_0001702,ORD_0001702,2026-06-26 15:15:55,Net Banking,Completed,71872.29
PAY_0001703,ORD_0001703,2026-05-01 06:25:07,UPI,Completed,59217.09
PAY_0001704,ORD_0001704,2025-11-29 03:17:34,UPI,Completed,43928.7
PAY_0001705,ORD_0001705,2025-10-01 03:46:36,Cash on Delivery,Completed,22229.81
PAY_0001706,ORD_0001706,2026-01-27 08:22:03,Corporate Cheque,Refunded,81932.24
PAY_0001707,ORD_0001707,2025-11-21 12:21:56,UPI,Completed,64801.92
PAY_0001708,ORD_0001708,2026-06-30 11:07:20,UPI,Completed,44634.31
PAY_0001709,ORD_0001709,2025-12-27 00:16:06,Net Banking,Completed,24602.1
PAY_0001710,ORD_0001710,2026-05-10 06:37:40,UPI,Completed,8239.42
PAY_0001711,ORD_0001711,2026-07-23 19:50:37,UPI,Completed,48271.74
PAY_0001712,ORD_0001712,2026-06-26 17:14:27,Cash on Delivery,Completed,23233.07
PAY_0001713,ORD_0001713,2026-06-21 22:12:11,Credit Card,Completed,13288.9
PAY_0001714,ORD_0001714,2025-11-05 17:41:19,Corporate Cheque,Completed,66993.44
PAY_0001715,ORD_0001715,2025-11-14 09:47:29,Cash on Delivery,Completed,51869.65
PAY_0001716,ORD_0001716,2026-03-01 11:55:02,UPI,Completed,44521.54
PAY_0001717,ORD_0001717,2025-10-11 01:37:54,Net Banking,Completed,38035.64
PAY_0001718,ORD_0001718,2026-06-29 22:36:58,Credit Card,Completed,8149.71
PAY_0001719,ORD_0001719,2026-05-12 16:29:59,Net Banking,Completed,6953.62
PAY_0001720,ORD_0001720,2026-01-11 10:56:32,Net Banking,Completed,12988.82
PAY_0001721,ORD_0001721,2026-07-06 14:37:08,Corporate Cheque,Completed,67397.37
PAY_0001722,ORD_0001722,2025-11-09 22:09:48,Net Banking,Completed,21448.11
PAY_0001723,ORD_0001723,2025-12-09 22:08:03,Cash on Delivery,Completed,12672.8
PAY_0001724,ORD_0001724,2026-07-22 05:19:25,UPI,Completed,43824.93
PAY_0001725,ORD_0001725,2026-05-22 11:22:20,Credit Card,Completed,775.56
PAY_0001726,ORD_0001726,2026-01-23 01:50:42,UPI,Completed,83094.86
PAY_0001727,ORD_0001727,2026-08-11 18:24:16,Credit Card,Completed,20779.36
PAY_0001728,ORD_0001728,2025-10-21 04:33:11,Net Banking,Completed,78561.37
PAY_0001729,ORD_0001729,2026-08-31 06:05:08,Credit Card,Completed,74381.54
PAY_0001730,ORD_0001730,2026-09-08 04:40:46,Net Banking,Completed,35668.6
PAY_0001731,ORD_0001731,2025-12-08 00:14:57,UPI,Completed,72706.47
PAY_0001732,ORD_0001732,2025-12-07 20:38:29,Cash on Delivery,Completed,51683.39
PAY_0001733,ORD_0001733,2026-03-28 09:39:38,Credit Card,Completed,46163.3
PAY_0001734,ORD_0001734,2025-11-22 13:12:44,Net Banking,Completed,63788.14
PAY_0001735,ORD_0001735,2026-08-19 10:54:30,Corporate Cheque,Completed,41323.4
PAY_0001736,ORD_0001736,2026-04-05 04:41:57,Cash on Delivery,Completed,81278.42
PAY_0001737,ORD_0001737,2026-07-01 17:22:43,UPI,Completed,18495.59
PAY_0001738,ORD_0001738,2026-07-24 02:11:38,UPI,Completed,14291.84
PAY_0001739,ORD_0001739,2026-01-22 12:22:36,Net Banking,Completed,83568.91
PAY_0001740,ORD_0001740,2026-09-04 23:39:30,Net Banking,Completed,33537.32
PAY_0001741,ORD_0001741,2026-06-25 12:57:05,Net Banking,Completed,53194.17
PAY_0001742,ORD_0001742,2026-06-20 18:24:31,Corporate Cheque,Completed,26930.4
PAY_0001743,ORD_0001743,2026-04-17 08:51:46,UPI,Completed,73123.92
PAY_0001744,ORD_0001744,2025-10-30 01:07:36,Credit Card,Completed,75797.32
PAY_0001745,ORD_0001745,2026-03-28 14:46:14,UPI,Completed,41989.68
PAY_0001746,ORD_0001746,2026-05-10 00:52:54,UPI,Completed,29282.95
PAY_0001747,ORD_0001747,2026-01-19 19:39:43,Net Banking,Completed,74465.53
PAY_0001748,ORD_0001748,2026-07-22 12:50:37,Credit Card,Completed,83015.68
PAY_0001749,ORD_0001749,2026-08-03 06:28:02,UPI,Completed,5573.57
PAY_0001750,ORD_0001750,2026-08-29 22:58:24,Credit Card,Completed,70004.15
PAY_0001751,ORD_0001751,2026-08-05 02:58:14,Net Banking,Completed,20235.11
PAY_0001752,ORD_0001752,2026-01-18 07:01:03,Net Banking,Completed,48511.47
PAY_0001753,ORD_0001753,2025-11-13 21:06:29,UPI,Completed,7848.15
PAY_0001754,ORD_0001754,2026-05-01 00:48:02,UPI,Completed,15363.6
PAY_0001755,ORD_0001755,2026-05-18 14:02:45,Net Banking,Completed,19410.11
PAY_0001756,ORD_0001756,2026-08-16 20:44:49,Credit Card,Completed,30959.18
PAY_0001757,ORD_0001757,2026-03-17 01:21:06,Net Banking,Completed,81544.03
PAY_0001758,ORD_0001758,2026-05-28 19:39:38,Net Banking,Completed,46793.82
PAY_0001759,ORD_0001759,2026-08-06 22:52:34,UPI,Completed,83825.68
PAY_0001760,ORD_0001760,2026-06-11 06:18:41,UPI,Completed,13470.42
PAY_0001761,ORD_0001761,2026-07-26 09:06:53,Credit Card,Completed,72559.61
PAY_0001762,ORD_0001762,2026-01-17 18:14:35,Net Banking,Completed,1654.63
PAY_0001763,ORD_0001763,2026-04-21 17:45:21,Credit Card,Completed,9634.02
PAY_0001764,ORD_0001764,2026-07-29 22:20:04,UPI,Completed,34825.66
PAY_0001765,ORD_0001765,2026-04-22 09:26:05,UPI,Completed,49321.55
PAY_0001766,ORD_0001766,2025-10-09 22:48:38,Cash on Delivery,Refunded,49181.15
PAY_0001767,ORD_0001767,2026-05-07 03:23:31,UPI,Completed,41823.8
PAY_0001768,ORD_0001768,2026-04-04 22:00:22,UPI,Refunded,23608.22
PAY_0001769,ORD_0001769,2026-04-05 08:58:04,UPI,Completed,75727.09
PAY_0001770,ORD_0001770,2026-02-24 22:38:05,UPI,Completed,26830.69
PAY_0001771,ORD_0001771,2026-02-06 22:01:57,Credit Card,Completed,63749.58
PAY_0001772,ORD_0001772,2025-12-29 13:09:49,UPI,Completed,80190.71
PAY_0001773,ORD_0001773,2025-10-04 02:12:44,UPI,Completed,35167.94
PAY_0001774,ORD_0001774,2026-06-25 19:32:26,Cash on Delivery,Completed,77149.7
PAY_0001775,ORD_0001775,2026-06-02 17:00:12,Corporate Cheque,Completed,49588.57
PAY_0001776,ORD_0001776,2026-01-09 11:23:04,Credit Card,Completed,35302.45
PAY_0001777,ORD_0001777,2026-05-10 04:19:53,Credit Card,Completed,35987.67
PAY_0001778,ORD_0001778,2026-07-15 18:42:47,Net Banking,Completed,12176.9
PAY_0001779,ORD_0001779,2026-09-01 07:54:12,Corporate Cheque,Completed,84666.13
PAY_0001780,ORD_0001780,2026-05-02 13:31:22,UPI,Completed,69461.69
PAY_0001781,ORD_0001781,2026-05-30 14:11:59,Credit Card,Completed,9240.67
PAY_0001782,ORD_0001782,2026-07-01 16:45:01,Credit Card,Completed,72594.33
PAY_0001783,ORD_0001783,2026-02-17 03:49:20,Credit Card,Completed,45696.95
PAY_0001784,ORD_0001784,2026-05-06 06:34:24,Credit Card,Completed,70460.82
PAY_0001785,ORD_0001785,2026-03-11 10:00:01,UPI,Completed,49244.48
PAY_0001786,ORD_0001786,2026-07-25 16:45:14,Cash on Delivery,Completed,68120.65
PAY_0001787,ORD_0001787,2026-07-10 09:19:15,UPI,Completed,47783.48
PAY_0001788,ORD_0001788,2026-05-02 11:42:43,Credit Card,Refunded,65640.58
PAY_0001789,ORD_0001789,2026-07-06 20:29:48,Net Banking,Completed,13040.02
PAY_0001790,ORD_0001790,2026-06-22 20:42:14,Net Banking,Refunded,598.35
PAY_0001791,ORD_0001791,2026-07-04 19:07:57,Net Banking,Completed,43773.79
PAY_0001792,ORD_0001792,2026-05-19 07:00:04,Credit Card,Completed,20321.87
PAY_0001793,ORD_0001793,2026-01-13 03:13:48,UPI,Completed,67968.46
PAY_0001794,ORD_0001794,2026-05-12 21:39:41,Cash on Delivery,Completed,50015.24
PAY_0001795,ORD_0001795,2026-08-24 21:05:58,Credit Card,Completed,19577.4
PAY_0001796,ORD_0001796,2026-08-15 03:02:09,Credit Card,Completed,84409.24
PAY_0001797,ORD_0001797,2026-05-05 08:35:08,Credit Card,Completed,10823.5
PAY_0001798,ORD_0001798,2026-04-09 22:43:30,UPI,Completed,79144.45
PAY_0001799,ORD_0001799,2026-06-19 11:32:58,UPI,Completed,72735.79
PAY_0001800,ORD_0001800,2026-06-12 00:24:29,Cash on Delivery,Completed,59052.28
PAY_0001801,ORD_0001801,2026-01-17 18:01:59,Net Banking,Completed,69003.96
PAY_0001802,ORD_0001802,2026-02-21 23:56:09,Credit Card,Completed,68180.0
PAY_0001803,ORD_0001803,2026-06-26 01:58:16,UPI,Completed,26455.29
PAY_0001804,ORD_0001804,2026-05-22 15:52:59,Net Banking,Completed,17249.51
PAY_0001805,ORD_0001805,2026-06-20 13:24:34,Cash on Delivery,Completed,51807.45
PAY_0001806,ORD_0001806,2026-06-22 02:28:45,UPI,Completed,67919.83
PAY_0001807,ORD_0001807,2026-04-10 14:04:39,UPI,Completed,39179.25
PAY_0001808,ORD_0001808,2026-01-29 04:56:18,Net Banking,Completed,20028.88
PAY_0001809,ORD_0001809,2026-01-08 12:41:35,Cash on Delivery,Completed,35536.42
PAY_0001810,ORD_0001810,2026-04-18 02:12:48,UPI,Completed,17263.65
PAY_0001811,ORD_0001811,2026-03-01 07:50:35,Net Banking,Completed,82716.27
PAY_0001812,ORD_0001812,2025-11-06 22:40:34,UPI,Completed,56906.43
PAY_0001813,ORD_0001813,2026-07-21 01:11:03,Credit Card,Completed,35428.1
PAY_0001814,ORD_0001814,2025-10-09 16:04:28,Net Banking,Completed,66992.38
PAY_0001815,ORD_0001815,2026-03-18 17:13:46,Credit Card,Refunded,21365.15
PAY_0001816,ORD_0001816,2026-07-03 23:51:48,Net Banking,Completed,63384.92
PAY_0001817,ORD_0001817,2026-05-19 02:49:50,Credit Card,Completed,63042.68
PAY_0001818,ORD_0001818,2025-10-23 02:10:38,UPI,Completed,33883.53
PAY_0001819,ORD_0001819,2026-05-19 16:09:31,Corporate Cheque,Completed,30778.64
PAY_0001820,ORD_0001820,2026-02-25 22:06:14,Cash on Delivery,Completed,26723.85
PAY_0001821,ORD_0001821,2025-11-14 15:11:53,UPI,Completed,36499.47
PAY_0001822,ORD_0001822,2026-06-05 18:01:01,Credit Card,Completed,6425.97
PAY_0001823,ORD_0001823,2026-01-30 12:19:11,UPI,Completed,8985.25
PAY_0001824,ORD_0001824,2026-08-29 03:28:14,Corporate Cheque,Completed,72795.43
PAY_0001825,ORD_0001825,2026-08-01 06:57:08,UPI,Completed,16529.04
PAY_0001826,ORD_0001826,2025-10-30 11:43:25,Net Banking,Completed,37096.91
PAY_0001827,ORD_0001827,2026-06-30 06:40:00,Net Banking,Completed,1959.53
PAY_0001828,ORD_0001828,2026-08-10 14:10:37,Credit Card,Completed,74144.58
PAY_0001829,ORD_0001829,2025-11-10 21:37:51,Cash on Delivery,Completed,46206.16
PAY_0001830,ORD_0001830,2026-05-03 22:38:47,Credit Card,Completed,8384.05
PAY_0001831,ORD_0001831,2025-12-15 15:35:04,UPI,Completed,71797.4
PAY_0001832,ORD_0001832,2026-06-13 05:34:19,Credit Card,Completed,29301.29
PAY_0001833,ORD_0001833,2025-10-19 15:48:43,Credit Card,Completed,8025.04
PAY_0001834,ORD_0001834,2026-04-28 19:20:45,Credit Card,Completed,34897.4
PAY_0001835,ORD_0001835,2025-10-05 03:37:04,Credit Card,Completed,30277.54
PAY_0001836,ORD_0001836,2026-08-20 04:45:03,Credit Card,Completed,58319.72
PAY_0001837,ORD_0001837,2026-03-21 17:16:40,UPI,Completed,79077.62
PAY_0001838,ORD_0001838,2025-11-23 15:00:34,Net Banking,Completed,72889.51
PAY_0001839,ORD_0001839,2026-02-28 08:56:41,Credit Card,Completed,51939.4
PAY_0001840,ORD_0001840,2026-06-02 20:10:32,Credit Card,Refunded,34301.74
PAY_0001841,ORD_0001841,2026-02-18 23:36:33,Net Banking,Completed,4286.04
PAY_0001842,ORD_0001842,2026-02-02 08:03:35,Net Banking,Completed,70731.53
PAY_0001843,ORD_0001843,2026-02-06 00:00:35,UPI,Completed,77242.28
PAY_0001844,ORD_0001844,2025-11-17 15:26:48,UPI,Completed,11220.97
PAY_0001845,ORD_0001845,2026-08-03 11:24:15,UPI,Completed,3116.87
PAY_0001846,ORD_0001846,2026-03-15 12:16:51,UPI,Completed,13055.64
PAY_0001847,ORD_0001847,2026-02-26 08:19:29,UPI,Completed,4102.63
PAY_0001848,ORD_0001848,2026-09-03 21:24:51,UPI,Completed,82668.12
PAY_0001849,ORD_0001849,2025-12-18 08:07:44,UPI,Completed,16189.91
PAY_0001850,ORD_0001850,2026-04-01 20:35:01,Corporate Cheque,Completed,45054.09
PAY_0001851,ORD_0001851,2026-03-23 03:31:38,Credit Card,Completed,60222.0
PAY_0001852,ORD_0001852,2026-03-03 11:46:26,Credit Card,Completed,66167.96
PAY_0001853,ORD_0001853,2026-01-19 19:01:05,Net Banking,Completed,68545.26
PAY_0001854,ORD_0001854,2026-08-27 06:16:49,UPI,Completed,8669.86
PAY_0001855,ORD_0001855,2025-12-27 12:55:45,Net Banking,Completed,17908.84
PAY_0001856,ORD_0001856,2026-04-17 09:40:16,Cash on Delivery,Completed,8301.06
PAY_0001857,ORD_0001857,2026-05-15 05:03:06,Corporate Cheque,Completed,11279.12
PAY_0001858,ORD_0001858,2025-11-15 08:35:00,Credit Card,Refunded,24991.29
PAY_0001859,ORD_0001859,2025-12-25 13:28:58,Net Banking,Completed,22118.34
PAY_0001860,ORD_0001860,2025-12-09 22:30:29,Net Banking,Completed,13568.36
PAY_0001861,ORD_0001861,2026-07-02 17:36:31,Net Banking,Completed,37710.75
PAY_0001862,ORD_0001862,2026-03-03 20:53:23,UPI,Completed,34494.04
PAY_0001863,ORD_0001863,2026-04-20 22:40:12,Corporate Cheque,Completed,84971.79
PAY_0001864,ORD_0001864,2026-01-27 20:26:39,Credit Card,Completed,40539.46
PAY_0001865,ORD_0001865,2026-05-31 13:02:27,Net Banking,Completed,83721.29
PAY_0001866,ORD_0001866,2026-04-11 11:53:03,UPI,Completed,58749.86
PAY_0001867,ORD_0001867,2026-05-19 23:28:20,UPI,Completed,8045.75
PAY_0001868,ORD_0001868,2026-04-08 22:44:44,UPI,Completed,51785.76
PAY_0001869,ORD_0001869,2026-05-28 20:26:10,UPI,Completed,35372.99
PAY_0001870,ORD_0001870,2025-10-07 20:50:00,Net Banking,Completed,70256.32
PAY_0001871,ORD_0001871,2026-06-16 09:58:50,Net Banking,Completed,79812.23
PAY_0001872,ORD_0001872,2026-05-09 02:12:46,Corporate Cheque,Completed,31243.92
PAY_0001873,ORD_0001873,2025-11-15 16:48:16,UPI,Completed,74559.49
PAY_0001874,ORD_0001874,2026-02-09 19:56:24,Net Banking,Completed,82161.8
PAY_0001875,ORD_0001875,2026-08-18 23:24:39,Credit Card,Completed,83843.2
PAY_0001876,ORD_0001876,2026-03-14 10:27:14,Credit Card,Completed,33929.33
PAY_0001877,ORD_0001877,2026-03-21 13:22:26,UPI,Completed,69727.87
PAY_0001878,ORD_0001878,2025-12-05 13:11:59,UPI,Completed,31304.04
PAY_0001879,ORD_0001879,2026-02-13 08:10:26,Cash on Delivery,Completed,20528.48
PAY_0001880,ORD_0001880,2026-03-07 18:11:43,UPI,Completed,61476.52
PAY_0001881,ORD_0001881,2026-07-07 22:47:00,UPI,Completed,23723.68
PAY_0001882,ORD_0001882,2026-09-11 15:01:01,UPI,Completed,49630.49
PAY_0001883,ORD_0001883,2025-12-15 23:54:47,Net Banking,Completed,80913.86
PAY_0001884,ORD_0001884,2026-04-08 15:48:03,Net Banking,Completed,8002.58
PAY_0001885,ORD_0001885,2025-12-31 07:47:52,UPI,Completed,40158.61
PAY_0001886,ORD_0001886,2026-02-11 05:37:22,Credit Card,Completed,29347.75
PAY_0001887,ORD_0001887,2026-06-29 08:20:50,Cash on Delivery,Completed,41134.81
PAY_0001888,ORD_0001888,2026-05-17 02:46:11,UPI,Completed,21925.28
PAY_0001889,ORD_0001889,2026-04-08 16:16:39,Credit Card,Completed,43174.55
PAY_0001890,ORD_0001890,2026-01-25 16:58:01,Credit Card,Completed,64834.23
PAY_0001891,ORD_0001891,2026-09-06 11:49:29,UPI,Completed,57824.24
PAY_0001892,ORD_0001892,2025-11-01 18:35:16,Credit Card,Completed,83819.38
PAY_0001893,ORD_0001893,2025-10-09 23:08:42,UPI,Completed,84705.56
PAY_0001894,ORD_0001894,2025-12-19 22:23:47,Net Banking,Completed,10994.72
PAY_0001895,ORD_0001895,2025-10-01 21:50:13,UPI,Refunded,34262.02
PAY_0001896,ORD_0001896,2026-06-01 12:47:16,UPI,Completed,2676.38
PAY_0001897,ORD_0001897,2025-10-22 04:56:14,Cash on Delivery,Completed,79362.19
PAY_0001898,ORD_0001898,2026-08-16 21:02:28,Net Banking,Completed,44119.35
PAY_0001899,ORD_0001899,2025-11-30 13:14:53,Cash on Delivery,Completed,32166.18
PAY_0001900,ORD_0001900,2026-07-28 06:10:12,Net Banking,Completed,55131.05
PAY_0001901,ORD_0001901,2026-01-26 10:59:19,Net Banking,Completed,70683.08
PAY_0001902,ORD_0001902,2026-04-16 21:09:14,Credit Card,Completed,71928.42
PAY_0001903,ORD_0001903,2025-12-21 08:13:13,UPI,Completed,59461.49
PAY_0001904,ORD_0001904,2026-01-14 02:22:10,Cash on Delivery,Completed,53530.97
PAY_0001905,ORD_0001905,2025-10-07 06:24:13,Credit Card,Completed,50873.42
PAY_0001906,ORD_0001906,2026-03-15 05:46:22,Credit Card,Completed,71940.68
PAY_0001907,ORD_0001907,2025-10-08 17:40:23,UPI,Completed,22766.37
PAY_0001908,ORD_0001908,2026-04-11 10:40:28,Net Banking,Completed,53533.47
PAY_0001909,ORD_0001909,2026-08-07 21:35:43,UPI,Completed,70700.87
PAY_0001910,ORD_0001910,2026-08-08 17:16:16,UPI,Completed,30592.26
PAY_0001911,ORD_0001911,2026-05-13 13:11:59,UPI,Completed,13908.09
PAY_0001912,ORD_0001912,2026-04-19 16:44:49,Net Banking,Refunded,49151.19
PAY_0001913,ORD_0001913,2025-12-02 11:35:46,UPI,Completed,71583.01
PAY_0001914,ORD_0001914,2025-12-31 09:23:02,Net Banking,Completed,706.09
PAY_0001915,ORD_0001915,2026-03-06 15:11:20,Cash on Delivery,Completed,35332.09
PAY_0001916,ORD_0001916,2026-07-10 08:20:28,UPI,Completed,25182.62
PAY_0001917,ORD_0001917,2026-04-19 22:32:04,Credit Card,Completed,50683.13
PAY_0001918,ORD_0001918,2026-08-04 16:31:40,Credit Card,Completed,32949.88
PAY_0001919,ORD_0001919,2026-07-22 10:16:08,Net Banking,Completed,32513.22
PAY_0001920,ORD_0001920,2026-07-31 04:03:52,UPI,Completed,15884.21
PAY_0001921,ORD_0001921,2026-02-27 21:05:46,UPI,Completed,65863.95
PAY_0001922,ORD_0001922,2026-02-27 04:33:18,Cash on Delivery,Completed,67020.39
PAY_0001923,ORD_0001923,2026-08-26 15:55:19,Cash on Delivery,Completed,75425.51
PAY_0001924,ORD_0001924,2026-03-18 08:47:19,Cash on Delivery,Completed,31566.01
PAY_0001925,ORD_0001925,2026-01-05 13:38:21,Net Banking,Completed,73631.27
PAY_0001926,ORD_0001926,2025-10-19 22:31:09,Net Banking,Completed,74785.98
PAY_0001927,ORD_0001927,2026-07-05 23:25:56,UPI,Completed,41902.34
PAY_0001928,ORD_0001928,2026-05-22 21:25:49,UPI,Completed,3724.55
PAY_0001929,ORD_0001929,2025-11-13 13:38:13,UPI,Completed,52587.6
PAY_0001930,ORD_0001930,2026-07-19 09:01:10,Cash on Delivery,Completed,36675.02
PAY_0001931,ORD_0001931,2026-01-18 17:25:14,Net Banking,Completed,82163.05
PAY_0001932,ORD_0001932,2026-02-09 14:19:31,Net Banking,Completed,76915.73
PAY_0001933,ORD_0001933,2026-03-26 05:35:46,UPI,Completed,40474.36
PAY_0001934,ORD_0001934,2025-12-08 17:14:15,Net Banking,Completed,81360.8
PAY_0001935,ORD_0001935,2026-02-21 13:50:54,UPI,Completed,20048.77
PAY_0001936,ORD_0001936,2025-11-27 02:14:57,UPI,Completed,60179.28
PAY_0001937,ORD_0001937,2026-06-11 00:55:07,UPI,Completed,26237.62
PAY_0001938,ORD_0001938,2026-07-24 08:27:34,UPI,Completed,19450.85
PAY_0001939,ORD_0001939,2026-03-24 00:19:11,Net Banking,Completed,84227.15
PAY_0001940,ORD_0001940,2026-08-09 06:56:55,UPI,Completed,47127.05
PAY_0001941,ORD_0001941,2026-05-23 08:11:47,Corporate Cheque,Completed,38056.01
PAY_0001942,ORD_0001942,2026-05-01 13:07:40,Credit Card,Completed,65941.19
PAY_0001943,ORD_0001943,2026-07-01 03:24:24,Net Banking,Completed,25848.1
PAY_0001944,ORD_0001944,2026-01-10 00:06:22,Cash on Delivery,Completed,73592.87
PAY_0001945,ORD_0001945,2026-08-19 01:53:40,UPI,Completed,2702.86
PAY_0001946,ORD_0001946,2026-06-09 20:14:40,UPI,Completed,37342.45
PAY_0001947,ORD_0001947,2026-08-08 05:25:57,Credit Card,Completed,2538.41
PAY_0001948,ORD_0001948,2026-05-07 09:02:34,Net Banking,Completed,74939.54
PAY_0001949,ORD_0001949,2026-08-14 02:38:09,UPI,Completed,58454.05
PAY_0001950,ORD_0001950,2026-02-14 05:43:16,Net Banking,Completed,66615.82
PAY_0001951,ORD_0001951,2026-07-09 23:14:29,Net Banking,Completed,11545.65
PAY_0001952,ORD_0001952,2026-02-22 10:56:25,Net Banking,Completed,26432.62
PAY_0001953,ORD_0001953,2026-02-25 19:37:35,UPI,Completed,54614.82
PAY_0001954,ORD_0001954,2025-10-16 00:45:08,UPI,Completed,47407.05
PAY_0001955,ORD_0001955,2026-05-01 19:33:12,UPI,Refunded,51049.84
PAY_0001956,ORD_0001956,2025-12-29 06:25:29,UPI,Completed,63537.73
PAY_0001957,ORD_0001957,2026-03-20 07:09:35,Credit Card,Completed,58438.28
PAY_0001958,ORD_0001958,2025-12-21 20:44:46,UPI,Completed,77786.09
PAY_0001959,ORD_0001959,2025-10-14 02:41:53,UPI,Completed,4738.84
PAY_0001960,ORD_0001960,2026-03-28 13:01:56,Credit Card,Refunded,32404.45
PAY_0001961,ORD_0001961,2025-10-24 03:03:28,UPI,Completed,23533.52
PAY_0001962,ORD_0001962,2026-04-22 09:13:45,Net Banking,Completed,81427.68
PAY_0001963,ORD_0001963,2026-01-27 18:05:29,Cash on Delivery,Completed,81049.07
PAY_0001964,ORD_0001964,2026-08-23 11:40:05,Credit Card,Completed,83113.95
PAY_0001965,ORD_0001965,2026-08-04 15:20:58,Credit Card,Completed,19978.51
PAY_0001966,ORD_0001966,2026-08-07 21:36:52,UPI,Completed,33025.84
PAY_0001967,ORD_0001967,2026-02-16 11:28:02,UPI,Completed,37806.49
PAY_0001968,ORD_0001968,2026-05-24 12:41:35,UPI,Completed,6193.19
PAY_0001969,ORD_0001969,2026-05-20 14:49:34,UPI,Completed,1542.14
PAY_0001970,ORD_0001970,2026-01-26 17:29:09,UPI,Completed,28316.84
PAY_0001971,ORD_0001971,2026-08-13 09:32:28,UPI,Completed,1077.97
PAY_0001972,ORD_0001972,2025-11-11 14:54:42,Cash on Delivery,Completed,14213.5
PAY_0001973,ORD_0001973,2025-10-29 10:18:26,UPI,Completed,31256.91
PAY_0001974,ORD_0001974,2026-01-30 08:15:50,UPI,Completed,59130.21
PAY_0001975,ORD_0001975,2025-12-31 05:55:39,Net Banking,Completed,45590.91
PAY_0001976,ORD_0001976,2026-07-30 17:10:10,Corporate Cheque,Completed,7401.38
PAY_0001977,ORD_0001977,2025-12-16 12:28:30,Net Banking,Completed,11875.01
PAY_0001978,ORD_0001978,2026-09-01 15:27:19,Cash on Delivery,Completed,46052.32
PAY_0001979,ORD_0001979,2025-10-29 00:45:29,Credit Card,Completed,75068.69
PAY_0001980,ORD_0001980,2026-07-16 23:11:32,Corporate Cheque,Completed,24949.2
PAY_0001981,ORD_0001981,2026-08-09 06:21:59,Credit Card,Completed,19050.32
PAY_0001982,ORD_0001982,2025-10-16 01:58:38,Credit Card,Completed,40899.79
PAY_0001983,ORD_0001983,2025-12-12 07:28:23,Credit Card,Completed,36529.24
PAY_0001984,ORD_0001984,2026-07-28 09:07:56,Net Banking,Completed,61611.6
PAY_0001985,ORD_0001985,2026-05-01 00:41:52,Credit Card,Completed,11083.27
PAY_0001986,ORD_0001986,2025-12-15 20:06:03,Credit Card,Completed,49738.06
PAY_0001987,ORD_0001987,2025-10-10 17:11:51,Net Banking,Completed,59987.94
PAY_0001988,ORD_0001988,2025-10-25 20:22:43,Net Banking,Completed,28822.26
PAY_0001989,ORD_0001989,2026-08-17 11:14:52,UPI,Completed,60441.77
PAY_0001990,ORD_0001990,2026-06-19 17:00:10,Credit Card,Completed,30354.25
PAY_0001991,ORD_0001991,2025-11-03 16:52:03,Credit Card,Completed,75801.99
PAY_0001992,ORD_0001992,2026-01-09 09:34:58,UPI,Completed,66534.18
PAY_0001993,ORD_0001993,2026-01-26 22:26:41,UPI,Completed,11399.59
PAY_0001994,ORD_0001994,2026-07-22 14:46:45,Net Banking,Completed,67469.68
PAY_0001995,ORD_0001995,2025-10-17 11:57:16,UPI,Completed,26423.49
PAY_0001996,ORD_0001996,2025-11-21 08:43:27,Net Banking,Completed,63469.29
PAY_0001997,ORD_0001997,2026-04-21 16:10:30,Net Banking,Completed,67669.97
PAY_0001998,ORD_0001998,2026-04-12 20:52:54,Credit Card,Completed,31855.02
PAY_0001999,ORD_0001999,2026-01-15 10:03:20,Net Banking,Completed,43314.36
PAY_0002000,ORD_0002000,2026-09-14 17:31:21,Net Banking,Completed,24206.42
PAY_0002001,ORD_0002001,2026-05-09 12:47:48,Corporate Cheque,Completed,28507.66
PAY_0002002,ORD_0002002,2026-05-07 12:19:58,UPI,Completed,15938.17
PAY_0002003,ORD_0002003,2026-06-12 16:53:18,UPI,Completed,30507.26
PAY_0002004,ORD_0002004,2026-04-19 02:37:19,Credit Card,Completed,38539.84
PAY_0002005,ORD_0002005,2026-07-23 16:47:20,Credit Card,Completed,82883.66
PAY_0002006,ORD_0002006,2026-03-05 23:45:34,Net Banking,Completed,11045.2
PAY_0002007,ORD_0002007,2026-01-14 20:24:27,Net Banking,Completed,7413.68
PAY_0002008,ORD_0002008,2026-03-29 12:51:26,UPI,Completed,1824.25
PAY_0002009,ORD_0002009,2026-05-08 14:08:03,Cash on Delivery,Refunded,56219.89
PAY_0002010,ORD_0002010,2025-11-08 22:10:47,Net Banking,Completed,81662.78
PAY_0002011,ORD_0002011,2025-12-14 02:14:10,Net Banking,Completed,9396.34
PAY_0002012,ORD_0002012,2026-09-14 05:17:59,UPI,Completed,39684.04
PAY_0002013,ORD_0002013,2026-08-04 23:45:49,Credit Card,Refunded,25513.52
PAY_0002014,ORD_0002014,2025-10-26 11:00:03,Credit Card,Completed,28939.08
PAY_0002015,ORD_0002015,2026-06-19 18:14:46,UPI,Completed,74111.6
PAY_0002016,ORD_0002016,2026-03-08 15:22:14,Credit Card,Completed,36363.5
PAY_0002017,ORD_0002017,2026-07-28 05:36:32,UPI,Refunded,27082.31
PAY_0002018,ORD_0002018,2026-06-12 18:47:02,UPI,Completed,52217.45
PAY_0002019,ORD_0002019,2026-09-05 19:28:11,Net Banking,Completed,62760.42
PAY_0002020,ORD_0002020,2026-08-10 13:48:33,UPI,Completed,75851.19
PAY_0002021,ORD_0002021,2026-05-16 17:43:21,UPI,Completed,48284.22
PAY_0002022,ORD_0002022,2026-08-09 18:21:10,UPI,Completed,63174.97
PAY_0002023,ORD_0002023,2026-09-09 17:17:55,UPI,Completed,9007.11
PAY_0002024,ORD_0002024,2026-08-12 21:21:56,Credit Card,Completed,84293.78
PAY_0002025,ORD_0002025,2026-03-02 18:19:08,UPI,Completed,25566.82
PAY_0002026,ORD_0002026,2026-01-12 12:32:02,Net Banking,Completed,79458.66
PAY_0002027,ORD_0002027,2026-01-27 14:35:15,Credit Card,Completed,22686.61
PAY_0002028,ORD_0002028,2026-08-31 21:13:12,UPI,Completed,74359.92
PAY_0002029,ORD_0002029,2026-04-03 10:25:05,Net Banking,Completed,73381.0
PAY_0002030,ORD_0002030,2025-10-31 12:17:37,Corporate Cheque,Refunded,47180.46
PAY_0002031,ORD_0002031,2026-06-04 19:55:04,UPI,Completed,65982.85
PAY_0002032,ORD_0002032,2025-12-23 22:40:09,UPI,Completed,18261.54
PAY_0002033,ORD_0002033,2025-11-23 05:45:15,Net Banking,Completed,29628.21
PAY_0002034,ORD_0002034,2026-08-19 11:59:35,Cash on Delivery,Completed,67026.63
PAY_0002035,ORD_0002035,2026-05-09 09:12:24,UPI,Refunded,19257.42
PAY_0002036,ORD_0002036,2025-11-02 21:43:39,Net Banking,Completed,75627.96
PAY_0002037,ORD_0002037,2025-10-23 11:48:04,UPI,Completed,61017.36
PAY_0002038,ORD_0002038,2026-07-27 15:05:53,UPI,Completed,59622.65
PAY_0002039,ORD_0002039,2025-10-06 00:04:36,Net Banking,Completed,2997.49
PAY_0002040,ORD_0002040,2025-10-09 23:41:21,Net Banking,Completed,24132.61
PAY_0002041,ORD_0002041,2025-11-07 07:38:26,UPI,Completed,50160.73
PAY_0002042,ORD_0002042,2025-11-18 03:08:41,Credit Card,Completed,29155.36
PAY_0002043,ORD_0002043,2026-01-09 22:35:38,Cash on Delivery,Completed,9460.85
PAY_0002044,ORD_0002044,2026-09-06 06:16:19,Net Banking,Completed,76077.37
PAY_0002045,ORD_0002045,2026-03-16 04:23:41,UPI,Completed,39178.21
PAY_0002046,ORD_0002046,2026-08-24 05:48:16,Credit Card,Completed,24053.5
PAY_0002047,ORD_0002047,2025-12-17 16:22:55,UPI,Completed,3818.95
PAY_0002048,ORD_0002048,2025-12-25 07:32:07,Cash on Delivery,Completed,65856.99
PAY_0002049,ORD_0002049,2026-07-30 17:57:21,Credit Card,Completed,21554.7
PAY_0002050,ORD_0002050,2026-09-05 15:50:47,Cash on Delivery,Completed,66788.6
PAY_0002051,ORD_0002051,2026-06-04 23:41:04,Credit Card,Completed,77413.19
PAY_0002052,ORD_0002052,2026-07-13 14:59:24,UPI,Completed,37780.61
PAY_0002053,ORD_0002053,2026-09-02 15:05:29,Corporate Cheque,Completed,62460.1
PAY_0002054,ORD_0002054,2026-07-02 13:23:19,UPI,Completed,77103.08
PAY_0002055,ORD_0002055,2026-04-08 13:59:05,Cash on Delivery,Completed,26492.72
PAY_0002056,ORD_0002056,2025-11-22 14:44:13,UPI,Completed,15036.13
PAY_0002057,ORD_0002057,2026-01-14 17:27:08,UPI,Refunded,59315.39
PAY_0002058,ORD_0002058,2026-06-10 01:13:30,UPI,Completed,9834.12
PAY_0002059,ORD_0002059,2026-08-02 06:28:17,Cash on Delivery,Completed,37694.47
PAY_0002060,ORD_0002060,2026-02-10 11:38:12,UPI,Completed,1211.54
PAY_0002061,ORD_0002061,2026-04-13 07:58:47,UPI,Completed,45219.07
PAY_0002062,ORD_0002062,2026-04-26 21:42:20,Credit Card,Completed,51818.9
PAY_0002063,ORD_0002063,2025-12-02 15:43:05,UPI,Completed,17583.3
PAY_0002064,ORD_0002064,2026-06-17 07:27:20,UPI,Completed,68182.08
PAY_0002065,ORD_0002065,2026-05-25 00:27:03,UPI,Completed,6822.27
PAY_0002066,ORD_0002066,2026-02-13 05:40:35,Corporate Cheque,Refunded,8019.85
PAY_0002067,ORD_0002067,2026-01-05 20:54:10,Credit Card,Completed,63414.45
PAY_0002068,ORD_0002068,2026-05-22 18:00:25,Net Banking,Completed,11392.82
PAY_0002069,ORD_0002069,2026-03-27 08:49:12,Net Banking,Completed,10379.96
PAY_0002070,ORD_0002070,2026-07-07 09:11:56,Cash on Delivery,Completed,84730.28
PAY_0002071,ORD_0002071,2026-08-05 23:55:38,Credit Card,Completed,23654.37
PAY_0002072,ORD_0002072,2025-10-14 19:50:22,UPI,Completed,18425.63
PAY_0002073,ORD_0002073,2026-07-21 13:00:14,UPI,Completed,26979.7
PAY_0002074,ORD_0002074,2026-07-14 01:48:42,Cash on Delivery,Completed,81177.46
PAY_0002075,ORD_0002075,2026-05-29 08:14:26,Net Banking,Completed,67063.59
PAY_0002076,ORD_0002076,2026-03-20 20:39:29,Net Banking,Completed,37355.96
PAY_0002077,ORD_0002077,2026-02-09 12:48:10,UPI,Completed,33424.06
PAY_0002078,ORD_0002078,2026-08-19 04:43:01,Net Banking,Completed,8799.75
PAY_0002079,ORD_0002079,2025-12-13 00:55:09,Cash on Delivery,Completed,24837.82
PAY_0002080,ORD_0002080,2026-06-28 06:41:43,UPI,Completed,29790.86
PAY_0002081,ORD_0002081,2026-06-19 00:06:47,UPI,Completed,33589.89
PAY_0002082,ORD_0002082,2026-05-17 02:41:28,UPI,Completed,48109.59
PAY_0002083,ORD_0002083,2026-06-01 05:41:42,Cash on Delivery,Completed,39523.42
PAY_0002084,ORD_0002084,2026-03-13 22:18:24,Corporate Cheque,Completed,4166.24
PAY_0002085,ORD_0002085,2026-01-28 16:21:27,Credit Card,Refunded,41012.19
PAY_0002086,ORD_0002086,2026-07-23 02:11:39,Cash on Delivery,Completed,30388.25
PAY_0002087,ORD_0002087,2026-08-14 04:46:34,UPI,Refunded,82707.3
PAY_0002088,ORD_0002088,2025-10-05 13:26:29,Cash on Delivery,Completed,35008.79
PAY_0002089,ORD_0002089,2025-12-11 02:40:51,UPI,Refunded,7959.3
PAY_0002090,ORD_0002090,2026-03-03 15:19:20,UPI,Completed,54679.21
PAY_0002091,ORD_0002091,2025-10-06 22:18:48,UPI,Completed,50383.52
PAY_0002092,ORD_0002092,2026-01-27 08:19:43,Cash on Delivery,Completed,57428.33
PAY_0002093,ORD_0002093,2026-06-12 12:39:28,Net Banking,Completed,46003.0
PAY_0002094,ORD_0002094,2026-03-17 05:06:02,Credit Card,Completed,26577.35
PAY_0002095,ORD_0002095,2026-02-07 10:47:06,Net Banking,Completed,28129.75
PAY_0002096,ORD_0002096,2026-07-06 10:34:22,Net Banking,Completed,21206.52
PAY_0002097,ORD_0002097,2026-09-06 13:17:25,Net Banking,Refunded,21905.14
PAY_0002098,ORD_0002098,2026-04-17 23:12:26,Net Banking,Completed,4572.67
PAY_0002099,ORD_0002099,2026-07-20 10:54:00,Cash on Delivery,Completed,83730.8
PAY_0002100,ORD_0002100,2025-12-28 03:22:36,UPI,Completed,72332.97
PAY_0002101,ORD_0002101,2026-04-10 11:59:20,Net Banking,Refunded,70852.91
PAY_0002102,ORD_0002102,2026-02-27 09:21:31,Net Banking,Completed,79117.1
PAY_0002103,ORD_0002103,2026-06-23 23:25:57,UPI,Completed,70294.48
PAY_0002104,ORD_0002104,2026-05-30 09:04:29,UPI,Completed,3454.49
PAY_0002105,ORD_0002105,2026-06-05 18:19:18,Credit Card,Refunded,58827.09
PAY_0002106,ORD_0002106,2026-09-01 03:25:20,Credit Card,Completed,22231.6
PAY_0002107,ORD_0002107,2026-04-06 02:00:53,Corporate Cheque,Completed,47181.99
PAY_0002108,ORD_0002108,2026-05-09 04:51:42,UPI,Completed,17577.91
PAY_0002109,ORD_0002109,2026-07-13 12:02:29,UPI,Completed,46669.49
PAY_0002110,ORD_0002110,2026-04-24 03:29:15,Credit Card,Refunded,29764.24
PAY_0002111,ORD_0002111,2026-03-31 12:26:58,Credit Card,Completed,68370.8
PAY_0002112,ORD_0002112,2025-10-16 12:01:49,UPI,Completed,66385.8
PAY_0002113,ORD_0002113,2026-03-23 09:29:14,UPI,Completed,5624.81
PAY_0002114,ORD_0002114,2025-10-19 21:23:41,Net Banking,Completed,37355.85
PAY_0002115,ORD_0002115,2025-12-03 03:02:31,Net Banking,Completed,76194.93
PAY_0002116,ORD_0002116,2025-10-25 04:55:13,UPI,Completed,9620.93
PAY_0002117,ORD_0002117,2026-07-04 15:49:25,Cash on Delivery,Completed,6089.11
PAY_0002118,ORD_0002118,2025-11-04 10:45:25,Corporate Cheque,Completed,80954.86
PAY_0002119,ORD_0002119,2026-05-12 23:05:04,UPI,Completed,83535.03
PAY_0002120,ORD_0002120,2026-07-14 04:34:08,Net Banking,Completed,11421.31
PAY_0002121,ORD_0002121,2025-10-02 06:45:55,Corporate Cheque,Completed,13392.2
PAY_0002122,ORD_0002122,2026-06-25 12:29:45,UPI,Completed,30354.97
PAY_0002123,ORD_0002123,2026-06-29 17:28:56,Credit Card,Completed,18664.15
PAY_0002124,ORD_0002124,2026-02-26 19:53:57,UPI,Completed,68092.4
PAY_0002125,ORD_0002125,2026-06-14 13:21:14,UPI,Completed,47234.73
PAY_0002126,ORD_0002126,2026-01-04 03:05:36,UPI,Completed,9318.46
PAY_0002127,ORD_0002127,2026-03-12 14:34:54,UPI,Completed,68075.58
PAY_0002128,ORD_0002128,2025-11-26 20:37:13,UPI,Completed,17686.1
PAY_0002129,ORD_0002129,2026-08-29 04:53:07,UPI,Completed,45409.94
PAY_0002130,ORD_0002130,2026-01-20 14:42:16,Net Banking,Completed,76725.38
PAY_0002131,ORD_0002131,2026-01-01 19:24:36,UPI,Completed,48658.2
PAY_0002132,ORD_0002132,2026-02-09 13:09:37,Credit Card,Refunded,58582.27
PAY_0002133,ORD_0002133,2026-01-01 07:54:35,Net Banking,Completed,34680.42
PAY_0002134,ORD_0002134,2025-11-14 00:34:12,UPI,Completed,62724.22
PAY_0002135,ORD_0002135,2026-02-08 23:51:53,UPI,Completed,59654.52
PAY_0002136,ORD_0002136,2026-01-07 10:12:50,UPI,Completed,7378.02
PAY_0002137,ORD_0002137,2025-10-31 16:59:28,Credit Card,Completed,5576.58
PAY_0002138,ORD_0002138,2025-12-03 07:28:33,UPI,Completed,38749.65
PAY_0002139,ORD_0002139,2026-03-13 23:46:02,Corporate Cheque,Completed,60119.53
PAY_0002140,ORD_0002140,2026-09-13 09:35:06,Net Banking,Completed,40260.46
PAY_0002141,ORD_0002141,2026-03-01 02:18:27,UPI,Completed,45677.26
PAY_0002142,ORD_0002142,2025-12-31 11:09:28,Credit Card,Completed,72069.42
PAY_0002143,ORD_0002143,2026-06-20 09:05:44,Cash on Delivery,Completed,35917.65
PAY_0002144,ORD_0002144,2026-01-19 14:58:59,Net Banking,Completed,32583.77
PAY_0002145,ORD_0002145,2026-06-06 13:38:50,Credit Card,Completed,28922.94
PAY_0002146,ORD_0002146,2026-01-06 12:47:47,Credit Card,Completed,19386.51
PAY_0002147,ORD_0002147,2025-10-20 14:35:02,Net Banking,Completed,67517.74
PAY_0002148,ORD_0002148,2025-12-20 19:55:41,UPI,Completed,36674.85
PAY_0002149,ORD_0002149,2026-02-10 15:49:39,UPI,Completed,47842.87
PAY_0002150,ORD_0002150,2026-09-03 19:39:06,Credit Card,Completed,17545.03
PAY_0002151,ORD_0002151,2025-12-19 01:34:57,Net Banking,Completed,2394.66
PAY_0002152,ORD_0002152,2025-12-24 12:15:54,UPI,Completed,75967.08
PAY_0002153,ORD_0002153,2026-01-22 00:09:42,Net Banking,Completed,5667.62
PAY_0002154,ORD_0002154,2026-04-28 11:24:40,UPI,Completed,19302.78
PAY_0002155,ORD_0002155,2026-03-26 19:13:14,UPI,Completed,72604.84
PAY_0002156,ORD_0002156,2026-07-08 00:21:15,Cash on Delivery,Completed,17572.58
PAY_0002157,ORD_0002157,2026-09-06 22:43:29,UPI,Completed,58901.96
PAY_0002158,ORD_0002158,2026-03-13 18:41:26,Net Banking,Completed,37017.91
PAY_0002159,ORD_0002159,2026-01-19 14:06:43,UPI,Completed,76927.65
PAY_0002160,ORD_0002160,2025-12-05 05:38:46,Credit Card,Completed,28147.68
PAY_0002161,ORD_0002161,2026-05-05 21:18:20,UPI,Completed,22847.51
PAY_0002162,ORD_0002162,2026-08-21 09:44:08,Credit Card,Completed,59683.03
PAY_0002163,ORD_0002163,2026-09-05 21:04:41,Credit Card,Completed,26116.94
PAY_0002164,ORD_0002164,2025-11-18 04:14:50,UPI,Completed,58593.2
PAY_0002165,ORD_0002165,2025-10-22 21:36:13,UPI,Completed,77191.07
PAY_0002166,ORD_0002166,2025-10-05 12:49:36,Net Banking,Completed,8759.38
PAY_0002167,ORD_0002167,2025-12-17 19:25:44,Credit Card,Completed,60632.78
PAY_0002168,ORD_0002168,2026-02-12 15:04:49,Net Banking,Completed,44530.3
PAY_0002169,ORD_0002169,2026-07-17 11:35:56,UPI,Completed,48299.38
PAY_0002170,ORD_0002170,2026-01-09 22:37:32,Cash on Delivery,Completed,83661.15
PAY_0002171,ORD_0002171,2026-05-05 09:04:22,Credit Card,Completed,71958.67
PAY_0002172,ORD_0002172,2025-12-26 20:03:05,UPI,Completed,7705.71
PAY_0002173,ORD_0002173,2025-11-16 10:59:22,UPI,Completed,21662.15
PAY_0002174,ORD_0002174,2025-10-07 05:58:37,UPI,Completed,39935.38
PAY_0002175,ORD_0002175,2026-02-22 18:52:49,Credit Card,Completed,62768.68
PAY_0002176,ORD_0002176,2025-11-19 03:55:28,Net Banking,Completed,17673.73
PAY_0002177,ORD_0002177,2026-05-04 21:11:17,Credit Card,Completed,71399.96
PAY_0002178,ORD_0002178,2025-10-26 17:21:16,UPI,Completed,35405.16
PAY_0002179,ORD_0002179,2026-03-14 06:53:28,UPI,Completed,79867.18
PAY_0002180,ORD_0002180,2026-04-09 11:27:54,Credit Card,Completed,16765.8
PAY_0002181,ORD_0002181,2026-01-06 02:46:18,UPI,Completed,56282.7
PAY_0002182,ORD_0002182,2026-04-13 08:38:30,UPI,Completed,21584.85
PAY_0002183,ORD_0002183,2026-05-21 10:33:07,UPI,Refunded,30543.13
PAY_0002184,ORD_0002184,2026-01-04 05:27:40,UPI,Completed,35453.92
PAY_0002185,ORD_0002185,2026-01-13 01:48:18,Net Banking,Completed,48453.48
PAY_0002186,ORD_0002186,2026-08-20 09:58:12,Net Banking,Completed,73032.64
PAY_0002187,ORD_0002187,2026-09-13 03:47:33,UPI,Completed,74994.46
PAY_0002188,ORD_0002188,2026-07-21 13:46:16,UPI,Completed,65058.18
PAY_0002189,ORD_0002189,2026-07-01 15:15:20,Net Banking,Completed,57229.48
PAY_0002190,ORD_0002190,2026-07-22 04:05:08,Net Banking,Completed,80226.0
PAY_0002191,ORD_0002191,2026-02-18 02:11:56,UPI,Completed,19410.15
PAY_0002192,ORD_0002192,2026-03-24 15:33:04,UPI,Completed,27341.15
PAY_0002193,ORD_0002193,2026-06-14 09:31:37,UPI,Completed,63559.29
PAY_0002194,ORD_0002194,2026-04-11 00:46:06,Cash on Delivery,Completed,35953.93
PAY_0002195,ORD_0002195,2025-10-16 12:57:50,Cash on Delivery,Completed,39948.47
PAY_0002196,ORD_0002196,2026-01-03 10:00:17,Credit Card,Completed,26613.05
PAY_0002197,ORD_0002197,2025-11-25 08:47:03,Corporate Cheque,Completed,42565.02
PAY_0002198,ORD_0002198,2025-10-16 21:45:06,UPI,Completed,82167.14
PAY_0002199,ORD_0002199,2026-06-22 23:55:24,Credit Card,Completed,69826.77
PAY_0002200,ORD_0002200,2026-02-01 23:56:26,Credit Card,Completed,62008.64
PAY_0002201,ORD_0002201,2026-04-23 17:24:38,UPI,Completed,59626.46
PAY_0002202,ORD_0002202,2026-09-06 10:10:55,UPI,Completed,32768.8
PAY_0002203,ORD_0002203,2026-04-10 05:43:31,UPI,Completed,38446.95
PAY_0002204,ORD_0002204,2026-07-19 20:25:32,UPI,Completed,3330.45
PAY_0002205,ORD_0002205,2026-02-03 08:00:40,Cash on Delivery,Completed,56471.98
PAY_0002206,ORD_0002206,2025-12-08 16:13:05,Credit Card,Completed,19840.31
PAY_0002207,ORD_0002207,2026-07-02 07:07:52,Net Banking,Completed,51499.44
PAY_0002208,ORD_0002208,2026-04-10 16:07:02,Net Banking,Refunded,36651.21
PAY_0002209,ORD_0002209,2025-12-26 09:13:33,UPI,Completed,84365.36
PAY_0002210,ORD_0002210,2025-12-19 21:00:43,Net Banking,Completed,17632.42
PAY_0002211,ORD_0002211,2026-08-28 00:16:52,Corporate Cheque,Completed,74335.23
PAY_0002212,ORD_0002212,2026-04-22 16:05:35,UPI,Completed,7992.89
PAY_0002213,ORD_0002213,2025-10-10 05:01:18,Net Banking,Completed,84802.0
PAY_0002214,ORD_0002214,2025-11-29 20:31:54,Net Banking,Completed,78071.56
PAY_0002215,ORD_0002215,2026-03-01 19:16:49,UPI,Completed,79848.63
PAY_0002216,ORD_0002216,2026-01-01 11:32:00,Credit Card,Completed,46026.25
PAY_0002217,ORD_0002217,2026-03-23 04:00:01,Credit Card,Completed,74106.14
PAY_0002218,ORD_0002218,2026-04-22 08:31:50,Cash on Delivery,Completed,62957.73
PAY_0002219,ORD_0002219,2025-10-08 12:53:09,Cash on Delivery,Completed,80196.67
PAY_0002220,ORD_0002220,2026-05-03 20:27:25,UPI,Completed,17599.2
PAY_0002221,ORD_0002221,2026-01-18 22:35:13,Credit Card,Completed,4649.08
PAY_0002222,ORD_0002222,2026-07-04 16:27:56,UPI,Refunded,19828.36
PAY_0002223,ORD_0002223,2026-04-25 19:35:13,Net Banking,Completed,6615.31
PAY_0002224,ORD_0002224,2026-07-28 07:22:07,UPI,Completed,3574.54
PAY_0002225,ORD_0002225,2026-06-03 23:06:54,Cash on Delivery,Completed,28849.79
PAY_0002226,ORD_0002226,2025-12-25 10:01:45,UPI,Completed,83880.48
PAY_0002227,ORD_0002227,2026-03-28 15:34:28,UPI,Completed,21983.61
PAY_0002228,ORD_0002228,2025-11-06 06:27:37,UPI,Completed,71525.08
PAY_0002229,ORD_0002229,2026-05-03 04:42:24,UPI,Completed,48065.62
PAY_0002230,ORD_0002230,2026-06-21 18:26:09,UPI,Completed,4518.71
PAY_0002231,ORD_0002231,2025-12-28 04:46:53,UPI,Refunded,64656.08
PAY_0002232,ORD_0002232,2026-07-15 18:34:23,Net Banking,Completed,63908.93
PAY_0002233,ORD_0002233,2026-04-05 18:37:42,UPI,Completed,82419.75
PAY_0002234,ORD_0002234,2026-01-07 13:21:24,UPI,Completed,2722.39
PAY_0002235,ORD_0002235,2026-08-21 10:12:55,Net Banking,Completed,9440.75
PAY_0002236,ORD_0002236,2026-04-06 18:42:16,Cash on Delivery,Completed,58958.37
PAY_0002237,ORD_0002237,2026-07-20 14:22:00,UPI,Completed,28347.31
PAY_0002238,ORD_0002238,2025-11-09 20:51:09,Net Banking,Completed,74999.09
PAY_0002239,ORD_0002239,2025-12-23 12:20:19,Credit Card,Completed,53325.17
PAY_0002240,ORD_0002240,2025-10-20 14:05:11,Credit Card,Completed,47873.97
PAY_0002241,ORD_0002241,2026-05-25 11:31:54,Cash on Delivery,Completed,33072.53
PAY_0002242,ORD_0002242,2026-06-11 10:20:20,UPI,Completed,72262.84
PAY_0002243,ORD_0002243,2026-03-26 11:27:45,UPI,Refunded,41806.58
PAY_0002244,ORD_0002244,2026-03-27 20:14:24,Net Banking,Completed,3867.42
PAY_0002245,ORD_0002245,2026-09-14 00:43:22,Cash on Delivery,Completed,2294.52
PAY_0002246,ORD_0002246,2026-09-11 11:05:52,Net Banking,Completed,36777.08
PAY_0002247,ORD_0002247,2025-11-08 19:46:23,Net Banking,Completed,81019.0
PAY_0002248,ORD_0002248,2025-11-12 12:44:05,UPI,Refunded,35954.45
PAY_0002249,ORD_0002249,2026-07-22 02:11:40,Net Banking,Completed,10442.98
PAY_0002250,ORD_0002250,2026-06-27 20:13:18,Corporate Cheque,Completed,45270.48
PAY_0002251,ORD_0002251,2026-03-06 09:01:57,UPI,Refunded,45252.24
PAY_0002252,ORD_0002252,2025-10-23 14:53:43,UPI,Completed,63852.55
PAY_0002253,ORD_0002253,2026-04-07 12:15:31,Net Banking,Completed,38063.04
PAY_0002254,ORD_0002254,2026-04-07 04:04:32,Credit Card,Completed,22353.65
PAY_0002255,ORD_0002255,2026-02-19 21:17:06,Credit Card,Completed,84306.07
PAY_0002256,ORD_0002256,2026-03-16 17:00:25,Net Banking,Completed,60828.52
PAY_0002257,ORD_0002257,2026-02-24 01:46:20,UPI,Refunded,81874.58
PAY_0002258,ORD_0002258,2026-03-19 16:31:59,UPI,Completed,41085.08
PAY_0002259,ORD_0002259,2026-03-27 17:14:37,Credit Card,Completed,25480.68
PAY_0002260,ORD_0002260,2025-11-25 12:13:22,UPI,Completed,72171.73
PAY_0002261,ORD_0002261,2026-02-26 18:28:34,Corporate Cheque,Completed,35866.77
PAY_0002262,ORD_0002262,2026-03-02 05:21:30,UPI,Completed,3272.83
PAY_0002263,ORD_0002263,2026-02-03 01:57:56,UPI,Completed,37599.94
PAY_0002264,ORD_0002264,2026-07-17 03:34:53,UPI,Completed,14583.15
PAY_0002265,ORD_0002265,2026-05-05 08:01:49,Cash on Delivery,Completed,66052.28
PAY_0002266,ORD_0002266,2026-04-11 22:45:38,Corporate Cheque,Completed,29887.46
PAY_0002267,ORD_0002267,2026-08-21 20:41:57,Credit Card,Completed,78948.64
PAY_0002268,ORD_0002268,2026-06-16 02:48:26,UPI,Completed,32852.99
PAY_0002269,ORD_0002269,2025-12-06 17:13:36,UPI,Completed,18910.83
PAY_0002270,ORD_0002270,2026-06-23 00:11:23,UPI,Completed,64998.36
PAY_0002271,ORD_0002271,2025-10-01 14:03:29,Net Banking,Completed,63153.54
PAY_0002272,ORD_0002272,2026-01-25 23:05:33,Credit Card,Completed,38308.45
PAY_0002273,ORD_0002273,2026-08-09 20:09:37,Cash on Delivery,Completed,2030.91
PAY_0002274,ORD_0002274,2026-09-12 12:59:00,UPI,Completed,63120.84
PAY_0002275,ORD_0002275,2026-03-09 05:55:01,Net Banking,Completed,20434.7
PAY_0002276,ORD_0002276,2026-06-23 20:23:49,UPI,Completed,43233.35
PAY_0002277,ORD_0002277,2025-10-29 17:30:12,UPI,Completed,58825.48
PAY_0002278,ORD_0002278,2026-03-01 09:47:30,Cash on Delivery,Completed,74158.9
PAY_0002279,ORD_0002279,2025-11-08 15:50:56,UPI,Completed,64196.23
PAY_0002280,ORD_0002280,2026-01-13 23:44:01,Corporate Cheque,Completed,40364.03
PAY_0002281,ORD_0002281,2026-01-06 06:02:42,UPI,Completed,79290.9
PAY_0002282,ORD_0002282,2026-06-19 22:14:24,Net Banking,Completed,78705.51
PAY_0002283,ORD_0002283,2026-08-11 07:50:33,Net Banking,Completed,56633.69
PAY_0002284,ORD_0002284,2026-06-30 22:49:31,UPI,Completed,17895.2
PAY_0002285,ORD_0002285,2026-03-12 22:49:50,UPI,Completed,7316.25
PAY_0002286,ORD_0002286,2026-06-28 03:55:49,UPI,Completed,74878.24
PAY_0002287,ORD_0002287,2026-03-14 13:01:03,Net Banking,Completed,48928.52
PAY_0002288,ORD_0002288,2026-01-04 12:53:23,Credit Card,Completed,47085.21
PAY_0002289,ORD_0002289,2026-01-18 08:56:18,UPI,Completed,73717.71
PAY_0002290,ORD_0002290,2026-02-09 08:18:42,Corporate Cheque,Completed,21815.47
PAY_0002291,ORD_0002291,2025-12-29 02:25:15,UPI,Completed,60577.43
PAY_0002292,ORD_0002292,2026-09-09 03:03:47,Net Banking,Completed,76568.21
PAY_0002293,ORD_0002293,2025-11-20 10:52:02,UPI,Completed,15512.12
PAY_0002294,ORD_0002294,2026-08-04 16:07:15,Corporate Cheque,Completed,54989.38
PAY_0002295,ORD_0002295,2026-05-16 03:24:24,Corporate Cheque,Completed,54344.55
PAY_0002296,ORD_0002296,2025-11-23 02:50:37,UPI,Completed,42270.83
PAY_0002297,ORD_0002297,2025-11-29 08:07:54,Credit Card,Completed,40949.37
PAY_0002298,ORD_0002298,2026-02-01 19:59:54,Net Banking,Completed,50874.73
PAY_0002299,ORD_0002299,2025-10-06 02:34:46,UPI,Completed,66790.45
PAY_0002300,ORD_0002300,2026-07-07 13:07:42,Corporate Cheque,Completed,76533.72
PAY_0002301,ORD_0002301,2025-12-09 13:46:33,Cash on Delivery,Completed,13621.88
PAY_0002302,ORD_0002302,2026-08-02 07:27:27,UPI,Completed,18471.11
PAY_0002303,ORD_0002303,2026-04-04 01:24:04,Cash on Delivery,Completed,8286.7
PAY_0002304,ORD_0002304,2026-03-09 18:49:17,Net Banking,Completed,33820.72
PAY_0002305,ORD_0002305,2026-04-13 00:28:09,UPI,Completed,19957.26
PAY_0002306,ORD_0002306,2026-09-11 02:13:37,UPI,Completed,45455.6
PAY_0002307,ORD_0002307,2026-02-27 13:45:52,Credit Card,Completed,25641.69
PAY_0002308,ORD_0002308,2025-12-08 00:39:02,Cash on Delivery,Completed,9568.26
PAY_0002309,ORD_0002309,2025-12-24 04:57:31,UPI,Refunded,33729.52
PAY_0002310,ORD_0002310,2026-09-03 14:04:23,Corporate Cheque,Completed,5273.1
PAY_0002311,ORD_0002311,2026-04-03 16:25:03,Corporate Cheque,Completed,74323.0
PAY_0002312,ORD_0002312,2025-10-24 10:09:34,UPI,Completed,37736.34
PAY_0002313,ORD_0002313,2026-05-01 21:42:09,Credit Card,Completed,8620.37
PAY_0002314,ORD_0002314,2025-10-08 07:39:33,UPI,Completed,40296.55
PAY_0002315,ORD_0002315,2026-02-23 01:42:24,Net Banking,Completed,15100.05
PAY_0002316,ORD_0002316,2026-06-25 22:38:21,Net Banking,Completed,31646.82
PAY_0002317,ORD_0002317,2026-04-29 14:28:35,Net Banking,Completed,20402.92
PAY_0002318,ORD_0002318,2026-07-14 02:03:57,Net Banking,Completed,44967.96
PAY_0002319,ORD_0002319,2025-10-19 19:08:38,UPI,Completed,80706.53
PAY_0002320,ORD_0002320,2025-11-11 22:34:55,Cash on Delivery,Completed,1512.11
PAY_0002321,ORD_0002321,2026-03-15 09:43:23,Credit Card,Completed,65729.63
PAY_0002322,ORD_0002322,2026-09-12 22:07:14,UPI,Completed,17284.47
PAY_0002323,ORD_0002323,2026-01-30 07:01:53,Corporate Cheque,Completed,54480.05
PAY_0002324,ORD_0002324,2026-05-19 19:14:38,UPI,Completed,54714.84
PAY_0002325,ORD_0002325,2026-04-06 21:23:04,UPI,Refunded,8369.81
PAY_0002326,ORD_0002326,2026-02-12 04:02:00,Cash on Delivery,Completed,63664.42
PAY_0002327,ORD_0002327,2026-02-01 23:38:22,Net Banking,Completed,37269.39
PAY_0002328,ORD_0002328,2026-08-01 16:44:30,Net Banking,Completed,32904.75
PAY_0002329,ORD_0002329,2025-10-23 20:27:48,UPI,Completed,3921.44
PAY_0002330,ORD_0002330,2025-12-11 11:19:10,UPI,Completed,19437.9
PAY_0002331,ORD_0002331,2026-02-20 17:49:39,Net Banking,Completed,67376.19
PAY_0002332,ORD_0002332,2026-07-24 07:55:56,Net Banking,Completed,44891.84
PAY_0002333,ORD_0002333,2026-04-18 20:16:38,Cash on Delivery,Completed,19047.11
PAY_0002334,ORD_0002334,2026-02-18 22:27:43,Net Banking,Completed,58476.97
PAY_0002335,ORD_0002335,2026-06-25 12:24:28,Net Banking,Refunded,52227.01
PAY_0002336,ORD_0002336,2026-04-12 18:52:35,Net Banking,Completed,7125.59
PAY_0002337,ORD_0002337,2026-08-02 02:49:22,Net Banking,Completed,8152.38
PAY_0002338,ORD_0002338,2026-05-28 21:27:24,UPI,Completed,17044.81
PAY_0002339,ORD_0002339,2025-12-10 04:53:49,UPI,Completed,35039.04
PAY_0002340,ORD_0002340,2026-08-12 20:47:05,UPI,Completed,19461.34
PAY_0002341,ORD_0002341,2025-12-23 10:49:43,Net Banking,Completed,81399.65
PAY_0002342,ORD_0002342,2025-10-18 11:47:51,Net Banking,Completed,36460.39
PAY_0002343,ORD_0002343,2026-09-10 15:30:08,Cash on Delivery,Completed,63456.73
PAY_0002344,ORD_0002344,2026-02-01 23:40:45,Net Banking,Completed,5966.46
PAY_0002345,ORD_0002345,2026-01-19 19:53:23,UPI,Completed,80031.37
PAY_0002346,ORD_0002346,2026-02-26 04:09:26,UPI,Refunded,29506.85
PAY_0002347,ORD_0002347,2026-01-25 12:08:17,Net Banking,Completed,70572.45
PAY_0002348,ORD_0002348,2026-02-06 14:40:44,UPI,Completed,67223.98
PAY_0002349,ORD_0002349,2026-07-27 04:02:03,Credit Card,Completed,14420.78
PAY_0002350,ORD_0002350,2026-06-02 14:11:31,Net Banking,Completed,54246.35
PAY_0002351,ORD_0002351,2026-09-04 16:43:52,Net Banking,Completed,2036.06
PAY_0002352,ORD_0002352,2026-04-13 14:24:29,UPI,Refunded,37471.3
PAY_0002353,ORD_0002353,2026-06-01 00:54:55,UPI,Completed,75985.35
PAY_0002354,ORD_0002354,2026-03-13 10:23:56,Net Banking,Completed,13579.55
PAY_0002355,ORD_0002355,2026-02-18 23:15:21,UPI,Completed,80083.63
PAY_0002356,ORD_0002356,2026-02-26 06:16:02,Credit Card,Completed,3611.53
PAY_0002357,ORD_0002357,2026-04-12 22:23:24,UPI,Completed,82342.12
PAY_0002358,ORD_0002358,2026-08-14 06:18:40,UPI,Completed,71076.44
PAY_0002359,ORD_0002359,2025-12-07 01:47:02,Credit Card,Completed,62687.16
PAY_0002360,ORD_0002360,2026-02-10 06:29:15,Net Banking,Completed,24364.06
PAY_0002361,ORD_0002361,2025-11-21 03:08:54,Net Banking,Completed,56862.62
PAY_0002362,ORD_0002362,2025-10-05 19:02:48,Net Banking,Completed,44912.49
PAY_0002363,ORD_0002363,2025-12-01 03:44:57,UPI,Completed,21475.49
PAY_0002364,ORD_0002364,2026-01-22 09:45:51,Net Banking,Completed,10945.98
PAY_0002365,ORD_0002365,2026-09-09 07:05:30,Corporate Cheque,Completed,35743.4
PAY_0002366,ORD_0002366,2025-12-20 21:48:07,UPI,Completed,76344.2
PAY_0002367,ORD_0002367,2026-06-21 23:07:44,UPI,Completed,3984.0
PAY_0002368,ORD_0002368,2026-09-03 00:48:47,Net Banking,Completed,36275.16
PAY_0002369,ORD_0002369,2026-04-06 15:13:02,UPI,Completed,56958.71
PAY_0002370,ORD_0002370,2026-07-05 14:46:13,UPI,Completed,36010.2
PAY_0002371,ORD_0002371,2025-11-10 08:23:11,Net Banking,Completed,79346.96
PAY_0002372,ORD_0002372,2026-04-05 02:20:19,Cash on Delivery,Completed,3302.51
PAY_0002373,ORD_0002373,2026-03-12 03:35:02,UPI,Completed,81283.33
PAY_0002374,ORD_0002374,2025-10-21 14:06:37,Corporate Cheque,Completed,19599.99
PAY_0002375,ORD_0002375,2026-03-04 03:40:14,Net Banking,Completed,62939.71
PAY_0002376,ORD_0002376,2025-12-29 09:00:06,UPI,Completed,45255.42
PAY_0002377,ORD_0002377,2026-01-23 21:14:11,Cash on Delivery,Completed,28213.78
PAY_0002378,ORD_0002378,2026-05-21 17:23:33,Net Banking,Completed,34453.65
PAY_0002379,ORD_0002379,2026-02-13 17:33:21,Net Banking,Completed,44713.85
PAY_0002380,ORD_0002380,2026-05-14 07:36:51,UPI,Completed,39773.38
PAY_0002381,ORD_0002381,2026-06-19 03:25:19,Net Banking,Completed,9794.26
PAY_0002382,ORD_0002382,2025-12-04 06:31:10,Credit Card,Refunded,1102.87
PAY_0002383,ORD_0002383,2025-11-15 02:04:15,UPI,Completed,71300.8
PAY_0002384,ORD_0002384,2025-11-12 10:14:37,Net Banking,Completed,21629.11
PAY_0002385,ORD_0002385,2026-03-11 16:15:53,UPI,Refunded,54384.61
PAY_0002386,ORD_0002386,2026-08-09 19:03:53,Net Banking,Completed,2877.05
PAY_0002387,ORD_0002387,2026-03-22 00:18:05,Credit Card,Completed,31455.09
PAY_0002388,ORD_0002388,2026-08-04 09:15:05,UPI,Completed,72074.88
PAY_0002389,ORD_0002389,2025-11-07 22:55:06,UPI,Completed,62074.84
PAY_0002390,ORD_0002390,2025-10-29 12:52:56,Cash on Delivery,Completed,82139.93
PAY_0002391,ORD_0002391,2026-06-11 21:44:12,UPI,Completed,26717.42
PAY_0002392,ORD_0002392,2026-06-10 04:39:59,UPI,Completed,2944.34
PAY_0002393,ORD_0002393,2026-02-01 02:48:13,UPI,Completed,3002.34
PAY_0002394,ORD_0002394,2026-07-03 05:37:27,Net Banking,Completed,66506.87
PAY_0002395,ORD_0002395,2026-01-07 02:16:47,Net Banking,Completed,71681.37
PAY_0002396,ORD_0002396,2026-08-06 00:28:02,Cash on Delivery,Completed,25330.53
PAY_0002397,ORD_0002397,2026-03-13 18:34:05,UPI,Completed,20616.57
PAY_0002398,ORD_0002398,2026-07-30 05:35:09,Credit Card,Completed,27072.99
PAY_0002399,ORD_0002399,2026-06-03 09:18:59,Credit Card,Completed,63269.14
PAY_0002400,ORD_0002400,2026-04-23 06:32:14,UPI,Completed,9919.71
PAY_0002401,ORD_0002401,2026-08-29 07:34:45,UPI,Completed,83794.15
PAY_0002402,ORD_0002402,2026-08-31 15:31:33,UPI,Completed,71626.4
PAY_0002403,ORD_0002403,2026-02-16 21:05:29,UPI,Completed,54940.28
PAY_0002404,ORD_0002404,2025-12-19 11:10:18,Net Banking,Completed,34149.63
PAY_0002405,ORD_0002405,2026-08-03 04:03:54,Credit Card,Completed,78430.18
PAY_0002406,ORD_0002406,2026-08-15 18:18:50,Cash on Delivery,Completed,10871.37
PAY_0002407,ORD_0002407,2026-08-16 21:17:43,Credit Card,Completed,42612.2
PAY_0002408,ORD_0002408,2025-12-12 21:56:04,UPI,Completed,42480.03
PAY_0002409,ORD_0002409,2026-01-01 06:19:32,UPI,Completed,16143.97
PAY_0002410,ORD_0002410,2025-12-27 12:31:18,Cash on Delivery,Refunded,81557.06
PAY_0002411,ORD_0002411,2025-12-26 13:00:09,Credit Card,Completed,68161.4
PAY_0002412,ORD_0002412,2025-11-27 08:31:36,UPI,Completed,76928.49
PAY_0002413,ORD_0002413,2026-04-22 15:46:55,Credit Card,Completed,82832.23
PAY_0002414,ORD_0002414,2026-08-30 16:42:29,UPI,Completed,64095.46
PAY_0002415,ORD_0002415,2025-12-05 11:01:46,Cash on Delivery,Completed,44370.66
PAY_0002416,ORD_0002416,2025-10-29 14:11:49,Credit Card,Completed,31965.81
PAY_0002417,ORD_0002417,2026-08-08 21:00:07,UPI,Completed,55426.95
PAY_0002418,ORD_0002418,2025-10-06 16:19:40,UPI,Completed,41759.46
PAY_0002419,ORD_0002419,2026-08-11 15:53:28,Credit Card,Completed,43694.2
PAY_0002420,ORD_0002420,2026-04-07 12:28:16,UPI,Completed,14524.48
PAY_0002421,ORD_0002421,2025-10-24 06:56:06,Credit Card,Completed,35659.84
PAY_0002422,ORD_0002422,2025-12-25 04:13:16,UPI,Completed,50378.88
PAY_0002423,ORD_0002423,2026-03-10 11:56:01,Net Banking,Completed,53821.58
PAY_0002424,ORD_0002424,2026-01-24 14:31:53,Net Banking,Completed,23340.46
PAY_0002425,ORD_0002425,2025-12-24 15:32:10,Cash on Delivery,Completed,2534.55
PAY_0002426,ORD_0002426,2025-10-09 11:25:32,UPI,Completed,69173.49
PAY_0002427,ORD_0002427,2026-02-04 12:26:32,Net Banking,Refunded,22728.04
PAY_0002428,ORD_0002428,2026-06-04 14:11:53,UPI,Completed,27083.21
PAY_0002429,ORD_0002429,2026-05-20 09:40:21,UPI,Completed,68006.41
PAY_0002430,ORD_0002430,2025-10-28 16:15:25,Credit Card,Completed,53741.62
PAY_0002431,ORD_0002431,2026-05-30 16:56:01,Net Banking,Completed,22036.52
PAY_0002432,ORD_0002432,2026-03-03 13:40:45,UPI,Completed,51623.48
PAY_0002433,ORD_0002433,2026-08-04 11:38:13,UPI,Completed,14918.94
PAY_0002434,ORD_0002434,2025-10-28 02:15:51,UPI,Completed,73847.53
PAY_0002435,ORD_0002435,2025-10-16 03:32:45,Cash on Delivery,Completed,70901.33
PAY_0002436,ORD_0002436,2026-01-16 15:27:35,Net Banking,Completed,43586.19
PAY_0002437,ORD_0002437,2026-08-06 23:22:31,Cash on Delivery,Completed,6187.74
PAY_0002438,ORD_0002438,2026-05-11 20:13:45,Cash on Delivery,Completed,39163.69
PAY_0002439,ORD_0002439,2026-08-05 14:49:16,Net Banking,Completed,76299.93
PAY_0002440,ORD_0002440,2026-01-07 13:05:00,Net Banking,Completed,68568.51
PAY_0002441,ORD_0002441,2026-05-10 16:06:51,Net Banking,Completed,36281.9
PAY_0002442,ORD_0002442,2026-01-06 23:06:09,Net Banking,Completed,31323.99
PAY_0002443,ORD_0002443,2025-10-10 19:33:41,Credit Card,Completed,38313.72
PAY_0002444,ORD_0002444,2026-08-17 00:11:14,UPI,Refunded,40846.07
PAY_0002445,ORD_0002445,2026-05-28 13:21:08,Net Banking,Completed,31640.61
PAY_0002446,ORD_0002446,2026-07-17 12:05:18,UPI,Completed,22329.44
PAY_0002447,ORD_0002447,2026-07-02 20:18:04,UPI,Completed,23440.66
PAY_0002448,ORD_0002448,2026-05-10 17:14:14,Net Banking,Completed,65957.16
PAY_0002449,ORD_0002449,2026-03-14 04:50:03,Net Banking,Completed,34560.51
PAY_0002450,ORD_0002450,2026-06-26 09:21:20,UPI,Completed,68435.98
PAY_0002451,ORD_0002451,2026-05-07 18:56:18,Net Banking,Refunded,9471.44
PAY_0002452,ORD_0002452,2026-02-28 10:06:41,UPI,Completed,15366.25
PAY_0002453,ORD_0002453,2026-01-28 05:11:40,Net Banking,Completed,18731.63
PAY_0002454,ORD_0002454,2025-11-04 17:24:13,Credit Card,Completed,24278.86
PAY_0002455,ORD_0002455,2026-05-03 12:41:43,Net Banking,Completed,84232.64
PAY_0002456,ORD_0002456,2025-10-23 18:52:31,Net Banking,Refunded,48063.57
PAY_0002457,ORD_0002457,2025-12-20 08:47:51,UPI,Completed,70389.27
PAY_0002458,ORD_0002458,2025-10-04 10:26:46,Credit Card,Completed,27920.56
PAY_0002459,ORD_0002459,2026-03-14 12:28:07,Net Banking,Completed,28385.55
PAY_0002460,ORD_0002460,2026-04-16 19:04:54,Net Banking,Completed,50286.03
PAY_0002461,ORD_0002461,2025-11-02 01:41:09,UPI,Completed,45992.63
PAY_0002462,ORD_0002462,2025-10-20 03:31:31,UPI,Completed,19123.94
PAY_0002463,ORD_0002463,2025-12-09 13:36:32,Net Banking,Completed,58676.25
PAY_0002464,ORD_0002464,2026-07-06 23:52:23,UPI,Completed,7214.37
PAY_0002465,ORD_0002465,2025-12-13 15:50:54,Corporate Cheque,Completed,59063.12
PAY_0002466,ORD_0002466,2025-12-31 07:59:54,Net Banking,Completed,38128.26
PAY_0002467,ORD_0002467,2026-08-27 20:57:59,Cash on Delivery,Completed,68006.97
PAY_0002468,ORD_0002468,2026-06-10 05:09:55,UPI,Completed,34541.67
PAY_0002469,ORD_0002469,2025-10-21 01:50:29,UPI,Completed,3249.92
PAY_0002470,ORD_0002470,2026-08-06 21:39:27,Cash on Delivery,Completed,34826.82
PAY_0002471,ORD_0002471,2025-12-09 08:38:44,Cash on Delivery,Completed,1195.43
PAY_0002472,ORD_0002472,2026-07-14 13:14:55,Net Banking,Completed,72556.0
PAY_0002473,ORD_0002473,2026-02-05 22:36:47,Net Banking,Completed,42683.76
PAY_0002474,ORD_0002474,2026-07-17 14:28:42,Corporate Cheque,Completed,25765.38
PAY_0002475,ORD_0002475,2026-06-17 12:13:41,Net Banking,Completed,69717.28
PAY_0002476,ORD_0002476,2026-01-23 03:23:30,Cash on Delivery,Completed,48110.67
PAY_0002477,ORD_0002477,2025-12-27 06:48:16,Credit Card,Completed,49238.04
PAY_0002478,ORD_0002478,2026-08-19 15:42:40,UPI,Completed,37039.46
PAY_0002479,ORD_0002479,2026-03-15 19:48:54,Net Banking,Completed,37409.67
PAY_0002480,ORD_0002480,2026-06-04 07:11:36,UPI,Completed,10413.56
PAY_0002481,ORD_0002481,2025-10-21 18:29:25,Credit Card,Completed,82717.26
PAY_0002482,ORD_0002482,2026-08-30 20:56:10,UPI,Completed,50430.84
PAY_0002483,ORD_0002483,2026-08-16 14:07:52,Credit Card,Completed,3736.5
PAY_0002484,ORD_0002484,2025-11-10 16:04:53,UPI,Completed,30222.23
PAY_0002485,ORD_0002485,2025-10-21 18:19:18,UPI,Completed,16796.87
PAY_0002486,ORD_0002486,2025-10-08 06:43:26,UPI,Completed,46939.49
PAY_0002487,ORD_0002487,2026-09-10 19:34:06,UPI,Completed,45776.52
PAY_0002488,ORD_0002488,2026-07-21 10:26:25,Net Banking,Completed,48121.27
PAY_0002489,ORD_0002489,2026-04-01 07:17:52,Credit Card,Completed,73356.15
PAY_0002490,ORD_0002490,2026-06-11 23:26:50,UPI,Completed,40205.7
PAY_0002491,ORD_0002491,2026-04-30 11:27:34,UPI,Completed,72684.76
PAY_0002492,ORD_0002492,2026-02-04 01:37:29,Net Banking,Completed,14012.69
PAY_0002493,ORD_0002493,2026-01-06 20:53:35,UPI,Completed,10392.1
PAY_0002494,ORD_0002494,2026-04-24 17:04:13,UPI,Completed,63551.7
PAY_0002495,ORD_0002495,2026-02-22 18:49:07,Net Banking,Completed,83101.71
PAY_0002496,ORD_0002496,2026-03-30 10:18:37,UPI,Completed,22911.8
PAY_0002497,ORD_0002497,2026-08-18 18:42:25,UPI,Completed,37590.27
PAY_0002498,ORD_0002498,2026-03-16 21:56:24,Corporate Cheque,Completed,49391.91
PAY_0002499,ORD_0002499,2026-04-29 13:16:23,Corporate Cheque,Completed,10415.29
PAY_0002500,ORD_0002500,2026-06-19 07:41:57,UPI,Completed,66499.21
PAY_0002501,ORD_0002501,2026-02-03 15:28:25,Credit Card,Completed,33166.45
PAY_0002502,ORD_0002502,2025-11-29 00:15:55,Credit Card,Completed,3888.83
PAY_0002503,ORD_0002503,2026-08-24 02:11:30,Net Banking,Completed,41527.4
PAY_0002504,ORD_0002504,2025-11-08 04:55:03,Cash on Delivery,Completed,53811.44
PAY_0002505,ORD_0002505,2026-06-10 03:52:13,Net Banking,Completed,58432.82
PAY_0002506,ORD_0002506,2026-01-29 15:44:07,UPI,Completed,13988.67
PAY_0002507,ORD_0002507,2026-05-26 00:08:55,Net Banking,Completed,53844.51
PAY_0002508,ORD_0002508,2026-01-08 15:04:09,Corporate Cheque,Completed,29715.53
PAY_0002509,ORD_0002509,2026-06-26 09:59:01,Credit Card,Completed,27397.98
PAY_0002510,ORD_0002510,2026-06-06 04:48:37,Net Banking,Completed,35569.36
PAY_0002511,ORD_0002511,2026-08-23 06:00:48,UPI,Completed,54784.08
PAY_0002512,ORD_0002512,2026-07-05 02:19:32,Credit Card,Completed,53882.04
PAY_0002513,ORD_0002513,2025-12-01 10:00:17,Credit Card,Completed,9897.35
PAY_0002514,ORD_0002514,2026-03-05 08:55:46,UPI,Completed,44512.13
PAY_0002515,ORD_0002515,2025-11-18 06:46:27,UPI,Completed,71691.19
PAY_0002516,ORD_0002516,2026-03-12 18:39:17,UPI,Completed,14190.45
PAY_0002517,ORD_0002517,2025-12-24 13:44:33,Net Banking,Refunded,34904.56
PAY_0002518,ORD_0002518,2026-07-14 21:42:10,Net Banking,Completed,21868.73
PAY_0002519,ORD_0002519,2026-01-27 06:20:48,Net Banking,Completed,55579.06
PAY_0002520,ORD_0002520,2026-06-04 22:11:49,Net Banking,Completed,73319.95
PAY_0002521,ORD_0002521,2026-01-28 15:07:40,UPI,Completed,56777.58
PAY_0002522,ORD_0002522,2026-06-25 23:20:43,Credit Card,Completed,25690.78
PAY_0002523,ORD_0002523,2025-11-30 22:56:55,Corporate Cheque,Completed,42671.83
PAY_0002524,ORD_0002524,2025-12-22 12:53:29,UPI,Completed,10466.34
PAY_0002525,ORD_0002525,2026-02-09 02:17:45,Net Banking,Completed,26408.17
PAY_0002526,ORD_0002526,2026-02-22 21:38:51,Cash on Delivery,Completed,35250.63
PAY_0002527,ORD_0002527,2025-10-27 17:45:36,Cash on Delivery,Completed,16326.42
PAY_0002528,ORD_0002528,2026-06-01 05:30:37,UPI,Refunded,2229.76
PAY_0002529,ORD_0002529,2026-06-21 09:30:18,Net Banking,Completed,50620.61
PAY_0002530,ORD_0002530,2026-04-05 09:32:49,Cash on Delivery,Completed,61286.92
PAY_0002531,ORD_0002531,2026-05-10 21:53:41,UPI,Completed,6793.29
PAY_0002532,ORD_0002532,2026-05-23 09:45:46,Credit Card,Completed,30539.4
PAY_0002533,ORD_0002533,2026-06-21 04:13:55,Cash on Delivery,Refunded,63315.56
PAY_0002534,ORD_0002534,2025-10-11 01:54:29,UPI,Completed,61062.99
PAY_0002535,ORD_0002535,2026-08-29 10:30:40,UPI,Completed,66698.85
PAY_0002536,ORD_0002536,2025-10-31 05:35:16,UPI,Completed,8498.86
PAY_0002537,ORD_0002537,2026-06-08 06:22:10,Net Banking,Completed,2624.18
PAY_0002538,ORD_0002538,2025-11-29 01:11:38,Credit Card,Completed,11485.16
PAY_0002539,ORD_0002539,2025-12-02 23:53:16,Credit Card,Completed,42645.02
PAY_0002540,ORD_0002540,2026-04-30 10:43:27,Corporate Cheque,Completed,73707.9
PAY_0002541,ORD_0002541,2026-05-22 22:44:15,UPI,Completed,78065.86
PAY_0002542,ORD_0002542,2026-06-09 03:42:51,Cash on Delivery,Completed,81720.11
PAY_0002543,ORD_0002543,2026-06-02 11:44:03,UPI,Completed,73116.8
PAY_0002544,ORD_0002544,2026-03-29 20:59:09,UPI,Completed,77838.3
PAY_0002545,ORD_0002545,2026-08-20 19:27:46,Corporate Cheque,Completed,76578.66
PAY_0002546,ORD_0002546,2026-07-28 12:36:10,UPI,Completed,57581.71
PAY_0002547,ORD_0002547,2026-03-22 06:42:25,Net Banking,Completed,11822.81
PAY_0002548,ORD_0002548,2026-07-22 17:15:42,UPI,Completed,27166.0
PAY_0002549,ORD_0002549,2026-08-28 05:01:30,Credit Card,Completed,6792.09
PAY_0002550,ORD_0002550,2025-11-04 11:10:23,Net Banking,Completed,67280.99
PAY_0002551,ORD_0002551,2026-02-23 20:34:23,Corporate Cheque,Completed,34504.81
PAY_0002552,ORD_0002552,2026-03-28 20:50:54,Credit Card,Completed,38829.36
PAY_0002553,ORD_0002553,2026-04-20 11:26:36,UPI,Completed,5456.64
PAY_0002554,ORD_0002554,2026-08-22 01:05:50,UPI,Completed,54281.54
PAY_0002555,ORD_0002555,2026-09-11 16:01:01,UPI,Completed,60439.36
PAY_0002556,ORD_0002556,2025-12-25 04:27:56,Cash on Delivery,Completed,10788.5
PAY_0002557,ORD_0002557,2026-01-19 09:07:36,UPI,Completed,9280.32
PAY_0002558,ORD_0002558,2026-07-19 07:20:59,Net Banking,Completed,19004.48
PAY_0002559,ORD_0002559,2026-06-24 06:51:52,UPI,Completed,45371.96
PAY_0002560,ORD_0002560,2026-05-17 22:58:04,UPI,Refunded,22245.52
PAY_0002561,ORD_0002561,2026-03-22 21:18:53,Net Banking,Completed,6046.27
PAY_0002562,ORD_0002562,2026-01-01 20:26:20,Net Banking,Completed,69040.48
PAY_0002563,ORD_0002563,2026-04-27 20:46:15,UPI,Completed,54468.95
PAY_0002564,ORD_0002564,2026-03-17 12:08:49,UPI,Completed,37688.28
PAY_0002565,ORD_0002565,2026-09-01 17:42:54,Corporate Cheque,Completed,47796.73
PAY_0002566,ORD_0002566,2026-08-20 00:05:29,Cash on Delivery,Completed,78423.66
PAY_0002567,ORD_0002567,2025-10-12 05:27:59,Net Banking,Completed,73628.93
PAY_0002568,ORD_0002568,2026-01-19 06:44:51,UPI,Refunded,27734.22
PAY_0002569,ORD_0002569,2025-11-28 19:41:44,Net Banking,Completed,51948.78
PAY_0002570,ORD_0002570,2025-10-04 13:08:59,Cash on Delivery,Completed,51122.57
PAY_0002571,ORD_0002571,2026-06-21 08:19:39,Net Banking,Completed,28163.09
PAY_0002572,ORD_0002572,2025-11-16 12:55:49,Cash on Delivery,Completed,44658.65
PAY_0002573,ORD_0002573,2025-12-19 04:38:45,UPI,Completed,68605.7
PAY_0002574,ORD_0002574,2025-11-25 20:50:28,UPI,Completed,24055.22
PAY_0002575,ORD_0002575,2026-08-29 08:48:28,Credit Card,Completed,1540.68
PAY_0002576,ORD_0002576,2026-07-12 23:14:58,Net Banking,Completed,44388.61
PAY_0002577,ORD_0002577,2025-10-08 05:17:12,UPI,Completed,39626.31
PAY_0002578,ORD_0002578,2025-12-16 12:56:55,Net Banking,Completed,2197.35
PAY_0002579,ORD_0002579,2026-06-28 04:30:57,UPI,Completed,72425.04
PAY_0002580,ORD_0002580,2025-12-11 05:49:20,Net Banking,Completed,72259.83
PAY_0002581,ORD_0002581,2026-07-22 14:28:41,Credit Card,Completed,63685.19
PAY_0002582,ORD_0002582,2026-07-27 07:35:58,UPI,Completed,55999.84
PAY_0002583,ORD_0002583,2026-03-17 15:02:23,Credit Card,Completed,32278.94
PAY_0002584,ORD_0002584,2026-05-14 18:10:07,Credit Card,Completed,6465.97
PAY_0002585,ORD_0002585,2026-02-07 00:02:55,Credit Card,Completed,1553.45
PAY_0002586,ORD_0002586,2026-08-04 20:40:41,Credit Card,Completed,46662.22
PAY_0002587,ORD_0002587,2025-12-19 00:29:58,UPI,Completed,24358.06
PAY_0002588,ORD_0002588,2026-07-30 09:53:04,UPI,Completed,68287.45
PAY_0002589,ORD_0002589,2025-12-30 02:45:49,UPI,Completed,43113.55
PAY_0002590,ORD_0002590,2025-10-13 11:00:30,Net Banking,Completed,47424.88
PAY_0002591,ORD_0002591,2026-02-28 05:01:54,UPI,Completed,52815.42
PAY_0002592,ORD_0002592,2026-04-30 02:24:08,Cash on Delivery,Completed,42237.09
PAY_0002593,ORD_0002593,2026-05-08 15:08:54,Net Banking,Completed,33982.54
PAY_0002594,ORD_0002594,2025-12-15 08:52:19,UPI,Completed,73798.78
PAY_0002595,ORD_0002595,2026-02-28 03:38:36,Credit Card,Completed,64345.44
PAY_0002596,ORD_0002596,2026-07-13 10:14:06,UPI,Completed,81275.61
PAY_0002597,ORD_0002597,2026-08-20 08:43:00,UPI,Completed,6265.85
PAY_0002598,ORD_0002598,2025-12-18 12:04:02,Cash on Delivery,Completed,2977.39
PAY_0002599,ORD_0002599,2025-10-20 00:52:21,UPI,Completed,29013.17
PAY_0002600,ORD_0002600,2025-11-24 15:28:48,Net Banking,Completed,47196.44
PAY_0002601,ORD_0002601,2026-06-03 12:52:17,UPI,Completed,19525.09
PAY_0002602,ORD_0002602,2026-05-20 19:29:12,UPI,Completed,9419.05
PAY_0002603,ORD_0002603,2026-03-26 22:13:26,UPI,Refunded,41618.03
PAY_0002604,ORD_0002604,2026-06-09 03:02:02,UPI,Completed,34404.92
PAY_0002605,ORD_0002605,2026-06-05 19:18:07,Corporate Cheque,Completed,54280.73
PAY_0002606,ORD_0002606,2026-02-23 21:48:08,UPI,Completed,29175.88
PAY_0002607,ORD_0002607,2026-02-15 13:36:24,Net Banking,Completed,25562.12
PAY_0002608,ORD_0002608,2025-11-22 04:16:52,Credit Card,Completed,36389.29
PAY_0002609,ORD_0002609,2026-03-16 21:08:34,Net Banking,Completed,44568.16
PAY_0002610,ORD_0002610,2026-06-14 06:28:48,UPI,Completed,27793.51
PAY_0002611,ORD_0002611,2026-02-28 11:42:07,Corporate Cheque,Completed,22968.84
PAY_0002612,ORD_0002612,2026-06-02 13:24:28,UPI,Completed,52127.85
PAY_0002613,ORD_0002613,2026-01-16 12:50:55,Credit Card,Completed,80144.51
PAY_0002614,ORD_0002614,2026-09-09 15:08:55,UPI,Refunded,58002.27
PAY_0002615,ORD_0002615,2026-02-11 09:10:19,Credit Card,Completed,10623.61
PAY_0002616,ORD_0002616,2026-03-08 15:45:27,Net Banking,Completed,73932.53
PAY_0002617,ORD_0002617,2025-12-15 06:57:46,Net Banking,Completed,4108.65
PAY_0002618,ORD_0002618,2026-05-18 17:47:45,Credit Card,Completed,40616.91
PAY_0002619,ORD_0002619,2026-07-22 14:51:51,Cash on Delivery,Completed,41485.54
PAY_0002620,ORD_0002620,2025-11-14 21:03:36,Cash on Delivery,Completed,47169.73
PAY_0002621,ORD_0002621,2025-12-24 11:39:39,UPI,Completed,19646.06
PAY_0002622,ORD_0002622,2025-11-12 01:47:27,UPI,Completed,27636.73
PAY_0002623,ORD_0002623,2026-06-06 13:43:01,Net Banking,Completed,69000.74
PAY_0002624,ORD_0002624,2026-01-05 11:59:36,UPI,Completed,62090.89
PAY_0002625,ORD_0002625,2026-07-15 05:04:49,Net Banking,Refunded,35487.59
PAY_0002626,ORD_0002626,2026-08-16 23:47:58,Cash on Delivery,Refunded,29551.91
PAY_0002627,ORD_0002627,2026-03-06 18:21:52,Net Banking,Completed,45605.42
PAY_0002628,ORD_0002628,2026-07-13 09:52:23,UPI,Refunded,56937.19
PAY_0002629,ORD_0002629,2026-07-19 08:01:48,UPI,Refunded,43447.58
PAY_0002630,ORD_0002630,2026-08-11 19:55:22,UPI,Completed,32401.56
PAY_0002631,ORD_0002631,2026-07-16 18:05:18,UPI,Refunded,50310.42
PAY_0002632,ORD_0002632,2026-03-09 19:48:37,UPI,Completed,7336.69
PAY_0002633,ORD_0002633,2026-06-27 18:56:21,UPI,Completed,14135.35
PAY_0002634,ORD_0002634,2026-03-08 03:28:02,UPI,Completed,17408.25
PAY_0002635,ORD_0002635,2026-06-25 23:25:49,Net Banking,Completed,1714.37
PAY_0002636,ORD_0002636,2026-05-22 08:28:01,UPI,Completed,38037.4
PAY_0002637,ORD_0002637,2026-02-12 22:59:50,UPI,Completed,8646.29
PAY_0002638,ORD_0002638,2026-06-21 09:43:28,Net Banking,Completed,43736.91
PAY_0002639,ORD_0002639,2026-06-30 23:16:56,Credit Card,Refunded,3660.89
PAY_0002640,ORD_0002640,2026-04-14 07:26:24,UPI,Completed,24579.81
PAY_0002641,ORD_0002641,2026-07-22 01:40:22,Cash on Delivery,Completed,2640.71
PAY_0002642,ORD_0002642,2026-05-01 18:45:15,UPI,Completed,6791.28
PAY_0002643,ORD_0002643,2026-04-05 18:59:25,Credit Card,Completed,23514.32
PAY_0002644,ORD_0002644,2025-12-14 04:01:10,UPI,Completed,68494.27
PAY_0002645,ORD_0002645,2026-06-06 09:02:29,UPI,Completed,70855.06
PAY_0002646,ORD_0002646,2025-12-20 13:14:49,Net Banking,Completed,20285.45
PAY_0002647,ORD_0002647,2025-10-04 09:14:48,UPI,Completed,75868.44
PAY_0002648,ORD_0002648,2025-12-20 00:44:44,UPI,Completed,72152.85
PAY_0002649,ORD_0002649,2026-02-19 04:38:28,Net Banking,Completed,79969.88
PAY_0002650,ORD_0002650,2026-09-10 23:17:54,UPI,Completed,29304.47
PAY_0002651,ORD_0002651,2026-03-08 02:35:34,Credit Card,Completed,78925.12
PAY_0002652,ORD_0002652,2025-11-05 03:35:19,UPI,Completed,51269.81
PAY_0002653,ORD_0002653,2025-12-09 19:30:35,UPI,Completed,16600.45
PAY_0002654,ORD_0002654,2026-07-09 13:33:22,UPI,Completed,60005.26
PAY_0002655,ORD_0002655,2026-08-08 02:58:47,UPI,Completed,22478.54
PAY_0002656,ORD_0002656,2025-10-27 21:31:47,UPI,Completed,25108.07
PAY_0002657,ORD_0002657,2026-05-04 23:18:43,Cash on Delivery,Completed,66548.74
PAY_0002658,ORD_0002658,2026-01-19 06:28:02,UPI,Completed,9723.95
PAY_0002659,ORD_0002659,2026-02-26 09:56:16,Net Banking,Completed,11704.72
PAY_0002660,ORD_0002660,2026-04-27 15:03:36,Cash on Delivery,Completed,57116.35
PAY_0002661,ORD_0002661,2026-04-07 18:01:46,Net Banking,Completed,20403.72
PAY_0002662,ORD_0002662,2026-04-28 01:32:51,UPI,Completed,83893.2
PAY_0002663,ORD_0002663,2026-07-09 17:34:12,Net Banking,Completed,31114.45
PAY_0002664,ORD_0002664,2026-05-25 22:25:41,UPI,Completed,8136.03
PAY_0002665,ORD_0002665,2025-10-07 21:12:43,Net Banking,Completed,51986.8
PAY_0002666,ORD_0002666,2025-12-06 23:26:21,UPI,Refunded,71314.28
PAY_0002667,ORD_0002667,2026-04-20 03:14:24,Net Banking,Completed,40992.56
PAY_0002668,ORD_0002668,2025-11-24 23:04:33,Net Banking,Completed,20931.27
PAY_0002669,ORD_0002669,2026-08-08 11:02:27,UPI,Completed,19512.32
PAY_0002670,ORD_0002670,2026-09-13 21:58:47,Net Banking,Completed,73511.11
PAY_0002671,ORD_0002671,2026-03-12 06:45:06,UPI,Completed,34248.19
PAY_0002672,ORD_0002672,2026-03-26 19:44:00,Credit Card,Completed,10879.22
PAY_0002673,ORD_0002673,2025-12-16 07:07:00,UPI,Completed,71642.53
PAY_0002674,ORD_0002674,2026-06-17 06:38:44,Cash on Delivery,Refunded,35497.29
PAY_0002675,ORD_0002675,2026-04-07 17:31:24,Credit Card,Completed,54268.67
PAY_0002676,ORD_0002676,2026-06-13 15:05:58,UPI,Completed,63686.44
PAY_0002677,ORD_0002677,2026-05-28 12:47:17,Corporate Cheque,Completed,80221.25
PAY_0002678,ORD_0002678,2026-08-18 18:19:17,Credit Card,Refunded,81958.07
PAY_0002679,ORD_0002679,2026-02-07 00:34:58,UPI,Completed,82366.51
PAY_0002680,ORD_0002680,2026-01-09 19:08:42,UPI,Completed,75256.89
PAY_0002681,ORD_0002681,2026-07-27 04:48:15,UPI,Completed,80504.08
PAY_0002682,ORD_0002682,2026-07-22 04:57:54,UPI,Completed,21647.02
PAY_0002683,ORD_0002683,2026-04-11 11:30:38,Cash on Delivery,Completed,4541.74
PAY_0002684,ORD_0002684,2026-02-06 03:13:48,Credit Card,Completed,33317.07
PAY_0002685,ORD_0002685,2025-12-24 23:02:48,Credit Card,Completed,78587.53
PAY_0002686,ORD_0002686,2026-03-20 11:52:57,UPI,Completed,30369.89
PAY_0002687,ORD_0002687,2026-05-22 15:40:13,Credit Card,Completed,58139.02
PAY_0002688,ORD_0002688,2026-06-17 14:19:49,Credit Card,Completed,29354.43
PAY_0002689,ORD_0002689,2026-05-13 19:24:33,UPI,Completed,70004.21
PAY_0002690,ORD_0002690,2025-12-20 11:50:01,Net Banking,Completed,75423.52
PAY_0002691,ORD_0002691,2026-04-04 03:56:45,UPI,Completed,66328.56
PAY_0002692,ORD_0002692,2026-06-09 16:41:04,UPI,Completed,77376.6
PAY_0002693,ORD_0002693,2026-02-12 05:57:51,UPI,Completed,41796.33
PAY_0002694,ORD_0002694,2025-12-25 13:37:41,UPI,Completed,7264.55
PAY_0002695,ORD_0002695,2026-01-23 21:41:55,Cash on Delivery,Completed,46961.47
PAY_0002696,ORD_0002696,2026-03-02 11:08:14,Net Banking,Completed,3722.56
PAY_0002697,ORD_0002697,2025-10-10 12:49:35,UPI,Completed,39296.63
PAY_0002698,ORD_0002698,2026-06-02 05:52:44,Credit Card,Completed,36713.47
PAY_0002699,ORD_0002699,2026-05-22 21:47:59,Credit Card,Refunded,78353.88
PAY_0002700,ORD_0002700,2026-08-27 23:27:05,UPI,Completed,45221.94
PAY_0002701,ORD_0002701,2025-10-13 04:47:02,UPI,Completed,2700.42
PAY_0002702,ORD_0002702,2025-11-23 19:51:08,UPI,Completed,80646.38
PAY_0002703,ORD_0002703,2025-10-21 05:01:21,Credit Card,Completed,73641.11
PAY_0002704,ORD_0002704,2026-06-30 07:37:59,UPI,Completed,42928.93
PAY_0002705,ORD_0002705,2026-09-04 08:05:51,Net Banking,Completed,82004.83
PAY_0002706,ORD_0002706,2026-04-26 02:08:08,Net Banking,Completed,65128.1
PAY_0002707,ORD_0002707,2025-12-11 18:54:58,UPI,Completed,54224.81
PAY_0002708,ORD_0002708,2025-10-13 20:50:59,UPI,Completed,33288.47
PAY_0002709,ORD_0002709,2026-08-05 19:19:45,UPI,Completed,82147.96
PAY_0002710,ORD_0002710,2026-07-06 09:19:00,UPI,Completed,77469.92
PAY_0002711,ORD_0002711,2026-03-02 12:00:08,Credit Card,Completed,43183.03
PAY_0002712,ORD_0002712,2025-10-21 10:56:22,Credit Card,Completed,59277.41
PAY_0002713,ORD_0002713,2026-04-23 11:58:49,Corporate Cheque,Completed,34926.34
PAY_0002714,ORD_0002714,2026-02-28 04:51:21,Credit Card,Completed,8451.11
PAY_0002715,ORD_0002715,2025-10-10 01:00:05,Cash on Delivery,Completed,62131.58
PAY_0002716,ORD_0002716,2026-04-03 19:29:54,UPI,Completed,13543.84
PAY_0002717,ORD_0002717,2026-09-02 10:03:41,UPI,Completed,67885.37
PAY_0002718,ORD_0002718,2025-10-26 11:41:56,UPI,Completed,10202.62
PAY_0002719,ORD_0002719,2026-02-15 07:34:17,Net Banking,Completed,28139.13
PAY_0002720,ORD_0002720,2026-03-18 20:44:31,Net Banking,Completed,21601.78
PAY_0002721,ORD_0002721,2025-11-15 17:58:14,UPI,Completed,68393.54
PAY_0002722,ORD_0002722,2025-11-12 01:49:48,UPI,Completed,54979.66
PAY_0002723,ORD_0002723,2026-01-18 01:27:25,Cash on Delivery,Completed,68522.94
PAY_0002724,ORD_0002724,2025-10-02 09:39:45,UPI,Completed,16946.69
PAY_0002725,ORD_0002725,2026-05-19 18:36:52,UPI,Completed,82533.83
PAY_0002726,ORD_0002726,2026-02-02 16:30:51,Net Banking,Completed,21211.38
PAY_0002727,ORD_0002727,2025-10-03 19:50:42,Net Banking,Completed,4196.71
PAY_0002728,ORD_0002728,2026-07-13 13:27:34,UPI,Completed,82640.4
PAY_0002729,ORD_0002729,2025-12-19 07:06:43,Net Banking,Completed,62855.92
PAY_0002730,ORD_0002730,2026-03-26 02:24:07,Net Banking,Completed,66291.55
PAY_0002731,ORD_0002731,2026-03-01 07:03:33,Net Banking,Completed,49827.04
PAY_0002732,ORD_0002732,2026-02-18 17:26:07,Net Banking,Completed,19909.74
PAY_0002733,ORD_0002733,2026-05-04 05:41:39,UPI,Completed,51189.02
PAY_0002734,ORD_0002734,2026-02-04 22:22:02,UPI,Completed,5948.92
PAY_0002735,ORD_0002735,2026-05-07 01:57:36,Corporate Cheque,Refunded,46249.14
PAY_0002736,ORD_0002736,2026-05-12 11:28:56,Net Banking,Completed,22255.67
PAY_0002737,ORD_0002737,2026-02-15 17:16:06,UPI,Completed,47604.32
PAY_0002738,ORD_0002738,2026-08-14 20:07:15,Credit Card,Completed,11387.63
PAY_0002739,ORD_0002739,2026-07-30 17:29:54,Cash on Delivery,Completed,55704.85
PAY_0002740,ORD_0002740,2026-03-02 07:59:33,Net Banking,Completed,10309.54
PAY_0002741,ORD_0002741,2026-03-27 13:09:14,Corporate Cheque,Completed,45509.61
PAY_0002742,ORD_0002742,2026-01-05 16:36:03,Net Banking,Completed,61011.87
PAY_0002743,ORD_0002743,2026-02-11 08:31:29,UPI,Completed,73841.27
PAY_0002744,ORD_0002744,2026-04-16 07:14:33,UPI,Completed,30685.93
PAY_0002745,ORD_0002745,2025-11-12 23:29:46,UPI,Completed,74419.95
PAY_0002746,ORD_0002746,2026-04-16 05:20:00,Net Banking,Completed,49929.56
PAY_0002747,ORD_0002747,2025-11-10 18:56:04,Net Banking,Completed,51483.73
PAY_0002748,ORD_0002748,2025-11-09 17:41:30,UPI,Completed,14318.46
PAY_0002749,ORD_0002749,2026-03-21 02:35:17,Net Banking,Completed,9621.32
PAY_0002750,ORD_0002750,2026-03-11 01:34:58,UPI,Completed,84558.09
PAY_0002751,ORD_0002751,2025-11-04 20:59:49,Net Banking,Completed,7386.38
PAY_0002752,ORD_0002752,2025-10-26 19:31:36,Net Banking,Completed,54113.51
PAY_0002753,ORD_0002753,2026-06-01 15:05:43,Net Banking,Refunded,41912.78
PAY_0002754,ORD_0002754,2026-03-11 02:57:16,UPI,Completed,71477.87
PAY_0002755,ORD_0002755,2026-07-16 10:28:10,UPI,Refunded,14953.67
PAY_0002756,ORD_0002756,2025-10-30 18:32:13,Credit Card,Completed,29866.19
PAY_0002757,ORD_0002757,2025-12-19 11:16:12,UPI,Completed,42396.4
PAY_0002758,ORD_0002758,2025-10-01 11:07:02,Corporate Cheque,Completed,18044.54
PAY_0002759,ORD_0002759,2025-12-06 02:16:08,UPI,Completed,80150.26
PAY_0002760,ORD_0002760,2026-01-10 21:14:28,Credit Card,Completed,78492.53
PAY_0002761,ORD_0002761,2026-09-11 21:52:02,Credit Card,Completed,74627.3
PAY_0002762,ORD_0002762,2026-02-18 22:26:33,UPI,Completed,77626.58
PAY_0002763,ORD_0002763,2026-05-17 19:25:01,Net Banking,Completed,34455.91
PAY_0002764,ORD_0002764,2026-07-03 22:43:42,Credit Card,Refunded,29672.45
PAY_0002765,ORD_0002765,2026-01-06 11:07:14,Cash on Delivery,Completed,57435.78
PAY_0002766,ORD_0002766,2026-02-03 03:06:35,UPI,Completed,63672.3
PAY_0002767,ORD_0002767,2026-09-02 12:37:19,Net Banking,Completed,58821.94
PAY_0002768,ORD_0002768,2025-11-26 17:36:02,Corporate Cheque,Completed,71913.62
PAY_0002769,ORD_0002769,2025-11-20 18:18:01,Cash on Delivery,Completed,23278.58
PAY_0002770,ORD_0002770,2025-12-13 17:07:54,Net Banking,Completed,5208.82
PAY_0002771,ORD_0002771,2025-12-29 01:51:08,Net Banking,Completed,60845.37
PAY_0002772,ORD_0002772,2026-09-15 00:50:45,Credit Card,Completed,68086.96
PAY_0002773,ORD_0002773,2026-01-04 04:17:15,UPI,Completed,3858.31
PAY_0002774,ORD_0002774,2026-07-30 20:25:49,UPI,Completed,41895.12
PAY_0002775,ORD_0002775,2026-04-13 18:47:40,UPI,Completed,58907.18
PAY_0002776,ORD_0002776,2025-12-08 05:53:58,UPI,Completed,42758.68
PAY_0002777,ORD_0002777,2026-01-16 13:55:18,UPI,Completed,74644.28
PAY_0002778,ORD_0002778,2025-12-27 16:39:47,Credit Card,Completed,48436.83
PAY_0002779,ORD_0002779,2026-08-14 17:16:43,Cash on Delivery,Completed,17125.44
PAY_0002780,ORD_0002780,2025-10-13 04:28:26,Credit Card,Completed,2327.88
PAY_0002781,ORD_0002781,2026-04-05 20:38:10,Net Banking,Completed,58036.63
PAY_0002782,ORD_0002782,2025-11-07 16:54:11,UPI,Completed,30081.89
PAY_0002783,ORD_0002783,2026-02-06 22:56:29,Credit Card,Completed,56319.73
PAY_0002784,ORD_0002784,2026-03-22 17:44:18,Net Banking,Completed,12569.53
PAY_0002785,ORD_0002785,2026-07-25 00:31:13,UPI,Completed,14909.39
PAY_0002786,ORD_0002786,2026-06-16 04:53:10,Credit Card,Completed,25712.4
PAY_0002787,ORD_0002787,2026-06-10 07:26:31,Net Banking,Completed,79581.85
PAY_0002788,ORD_0002788,2026-03-19 18:28:47,UPI,Completed,23791.18
PAY_0002789,ORD_0002789,2025-10-16 02:29:03,Credit Card,Completed,39387.15
PAY_0002790,ORD_0002790,2026-04-05 23:30:58,Net Banking,Completed,9354.34
PAY_0002791,ORD_0002791,2026-05-10 00:45:55,UPI,Completed,71476.08
PAY_0002792,ORD_0002792,2025-12-20 00:34:45,Credit Card,Completed,57220.21
PAY_0002793,ORD_0002793,2026-06-09 02:46:29,UPI,Completed,38091.7
PAY_0002794,ORD_0002794,2026-02-10 18:21:09,Net Banking,Completed,4872.91
PAY_0002795,ORD_0002795,2025-11-13 02:23:02,UPI,Completed,31746.82
PAY_0002796,ORD_0002796,2025-10-29 12:53:24,UPI,Completed,42477.72
PAY_0002797,ORD_0002797,2025-10-14 01:14:03,Net Banking,Completed,44233.86
PAY_0002798,ORD_0002798,2026-07-31 09:39:17,Cash on Delivery,Completed,55838.04
PAY_0002799,ORD_0002799,2026-08-03 23:43:55,Credit Card,Completed,80056.15
PAY_0002800,ORD_0002800,2026-06-04 14:46:54,Credit Card,Completed,13176.95
PAY_0002801,ORD_0002801,2025-10-24 22:35:39,UPI,Completed,37455.7
PAY_0002802,ORD_0002802,2026-06-15 05:14:34,Net Banking,Completed,42554.52
PAY_0002803,ORD_0002803,2026-09-09 21:31:36,Credit Card,Completed,7534.16
PAY_0002804,ORD_0002804,2026-08-17 13:18:27,UPI,Refunded,14355.94
PAY_0002805,ORD_0002805,2026-03-12 04:03:13,Net Banking,Refunded,58127.17
PAY_0002806,ORD_0002806,2026-04-04 02:54:05,Net Banking,Completed,56125.42
PAY_0002807,ORD_0002807,2026-06-07 06:58:48,Net Banking,Refunded,33550.35
PAY_0002808,ORD_0002808,2025-12-24 08:34:50,Net Banking,Completed,57856.63
PAY_0002809,ORD_0002809,2026-07-18 11:00:10,UPI,Completed,68098.74
PAY_0002810,ORD_0002810,2025-11-05 11:16:56,Credit Card,Completed,82352.93
PAY_0002811,ORD_0002811,2026-03-24 09:26:52,Net Banking,Completed,11817.27
PAY_0002812,ORD_0002812,2025-12-16 23:17:27,UPI,Completed,42218.21
PAY_0002813,ORD_0002813,2026-05-15 03:50:50,Net Banking,Completed,33764.48
PAY_0002814,ORD_0002814,2026-06-14 12:18:27,Corporate Cheque,Completed,75587.2
PAY_0002815,ORD_0002815,2025-11-04 05:10:07,UPI,Completed,2677.57
PAY_0002816,ORD_0002816,2026-04-20 16:43:00,Credit Card,Completed,39711.23
PAY_0002817,ORD_0002817,2026-09-12 00:55:11,Credit Card,Completed,24914.55
PAY_0002818,ORD_0002818,2025-10-15 06:24:18,UPI,Completed,66454.16
PAY_0002819,ORD_0002819,2026-04-15 14:45:47,Cash on Delivery,Completed,50165.04
PAY_0002820,ORD_0002820,2026-01-22 20:33:59,Net Banking,Completed,4103.91
PAY_0002821,ORD_0002821,2026-08-25 02:10:23,UPI,Completed,55083.05
PAY_0002822,ORD_0002822,2025-10-05 17:03:13,Cash on Delivery,Completed,15686.47
PAY_0002823,ORD_0002823,2025-11-12 21:42:06,Net Banking,Completed,83014.33
PAY_0002824,ORD_0002824,2025-11-19 22:08:13,Credit Card,Completed,57763.42
PAY_0002825,ORD_0002825,2025-10-07 13:22:40,Cash on Delivery,Completed,61500.47
PAY_0002826,ORD_0002826,2026-03-01 15:06:15,UPI,Refunded,22257.89
PAY_0002827,ORD_0002827,2025-10-09 06:23:37,Net Banking,Completed,29614.76
PAY_0002828,ORD_0002828,2025-12-27 09:08:34,UPI,Completed,60561.49
PAY_0002829,ORD_0002829,2026-05-06 03:59:47,UPI,Completed,18138.13
PAY_0002830,ORD_0002830,2026-07-03 18:38:41,Net Banking,Completed,70302.99
PAY_0002831,ORD_0002831,2026-02-26 16:54:18,Credit Card,Completed,54329.2
PAY_0002832,ORD_0002832,2026-07-12 22:34:24,Net Banking,Completed,70485.36
PAY_0002833,ORD_0002833,2026-03-21 22:40:32,Credit Card,Completed,25996.52
PAY_0002834,ORD_0002834,2026-01-27 17:01:43,Credit Card,Completed,65217.67
PAY_0002835,ORD_0002835,2026-05-31 17:19:39,Net Banking,Completed,11181.14
PAY_0002836,ORD_0002836,2026-07-30 09:36:07,Net Banking,Completed,23530.16
PAY_0002837,ORD_0002837,2026-02-21 06:46:42,UPI,Completed,31084.36
PAY_0002838,ORD_0002838,2026-01-24 13:09:45,UPI,Completed,28320.37
PAY_0002839,ORD_0002839,2026-07-02 14:06:18,UPI,Completed,52073.22
PAY_0002840,ORD_0002840,2026-09-03 18:16:40,UPI,Completed,76947.18
PAY_0002841,ORD_0002841,2026-05-01 21:44:28,UPI,Completed,39889.54
PAY_0002842,ORD_0002842,2026-06-01 11:43:59,Corporate Cheque,Completed,33052.41
PAY_0002843,ORD_0002843,2026-02-13 22:54:07,Net Banking,Completed,68540.74
PAY_0002844,ORD_0002844,2026-07-15 20:00:00,Net Banking,Completed,40528.88
PAY_0002845,ORD_0002845,2026-01-29 07:55:24,Credit Card,Completed,61198.54
PAY_0002846,ORD_0002846,2026-06-02 00:04:34,UPI,Completed,26865.72
PAY_0002847,ORD_0002847,2026-05-10 07:46:22,Net Banking,Completed,54399.61
PAY_0002848,ORD_0002848,2025-10-27 21:48:41,Net Banking,Completed,52909.35
PAY_0002849,ORD_0002849,2025-10-26 08:51:49,Credit Card,Completed,16190.85
PAY_0002850,ORD_0002850,2026-09-03 17:22:30,UPI,Completed,56901.09
PAY_0002851,ORD_0002851,2026-06-27 07:34:14,Credit Card,Completed,81704.27
PAY_0002852,ORD_0002852,2026-02-16 18:16:42,Credit Card,Completed,49452.86
PAY_0002853,ORD_0002853,2026-09-14 18:43:04,Cash on Delivery,Completed,17076.93
PAY_0002854,ORD_0002854,2026-03-18 00:57:11,Net Banking,Completed,82700.65
PAY_0002855,ORD_0002855,2026-05-07 21:46:11,UPI,Completed,73122.28
PAY_0002856,ORD_0002856,2025-12-22 04:08:43,Credit Card,Completed,15280.73
PAY_0002857,ORD_0002857,2025-10-07 20:27:39,UPI,Completed,74425.03
PAY_0002858,ORD_0002858,2026-02-20 09:36:57,Cash on Delivery,Completed,80828.29
PAY_0002859,ORD_0002859,2025-10-03 01:03:26,UPI,Completed,61964.75
PAY_0002860,ORD_0002860,2025-12-11 19:02:26,Cash on Delivery,Completed,30727.88
PAY_0002861,ORD_0002861,2026-05-20 05:54:36,Corporate Cheque,Completed,50797.35
PAY_0002862,ORD_0002862,2026-02-20 19:38:06,UPI,Refunded,2026.81
PAY_0002863,ORD_0002863,2026-08-16 17:42:10,Corporate Cheque,Completed,64409.24
PAY_0002864,ORD_0002864,2026-05-15 05:18:50,Cash on Delivery,Completed,11155.34
PAY_0002865,ORD_0002865,2026-01-28 09:03:01,Corporate Cheque,Completed,37008.05
PAY_0002866,ORD_0002866,2026-02-02 23:42:00,Corporate Cheque,Completed,47090.58
PAY_0002867,ORD_0002867,2025-10-31 22:30:57,Net Banking,Completed,81063.17
PAY_0002868,ORD_0002868,2026-06-21 00:12:18,UPI,Refunded,58570.23
PAY_0002869,ORD_0002869,2025-11-25 17:53:37,UPI,Completed,84620.99
PAY_0002870,ORD_0002870,2026-04-30 01:09:47,Net Banking,Completed,51938.42
PAY_0002871,ORD_0002871,2026-03-27 02:33:21,Net Banking,Completed,30478.5
PAY_0002872,ORD_0002872,2026-08-24 14:51:04,UPI,Completed,47275.17
PAY_0002873,ORD_0002873,2026-01-06 01:53:24,UPI,Completed,11921.37
PAY_0002874,ORD_0002874,2025-11-08 22:29:09,Credit Card,Completed,36950.2
PAY_0002875,ORD_0002875,2025-11-12 05:08:06,Cash on Delivery,Completed,9615.17
PAY_0002876,ORD_0002876,2026-02-28 08:24:24,Net Banking,Completed,69229.65
PAY_0002877,ORD_0002877,2026-03-12 16:12:17,Credit Card,Completed,83067.17
PAY_0002878,ORD_0002878,2025-11-08 06:35:28,UPI,Completed,16737.44
PAY_0002879,ORD_0002879,2026-07-30 01:51:52,UPI,Completed,84645.16
PAY_0002880,ORD_0002880,2026-03-22 17:18:38,UPI,Completed,34067.87
PAY_0002881,ORD_0002881,2026-09-03 05:43:00,Credit Card,Completed,30060.34
PAY_0002882,ORD_0002882,2026-04-06 14:00:18,Net Banking,Completed,27323.06
PAY_0002883,ORD_0002883,2026-03-27 21:42:50,UPI,Refunded,52654.95
PAY_0002884,ORD_0002884,2026-01-03 12:16:39,UPI,Completed,41959.2
PAY_0002885,ORD_0002885,2026-01-18 01:10:17,Credit Card,Completed,10265.49
PAY_0002886,ORD_0002886,2026-09-11 21:52:03,Net Banking,Completed,52650.57
PAY_0002887,ORD_0002887,2026-02-14 04:25:47,Net Banking,Completed,79637.31
PAY_0002888,ORD_0002888,2025-12-13 10:28:03,Net Banking,Completed,59699.04
PAY_0002889,ORD_0002889,2026-09-09 02:46:38,Credit Card,Completed,4343.07
PAY_0002890,ORD_0002890,2026-01-26 22:02:23,UPI,Completed,65054.45
PAY_0002891,ORD_0002891,2026-05-23 02:03:49,Credit Card,Refunded,3851.98
PAY_0002892,ORD_0002892,2026-04-10 18:55:08,Net Banking,Completed,49754.84
PAY_0002893,ORD_0002893,2026-07-03 21:03:59,Net Banking,Completed,45937.78
PAY_0002894,ORD_0002894,2026-09-10 21:37:09,Credit Card,Refunded,39329.56
PAY_0002895,ORD_0002895,2026-01-15 22:03:10,UPI,Completed,43506.99
PAY_0002896,ORD_0002896,2025-12-05 05:09:40,Credit Card,Completed,6923.8
PAY_0002897,ORD_0002897,2026-01-02 18:46:09,Net Banking,Completed,76210.17
PAY_0002898,ORD_0002898,2026-06-14 17:04:55,Net Banking,Completed,74393.68
PAY_0002899,ORD_0002899,2025-10-11 01:26:08,UPI,Refunded,32042.2
PAY_0002900,ORD_0002900,2026-05-31 21:58:17,UPI,Completed,9663.44
PAY_0002901,ORD_0002901,2026-02-15 14:44:12,UPI,Completed,40142.86
PAY_0002902,ORD_0002902,2025-10-20 13:43:31,UPI,Completed,13507.01
PAY_0002903,ORD_0002903,2026-03-24 23:13:12,Net Banking,Refunded,35937.04
PAY_0002904,ORD_0002904,2025-12-09 07:38:16,Credit Card,Completed,84153.43
PAY_0002905,ORD_0002905,2026-02-14 01:36:23,UPI,Completed,44426.19
PAY_0002906,ORD_0002906,2025-10-23 08:41:23,Net Banking,Refunded,34630.5
PAY_0002907,ORD_0002907,2026-05-12 13:51:42,UPI,Completed,50375.34
PAY_0002908,ORD_0002908,2025-10-18 05:22:52,Net Banking,Completed,18835.52
PAY_0002909,ORD_0002909,2026-07-10 05:51:46,UPI,Completed,79287.72
PAY_0002910,ORD_0002910,2025-10-13 12:13:08,UPI,Completed,9273.73
PAY_0002911,ORD_0002911,2026-03-04 00:56:39,Net Banking,Completed,67733.06
PAY_0002912,ORD_0002912,2026-02-19 23:08:35,UPI,Completed,9358.15
PAY_0002913,ORD_0002913,2025-10-14 03:51:55,Credit Card,Completed,52269.52
PAY_0002914,ORD_0002914,2025-12-16 16:55:29,Cash on Delivery,Completed,4260.15
PAY_0002915,ORD_0002915,2025-12-12 05:23:58,UPI,Refunded,20582.57
PAY_0002916,ORD_0002916,2026-05-15 21:40:41,Cash on Delivery,Completed,30690.06
PAY_0002917,ORD_0002917,2026-02-12 16:00:53,UPI,Completed,43483.47
PAY_0002918,ORD_0002918,2025-10-28 02:39:14,UPI,Completed,29918.77
PAY_0002919,ORD_0002919,2026-08-31 15:40:49,Net Banking,Completed,44507.89
PAY_0002920,ORD_0002920,2026-06-04 11:12:52,Credit Card,Completed,43700.17
PAY_0002921,ORD_0002921,2025-12-12 01:14:20,Net Banking,Completed,20660.15
PAY_0002922,ORD_0002922,2025-11-03 10:29:35,Credit Card,Completed,76109.18
PAY_0002923,ORD_0002923,2026-01-16 17:45:47,UPI,Completed,61660.39
PAY_0002924,ORD_0002924,2025-10-12 05:21:46,UPI,Completed,18605.49
PAY_0002925,ORD_0002925,2026-07-19 09:15:07,Net Banking,Completed,50314.84
PAY_0002926,ORD_0002926,2026-05-22 13:26:10,UPI,Completed,11233.54
PAY_0002927,ORD_0002927,2025-11-07 01:32:20,Cash on Delivery,Completed,12837.5
PAY_0002928,ORD_0002928,2025-10-02 06:58:01,UPI,Completed,66468.75
PAY_0002929,ORD_0002929,2026-05-11 22:49:11,Credit Card,Completed,27853.26
PAY_0002930,ORD_0002930,2026-01-10 19:53:11,UPI,Refunded,49759.36
PAY_0002931,ORD_0002931,2026-02-24 12:59:46,Credit Card,Completed,84737.7
PAY_0002932,ORD_0002932,2025-12-16 06:54:44,Corporate Cheque,Completed,5691.85
PAY_0002933,ORD_0002933,2025-11-09 21:08:13,UPI,Completed,82789.07
PAY_0002934,ORD_0002934,2025-11-11 11:45:32,Credit Card,Completed,25978.32
PAY_0002935,ORD_0002935,2025-12-08 06:12:46,UPI,Completed,28103.03
PAY_0002936,ORD_0002936,2026-02-01 02:14:56,Credit Card,Completed,27761.86
PAY_0002937,ORD_0002937,2026-01-10 02:12:13,UPI,Completed,68641.42
PAY_0002938,ORD_0002938,2026-06-25 08:54:43,UPI,Completed,46511.14
PAY_0002939,ORD_0002939,2026-06-19 12:38:34,Net Banking,Completed,26157.57
PAY_0002940,ORD_0002940,2026-02-02 19:06:29,Net Banking,Completed,17017.56
PAY_0002941,ORD_0002941,2025-10-04 20:52:39,UPI,Completed,36925.93
PAY_0002942,ORD_0002942,2026-08-28 11:23:27,UPI,Completed,843.17
PAY_0002943,ORD_0002943,2026-03-22 23:31:35,Cash on Delivery,Refunded,12366.06
PAY_0002944,ORD_0002944,2026-09-09 11:47:01,UPI,Completed,32357.7
PAY_0002945,ORD_0002945,2026-02-07 16:59:30,UPI,Completed,21351.48
PAY_0002946,ORD_0002946,2026-01-17 22:07:45,Net Banking,Completed,71936.03
PAY_0002947,ORD_0002947,2026-02-05 20:35:20,UPI,Completed,62289.97
PAY_0002948,ORD_0002948,2026-04-26 17:41:50,Credit Card,Completed,26583.27
PAY_0002949,ORD_0002949,2025-11-24 16:57:36,Net Banking,Completed,68171.36
PAY_0002950,ORD_0002950,2025-12-22 01:36:41,UPI,Refunded,68745.2
PAY_0002951,ORD_0002951,2026-07-29 23:24:31,Net Banking,Completed,44556.02
PAY_0002952,ORD_0002952,2026-06-29 19:39:27,Net Banking,Completed,10758.38
PAY_0002953,ORD_0002953,2026-03-29 07:27:21,UPI,Completed,74369.63
PAY_0002954,ORD_0002954,2025-12-17 17:46:00,Cash on Delivery,Completed,84308.41
PAY_0002955,ORD_0002955,2025-10-11 14:23:46,Credit Card,Completed,56870.08
PAY_0002956,ORD_0002956,2025-10-20 00:26:29,Net Banking,Completed,60676.04
PAY_0002957,ORD_0002957,2025-11-06 00:55:54,UPI,Completed,4282.42
PAY_0002958,ORD_0002958,2026-04-10 17:05:26,Credit Card,Completed,2858.77
PAY_0002959,ORD_0002959,2026-04-29 22:32:27,Cash on Delivery,Completed,76445.09
PAY_0002960,ORD_0002960,2026-03-07 04:14:09,Credit Card,Completed,10429.53
PAY_0002961,ORD_0002961,2026-01-19 05:34:55,Credit Card,Completed,53334.31
PAY_0002962,ORD_0002962,2026-02-26 08:49:37,Cash on Delivery,Completed,45396.33
PAY_0002963,ORD_0002963,2026-04-29 22:18:11,Cash on Delivery,Completed,56389.74
PAY_0002964,ORD_0002964,2026-05-24 20:04:35,UPI,Completed,57125.81
PAY_0002965,ORD_0002965,2026-05-18 11:54:23,Credit Card,Refunded,16117.01
PAY_0002966,ORD_0002966,2026-02-11 15:12:20,UPI,Completed,19552.91
PAY_0002967,ORD_0002967,2026-06-05 21:00:21,Cash on Delivery,Completed,52456.27
PAY_0002968,ORD_0002968,2026-01-23 09:45:37,UPI,Completed,69793.11
PAY_0002969,ORD_0002969,2025-10-01 06:55:24,UPI,Completed,62952.15
PAY_0002970,ORD_0002970,2026-08-16 12:32:51,Cash on Delivery,Completed,31464.0
PAY_0002971,ORD_0002971,2026-06-01 04:49:11,Corporate Cheque,Completed,66187.99
PAY_0002972,ORD_0002972,2025-10-21 22:32:01,Cash on Delivery,Refunded,11589.83
PAY_0002973,ORD_0002973,2026-06-07 14:28:37,Credit Card,Completed,36946.4
PAY_0002974,ORD_0002974,2025-12-03 10:20:32,Net Banking,Completed,52142.8
PAY_0002975,ORD_0002975,2025-10-25 11:48:20,UPI,Completed,79654.15
PAY_0002976,ORD_0002976,2026-08-25 04:50:31,Net Banking,Completed,18079.43
PAY_0002977,ORD_0002977,2026-06-15 13:09:43,Net Banking,Completed,35795.08
PAY_0002978,ORD_0002978,2026-02-08 13:57:35,UPI,Completed,35445.66
PAY_0002979,ORD_0002979,2026-04-12 15:46:29,UPI,Completed,22667.78
PAY_0002980,ORD_0002980,2026-04-14 14:09:09,Credit Card,Completed,66596.54
PAY_0002981,ORD_0002981,2026-07-25 02:44:15,UPI,Completed,28776.22
PAY_0002982,ORD_0002982,2026-09-04 00:42:23,Net Banking,Completed,81310.38
PAY_0002983,ORD_0002983,2026-01-30 06:23:56,Net Banking,Completed,20813.75
PAY_0002984,ORD_0002984,2026-02-12 21:06:08,Net Banking,Completed,50387.93
PAY_0002985,ORD_0002985,2026-01-25 22:06:41,Net Banking,Completed,46823.54
PAY_0002986,ORD_0002986,2026-06-17 15:40:09,Credit Card,Completed,79027.48
PAY_0002987,ORD_0002987,2026-07-29 05:47:04,UPI,Completed,31101.52
PAY_0002988,ORD_0002988,2025-12-12 06:24:41,Cash on Delivery,Completed,69252.92
PAY_0002989,ORD_0002989,2026-05-24 02:04:11,UPI,Completed,28773.24
PAY_0002990,ORD_0002990,2026-06-18 00:25:20,UPI,Completed,58108.97
PAY_0002991,ORD_0002991,2026-02-19 05:04:03,UPI,Completed,66817.98
PAY_0002992,ORD_0002992,2026-09-11 17:40:09,UPI,Completed,33342.04
PAY_0002993,ORD_0002993,2026-09-02 18:10:48,Corporate Cheque,Completed,2792.09
PAY_0002994,ORD_0002994,2025-12-17 12:01:14,UPI,Completed,78856.14
PAY_0002995,ORD_0002995,2026-06-14 20:47:12,Credit Card,Completed,44090.63
PAY_0002996,ORD_0002996,2026-03-21 09:16:41,Net Banking,Completed,14562.89
PAY_0002997,ORD_0002997,2026-07-09 01:53:33,Credit Card,Completed,55076.96
PAY_0002998,ORD_0002998,2025-11-13 05:51:32,Net Banking,Completed,61028.05
PAY_0002999,ORD_0002999,2026-06-30 19:03:33,Net Banking,Completed,53072.29
PAY_0003000,ORD_0003000,2026-08-01 15:04:07,Net Banking,Completed,83692.33
PAY_0003001,ORD_0003001,2026-04-12 01:33:23,UPI,Completed,60259.2
PAY_0003002,ORD_0003002,2026-05-27 23:43:52,UPI,Completed,81280.18
PAY_0003003,ORD_0003003,2025-10-04 11:36:55,Credit Card,Completed,9437.52
PAY_0003004,ORD_0003004,2026-02-06 20:31:50,Cash on Delivery,Completed,59321.58
PAY_0003005,ORD_0003005,2026-01-19 11:02:22,Net Banking,Completed,7481.36
PAY_0003006,ORD_0003006,2025-10-22 00:55:09,UPI,Completed,12898.46
PAY_0003007,ORD_0003007,2026-01-25 14:00:13,Net Banking,Completed,28010.03
PAY_0003008,ORD_0003008,2026-01-24 09:17:45,Cash on Delivery,Completed,45634.96
PAY_0003009,ORD_0003009,2026-06-30 15:15:04,Cash on Delivery,Completed,8774.05
PAY_0003010,ORD_0003010,2025-11-28 12:48:59,UPI,Completed,84884.83
PAY_0003011,ORD_0003011,2025-11-26 10:36:23,UPI,Completed,82858.5
PAY_0003012,ORD_0003012,2026-06-01 03:57:49,Net Banking,Completed,78634.9
PAY_0003013,ORD_0003013,2026-09-12 06:52:19,UPI,Completed,30613.93
PAY_0003014,ORD_0003014,2026-06-25 06:30:08,Corporate Cheque,Completed,65161.14
PAY_0003015,ORD_0003015,2026-07-30 14:01:17,Net Banking,Completed,47844.16
PAY_0003016,ORD_0003016,2025-11-08 00:40:04,Net Banking,Completed,48144.32
PAY_0003017,ORD_0003017,2026-08-21 11:18:25,Cash on Delivery,Completed,70462.21
PAY_0003018,ORD_0003018,2026-06-15 21:23:54,Corporate Cheque,Completed,56072.22
PAY_0003019,ORD_0003019,2026-08-11 16:35:32,Net Banking,Completed,14612.88
PAY_0003020,ORD_0003020,2025-12-08 04:46:00,Net Banking,Refunded,25079.27
PAY_0003021,ORD_0003021,2026-05-12 10:52:35,Net Banking,Completed,48282.61
PAY_0003022,ORD_0003022,2025-11-07 10:43:34,UPI,Completed,56723.79
PAY_0003023,ORD_0003023,2026-06-07 08:13:03,UPI,Completed,66302.49
PAY_0003024,ORD_0003024,2025-12-07 05:45:12,UPI,Completed,4510.2
PAY_0003025,ORD_0003025,2026-07-20 17:15:37,UPI,Completed,3143.64
PAY_0003026,ORD_0003026,2025-11-28 20:29:01,UPI,Completed,30111.58
PAY_0003027,ORD_0003027,2026-05-19 19:05:58,UPI,Refunded,25587.61
PAY_0003028,ORD_0003028,2026-03-14 08:51:52,UPI,Completed,84000.34
PAY_0003029,ORD_0003029,2025-12-04 04:20:13,UPI,Completed,84580.78
PAY_0003030,ORD_0003030,2025-11-01 22:28:40,Cash on Delivery,Completed,32224.78
PAY_0003031,ORD_0003031,2026-02-12 19:13:06,UPI,Completed,9670.54
PAY_0003032,ORD_0003032,2026-07-15 13:27:33,Credit Card,Completed,8391.3
PAY_0003033,ORD_0003033,2026-06-08 02:30:10,UPI,Refunded,75908.91
PAY_0003034,ORD_0003034,2026-02-13 08:53:44,Cash on Delivery,Completed,60606.24
PAY_0003035,ORD_0003035,2026-04-10 18:55:12,Net Banking,Completed,44028.6
PAY_0003036,ORD_0003036,2026-08-30 01:59:14,Net Banking,Completed,28685.02
PAY_0003037,ORD_0003037,2026-07-04 21:32:24,Net Banking,Completed,35375.53
PAY_0003038,ORD_0003038,2026-06-06 11:03:14,UPI,Completed,67422.93
PAY_0003039,ORD_0003039,2026-01-29 17:26:05,UPI,Completed,53837.08
PAY_0003040,ORD_0003040,2026-05-09 08:45:08,UPI,Completed,45334.53
PAY_0003041,ORD_0003041,2026-04-24 02:43:25,Credit Card,Completed,2862.39
PAY_0003042,ORD_0003042,2026-04-09 01:51:13,Cash on Delivery,Completed,38307.95
PAY_0003043,ORD_0003043,2025-12-23 07:41:31,Net Banking,Completed,39534.73
PAY_0003044,ORD_0003044,2025-10-08 16:42:11,Cash on Delivery,Completed,1046.98
PAY_0003045,ORD_0003045,2026-08-19 20:48:22,Cash on Delivery,Completed,3521.6
PAY_0003046,ORD_0003046,2026-08-24 01:43:55,Credit Card,Completed,52551.65
PAY_0003047,ORD_0003047,2025-11-22 03:05:54,Cash on Delivery,Completed,48446.97
PAY_0003048,ORD_0003048,2026-08-12 23:19:38,UPI,Completed,21894.18
PAY_0003049,ORD_0003049,2025-10-20 05:29:32,Net Banking,Completed,68057.6
PAY_0003050,ORD_0003050,2025-11-14 10:59:54,Net Banking,Completed,82030.09
PAY_0003051,ORD_0003051,2025-10-06 05:28:12,Credit Card,Completed,52519.16
PAY_0003052,ORD_0003052,2026-05-27 11:21:11,Cash on Delivery,Completed,1419.15
PAY_0003053,ORD_0003053,2026-08-04 06:11:27,Credit Card,Completed,32469.9
PAY_0003054,ORD_0003054,2026-01-08 11:34:38,Corporate Cheque,Refunded,84804.26
PAY_0003055,ORD_0003055,2026-06-03 14:15:55,UPI,Completed,21212.42
PAY_0003056,ORD_0003056,2026-07-25 17:23:04,Corporate Cheque,Completed,66143.88
PAY_0003057,ORD_0003057,2026-07-10 23:40:04,UPI,Completed,55225.58
PAY_0003058,ORD_0003058,2025-12-23 04:37:55,UPI,Completed,84160.56
PAY_0003059,ORD_0003059,2026-02-19 08:16:53,Credit Card,Completed,62546.6
PAY_0003060,ORD_0003060,2026-03-03 17:24:42,Net Banking,Completed,68900.68
PAY_0003061,ORD_0003061,2025-10-27 11:59:25,Net Banking,Completed,32647.93
PAY_0003062,ORD_0003062,2026-09-07 14:29:51,UPI,Completed,17568.38
PAY_0003063,ORD_0003063,2026-01-11 11:44:12,UPI,Completed,3071.13
PAY_0003064,ORD_0003064,2026-08-20 15:03:52,UPI,Completed,53609.01
PAY_0003065,ORD_0003065,2026-05-20 09:40:43,Cash on Delivery,Completed,39268.04
PAY_0003066,ORD_0003066,2026-01-08 13:40:50,Cash on Delivery,Completed,32305.49
PAY_0003067,ORD_0003067,2026-05-19 17:58:52,Cash on Delivery,Completed,11853.77
PAY_0003068,ORD_0003068,2026-08-07 18:44:59,Credit Card,Completed,43451.32
PAY_0003069,ORD_0003069,2025-11-28 10:38:00,UPI,Completed,62023.13
PAY_0003070,ORD_0003070,2026-07-07 18:48:55,Credit Card,Completed,62937.83
PAY_0003071,ORD_0003071,2025-10-13 06:47:41,Net Banking,Completed,79039.26
PAY_0003072,ORD_0003072,2026-07-17 12:09:10,UPI,Completed,71705.64
PAY_0003073,ORD_0003073,2025-12-31 22:22:37,UPI,Completed,38094.73
PAY_0003074,ORD_0003074,2026-05-01 07:55:56,Net Banking,Completed,19113.52
PAY_0003075,ORD_0003075,2026-08-15 11:12:26,Cash on Delivery,Completed,5266.31
PAY_0003076,ORD_0003076,2025-11-29 12:55:09,Net Banking,Completed,11034.36
PAY_0003077,ORD_0003077,2026-06-12 22:28:20,UPI,Completed,9194.99
PAY_0003078,ORD_0003078,2026-01-30 11:58:09,Credit Card,Refunded,11352.49
PAY_0003079,ORD_0003079,2025-11-03 12:12:25,Credit Card,Completed,8895.02
PAY_0003080,ORD_0003080,2026-03-08 10:13:15,UPI,Completed,1326.6
PAY_0003081,ORD_0003081,2026-08-11 22:33:32,Net Banking,Completed,5724.87
PAY_0003082,ORD_0003082,2026-02-08 12:08:29,Credit Card,Completed,39725.38
PAY_0003083,ORD_0003083,2025-12-07 15:16:05,UPI,Completed,34416.21
PAY_0003084,ORD_0003084,2026-08-17 22:40:22,UPI,Completed,38796.61
PAY_0003085,ORD_0003085,2026-03-13 02:25:44,Net Banking,Completed,36542.4
PAY_0003086,ORD_0003086,2026-08-22 00:58:41,Net Banking,Completed,23485.87
PAY_0003087,ORD_0003087,2026-04-18 03:09:01,UPI,Completed,58500.67
PAY_0003088,ORD_0003088,2026-05-05 18:24:23,UPI,Completed,50558.96
PAY_0003089,ORD_0003089,2025-10-13 01:53:37,Net Banking,Refunded,63407.5
PAY_0003090,ORD_0003090,2025-12-04 22:07:26,Cash on Delivery,Completed,58477.52
PAY_0003091,ORD_0003091,2025-11-14 14:32:56,UPI,Completed,76623.58
PAY_0003092,ORD_0003092,2026-04-20 02:20:25,UPI,Completed,31756.07
PAY_0003093,ORD_0003093,2026-04-26 10:14:15,Credit Card,Completed,59077.87
PAY_0003094,ORD_0003094,2026-04-14 18:55:17,Net Banking,Completed,35636.62
PAY_0003095,ORD_0003095,2026-06-13 18:54:38,Credit Card,Completed,18893.2
PAY_0003096,ORD_0003096,2026-06-16 01:17:53,UPI,Completed,6101.32
PAY_0003097,ORD_0003097,2025-12-28 09:26:13,UPI,Completed,41002.48
PAY_0003098,ORD_0003098,2026-08-17 20:12:19,Net Banking,Completed,36322.33
PAY_0003099,ORD_0003099,2026-05-24 08:20:24,Corporate Cheque,Completed,4662.31
PAY_0003100,ORD_0003100,2025-11-13 03:12:14,Corporate Cheque,Completed,10809.31
PAY_0003101,ORD_0003101,2026-09-08 11:37:13,Credit Card,Completed,62692.51
PAY_0003102,ORD_0003102,2026-08-03 17:33:07,Credit Card,Completed,79262.04
PAY_0003103,ORD_0003103,2026-05-14 06:55:47,UPI,Completed,74807.66
PAY_0003104,ORD_0003104,2025-12-27 03:41:10,Net Banking,Completed,77217.18
PAY_0003105,ORD_0003105,2026-08-29 08:20:36,Corporate Cheque,Completed,81802.45
PAY_0003106,ORD_0003106,2025-11-06 01:40:02,Credit Card,Completed,27274.1
PAY_0003107,ORD_0003107,2026-06-02 12:02:41,Net Banking,Completed,4982.25
PAY_0003108,ORD_0003108,2026-04-21 04:32:41,Net Banking,Refunded,25936.48
PAY_0003109,ORD_0003109,2026-02-07 20:53:32,UPI,Completed,54299.33
PAY_0003110,ORD_0003110,2026-08-20 22:07:06,Cash on Delivery,Completed,74809.16
PAY_0003111,ORD_0003111,2025-12-07 18:20:09,Corporate Cheque,Completed,82665.9
PAY_0003112,ORD_0003112,2025-10-24 23:07:04,Net Banking,Completed,69557.61
PAY_0003113,ORD_0003113,2026-07-10 01:42:04,Credit Card,Refunded,78836.45
PAY_0003114,ORD_0003114,2026-02-09 23:02:51,Cash on Delivery,Completed,65307.5
PAY_0003115,ORD_0003115,2026-05-16 12:57:11,UPI,Completed,73706.61
PAY_0003116,ORD_0003116,2026-03-18 00:21:25,Net Banking,Completed,58815.04
PAY_0003117,ORD_0003117,2026-06-27 05:08:19,Net Banking,Completed,48727.16
PAY_0003118,ORD_0003118,2026-07-28 14:00:23,UPI,Completed,37557.82
PAY_0003119,ORD_0003119,2026-07-31 18:39:35,Net Banking,Refunded,54337.22
PAY_0003120,ORD_0003120,2026-04-17 04:39:19,UPI,Completed,70814.47
PAY_0003121,ORD_0003121,2026-04-01 08:42:50,Corporate Cheque,Completed,2666.05
PAY_0003122,ORD_0003122,2026-03-12 04:58:18,UPI,Completed,12609.84
PAY_0003123,ORD_0003123,2026-08-06 11:24:53,Credit Card,Completed,26349.3
PAY_0003124,ORD_0003124,2026-08-10 10:23:29,Net Banking,Completed,36323.62
PAY_0003125,ORD_0003125,2026-07-05 17:42:59,Credit Card,Completed,27212.59
PAY_0003126,ORD_0003126,2025-12-26 13:59:34,Net Banking,Completed,64452.42
PAY_0003127,ORD_0003127,2025-11-27 18:37:31,UPI,Completed,44609.33
PAY_0003128,ORD_0003128,2026-06-04 06:17:35,Credit Card,Completed,3638.76
PAY_0003129,ORD_0003129,2026-05-20 10:28:50,Credit Card,Completed,80098.49
PAY_0003130,ORD_0003130,2026-03-18 03:58:53,UPI,Completed,13535.05
PAY_0003131,ORD_0003131,2025-10-26 22:02:35,UPI,Refunded,51348.21
PAY_0003132,ORD_0003132,2026-01-17 15:19:45,Net Banking,Completed,31051.05
PAY_0003133,ORD_0003133,2026-07-30 13:12:36,Net Banking,Completed,9683.17
PAY_0003134,ORD_0003134,2026-04-03 10:39:33,Credit Card,Completed,17728.99
PAY_0003135,ORD_0003135,2026-09-04 17:31:00,UPI,Completed,59190.33
PAY_0003136,ORD_0003136,2026-02-04 12:54:41,UPI,Completed,26949.72
PAY_0003137,ORD_0003137,2026-02-25 21:28:00,Net Banking,Completed,67664.82
PAY_0003138,ORD_0003138,2026-02-24 18:57:22,UPI,Completed,59450.06
PAY_0003139,ORD_0003139,2026-05-26 03:20:32,Cash on Delivery,Completed,35945.58
PAY_0003140,ORD_0003140,2026-03-18 12:35:10,Cash on Delivery,Completed,50721.46
PAY_0003141,ORD_0003141,2026-05-09 09:34:01,Net Banking,Completed,75250.46
PAY_0003142,ORD_0003142,2026-05-27 12:10:04,Credit Card,Completed,63289.18
PAY_0003143,ORD_0003143,2026-03-18 04:16:32,Net Banking,Completed,20650.57
PAY_0003144,ORD_0003144,2025-11-13 03:15:52,UPI,Completed,69557.06
PAY_0003145,ORD_0003145,2025-12-28 15:59:05,UPI,Completed,32251.34
PAY_0003146,ORD_0003146,2025-10-03 13:04:43,UPI,Completed,49196.18
PAY_0003147,ORD_0003147,2026-01-10 16:12:56,Net Banking,Completed,13155.54
PAY_0003148,ORD_0003148,2026-08-18 23:38:57,Corporate Cheque,Completed,20933.14
PAY_0003149,ORD_0003149,2026-03-04 15:55:56,UPI,Completed,45241.79
PAY_0003150,ORD_0003150,2026-07-30 14:18:39,Credit Card,Completed,8729.37
PAY_0003151,ORD_0003151,2026-06-07 17:28:11,Net Banking,Completed,71009.07
PAY_0003152,ORD_0003152,2025-11-28 15:57:55,Credit Card,Completed,41694.92
PAY_0003153,ORD_0003153,2026-04-11 16:53:58,Credit Card,Completed,36208.63
PAY_0003154,ORD_0003154,2026-04-06 23:59:13,Corporate Cheque,Completed,64881.76
PAY_0003155,ORD_0003155,2026-07-26 00:24:42,UPI,Completed,14229.61
PAY_0003156,ORD_0003156,2026-07-22 23:15:28,Credit Card,Completed,77170.87
PAY_0003157,ORD_0003157,2026-08-19 19:59:05,Cash on Delivery,Completed,46508.2
PAY_0003158,ORD_0003158,2026-07-04 08:11:26,Net Banking,Completed,81736.5
PAY_0003159,ORD_0003159,2026-01-13 22:41:09,UPI,Completed,71484.35
PAY_0003160,ORD_0003160,2026-02-18 06:18:08,Credit Card,Completed,33530.09
PAY_0003161,ORD_0003161,2025-12-05 04:11:03,UPI,Completed,30260.5
PAY_0003162,ORD_0003162,2026-04-23 03:00:04,UPI,Completed,26671.77
PAY_0003163,ORD_0003163,2025-12-17 04:41:44,Corporate Cheque,Completed,56123.03
PAY_0003164,ORD_0003164,2026-08-02 23:00:57,UPI,Completed,39052.32
PAY_0003165,ORD_0003165,2026-02-12 03:01:55,UPI,Completed,47614.26
PAY_0003166,ORD_0003166,2025-10-11 09:07:52,UPI,Completed,38307.63
PAY_0003167,ORD_0003167,2026-01-02 23:50:27,UPI,Completed,33021.13
PAY_0003168,ORD_0003168,2026-04-18 05:27:07,UPI,Refunded,9327.75
PAY_0003169,ORD_0003169,2025-11-15 05:00:09,UPI,Completed,56903.72
PAY_0003170,ORD_0003170,2026-01-24 16:42:25,UPI,Refunded,57384.1
PAY_0003171,ORD_0003171,2026-04-15 11:46:05,Net Banking,Completed,23072.46
PAY_0003172,ORD_0003172,2026-02-17 03:15:59,Credit Card,Completed,49714.52
PAY_0003173,ORD_0003173,2026-09-13 03:49:51,Cash on Delivery,Completed,4692.36
PAY_0003174,ORD_0003174,2026-07-08 14:51:45,UPI,Completed,78920.37
PAY_0003175,ORD_0003175,2026-04-04 20:01:38,UPI,Completed,43732.41
PAY_0003176,ORD_0003176,2026-02-03 11:16:51,Credit Card,Completed,70865.35
PAY_0003177,ORD_0003177,2025-12-19 16:16:58,Credit Card,Completed,77469.05
PAY_0003178,ORD_0003178,2026-01-23 14:27:07,UPI,Completed,68890.33
PAY_0003179,ORD_0003179,2025-11-14 02:21:31,UPI,Completed,22331.85
PAY_0003180,ORD_0003180,2026-01-20 16:53:19,UPI,Completed,13715.0
PAY_0003181,ORD_0003181,2025-12-12 12:38:34,Net Banking,Completed,39581.18
PAY_0003182,ORD_0003182,2026-03-22 13:16:02,UPI,Completed,15367.04
PAY_0003183,ORD_0003183,2026-03-14 02:13:01,Net Banking,Completed,16397.6
PAY_0003184,ORD_0003184,2026-06-06 14:13:23,Credit Card,Completed,42159.58
PAY_0003185,ORD_0003185,2026-04-23 01:56:48,UPI,Completed,38868.78
PAY_0003186,ORD_0003186,2025-12-06 19:08:13,UPI,Refunded,21531.66
PAY_0003187,ORD_0003187,2026-06-06 07:49:13,Credit Card,Completed,81016.21
PAY_0003188,ORD_0003188,2025-10-08 12:45:22,Cash on Delivery,Completed,3786.72
PAY_0003189,ORD_0003189,2025-11-07 23:46:15,UPI,Completed,47438.65
PAY_0003190,ORD_0003190,2026-01-12 05:17:54,Credit Card,Completed,9491.05
PAY_0003191,ORD_0003191,2026-04-27 02:19:49,UPI,Completed,8985.39
PAY_0003192,ORD_0003192,2025-10-14 06:54:03,Cash on Delivery,Completed,48042.26
PAY_0003193,ORD_0003193,2026-03-31 22:01:59,Credit Card,Completed,83986.25
PAY_0003194,ORD_0003194,2026-04-16 06:33:03,UPI,Completed,64707.31
PAY_0003195,ORD_0003195,2026-05-09 19:53:29,UPI,Refunded,44829.54
PAY_0003196,ORD_0003196,2026-06-27 22:15:52,UPI,Completed,81891.94
PAY_0003197,ORD_0003197,2026-09-07 05:54:30,UPI,Completed,28658.47
PAY_0003198,ORD_0003198,2025-12-02 09:47:21,UPI,Completed,18458.82
PAY_0003199,ORD_0003199,2026-01-21 08:22:30,UPI,Completed,62528.02
PAY_0003200,ORD_0003200,2026-06-02 04:21:02,Net Banking,Completed,35512.61
PAY_0003201,ORD_0003201,2026-07-26 08:31:57,Credit Card,Completed,8935.34
PAY_0003202,ORD_0003202,2026-06-22 13:48:55,Credit Card,Completed,43779.08
PAY_0003203,ORD_0003203,2026-01-02 16:32:29,Net Banking,Completed,1705.23
PAY_0003204,ORD_0003204,2026-06-25 08:30:52,Net Banking,Completed,11963.02
PAY_0003205,ORD_0003205,2026-01-16 00:30:19,Credit Card,Completed,38824.95
PAY_0003206,ORD_0003206,2025-12-03 22:09:41,Credit Card,Completed,46813.11
PAY_0003207,ORD_0003207,2026-03-31 10:15:52,UPI,Completed,1176.88
PAY_0003208,ORD_0003208,2026-08-25 01:11:34,UPI,Completed,37668.33
PAY_0003209,ORD_0003209,2025-12-16 15:57:27,Net Banking,Completed,39434.12
PAY_0003210,ORD_0003210,2026-09-15 14:54:05,Cash on Delivery,Completed,23450.85
PAY_0003211,ORD_0003211,2025-12-16 08:26:44,UPI,Completed,12415.82
PAY_0003212,ORD_0003212,2026-02-10 17:09:34,Credit Card,Completed,30563.67
PAY_0003213,ORD_0003213,2026-07-20 19:34:12,UPI,Completed,27947.4
PAY_0003214,ORD_0003214,2026-02-15 15:19:32,Net Banking,Refunded,22103.19
PAY_0003215,ORD_0003215,2026-03-17 21:46:42,UPI,Completed,33249.0
PAY_0003216,ORD_0003216,2025-12-16 02:11:04,Net Banking,Completed,28724.53
PAY_0003217,ORD_0003217,2026-03-30 00:41:27,Credit Card,Completed,35433.32
PAY_0003218,ORD_0003218,2026-01-27 09:40:24,Net Banking,Completed,81303.02
PAY_0003219,ORD_0003219,2026-08-08 06:42:34,Net Banking,Refunded,52471.65
PAY_0003220,ORD_0003220,2026-05-22 19:23:13,UPI,Completed,33016.23
PAY_0003221,ORD_0003221,2026-06-26 00:47:32,UPI,Completed,49777.1
PAY_0003222,ORD_0003222,2026-02-26 05:20:51,Cash on Delivery,Completed,1410.35
PAY_0003223,ORD_0003223,2026-03-14 03:46:05,UPI,Completed,28806.49
PAY_0003224,ORD_0003224,2026-08-24 00:56:13,Cash on Delivery,Completed,40109.56
PAY_0003225,ORD_0003225,2025-11-26 19:21:13,Credit Card,Completed,80981.06
PAY_0003226,ORD_0003226,2026-05-29 11:02:37,Credit Card,Completed,20872.52
PAY_0003227,ORD_0003227,2026-05-02 18:52:50,UPI,Completed,21275.51
PAY_0003228,ORD_0003228,2026-03-06 03:24:43,UPI,Completed,23378.63
PAY_0003229,ORD_0003229,2026-08-24 00:37:50,UPI,Completed,37599.12
PAY_0003230,ORD_0003230,2025-10-29 23:11:42,Net Banking,Completed,46950.66
PAY_0003231,ORD_0003231,2026-03-20 22:12:04,Credit Card,Completed,20699.48
PAY_0003232,ORD_0003232,2026-02-24 08:46:36,Corporate Cheque,Completed,66755.04
PAY_0003233,ORD_0003233,2025-10-06 01:47:07,Credit Card,Refunded,43251.61
PAY_0003234,ORD_0003234,2026-02-04 09:18:41,Cash on Delivery,Completed,51282.78
PAY_0003235,ORD_0003235,2026-03-09 02:18:54,UPI,Completed,66101.16
PAY_0003236,ORD_0003236,2026-07-27 14:40:46,Cash on Delivery,Completed,9034.57
PAY_0003237,ORD_0003237,2026-09-11 07:06:21,Credit Card,Completed,65218.87
PAY_0003238,ORD_0003238,2026-08-13 22:17:33,UPI,Completed,69124.4
PAY_0003239,ORD_0003239,2026-04-30 10:12:51,Net Banking,Completed,67285.18
PAY_0003240,ORD_0003240,2025-10-01 07:13:35,Net Banking,Refunded,22090.99
PAY_0003241,ORD_0003241,2026-08-29 00:08:19,Credit Card,Completed,15093.08
PAY_0003242,ORD_0003242,2026-05-13 18:35:08,Credit Card,Completed,48041.56
PAY_0003243,ORD_0003243,2026-06-16 12:59:08,Net Banking,Completed,9287.37
PAY_0003244,ORD_0003244,2026-03-10 08:25:59,Credit Card,Completed,47512.3
PAY_0003245,ORD_0003245,2026-02-28 19:34:34,Net Banking,Completed,6487.45
PAY_0003246,ORD_0003246,2026-08-28 02:23:39,Corporate Cheque,Completed,19296.1
PAY_0003247,ORD_0003247,2026-09-01 06:55:24,Cash on Delivery,Completed,40812.24
PAY_0003248,ORD_0003248,2026-08-02 04:08:07,UPI,Completed,59443.45
PAY_0003249,ORD_0003249,2026-09-13 16:48:26,Credit Card,Completed,59129.21
PAY_0003250,ORD_0003250,2025-11-13 04:41:27,Credit Card,Refunded,28821.96
PAY_0003251,ORD_0003251,2026-02-20 06:35:34,Net Banking,Completed,65398.4
PAY_0003252,ORD_0003252,2025-12-31 22:52:02,Cash on Delivery,Completed,77873.47
PAY_0003253,ORD_0003253,2025-10-04 13:11:56,UPI,Completed,63066.22
PAY_0003254,ORD_0003254,2025-12-24 16:51:17,Net Banking,Completed,782.72
PAY_0003255,ORD_0003255,2025-11-10 20:01:36,UPI,Completed,48432.41
PAY_0003256,ORD_0003256,2025-10-22 12:43:55,Cash on Delivery,Completed,4424.43
PAY_0003257,ORD_0003257,2026-03-12 18:16:20,Net Banking,Completed,65146.1
PAY_0003258,ORD_0003258,2026-03-26 12:24:23,Net Banking,Completed,82189.08
PAY_0003259,ORD_0003259,2026-06-03 07:18:18,Cash on Delivery,Completed,72714.41
PAY_0003260,ORD_0003260,2026-04-02 03:29:05,UPI,Completed,3725.57
PAY_0003261,ORD_0003261,2026-05-18 10:49:32,Cash on Delivery,Completed,33070.83
PAY_0003262,ORD_0003262,2026-01-16 00:57:36,Credit Card,Completed,14716.26
PAY_0003263,ORD_0003263,2026-03-19 13:11:16,UPI,Completed,15447.95
PAY_0003264,ORD_0003264,2026-01-29 00:18:04,Net Banking,Completed,26340.85
PAY_0003265,ORD_0003265,2026-08-08 04:45:47,UPI,Completed,35871.05
PAY_0003266,ORD_0003266,2026-04-13 04:56:56,Credit Card,Completed,55594.49
PAY_0003267,ORD_0003267,2025-12-02 22:46:19,Credit Card,Completed,30167.7
PAY_0003268,ORD_0003268,2026-02-22 18:20:03,Credit Card,Completed,50383.22
PAY_0003269,ORD_0003269,2026-04-11 14:49:04,UPI,Completed,61937.37
PAY_0003270,ORD_0003270,2025-12-27 18:05:23,Credit Card,Completed,39326.37
PAY_0003271,ORD_0003271,2026-03-30 10:34:20,Net Banking,Completed,66078.53
PAY_0003272,ORD_0003272,2026-01-18 12:48:35,Net Banking,Completed,82263.03
PAY_0003273,ORD_0003273,2026-06-20 11:28:08,Net Banking,Completed,67522.87
PAY_0003274,ORD_0003274,2026-06-17 05:56:07,UPI,Completed,11268.66
PAY_0003275,ORD_0003275,2026-06-01 04:27:35,UPI,Completed,33734.35
PAY_0003276,ORD_0003276,2026-04-27 03:43:10,Credit Card,Completed,2039.65
PAY_0003277,ORD_0003277,2026-07-31 15:14:21,Cash on Delivery,Completed,32780.6
PAY_0003278,ORD_0003278,2026-03-07 16:55:10,Net Banking,Completed,34743.64
PAY_0003279,ORD_0003279,2026-08-23 13:37:56,UPI,Completed,53618.91
PAY_0003280,ORD_0003280,2026-08-07 06:55:26,UPI,Completed,67143.28
PAY_0003281,ORD_0003281,2026-02-27 11:55:13,UPI,Refunded,7078.06
PAY_0003282,ORD_0003282,2026-08-13 15:34:05,Credit Card,Completed,20651.9
PAY_0003283,ORD_0003283,2026-03-21 15:17:51,UPI,Refunded,65124.36
PAY_0003284,ORD_0003284,2025-12-12 18:02:49,Credit Card,Completed,19841.16
PAY_0003285,ORD_0003285,2026-05-21 19:58:56,Credit Card,Completed,1339.26
PAY_0003286,ORD_0003286,2025-11-25 10:37:58,UPI,Completed,16517.71
PAY_0003287,ORD_0003287,2025-12-16 17:09:54,Credit Card,Refunded,48975.06
PAY_0003288,ORD_0003288,2026-07-22 11:23:51,Cash on Delivery,Completed,15494.14
PAY_0003289,ORD_0003289,2026-05-17 08:27:59,Credit Card,Completed,58422.75
PAY_0003290,ORD_0003290,2026-02-03 18:12:48,UPI,Completed,32887.33
PAY_0003291,ORD_0003291,2025-12-01 04:23:40,Net Banking,Refunded,63951.32
PAY_0003292,ORD_0003292,2026-01-28 21:07:03,Corporate Cheque,Completed,81208.68
PAY_0003293,ORD_0003293,2026-09-11 01:36:32,UPI,Completed,21008.67
PAY_0003294,ORD_0003294,2025-11-22 12:59:41,Cash on Delivery,Completed,23436.29
PAY_0003295,ORD_0003295,2026-07-28 20:34:04,Net Banking,Completed,10596.69
PAY_0003296,ORD_0003296,2026-09-14 06:34:18,UPI,Completed,71619.33
PAY_0003297,ORD_0003297,2025-12-21 13:19:28,UPI,Completed,68135.03
PAY_0003298,ORD_0003298,2025-11-08 07:22:10,Credit Card,Completed,31864.87
PAY_0003299,ORD_0003299,2026-04-09 07:01:44,Net Banking,Completed,30072.69
PAY_0003300,ORD_0003300,2026-07-14 00:39:28,Credit Card,Completed,37232.07
PAY_0003301,ORD_0003301,2026-06-15 03:48:00,UPI,Completed,10386.5
PAY_0003302,ORD_0003302,2025-10-02 17:36:06,Corporate Cheque,Completed,79410.27
PAY_0003303,ORD_0003303,2026-07-25 06:19:19,Net Banking,Completed,61213.54
PAY_0003304,ORD_0003304,2026-02-14 12:37:01,Net Banking,Completed,22770.9
PAY_0003305,ORD_0003305,2026-07-30 02:57:56,Net Banking,Completed,31348.12
PAY_0003306,ORD_0003306,2025-11-18 19:57:31,Credit Card,Completed,69985.7
PAY_0003307,ORD_0003307,2026-01-25 01:55:28,Net Banking,Completed,63298.63
PAY_0003308,ORD_0003308,2026-08-21 02:07:45,Credit Card,Completed,1206.32
PAY_0003309,ORD_0003309,2026-08-25 15:10:56,Credit Card,Completed,81521.34
PAY_0003310,ORD_0003310,2026-02-10 14:18:45,Net Banking,Completed,23194.24
PAY_0003311,ORD_0003311,2025-11-17 06:24:27,UPI,Completed,30201.45
PAY_0003312,ORD_0003312,2026-05-17 08:03:04,UPI,Completed,5239.81
PAY_0003313,ORD_0003313,2025-11-07 22:00:07,UPI,Refunded,65761.36
PAY_0003314,ORD_0003314,2026-06-05 12:07:36,UPI,Completed,23705.03
PAY_0003315,ORD_0003315,2026-07-14 23:29:21,UPI,Completed,19577.59
PAY_0003316,ORD_0003316,2026-02-12 00:47:02,Credit Card,Completed,31034.28
PAY_0003317,ORD_0003317,2026-08-26 12:02:51,Credit Card,Completed,41101.92
PAY_0003318,ORD_0003318,2026-08-23 04:31:00,Credit Card,Completed,30870.96
PAY_0003319,ORD_0003319,2026-04-10 03:27:14,Corporate Cheque,Completed,68851.26
PAY_0003320,ORD_0003320,2025-11-16 06:56:08,UPI,Completed,8480.68
PAY_0003321,ORD_0003321,2026-07-25 20:27:48,Credit Card,Completed,2920.94
PAY_0003322,ORD_0003322,2026-03-07 05:12:44,Corporate Cheque,Completed,47125.66
PAY_0003323,ORD_0003323,2026-05-24 18:28:30,Cash on Delivery,Completed,20779.78
PAY_0003324,ORD_0003324,2026-04-13 14:11:39,Net Banking,Completed,53423.17
PAY_0003325,ORD_0003325,2026-03-19 06:36:33,UPI,Completed,77936.24
PAY_0003326,ORD_0003326,2025-12-28 01:50:35,Credit Card,Completed,1798.07
PAY_0003327,ORD_0003327,2026-05-10 07:21:05,UPI,Completed,71028.86
PAY_0003328,ORD_0003328,2026-02-24 05:42:30,Credit Card,Completed,36032.77
PAY_0003329,ORD_0003329,2026-07-22 20:58:51,Net Banking,Completed,34061.12
PAY_0003330,ORD_0003330,2025-12-26 04:22:55,Cash on Delivery,Refunded,73652.26
PAY_0003331,ORD_0003331,2026-02-24 01:41:49,Credit Card,Completed,46421.7
PAY_0003332,ORD_0003332,2026-06-03 21:37:32,Credit Card,Completed,57543.52
PAY_0003333,ORD_0003333,2026-06-26 08:27:35,Credit Card,Completed,41942.44
PAY_0003334,ORD_0003334,2025-12-26 15:33:01,UPI,Completed,40634.12
PAY_0003335,ORD_0003335,2026-04-30 04:00:03,UPI,Completed,38250.95
PAY_0003336,ORD_0003336,2026-06-21 22:01:18,UPI,Completed,28576.81
PAY_0003337,ORD_0003337,2026-04-12 19:11:24,Credit Card,Completed,66174.96
PAY_0003338,ORD_0003338,2025-10-04 14:31:37,UPI,Completed,57309.97
PAY_0003339,ORD_0003339,2026-09-11 04:17:54,Credit Card,Completed,38873.96
PAY_0003340,ORD_0003340,2026-08-19 03:11:04,Credit Card,Completed,22140.4
PAY_0003341,ORD_0003341,2026-06-15 19:37:30,UPI,Completed,51779.29
PAY_0003342,ORD_0003342,2025-11-12 20:21:44,Credit Card,Completed,43663.52
PAY_0003343,ORD_0003343,2025-10-31 06:01:24,Corporate Cheque,Completed,83082.96
PAY_0003344,ORD_0003344,2026-01-08 08:55:20,UPI,Completed,83017.26
PAY_0003345,ORD_0003345,2026-05-29 07:44:57,Credit Card,Completed,83957.66
PAY_0003346,ORD_0003346,2025-12-20 17:47:15,Cash on Delivery,Completed,38225.45
PAY_0003347,ORD_0003347,2026-07-30 11:32:06,Net Banking,Completed,36581.75
PAY_0003348,ORD_0003348,2026-02-12 01:46:14,Net Banking,Completed,58389.0
PAY_0003349,ORD_0003349,2026-06-05 01:02:09,UPI,Completed,13463.69
PAY_0003350,ORD_0003350,2026-07-20 01:06:39,Net Banking,Completed,84423.89
PAY_0003351,ORD_0003351,2025-12-21 16:47:32,Credit Card,Completed,8532.98
PAY_0003352,ORD_0003352,2026-05-24 14:26:06,UPI,Completed,9889.88
PAY_0003353,ORD_0003353,2026-06-12 06:38:00,UPI,Completed,10021.02
PAY_0003354,ORD_0003354,2026-05-26 16:39:42,Cash on Delivery,Refunded,7714.69
PAY_0003355,ORD_0003355,2025-12-04 17:37:18,Net Banking,Completed,32047.34
PAY_0003356,ORD_0003356,2026-06-15 23:11:22,Credit Card,Completed,9248.3
PAY_0003357,ORD_0003357,2025-12-15 05:15:18,Net Banking,Completed,69178.47
PAY_0003358,ORD_0003358,2025-11-23 15:49:33,UPI,Refunded,82545.34
PAY_0003359,ORD_0003359,2026-02-10 14:55:15,Cash on Delivery,Refunded,29264.27
PAY_0003360,ORD_0003360,2025-12-23 02:04:41,UPI,Completed,8128.52
PAY_0003361,ORD_0003361,2026-01-12 23:23:15,Credit Card,Completed,11332.83
PAY_0003362,ORD_0003362,2025-11-22 14:14:31,Credit Card,Completed,78416.76
PAY_0003363,ORD_0003363,2026-06-13 17:26:07,Net Banking,Completed,16318.37
PAY_0003364,ORD_0003364,2026-09-04 02:37:29,Corporate Cheque,Completed,29947.77
PAY_0003365,ORD_0003365,2026-05-19 07:48:42,Cash on Delivery,Completed,54695.61
PAY_0003366,ORD_0003366,2026-01-09 07:42:21,UPI,Completed,17022.3
PAY_0003367,ORD_0003367,2025-12-05 10:38:42,Net Banking,Completed,67700.31
PAY_0003368,ORD_0003368,2025-12-21 20:37:01,Credit Card,Completed,68887.52
PAY_0003369,ORD_0003369,2026-08-02 06:55:17,Cash on Delivery,Completed,45635.97
PAY_0003370,ORD_0003370,2026-02-16 18:00:42,UPI,Completed,4723.71
PAY_0003371,ORD_0003371,2025-11-09 14:00:22,UPI,Completed,49328.12
PAY_0003372,ORD_0003372,2026-07-20 19:26:53,UPI,Completed,68247.67
PAY_0003373,ORD_0003373,2026-06-01 19:52:06,UPI,Completed,46212.7
PAY_0003374,ORD_0003374,2026-03-20 06:16:56,Credit Card,Completed,7405.44
PAY_0003375,ORD_0003375,2026-02-13 07:47:19,UPI,Completed,19000.98
PAY_0003376,ORD_0003376,2026-01-04 19:42:49,UPI,Completed,55063.38
PAY_0003377,ORD_0003377,2026-04-21 08:28:14,Net Banking,Completed,10000.02
PAY_0003378,ORD_0003378,2026-06-11 17:04:41,UPI,Completed,40710.32
PAY_0003379,ORD_0003379,2025-10-02 12:21:30,UPI,Completed,75754.3
PAY_0003380,ORD_0003380,2026-04-13 06:19:34,Net Banking,Completed,43919.56
PAY_0003381,ORD_0003381,2026-01-13 09:46:33,Credit Card,Completed,75916.72
PAY_0003382,ORD_0003382,2026-03-05 06:52:15,UPI,Completed,985.09
PAY_0003383,ORD_0003383,2026-08-21 07:36:28,Credit Card,Completed,24841.32
PAY_0003384,ORD_0003384,2025-11-10 06:07:49,UPI,Completed,38306.65
PAY_0003385,ORD_0003385,2026-04-25 15:33:55,UPI,Completed,30401.73
PAY_0003386,ORD_0003386,2026-03-09 00:04:58,Net Banking,Completed,9456.6
PAY_0003387,ORD_0003387,2026-06-01 14:54:58,UPI,Completed,7338.14
PAY_0003388,ORD_0003388,2026-08-20 20:07:22,UPI,Completed,7670.61
PAY_0003389,ORD_0003389,2026-07-31 19:24:36,Corporate Cheque,Completed,22745.34
PAY_0003390,ORD_0003390,2026-01-25 16:28:15,Net Banking,Completed,25702.9
PAY_0003391,ORD_0003391,2026-01-26 12:51:15,UPI,Completed,50141.26
PAY_0003392,ORD_0003392,2026-08-12 04:19:25,Credit Card,Completed,39095.56
PAY_0003393,ORD_0003393,2025-11-09 23:09:10,Credit Card,Completed,1691.94
PAY_0003394,ORD_0003394,2026-03-19 15:00:33,Net Banking,Completed,64475.37
PAY_0003395,ORD_0003395,2025-12-06 04:43:05,Cash on Delivery,Completed,65059.47
PAY_0003396,ORD_0003396,2025-11-19 00:58:48,Net Banking,Completed,6189.87
PAY_0003397,ORD_0003397,2026-06-08 14:03:57,UPI,Completed,47046.01
PAY_0003398,ORD_0003398,2026-07-27 02:09:17,Credit Card,Refunded,66481.71
PAY_0003399,ORD_0003399,2026-07-14 10:00:25,Net Banking,Completed,35543.71
PAY_0003400,ORD_0003400,2026-05-16 14:21:08,UPI,Completed,13184.47
PAY_0003401,ORD_0003401,2026-07-04 12:23:34,UPI,Completed,37176.68
PAY_0003402,ORD_0003402,2026-08-09 08:32:16,UPI,Completed,7903.1
PAY_0003403,ORD_0003403,2026-06-28 11:30:02,Net Banking,Completed,76679.98
PAY_0003404,ORD_0003404,2025-10-17 10:35:43,Corporate Cheque,Completed,41525.45
PAY_0003405,ORD_0003405,2025-10-19 00:33:33,UPI,Completed,15094.95
PAY_0003406,ORD_0003406,2026-02-15 18:13:58,Credit Card,Completed,68051.68
PAY_0003407,ORD_0003407,2026-05-27 17:00:59,Net Banking,Completed,1236.54
PAY_0003408,ORD_0003408,2026-08-20 21:52:01,Corporate Cheque,Completed,8395.03
PAY_0003409,ORD_0003409,2026-05-16 00:05:24,UPI,Completed,55281.33
PAY_0003410,ORD_0003410,2025-12-29 00:34:16,Cash on Delivery,Completed,65777.85
PAY_0003411,ORD_0003411,2026-08-13 23:43:28,Net Banking,Completed,65814.49
PAY_0003412,ORD_0003412,2026-06-12 11:42:52,UPI,Completed,64936.77
PAY_0003413,ORD_0003413,2025-11-16 11:11:02,UPI,Completed,68640.3
PAY_0003414,ORD_0003414,2026-08-03 20:55:52,UPI,Completed,56680.0
PAY_0003415,ORD_0003415,2025-12-18 11:34:25,UPI,Completed,5186.01
PAY_0003416,ORD_0003416,2026-06-05 05:35:25,Cash on Delivery,Completed,31504.63
PAY_0003417,ORD_0003417,2026-05-29 12:17:49,Net Banking,Refunded,56878.96
PAY_0003418,ORD_0003418,2025-12-22 00:30:50,Credit Card,Completed,40965.12
PAY_0003419,ORD_0003419,2025-12-31 09:41:36,UPI,Completed,61623.53
PAY_0003420,ORD_0003420,2026-06-04 02:48:25,UPI,Completed,42938.16
PAY_0003421,ORD_0003421,2026-02-13 22:21:36,Credit Card,Completed,35105.68
PAY_0003422,ORD_0003422,2026-08-07 05:28:43,UPI,Completed,27662.16
PAY_0003423,ORD_0003423,2026-09-05 20:42:56,UPI,Completed,82625.64
PAY_0003424,ORD_0003424,2026-08-11 00:13:27,Net Banking,Completed,78470.72
PAY_0003425,ORD_0003425,2026-01-21 02:25:58,Cash on Delivery,Completed,32453.64
PAY_0003426,ORD_0003426,2026-05-18 06:10:43,UPI,Completed,56754.28
PAY_0003427,ORD_0003427,2025-12-26 03:08:39,Net Banking,Completed,22339.22
PAY_0003428,ORD_0003428,2026-07-20 17:26:55,UPI,Completed,68274.32
PAY_0003429,ORD_0003429,2026-02-14 06:47:24,UPI,Completed,71464.88
PAY_0003430,ORD_0003430,2026-05-12 13:56:44,Corporate Cheque,Completed,42994.48
PAY_0003431,ORD_0003431,2026-07-26 05:27:24,Credit Card,Completed,34292.94
PAY_0003432,ORD_0003432,2025-11-06 18:41:16,Credit Card,Completed,22012.52
PAY_0003433,ORD_0003433,2025-10-21 05:25:29,Net Banking,Completed,69715.58
PAY_0003434,ORD_0003434,2026-05-16 02:57:19,UPI,Completed,79173.37
PAY_0003435,ORD_0003435,2025-11-10 05:31:10,Credit Card,Completed,9351.34
PAY_0003436,ORD_0003436,2025-11-14 04:21:28,UPI,Completed,70642.47
PAY_0003437,ORD_0003437,2026-05-30 15:16:37,Cash on Delivery,Completed,20410.96
PAY_0003438,ORD_0003438,2026-02-25 06:00:46,Credit Card,Completed,12210.55
PAY_0003439,ORD_0003439,2026-03-21 19:22:30,UPI,Completed,70408.16
PAY_0003440,ORD_0003440,2026-04-10 11:25:51,Net Banking,Completed,42261.18
PAY_0003441,ORD_0003441,2026-05-04 20:31:30,Credit Card,Completed,56103.06
PAY_0003442,ORD_0003442,2026-06-29 14:51:50,Corporate Cheque,Completed,69134.8
PAY_0003443,ORD_0003443,2026-08-08 18:39:01,UPI,Completed,6223.89
PAY_0003444,ORD_0003444,2026-03-08 18:33:02,UPI,Completed,38407.93
PAY_0003445,ORD_0003445,2026-05-24 05:02:22,Cash on Delivery,Completed,25192.77
PAY_0003446,ORD_0003446,2026-09-07 04:17:03,Credit Card,Completed,37483.49
PAY_0003447,ORD_0003447,2026-04-18 02:58:34,UPI,Completed,2220.52
PAY_0003448,ORD_0003448,2026-07-06 08:12:46,Net Banking,Completed,56187.3
PAY_0003449,ORD_0003449,2026-06-03 11:40:48,Net Banking,Completed,29755.11
PAY_0003450,ORD_0003450,2026-06-04 20:00:30,Net Banking,Completed,58213.56
PAY_0003451,ORD_0003451,2025-12-05 16:28:19,Net Banking,Completed,12959.04
PAY_0003452,ORD_0003452,2026-01-09 06:24:22,UPI,Completed,42317.8
PAY_0003453,ORD_0003453,2025-12-04 10:07:31,UPI,Refunded,23401.7
PAY_0003454,ORD_0003454,2026-03-22 08:33:15,Net Banking,Completed,10594.5
PAY_0003455,ORD_0003455,2025-12-09 00:18:31,UPI,Completed,60975.05
PAY_0003456,ORD_0003456,2026-01-10 22:22:28,UPI,Completed,52735.1
PAY_0003457,ORD_0003457,2026-03-19 17:34:01,Credit Card,Completed,44833.65
PAY_0003458,ORD_0003458,2026-03-18 11:43:22,UPI,Completed,80851.81
PAY_0003459,ORD_0003459,2026-02-06 17:56:27,Net Banking,Refunded,71520.97
PAY_0003460,ORD_0003460,2026-05-19 09:34:55,Credit Card,Completed,57529.07
PAY_0003461,ORD_0003461,2025-11-29 18:09:37,UPI,Completed,39489.74
PAY_0003462,ORD_0003462,2025-10-21 18:38:25,Cash on Delivery,Completed,76377.36
PAY_0003463,ORD_0003463,2026-03-12 05:37:52,UPI,Completed,31627.53
PAY_0003464,ORD_0003464,2026-07-14 11:18:49,UPI,Completed,42045.61
PAY_0003465,ORD_0003465,2026-09-14 12:23:21,Credit Card,Completed,18617.09
PAY_0003466,ORD_0003466,2025-10-04 10:39:48,UPI,Completed,43557.19
PAY_0003467,ORD_0003467,2026-06-01 03:23:52,Cash on Delivery,Completed,23362.73
PAY_0003468,ORD_0003468,2026-04-05 10:37:35,Net Banking,Completed,49789.41
PAY_0003469,ORD_0003469,2026-03-16 04:58:48,Net Banking,Completed,35951.94
PAY_0003470,ORD_0003470,2026-04-27 12:17:36,Credit Card,Completed,55343.27
PAY_0003471,ORD_0003471,2026-03-28 01:28:24,Credit Card,Completed,15311.69
PAY_0003472,ORD_0003472,2025-12-09 10:36:29,Cash on Delivery,Completed,78872.91
PAY_0003473,ORD_0003473,2025-10-26 23:29:05,UPI,Completed,59739.8
PAY_0003474,ORD_0003474,2026-03-07 20:51:18,UPI,Completed,48819.79
PAY_0003475,ORD_0003475,2026-03-19 05:40:40,Net Banking,Completed,58861.38
PAY_0003476,ORD_0003476,2025-10-08 05:04:02,Credit Card,Completed,64033.85
PAY_0003477,ORD_0003477,2025-11-30 10:21:00,UPI,Completed,84323.51
PAY_0003478,ORD_0003478,2025-11-27 22:35:42,Corporate Cheque,Completed,17304.17
PAY_0003479,ORD_0003479,2026-01-21 08:25:50,Net Banking,Completed,60411.23
PAY_0003480,ORD_0003480,2026-02-23 15:41:00,Net Banking,Completed,73787.19
PAY_0003481,ORD_0003481,2026-04-09 20:47:05,Credit Card,Completed,17763.74
PAY_0003482,ORD_0003482,2026-05-04 08:04:32,Net Banking,Completed,77770.56
PAY_0003483,ORD_0003483,2026-04-15 17:53:14,UPI,Completed,11530.02
PAY_0003484,ORD_0003484,2025-10-18 17:39:46,UPI,Completed,4144.43
PAY_0003485,ORD_0003485,2025-12-14 12:23:18,Net Banking,Refunded,39918.36
PAY_0003486,ORD_0003486,2026-08-08 07:04:27,UPI,Completed,75749.49
PAY_0003487,ORD_0003487,2026-01-14 05:13:37,Credit Card,Refunded,13459.25
PAY_0003488,ORD_0003488,2026-06-03 19:18:54,Net Banking,Completed,25007.54
PAY_0003489,ORD_0003489,2026-09-01 02:31:45,UPI,Refunded,52653.03
PAY_0003490,ORD_0003490,2025-12-11 08:43:55,UPI,Refunded,56446.55
PAY_0003491,ORD_0003491,2025-11-21 02:53:15,Credit Card,Completed,38772.84
PAY_0003492,ORD_0003492,2025-10-02 09:39:28,UPI,Completed,7301.5
PAY_0003493,ORD_0003493,2026-01-15 03:30:26,UPI,Completed,61677.11
PAY_0003494,ORD_0003494,2026-06-16 00:39:49,Credit Card,Completed,31094.64
PAY_0003495,ORD_0003495,2026-08-21 20:45:15,Corporate Cheque,Completed,3368.4
PAY_0003496,ORD_0003496,2026-04-27 22:33:35,Corporate Cheque,Completed,46157.34
PAY_0003497,ORD_0003497,2026-09-03 08:54:05,Corporate Cheque,Completed,37471.68
PAY_0003498,ORD_0003498,2025-10-20 03:13:18,Credit Card,Completed,65265.21
PAY_0003499,ORD_0003499,2026-03-15 00:48:25,Net Banking,Completed,79349.91
PAY_0003500,ORD_0003500,2026-06-06 09:07:15,Net Banking,Completed,67358.37
PAY_0003501,ORD_0003501,2026-07-07 21:53:02,UPI,Completed,29387.98
PAY_0003502,ORD_0003502,2026-03-15 00:10:48,Net Banking,Completed,6493.68
PAY_0003503,ORD_0003503,2026-08-10 08:47:00,UPI,Completed,69977.65
PAY_0003504,ORD_0003504,2026-05-07 17:41:54,Cash on Delivery,Completed,58486.4
PAY_0003505,ORD_0003505,2025-11-29 17:18:16,UPI,Completed,22759.04
PAY_0003506,ORD_0003506,2026-03-23 19:29:33,Credit Card,Completed,18045.68
PAY_0003507,ORD_0003507,2026-03-30 19:50:35,Net Banking,Completed,34231.28
PAY_0003508,ORD_0003508,2025-11-27 00:31:07,Net Banking,Completed,66254.43
PAY_0003509,ORD_0003509,2026-04-05 12:22:17,Net Banking,Completed,49973.99
PAY_0003510,ORD_0003510,2026-09-08 11:12:44,UPI,Completed,4594.15
PAY_0003511,ORD_0003511,2026-08-29 05:32:10,UPI,Completed,1305.31
PAY_0003512,ORD_0003512,2026-08-22 18:22:53,Net Banking,Completed,24727.78
PAY_0003513,ORD_0003513,2026-05-25 08:58:29,Credit Card,Completed,16302.41
PAY_0003514,ORD_0003514,2025-10-07 04:23:35,UPI,Completed,30565.02
PAY_0003515,ORD_0003515,2025-11-02 06:26:40,UPI,Completed,31370.04
PAY_0003516,ORD_0003516,2026-07-26 22:05:19,UPI,Completed,8969.66
PAY_0003517,ORD_0003517,2025-11-08 05:26:37,UPI,Completed,80136.14
PAY_0003518,ORD_0003518,2026-02-06 06:20:28,Cash on Delivery,Completed,15312.74
PAY_0003519,ORD_0003519,2026-02-26 07:06:40,Net Banking,Completed,1994.54
PAY_0003520,ORD_0003520,2026-07-05 07:35:47,Credit Card,Completed,44131.69
PAY_0003521,ORD_0003521,2025-10-09 16:10:45,Net Banking,Completed,5095.38
PAY_0003522,ORD_0003522,2026-05-05 13:20:51,Credit Card,Completed,71699.03
PAY_0003523,ORD_0003523,2025-12-29 17:06:11,UPI,Completed,63040.59
PAY_0003524,ORD_0003524,2026-04-28 22:10:28,UPI,Completed,25439.39
PAY_0003525,ORD_0003525,2026-04-28 03:33:26,Net Banking,Completed,31221.49
PAY_0003526,ORD_0003526,2026-04-23 05:21:28,UPI,Completed,34652.89
PAY_0003527,ORD_0003527,2026-01-29 17:12:26,Net Banking,Refunded,71603.51
PAY_0003528,ORD_0003528,2026-01-17 03:03:48,UPI,Completed,70189.37
PAY_0003529,ORD_0003529,2026-01-20 09:53:39,UPI,Completed,46764.42
PAY_0003530,ORD_0003530,2025-12-22 10:12:41,Credit Card,Completed,44214.96
PAY_0003531,ORD_0003531,2026-07-28 05:52:38,Net Banking,Completed,36983.06
PAY_0003532,ORD_0003532,2026-02-11 18:15:51,Cash on Delivery,Completed,53060.76
PAY_0003533,ORD_0003533,2026-09-05 23:40:01,Net Banking,Completed,57059.1
PAY_0003534,ORD_0003534,2026-07-05 22:53:40,Credit Card,Completed,33947.49
PAY_0003535,ORD_0003535,2025-11-03 04:47:12,Net Banking,Completed,74264.59
PAY_0003536,ORD_0003536,2025-11-15 01:13:58,Net Banking,Completed,35537.41
PAY_0003537,ORD_0003537,2026-01-04 11:48:05,UPI,Completed,52053.69
PAY_0003538,ORD_0003538,2025-12-06 21:26:07,UPI,Completed,59011.17
PAY_0003539,ORD_0003539,2026-04-16 05:26:06,Credit Card,Completed,83456.08
PAY_0003540,ORD_0003540,2026-08-23 00:57:50,UPI,Refunded,5351.7
PAY_0003541,ORD_0003541,2026-08-27 02:27:14,UPI,Completed,45906.88
PAY_0003542,ORD_0003542,2026-04-12 16:31:34,Credit Card,Completed,81532.16
PAY_0003543,ORD_0003543,2026-02-27 00:16:44,Net Banking,Completed,55405.08
PAY_0003544,ORD_0003544,2025-10-09 09:54:53,Net Banking,Completed,40089.78
PAY_0003545,ORD_0003545,2026-06-24 00:51:22,UPI,Completed,61320.84
PAY_0003546,ORD_0003546,2026-09-10 20:23:04,Credit Card,Completed,21999.75
PAY_0003547,ORD_0003547,2026-07-09 16:50:28,UPI,Completed,23879.98
PAY_0003548,ORD_0003548,2026-05-08 06:39:35,UPI,Completed,29028.24
PAY_0003549,ORD_0003549,2026-07-31 00:31:26,UPI,Completed,28594.75
PAY_0003550,ORD_0003550,2026-02-09 12:14:53,Net Banking,Completed,78899.72
PAY_0003551,ORD_0003551,2025-10-05 09:28:33,UPI,Completed,4314.17
PAY_0003552,ORD_0003552,2026-08-04 22:58:06,UPI,Completed,18261.64
PAY_0003553,ORD_0003553,2026-05-28 00:27:22,Net Banking,Completed,62247.77
PAY_0003554,ORD_0003554,2025-12-13 09:35:07,UPI,Completed,50901.95
PAY_0003555,ORD_0003555,2026-08-04 14:23:22,UPI,Completed,21106.16
PAY_0003556,ORD_0003556,2026-06-19 15:04:22,UPI,Completed,56850.47
PAY_0003557,ORD_0003557,2026-09-11 18:43:05,UPI,Completed,61251.07
PAY_0003558,ORD_0003558,2025-11-11 19:46:26,Net Banking,Completed,27979.91
PAY_0003559,ORD_0003559,2026-03-17 17:17:47,UPI,Completed,69711.92
PAY_0003560,ORD_0003560,2025-11-27 19:25:54,UPI,Completed,66040.73
PAY_0003561,ORD_0003561,2026-07-23 00:41:21,Credit Card,Completed,44376.39
PAY_0003562,ORD_0003562,2025-10-25 05:49:56,Corporate Cheque,Completed,17349.98
PAY_0003563,ORD_0003563,2025-11-13 21:28:04,Credit Card,Completed,39956.29
PAY_0003564,ORD_0003564,2026-05-22 07:02:35,UPI,Completed,25785.0
PAY_0003565,ORD_0003565,2026-08-20 19:39:55,Credit Card,Completed,30740.39
PAY_0003566,ORD_0003566,2025-11-03 13:28:00,Corporate Cheque,Completed,58254.95
PAY_0003567,ORD_0003567,2026-06-11 22:48:49,Credit Card,Completed,53455.49
PAY_0003568,ORD_0003568,2026-06-20 04:23:33,Credit Card,Completed,37879.34
PAY_0003569,ORD_0003569,2026-08-26 04:39:47,Credit Card,Completed,19277.13
PAY_0003570,ORD_0003570,2025-10-31 21:51:11,UPI,Completed,24367.74
PAY_0003571,ORD_0003571,2026-08-03 17:56:18,UPI,Completed,12265.53
PAY_0003572,ORD_0003572,2026-04-14 07:26:55,UPI,Completed,62422.52
PAY_0003573,ORD_0003573,2026-02-14 12:56:51,UPI,Completed,43809.08
PAY_0003574,ORD_0003574,2026-02-08 04:07:43,Net Banking,Completed,26434.07
PAY_0003575,ORD_0003575,2026-03-03 20:56:50,Net Banking,Refunded,78700.92
PAY_0003576,ORD_0003576,2026-06-19 14:36:12,UPI,Completed,38475.97
PAY_0003577,ORD_0003577,2026-02-24 09:38:25,UPI,Completed,35464.66
PAY_0003578,ORD_0003578,2025-12-08 00:01:48,UPI,Completed,56242.15
PAY_0003579,ORD_0003579,2026-07-05 21:21:47,Net Banking,Completed,54806.07
PAY_0003580,ORD_0003580,2025-10-03 07:35:22,Net Banking,Completed,60353.03
PAY_0003581,ORD_0003581,2026-06-14 18:46:39,UPI,Completed,75057.53
PAY_0003582,ORD_0003582,2026-07-18 09:28:42,UPI,Completed,83562.63
PAY_0003583,ORD_0003583,2026-07-18 18:00:03,Credit Card,Completed,70685.36
PAY_0003584,ORD_0003584,2026-06-17 17:05:18,Net Banking,Completed,76731.3
PAY_0003585,ORD_0003585,2025-12-31 07:10:40,Net Banking,Completed,67522.63
PAY_0003586,ORD_0003586,2026-06-21 16:53:53,Credit Card,Completed,77114.61
PAY_0003587,ORD_0003587,2026-08-07 17:00:44,Net Banking,Completed,63061.36
PAY_0003588,ORD_0003588,2026-01-25 04:42:53,Net Banking,Completed,12216.91
PAY_0003589,ORD_0003589,2025-10-27 06:18:22,UPI,Completed,51452.78
PAY_0003590,ORD_0003590,2026-01-25 11:37:46,UPI,Completed,73598.9
PAY_0003591,ORD_0003591,2026-08-02 12:26:57,Credit Card,Completed,40092.27
PAY_0003592,ORD_0003592,2025-12-05 17:47:17,Net Banking,Completed,61667.72
PAY_0003593,ORD_0003593,2026-05-18 16:26:13,UPI,Completed,80597.43
PAY_0003594,ORD_0003594,2025-10-16 23:31:33,Cash on Delivery,Completed,70729.18
PAY_0003595,ORD_0003595,2026-01-09 08:10:43,UPI,Completed,40614.29
PAY_0003596,ORD_0003596,2026-04-21 11:00:36,UPI,Completed,14109.9
PAY_0003597,ORD_0003597,2026-08-17 04:39:27,Net Banking,Completed,1773.83
PAY_0003598,ORD_0003598,2025-12-17 23:20:33,Corporate Cheque,Completed,73033.62
PAY_0003599,ORD_0003599,2026-05-10 22:09:16,UPI,Completed,64075.05
PAY_0003600,ORD_0003600,2026-06-16 10:45:54,Cash on Delivery,Completed,18835.66
PAY_0003601,ORD_0003601,2026-04-26 13:56:10,Credit Card,Completed,13343.94
PAY_0003602,ORD_0003602,2026-08-20 19:23:44,UPI,Completed,6179.33
PAY_0003603,ORD_0003603,2026-02-22 23:50:54,Credit Card,Completed,1324.26
PAY_0003604,ORD_0003604,2025-10-30 04:22:22,Credit Card,Completed,63286.12
PAY_0003605,ORD_0003605,2025-10-02 19:12:28,Net Banking,Completed,79001.91
PAY_0003606,ORD_0003606,2026-05-24 08:04:45,Net Banking,Completed,68534.64
PAY_0003607,ORD_0003607,2026-08-17 01:22:28,UPI,Completed,11592.54
PAY_0003608,ORD_0003608,2025-11-02 03:22:15,UPI,Completed,60388.91
PAY_0003609,ORD_0003609,2026-07-08 05:54:33,UPI,Completed,41758.54
PAY_0003610,ORD_0003610,2026-07-03 01:15:44,UPI,Completed,49967.3
PAY_0003611,ORD_0003611,2025-12-16 19:54:30,Cash on Delivery,Completed,71426.22
PAY_0003612,ORD_0003612,2026-07-14 22:38:12,UPI,Completed,73800.76
PAY_0003613,ORD_0003613,2026-04-09 21:53:26,UPI,Completed,25099.31
PAY_0003614,ORD_0003614,2025-10-05 12:00:05,UPI,Completed,6434.54
PAY_0003615,ORD_0003615,2026-02-07 05:10:13,Cash on Delivery,Completed,24830.4
PAY_0003616,ORD_0003616,2026-03-27 04:51:16,Net Banking,Completed,33805.43
PAY_0003617,ORD_0003617,2026-03-18 12:11:42,Credit Card,Completed,25361.43
PAY_0003618,ORD_0003618,2026-01-01 12:09:27,UPI,Completed,5616.22
PAY_0003619,ORD_0003619,2025-11-16 12:35:59,UPI,Completed,20410.67
PAY_0003620,ORD_0003620,2026-06-04 13:37:54,UPI,Completed,15357.37
PAY_0003621,ORD_0003621,2025-11-25 16:04:38,UPI,Completed,61508.04
PAY_0003622,ORD_0003622,2026-02-02 13:34:17,Credit Card,Completed,5469.88
PAY_0003623,ORD_0003623,2026-03-24 10:46:27,Net Banking,Completed,84539.72
PAY_0003624,ORD_0003624,2025-12-09 18:10:00,Net Banking,Completed,508.93
PAY_0003625,ORD_0003625,2026-08-19 15:47:25,UPI,Completed,16581.35
PAY_0003626,ORD_0003626,2026-02-05 06:50:06,Credit Card,Completed,73505.54
PAY_0003627,ORD_0003627,2026-04-11 17:37:00,UPI,Completed,58635.48
PAY_0003628,ORD_0003628,2026-05-18 14:50:13,UPI,Completed,14610.4
PAY_0003629,ORD_0003629,2025-12-15 22:17:50,Net Banking,Completed,68533.36
PAY_0003630,ORD_0003630,2026-08-17 23:45:45,UPI,Completed,81180.99
PAY_0003631,ORD_0003631,2026-06-09 19:01:23,Net Banking,Completed,59812.79
PAY_0003632,ORD_0003632,2026-07-11 16:26:11,Net Banking,Completed,19415.04
PAY_0003633,ORD_0003633,2026-03-30 12:17:29,Cash on Delivery,Completed,19156.29
PAY_0003634,ORD_0003634,2025-12-25 11:41:02,UPI,Completed,53505.75
PAY_0003635,ORD_0003635,2026-02-14 20:32:20,Credit Card,Completed,57301.25
PAY_0003636,ORD_0003636,2026-06-16 05:19:32,Net Banking,Completed,57656.21
PAY_0003637,ORD_0003637,2026-04-30 03:52:23,Cash on Delivery,Completed,82466.89
PAY_0003638,ORD_0003638,2025-12-29 02:11:44,UPI,Completed,19991.63
PAY_0003639,ORD_0003639,2026-07-30 21:24:49,UPI,Completed,17040.76
PAY_0003640,ORD_0003640,2026-06-12 16:35:07,Credit Card,Completed,72536.5
PAY_0003641,ORD_0003641,2026-05-06 12:25:16,UPI,Completed,54647.11
PAY_0003642,ORD_0003642,2025-12-10 19:02:58,UPI,Completed,37079.91
PAY_0003643,ORD_0003643,2026-05-13 02:16:03,UPI,Completed,44612.68
PAY_0003644,ORD_0003644,2025-10-22 03:02:13,Credit Card,Completed,48485.56
PAY_0003645,ORD_0003645,2026-05-16 16:53:32,Net Banking,Refunded,58623.14
PAY_0003646,ORD_0003646,2026-07-09 15:45:06,UPI,Refunded,20129.6
PAY_0003647,ORD_0003647,2026-06-25 04:54:36,UPI,Completed,2603.31
PAY_0003648,ORD_0003648,2026-03-05 13:06:32,Net Banking,Completed,82616.16
PAY_0003649,ORD_0003649,2026-02-12 20:31:08,Credit Card,Completed,67005.49
PAY_0003650,ORD_0003650,2025-12-08 07:19:24,Net Banking,Completed,70510.86
PAY_0003651,ORD_0003651,2026-03-07 01:38:37,UPI,Completed,59011.79
PAY_0003652,ORD_0003652,2026-07-10 19:45:49,UPI,Completed,2303.02
PAY_0003653,ORD_0003653,2026-04-28 12:49:25,UPI,Refunded,56234.23
PAY_0003654,ORD_0003654,2026-04-06 14:20:06,UPI,Completed,68287.52
PAY_0003655,ORD_0003655,2026-03-25 00:21:45,UPI,Completed,15753.13
PAY_0003656,ORD_0003656,2026-06-11 05:39:54,Credit Card,Completed,81115.49
PAY_0003657,ORD_0003657,2026-06-22 22:08:19,UPI,Completed,76014.52
PAY_0003658,ORD_0003658,2025-10-25 08:30:50,Net Banking,Completed,73078.18
PAY_0003659,ORD_0003659,2025-12-13 09:29:38,UPI,Completed,75079.1
PAY_0003660,ORD_0003660,2026-06-04 21:35:44,Credit Card,Completed,23642.64
PAY_0003661,ORD_0003661,2026-01-10 16:15:35,Corporate Cheque,Completed,76987.86
PAY_0003662,ORD_0003662,2025-11-20 17:26:14,UPI,Completed,54648.59
PAY_0003663,ORD_0003663,2025-10-06 21:27:32,Net Banking,Completed,55281.6
PAY_0003664,ORD_0003664,2025-11-26 07:39:57,UPI,Completed,37817.14
PAY_0003665,ORD_0003665,2026-04-26 08:34:28,Credit Card,Completed,82431.21
PAY_0003666,ORD_0003666,2026-09-08 12:33:19,UPI,Completed,27366.54
PAY_0003667,ORD_0003667,2026-01-12 19:11:28,Corporate Cheque,Completed,37987.03
PAY_0003668,ORD_0003668,2026-03-24 19:01:26,UPI,Completed,27920.52
PAY_0003669,ORD_0003669,2026-06-27 09:11:11,UPI,Completed,80748.46
PAY_0003670,ORD_0003670,2026-07-25 16:31:52,UPI,Completed,46528.77
PAY_0003671,ORD_0003671,2026-05-11 12:03:15,UPI,Completed,9396.85
PAY_0003672,ORD_0003672,2026-02-28 02:12:12,Net Banking,Completed,19124.65
PAY_0003673,ORD_0003673,2025-11-10 00:36:20,UPI,Completed,59325.63
PAY_0003674,ORD_0003674,2026-04-07 11:31:08,UPI,Completed,64543.41
PAY_0003675,ORD_0003675,2026-01-24 15:16:49,Credit Card,Completed,30119.23
PAY_0003676,ORD_0003676,2026-06-03 22:44:06,Cash on Delivery,Completed,20059.63
PAY_0003677,ORD_0003677,2026-01-24 12:24:25,UPI,Completed,15542.7
PAY_0003678,ORD_0003678,2025-10-27 13:56:57,UPI,Completed,64419.13
PAY_0003679,ORD_0003679,2026-03-04 18:18:05,Corporate Cheque,Completed,37564.28
PAY_0003680,ORD_0003680,2026-05-14 19:17:55,Credit Card,Completed,30469.43
PAY_0003681,ORD_0003681,2026-04-03 15:58:44,UPI,Completed,66749.87
PAY_0003682,ORD_0003682,2026-04-19 13:07:17,UPI,Completed,65703.65
PAY_0003683,ORD_0003683,2025-11-27 08:05:06,UPI,Completed,57776.43
PAY_0003684,ORD_0003684,2026-02-16 12:28:29,Credit Card,Completed,55060.25
PAY_0003685,ORD_0003685,2026-07-13 18:33:05,UPI,Completed,77095.05
PAY_0003686,ORD_0003686,2026-03-18 21:44:22,Credit Card,Completed,51162.67
PAY_0003687,ORD_0003687,2026-01-04 07:13:39,Credit Card,Completed,5130.99
PAY_0003688,ORD_0003688,2026-07-21 12:26:12,Net Banking,Completed,18902.45
PAY_0003689,ORD_0003689,2025-12-05 05:55:27,UPI,Completed,63478.57
PAY_0003690,ORD_0003690,2026-08-20 18:14:03,Net Banking,Completed,82903.75
PAY_0003691,ORD_0003691,2025-12-08 14:03:49,UPI,Completed,34896.0
PAY_0003692,ORD_0003692,2025-10-12 09:15:08,UPI,Completed,81737.91
PAY_0003693,ORD_0003693,2026-01-10 17:36:30,Credit Card,Completed,79077.61
PAY_0003694,ORD_0003694,2026-09-09 07:53:30,Credit Card,Completed,84905.29
PAY_0003695,ORD_0003695,2025-11-23 02:09:49,UPI,Completed,28473.89
PAY_0003696,ORD_0003696,2026-05-22 20:17:57,UPI,Completed,60317.45
PAY_0003697,ORD_0003697,2025-10-17 20:30:49,Net Banking,Completed,1571.69
PAY_0003698,ORD_0003698,2025-12-05 03:00:46,Net Banking,Completed,32158.24
PAY_0003699,ORD_0003699,2026-05-23 23:45:45,UPI,Completed,8418.76
PAY_0003700,ORD_0003700,2026-07-15 04:36:23,UPI,Completed,82146.33
PAY_0003701,ORD_0003701,2026-01-23 00:14:12,Net Banking,Completed,24327.14
PAY_0003702,ORD_0003702,2026-09-12 20:20:42,UPI,Completed,34211.18
PAY_0003703,ORD_0003703,2026-06-20 04:53:55,UPI,Refunded,40300.2
PAY_0003704,ORD_0003704,2026-07-11 10:25:52,UPI,Completed,13127.07
PAY_0003705,ORD_0003705,2026-01-22 02:47:09,Credit Card,Completed,68548.64
PAY_0003706,ORD_0003706,2026-06-17 00:18:23,Net Banking,Completed,19625.69
PAY_0003707,ORD_0003707,2026-03-14 09:05:49,Net Banking,Completed,73565.88
PAY_0003708,ORD_0003708,2026-09-04 13:33:33,UPI,Refunded,72889.37
PAY_0003709,ORD_0003709,2026-03-29 19:00:44,UPI,Completed,49327.5
PAY_0003710,ORD_0003710,2026-06-03 17:23:38,Net Banking,Completed,3792.2
PAY_0003711,ORD_0003711,2026-02-26 08:13:27,Cash on Delivery,Completed,3443.86
PAY_0003712,ORD_0003712,2025-12-08 16:23:58,UPI,Completed,18641.08
PAY_0003713,ORD_0003713,2026-04-02 05:44:33,Net Banking,Completed,75500.24
PAY_0003714,ORD_0003714,2026-08-17 16:26:15,UPI,Refunded,1756.23
PAY_0003715,ORD_0003715,2025-11-11 09:57:05,UPI,Completed,33169.6
PAY_0003716,ORD_0003716,2026-08-31 16:05:07,Net Banking,Completed,43528.02
PAY_0003717,ORD_0003717,2026-01-23 22:54:35,Net Banking,Completed,38675.56
PAY_0003718,ORD_0003718,2025-10-26 22:42:34,UPI,Completed,39980.31
PAY_0003719,ORD_0003719,2025-11-17 22:52:15,Net Banking,Completed,41815.7
PAY_0003720,ORD_0003720,2025-11-06 23:04:58,Net Banking,Completed,63287.64
PAY_0003721,ORD_0003721,2026-08-29 18:39:54,Credit Card,Completed,2830.08
PAY_0003722,ORD_0003722,2026-07-20 04:44:28,UPI,Completed,34006.49
PAY_0003723,ORD_0003723,2026-02-23 22:13:01,UPI,Completed,82552.9
PAY_0003724,ORD_0003724,2026-08-11 05:03:08,UPI,Completed,80882.86
PAY_0003725,ORD_0003725,2026-06-13 11:57:17,UPI,Completed,3363.94
PAY_0003726,ORD_0003726,2026-08-30 14:18:57,Cash on Delivery,Completed,40224.67
PAY_0003727,ORD_0003727,2026-03-02 11:56:50,Net Banking,Completed,65140.89
PAY_0003728,ORD_0003728,2026-06-20 11:22:36,Credit Card,Completed,11050.64
PAY_0003729,ORD_0003729,2025-11-02 22:39:54,Net Banking,Completed,61090.49
PAY_0003730,ORD_0003730,2025-12-04 21:56:09,Cash on Delivery,Completed,16396.26
PAY_0003731,ORD_0003731,2026-04-17 09:22:13,Net Banking,Completed,5622.01
PAY_0003732,ORD_0003732,2026-03-21 10:34:56,UPI,Completed,81735.88
PAY_0003733,ORD_0003733,2025-10-10 15:39:33,UPI,Completed,49547.65
PAY_0003734,ORD_0003734,2026-09-10 17:51:13,Credit Card,Completed,77158.65
PAY_0003735,ORD_0003735,2026-04-11 21:07:41,UPI,Completed,58833.12
PAY_0003736,ORD_0003736,2026-05-13 09:44:11,Credit Card,Completed,65077.29
PAY_0003737,ORD_0003737,2026-04-19 02:32:31,UPI,Completed,57733.5
PAY_0003738,ORD_0003738,2026-07-18 05:17:59,UPI,Completed,18277.14
PAY_0003739,ORD_0003739,2026-07-06 12:00:41,Net Banking,Completed,52604.5
PAY_0003740,ORD_0003740,2025-12-27 08:19:55,Credit Card,Completed,72457.39
PAY_0003741,ORD_0003741,2025-10-16 18:12:08,Credit Card,Completed,19336.39
PAY_0003742,ORD_0003742,2026-06-15 16:20:18,Net Banking,Completed,84715.44
PAY_0003743,ORD_0003743,2026-06-21 21:59:57,Credit Card,Completed,1439.29
PAY_0003744,ORD_0003744,2026-01-15 14:31:03,UPI,Completed,19487.62
PAY_0003745,ORD_0003745,2026-01-19 07:39:50,Credit Card,Completed,41088.56
PAY_0003746,ORD_0003746,2026-06-03 05:13:24,UPI,Completed,52430.69
PAY_0003747,ORD_0003747,2025-10-05 23:24:53,Credit Card,Completed,72337.29
PAY_0003748,ORD_0003748,2026-01-23 18:38:32,Net Banking,Completed,77693.51
PAY_0003749,ORD_0003749,2026-05-22 15:07:14,Credit Card,Completed,81931.8
PAY_0003750,ORD_0003750,2025-12-24 20:42:15,UPI,Completed,15997.11
PAY_0003751,ORD_0003751,2025-11-16 13:04:04,Net Banking,Completed,48043.72
PAY_0003752,ORD_0003752,2025-12-02 16:38:43,UPI,Completed,18917.77
PAY_0003753,ORD_0003753,2026-07-10 05:50:53,UPI,Completed,44250.29
PAY_0003754,ORD_0003754,2026-06-10 09:33:21,Net Banking,Completed,46206.27
PAY_0003755,ORD_0003755,2025-11-17 11:06:24,UPI,Completed,17648.79
PAY_0003756,ORD_0003756,2026-04-28 18:11:48,Corporate Cheque,Completed,35407.63
PAY_0003757,ORD_0003757,2026-08-19 13:09:49,UPI,Completed,45193.21
PAY_0003758,ORD_0003758,2025-12-11 00:45:00,UPI,Completed,913.56
PAY_0003759,ORD_0003759,2026-02-02 21:47:46,UPI,Completed,21445.61
PAY_0003760,ORD_0003760,2025-12-23 21:46:54,UPI,Completed,32355.34
PAY_0003761,ORD_0003761,2026-02-03 13:33:38,Credit Card,Completed,27950.11
PAY_0003762,ORD_0003762,2026-06-10 22:37:18,UPI,Completed,13308.26
PAY_0003763,ORD_0003763,2025-11-21 18:39:04,Credit Card,Completed,8085.63
PAY_0003764,ORD_0003764,2026-01-09 21:54:23,UPI,Completed,4254.12
PAY_0003765,ORD_0003765,2025-11-18 14:30:16,Net Banking,Completed,22701.65
PAY_0003766,ORD_0003766,2025-11-05 02:09:55,UPI,Completed,622.88
PAY_0003767,ORD_0003767,2026-05-23 18:37:15,UPI,Completed,26764.78
PAY_0003768,ORD_0003768,2026-02-20 18:48:58,Cash on Delivery,Completed,39946.35
PAY_0003769,ORD_0003769,2026-04-06 03:16:42,Net Banking,Completed,53642.98
PAY_0003770,ORD_0003770,2025-11-23 00:30:26,Cash on Delivery,Completed,16337.8
PAY_0003771,ORD_0003771,2026-07-06 07:27:48,UPI,Completed,38179.0
PAY_0003772,ORD_0003772,2026-09-03 06:24:02,Cash on Delivery,Completed,30905.39
PAY_0003773,ORD_0003773,2026-03-13 03:51:39,UPI,Completed,9404.22
PAY_0003774,ORD_0003774,2026-01-24 13:18:33,UPI,Completed,72418.56
PAY_0003775,ORD_0003775,2025-10-07 03:41:19,UPI,Completed,9027.13
PAY_0003776,ORD_0003776,2026-02-11 05:49:15,UPI,Completed,82379.3
PAY_0003777,ORD_0003777,2026-01-16 00:28:08,UPI,Completed,8761.62
PAY_0003778,ORD_0003778,2026-05-12 06:49:27,Net Banking,Completed,20804.43
PAY_0003779,ORD_0003779,2025-10-10 20:52:49,UPI,Completed,66306.14
PAY_0003780,ORD_0003780,2026-04-10 02:46:59,UPI,Completed,5051.47
PAY_0003781,ORD_0003781,2026-06-28 17:55:28,UPI,Completed,84061.42
PAY_0003782,ORD_0003782,2025-10-13 17:14:43,Credit Card,Refunded,77856.1
PAY_0003783,ORD_0003783,2026-03-11 08:07:17,Cash on Delivery,Completed,38768.78
PAY_0003784,ORD_0003784,2026-04-09 02:35:35,UPI,Completed,45489.17
PAY_0003785,ORD_0003785,2026-06-12 13:52:52,Cash on Delivery,Completed,51312.14
PAY_0003786,ORD_0003786,2026-02-20 20:18:23,Net Banking,Completed,65617.04
PAY_0003787,ORD_0003787,2025-10-24 04:05:11,Net Banking,Completed,81604.11
PAY_0003788,ORD_0003788,2026-02-24 00:35:15,UPI,Completed,39917.06
PAY_0003789,ORD_0003789,2025-10-16 07:12:35,Cash on Delivery,Completed,8087.5
PAY_0003790,ORD_0003790,2025-11-23 21:36:43,Net Banking,Completed,30845.89
PAY_0003791,ORD_0003791,2025-12-20 13:47:57,Corporate Cheque,Completed,29573.43
PAY_0003792,ORD_0003792,2026-03-29 03:37:51,UPI,Completed,6606.24
PAY_0003793,ORD_0003793,2025-12-07 11:27:31,Corporate Cheque,Completed,42998.23
PAY_0003794,ORD_0003794,2026-07-08 16:25:56,Corporate Cheque,Completed,83530.39
PAY_0003795,ORD_0003795,2025-10-29 21:56:02,UPI,Completed,76609.61
PAY_0003796,ORD_0003796,2026-07-24 18:20:04,Cash on Delivery,Completed,50400.13
PAY_0003797,ORD_0003797,2026-05-27 12:10:01,Credit Card,Completed,13669.91
PAY_0003798,ORD_0003798,2026-01-05 12:32:14,UPI,Completed,72437.43
PAY_0003799,ORD_0003799,2025-12-03 08:02:02,Credit Card,Completed,79732.82
PAY_0003800,ORD_0003800,2025-12-06 17:09:42,UPI,Completed,49988.53
PAY_0003801,ORD_0003801,2026-08-19 05:56:57,Net Banking,Completed,84477.27
PAY_0003802,ORD_0003802,2026-08-19 09:16:34,Cash on Delivery,Completed,29511.1
PAY_0003803,ORD_0003803,2026-04-24 18:16:55,Credit Card,Completed,38994.63
PAY_0003804,ORD_0003804,2026-02-27 21:43:08,UPI,Completed,37557.56
PAY_0003805,ORD_0003805,2026-08-05 09:55:13,UPI,Completed,11105.85
PAY_0003806,ORD_0003806,2026-04-20 05:32:56,UPI,Completed,23153.09
PAY_0003807,ORD_0003807,2026-05-27 17:21:56,Net Banking,Completed,50456.39
PAY_0003808,ORD_0003808,2025-10-30 08:52:49,Cash on Delivery,Completed,44726.79
PAY_0003809,ORD_0003809,2026-08-12 00:38:16,Net Banking,Completed,76498.15
PAY_0003810,ORD_0003810,2026-09-03 11:36:55,Cash on Delivery,Completed,25758.13
PAY_0003811,ORD_0003811,2026-07-26 04:57:15,Corporate Cheque,Completed,7300.47
PAY_0003812,ORD_0003812,2026-06-13 12:46:57,Corporate Cheque,Completed,35256.81
PAY_0003813,ORD_0003813,2026-07-30 05:45:03,Net Banking,Completed,47835.42
PAY_0003814,ORD_0003814,2026-05-31 15:17:33,Credit Card,Completed,83219.97
PAY_0003815,ORD_0003815,2026-03-02 01:33:08,UPI,Refunded,76736.16
PAY_0003816,ORD_0003816,2026-07-30 20:14:07,Credit Card,Refunded,81729.57
PAY_0003817,ORD_0003817,2025-11-19 21:47:39,UPI,Completed,17339.16
PAY_0003818,ORD_0003818,2026-01-02 13:13:26,UPI,Completed,20822.74
PAY_0003819,ORD_0003819,2026-01-16 17:25:01,Credit Card,Refunded,37860.34
PAY_0003820,ORD_0003820,2026-09-03 20:53:29,Net Banking,Refunded,6441.16
PAY_0003821,ORD_0003821,2026-07-03 13:18:13,UPI,Completed,45339.74
PAY_0003822,ORD_0003822,2026-01-12 12:45:23,UPI,Completed,25864.06
PAY_0003823,ORD_0003823,2026-07-11 04:01:54,Credit Card,Completed,3502.85
PAY_0003824,ORD_0003824,2025-10-12 01:14:52,UPI,Completed,20541.44
PAY_0003825,ORD_0003825,2026-08-10 22:56:13,Net Banking,Completed,58428.76
PAY_0003826,ORD_0003826,2026-08-03 19:22:42,Corporate Cheque,Completed,13702.95
PAY_0003827,ORD_0003827,2026-04-30 00:07:37,Credit Card,Completed,33188.33
PAY_0003828,ORD_0003828,2026-07-01 00:13:37,UPI,Completed,13763.89
PAY_0003829,ORD_0003829,2025-12-10 00:13:05,Net Banking,Completed,61371.88
PAY_0003830,ORD_0003830,2026-01-24 00:54:30,UPI,Completed,49942.11
PAY_0003831,ORD_0003831,2026-03-27 12:08:35,UPI,Completed,23913.12
PAY_0003832,ORD_0003832,2026-07-11 17:52:34,UPI,Completed,37926.17
PAY_0003833,ORD_0003833,2026-05-05 11:28:56,Cash on Delivery,Completed,24027.59
PAY_0003834,ORD_0003834,2026-07-17 15:23:04,UPI,Completed,15113.87
PAY_0003835,ORD_0003835,2026-01-21 14:06:33,UPI,Completed,8719.04
PAY_0003836,ORD_0003836,2026-05-23 00:44:22,Credit Card,Completed,34996.42
PAY_0003837,ORD_0003837,2026-01-31 03:54:51,Net Banking,Completed,52856.75
PAY_0003838,ORD_0003838,2026-05-15 12:56:22,Credit Card,Completed,43629.47
PAY_0003839,ORD_0003839,2026-01-20 01:47:26,UPI,Completed,74204.72
PAY_0003840,ORD_0003840,2026-05-06 08:37:21,UPI,Completed,8970.44
PAY_0003841,ORD_0003841,2026-02-02 06:04:28,Net Banking,Completed,49227.54
PAY_0003842,ORD_0003842,2026-03-16 14:00:50,UPI,Refunded,81817.81
PAY_0003843,ORD_0003843,2025-12-13 22:05:49,UPI,Refunded,28605.49
PAY_0003844,ORD_0003844,2026-01-12 17:26:14,Credit Card,Completed,48708.39
PAY_0003845,ORD_0003845,2026-05-01 11:01:50,UPI,Completed,65323.11
PAY_0003846,ORD_0003846,2026-02-08 21:33:56,Credit Card,Completed,70061.9
PAY_0003847,ORD_0003847,2025-11-17 02:07:44,Net Banking,Completed,20318.94
PAY_0003848,ORD_0003848,2025-12-18 10:47:30,Credit Card,Completed,56624.03
PAY_0003849,ORD_0003849,2025-12-08 21:52:03,UPI,Completed,78415.73
PAY_0003850,ORD_0003850,2026-05-05 07:36:39,Cash on Delivery,Completed,83765.63
PAY_0003851,ORD_0003851,2026-06-27 03:57:33,Net Banking,Completed,31720.32
PAY_0003852,ORD_0003852,2026-01-09 23:36:35,UPI,Completed,12495.39
PAY_0003853,ORD_0003853,2026-02-08 22:37:17,Credit Card,Completed,44539.8
PAY_0003854,ORD_0003854,2025-11-07 15:37:41,UPI,Completed,36503.68
PAY_0003855,ORD_0003855,2026-01-20 06:05:03,Credit Card,Completed,56997.27
PAY_0003856,ORD_0003856,2026-02-14 01:26:44,UPI,Completed,75441.89
PAY_0003857,ORD_0003857,2026-02-08 14:42:59,Corporate Cheque,Completed,46380.49
PAY_0003858,ORD_0003858,2026-07-21 22:02:24,Net Banking,Completed,46662.43
PAY_0003859,ORD_0003859,2026-06-28 20:28:44,Credit Card,Completed,12103.38
PAY_0003860,ORD_0003860,2026-03-09 10:08:34,Credit Card,Completed,54219.32
PAY_0003861,ORD_0003861,2026-01-19 04:25:17,Corporate Cheque,Completed,35334.84
PAY_0003862,ORD_0003862,2026-01-24 04:29:00,Net Banking,Completed,70512.7
PAY_0003863,ORD_0003863,2025-12-08 08:08:46,UPI,Refunded,66357.21
PAY_0003864,ORD_0003864,2026-07-12 10:39:57,Net Banking,Completed,44114.18
PAY_0003865,ORD_0003865,2026-08-17 21:00:42,Net Banking,Completed,10292.56
PAY_0003866,ORD_0003866,2026-01-26 08:22:49,Credit Card,Completed,66710.57
PAY_0003867,ORD_0003867,2026-08-29 12:30:34,Net Banking,Refunded,78899.32
PAY_0003868,ORD_0003868,2026-06-22 13:36:09,Net Banking,Refunded,67558.13
PAY_0003869,ORD_0003869,2026-08-03 12:02:16,Corporate Cheque,Completed,65175.66
PAY_0003870,ORD_0003870,2026-05-15 23:04:53,UPI,Completed,3312.34
PAY_0003871,ORD_0003871,2026-05-13 01:36:38,Net Banking,Completed,71490.72
PAY_0003872,ORD_0003872,2025-10-20 12:25:32,UPI,Completed,63568.53
PAY_0003873,ORD_0003873,2026-03-10 10:32:18,Cash on Delivery,Completed,70668.52
PAY_0003874,ORD_0003874,2026-03-10 08:52:15,Corporate Cheque,Completed,20506.73
PAY_0003875,ORD_0003875,2025-12-27 13:52:58,UPI,Refunded,77214.69
PAY_0003876,ORD_0003876,2026-01-14 12:58:41,UPI,Completed,10906.15
PAY_0003877,ORD_0003877,2025-11-03 05:21:16,UPI,Completed,20408.52
PAY_0003878,ORD_0003878,2026-06-26 11:13:36,Corporate Cheque,Completed,22292.23
PAY_0003879,ORD_0003879,2026-06-02 02:50:27,UPI,Completed,15911.31
PAY_0003880,ORD_0003880,2025-11-12 20:45:21,Net Banking,Completed,19797.96
PAY_0003881,ORD_0003881,2026-03-13 18:55:02,Credit Card,Completed,70765.43
PAY_0003882,ORD_0003882,2026-03-15 20:43:38,UPI,Completed,5699.75
PAY_0003883,ORD_0003883,2025-10-16 11:00:47,UPI,Completed,56220.86
PAY_0003884,ORD_0003884,2026-02-16 19:33:22,UPI,Completed,9721.83
PAY_0003885,ORD_0003885,2026-04-28 04:38:17,UPI,Completed,74275.66
PAY_0003886,ORD_0003886,2026-05-25 20:48:26,Credit Card,Completed,2772.92
PAY_0003887,ORD_0003887,2026-06-03 03:38:07,Credit Card,Completed,28418.76
PAY_0003888,ORD_0003888,2026-07-13 03:46:57,Credit Card,Completed,50869.43
PAY_0003889,ORD_0003889,2025-11-27 17:17:52,UPI,Completed,3171.69
PAY_0003890,ORD_0003890,2026-06-27 14:21:10,UPI,Completed,60650.9
PAY_0003891,ORD_0003891,2026-07-28 12:15:59,Credit Card,Refunded,27195.68
PAY_0003892,ORD_0003892,2026-05-09 08:30:03,Credit Card,Completed,81465.05
PAY_0003893,ORD_0003893,2026-09-02 04:36:09,UPI,Completed,37142.81
PAY_0003894,ORD_0003894,2025-12-01 20:00:43,UPI,Completed,39188.46
PAY_0003895,ORD_0003895,2025-11-25 05:54:43,Cash on Delivery,Completed,61433.03
PAY_0003896,ORD_0003896,2026-06-25 18:25:06,Credit Card,Completed,14865.13
PAY_0003897,ORD_0003897,2026-04-10 20:24:21,Credit Card,Completed,23659.93
PAY_0003898,ORD_0003898,2026-07-18 08:03:08,Net Banking,Completed,12706.06
PAY_0003899,ORD_0003899,2025-11-25 14:51:02,Credit Card,Completed,84501.96
PAY_0003900,ORD_0003900,2025-10-03 14:16:57,Net Banking,Completed,69680.44
PAY_0003901,ORD_0003901,2026-02-27 14:06:15,Credit Card,Completed,51453.61
PAY_0003902,ORD_0003902,2025-10-01 19:44:49,Net Banking,Completed,25109.28
PAY_0003903,ORD_0003903,2025-12-12 21:42:53,Cash on Delivery,Completed,70447.8
PAY_0003904,ORD_0003904,2026-01-29 21:46:45,UPI,Completed,30079.4
PAY_0003905,ORD_0003905,2026-07-25 21:55:14,Credit Card,Completed,61018.81
PAY_0003906,ORD_0003906,2026-09-04 22:42:51,UPI,Completed,77373.39
PAY_0003907,ORD_0003907,2026-09-07 12:16:00,UPI,Completed,53508.98
PAY_0003908,ORD_0003908,2026-07-28 13:56:32,UPI,Refunded,32545.07
PAY_0003909,ORD_0003909,2025-10-18 01:20:13,Credit Card,Completed,62760.05
PAY_0003910,ORD_0003910,2026-07-07 01:48:53,Cash on Delivery,Completed,9835.96
PAY_0003911,ORD_0003911,2026-09-08 04:49:58,UPI,Completed,63589.35
PAY_0003912,ORD_0003912,2025-12-20 17:43:46,Cash on Delivery,Completed,59731.18
PAY_0003913,ORD_0003913,2026-07-17 22:57:57,Net Banking,Completed,56963.17
PAY_0003914,ORD_0003914,2025-11-05 12:31:31,UPI,Completed,24223.4
PAY_0003915,ORD_0003915,2025-12-14 14:36:48,Corporate Cheque,Refunded,59328.64
PAY_0003916,ORD_0003916,2026-08-12 23:17:52,Credit Card,Completed,74423.77
PAY_0003917,ORD_0003917,2026-06-20 10:45:16,UPI,Completed,78243.28
PAY_0003918,ORD_0003918,2025-12-30 21:26:55,Credit Card,Completed,58202.64
PAY_0003919,ORD_0003919,2026-06-25 18:58:30,Cash on Delivery,Completed,37313.67
PAY_0003920,ORD_0003920,2026-02-27 06:27:36,UPI,Completed,63390.25
PAY_0003921,ORD_0003921,2026-01-21 09:57:05,Net Banking,Refunded,11918.96
PAY_0003922,ORD_0003922,2026-09-07 18:56:37,Credit Card,Completed,62726.85
PAY_0003923,ORD_0003923,2026-06-12 12:09:12,Net Banking,Completed,9616.79
PAY_0003924,ORD_0003924,2025-10-30 07:57:47,UPI,Completed,15365.29
PAY_0003925,ORD_0003925,2026-08-16 07:19:09,Net Banking,Completed,17958.6
PAY_0003926,ORD_0003926,2026-05-07 14:56:05,Cash on Delivery,Completed,76847.15
PAY_0003927,ORD_0003927,2026-07-06 10:29:09,UPI,Completed,75122.6
PAY_0003928,ORD_0003928,2026-03-12 06:26:49,UPI,Completed,4849.73
PAY_0003929,ORD_0003929,2026-04-01 21:01:51,UPI,Completed,49828.5
PAY_0003930,ORD_0003930,2026-05-12 13:40:41,Credit Card,Completed,25949.16
PAY_0003931,ORD_0003931,2025-11-11 02:00:12,Credit Card,Completed,57718.23
PAY_0003932,ORD_0003932,2025-12-13 11:14:54,UPI,Completed,64341.48
PAY_0003933,ORD_0003933,2026-01-12 18:59:37,UPI,Completed,33369.42
PAY_0003934,ORD_0003934,2026-02-09 11:08:59,Cash on Delivery,Completed,56160.52
PAY_0003935,ORD_0003935,2025-12-22 22:43:01,Credit Card,Completed,50824.2
PAY_0003936,ORD_0003936,2026-07-18 03:09:36,Net Banking,Completed,42390.35
PAY_0003937,ORD_0003937,2026-06-09 10:43:04,UPI,Completed,80191.4
PAY_0003938,ORD_0003938,2026-02-02 02:36:22,Credit Card,Completed,60230.19
PAY_0003939,ORD_0003939,2026-06-29 08:59:56,Cash on Delivery,Completed,11830.22
PAY_0003940,ORD_0003940,2026-04-20 21:04:45,Corporate Cheque,Completed,4605.57
PAY_0003941,ORD_0003941,2026-05-01 11:25:36,UPI,Completed,40188.56
PAY_0003942,ORD_0003942,2025-10-18 14:13:12,Net Banking,Completed,34239.86
PAY_0003943,ORD_0003943,2026-08-03 23:13:43,UPI,Completed,39637.82
PAY_0003944,ORD_0003944,2025-12-30 03:40:28,Credit Card,Completed,67710.99
PAY_0003945,ORD_0003945,2026-08-04 08:02:34,Net Banking,Completed,9883.2
PAY_0003946,ORD_0003946,2025-11-25 23:20:34,UPI,Completed,37952.3
PAY_0003947,ORD_0003947,2026-04-28 13:35:11,Net Banking,Completed,70812.49
PAY_0003948,ORD_0003948,2026-01-09 15:14:48,Net Banking,Completed,38673.56
PAY_0003949,ORD_0003949,2026-07-03 09:15:28,Credit Card,Completed,44276.24
PAY_0003950,ORD_0003950,2026-06-05 13:03:09,Cash on Delivery,Completed,57381.96
PAY_0003951,ORD_0003951,2026-05-12 12:46:24,UPI,Completed,42739.33
PAY_0003952,ORD_0003952,2025-11-27 20:47:39,Credit Card,Completed,52006.63
PAY_0003953,ORD_0003953,2025-10-09 09:09:34,Net Banking,Completed,54952.34
PAY_0003954,ORD_0003954,2026-04-25 17:13:29,Credit Card,Refunded,15792.87
PAY_0003955,ORD_0003955,2026-04-18 04:23:18,UPI,Completed,16768.18
PAY_0003956,ORD_0003956,2026-04-09 14:38:30,Credit Card,Completed,51785.06
PAY_0003957,ORD_0003957,2026-04-29 17:14:28,UPI,Completed,27342.59
PAY_0003958,ORD_0003958,2026-08-29 14:34:24,Net Banking,Completed,20510.38
PAY_0003959,ORD_0003959,2026-05-16 12:40:30,Credit Card,Completed,31445.49
PAY_0003960,ORD_0003960,2026-08-24 05:42:50,Net Banking,Completed,19084.71
PAY_0003961,ORD_0003961,2025-12-10 05:05:23,UPI,Completed,75597.87
PAY_0003962,ORD_0003962,2025-12-24 00:51:12,Net Banking,Completed,82602.62
PAY_0003963,ORD_0003963,2026-08-10 12:44:08,UPI,Completed,8939.4
PAY_0003964,ORD_0003964,2026-01-24 01:45:54,Credit Card,Refunded,52102.91
PAY_0003965,ORD_0003965,2026-06-24 17:29:19,Net Banking,Completed,55643.32
PAY_0003966,ORD_0003966,2025-11-11 14:30:06,Credit Card,Completed,72459.76
PAY_0003967,ORD_0003967,2025-11-22 22:27:36,Net Banking,Completed,76720.92
PAY_0003968,ORD_0003968,2025-11-25 23:56:47,Credit Card,Completed,16594.39
PAY_0003969,ORD_0003969,2026-07-06 00:34:47,Credit Card,Completed,58607.47
PAY_0003970,ORD_0003970,2026-02-02 09:29:29,UPI,Completed,83076.69
PAY_0003971,ORD_0003971,2026-05-02 16:25:55,Credit Card,Completed,46813.86
PAY_0003972,ORD_0003972,2025-11-05 12:20:13,UPI,Completed,1682.3
PAY_0003973,ORD_0003973,2026-03-07 21:47:02,UPI,Completed,10219.61
PAY_0003974,ORD_0003974,2025-11-06 23:12:00,UPI,Completed,52262.51
PAY_0003975,ORD_0003975,2026-03-11 19:13:02,Net Banking,Completed,2267.5
PAY_0003976,ORD_0003976,2026-05-27 05:55:51,Corporate Cheque,Completed,31192.62
PAY_0003977,ORD_0003977,2026-05-23 21:16:56,Cash on Delivery,Completed,22221.87
PAY_0003978,ORD_0003978,2026-02-22 03:25:30,UPI,Completed,64291.94
PAY_0003979,ORD_0003979,2025-11-20 16:05:09,Net Banking,Completed,49820.06
PAY_0003980,ORD_0003980,2026-03-09 00:15:28,UPI,Completed,75716.75
PAY_0003981,ORD_0003981,2025-12-16 06:10:49,Credit Card,Completed,24587.45
PAY_0003982,ORD_0003982,2026-09-05 15:47:00,UPI,Completed,77387.37
PAY_0003983,ORD_0003983,2026-06-21 17:20:02,Credit Card,Completed,19308.61
PAY_0003984,ORD_0003984,2026-07-06 13:57:20,UPI,Completed,71227.2
PAY_0003985,ORD_0003985,2025-11-27 09:24:19,Net Banking,Completed,70975.16
PAY_0003986,ORD_0003986,2025-10-05 22:48:20,UPI,Completed,76717.68
PAY_0003987,ORD_0003987,2026-01-17 15:55:14,Net Banking,Completed,52535.24
PAY_0003988,ORD_0003988,2026-07-26 16:30:40,Net Banking,Completed,17924.08
PAY_0003989,ORD_0003989,2026-07-27 15:56:51,UPI,Completed,80192.4
PAY_0003990,ORD_0003990,2026-07-07 15:55:22,Net Banking,Completed,31134.96
PAY_0003991,ORD_0003991,2026-03-01 14:07:14,Credit Card,Completed,81370.16
PAY_0003992,ORD_0003992,2026-06-01 07:17:19,Net Banking,Completed,42692.95
PAY_0003993,ORD_0003993,2025-12-01 07:22:35,Net Banking,Completed,4241.63
PAY_0003994,ORD_0003994,2026-06-01 19:45:47,UPI,Completed,63309.65
PAY_0003995,ORD_0003995,2026-03-23 20:57:22,Credit Card,Completed,69322.43
PAY_0003996,ORD_0003996,2026-02-09 18:49:00,Net Banking,Completed,49365.19
PAY_0003997,ORD_0003997,2026-04-06 08:20:53,UPI,Completed,33771.89
PAY_0003998,ORD_0003998,2026-05-23 13:24:34,Credit Card,Completed,26491.06
PAY_0003999,ORD_0003999,2025-10-22 00:08:53,Credit Card,Completed,65055.24
PAY_0004000,ORD_0004000,2026-03-12 12:40:06,Credit Card,Completed,30028.29
PAY_0004001,ORD_0004001,2026-04-21 16:29:31,Net Banking,Completed,84617.85
PAY_0004002,ORD_0004002,2026-05-09 06:33:48,UPI,Completed,51062.45
PAY_0004003,ORD_0004003,2025-11-18 02:58:21,Net Banking,Completed,69144.89
PAY_0004004,ORD_0004004,2026-03-18 09:58:41,UPI,Completed,54589.95
PAY_0004005,ORD_0004005,2026-08-20 18:11:02,Net Banking,Completed,17286.83
PAY_0004006,ORD_0004006,2025-12-18 23:23:19,Credit Card,Completed,71605.11
PAY_0004007,ORD_0004007,2025-12-06 20:29:26,Corporate Cheque,Completed,38257.08
PAY_0004008,ORD_0004008,2026-04-17 03:55:47,UPI,Completed,11748.34
PAY_0004009,ORD_0004009,2025-10-12 04:42:52,Corporate Cheque,Completed,49894.38
PAY_0004010,ORD_0004010,2026-04-10 01:09:09,Net Banking,Completed,31255.75
PAY_0004011,ORD_0004011,2026-08-24 10:15:34,UPI,Completed,63904.61
PAY_0004012,ORD_0004012,2025-10-17 01:38:44,UPI,Completed,46340.15
PAY_0004013,ORD_0004013,2026-08-12 16:05:10,UPI,Refunded,75931.7
PAY_0004014,ORD_0004014,2026-02-24 06:01:56,UPI,Completed,26901.67
PAY_0004015,ORD_0004015,2025-10-10 20:57:40,UPI,Completed,11375.64
PAY_0004016,ORD_0004016,2026-06-18 18:55:50,UPI,Completed,44289.07
PAY_0004017,ORD_0004017,2026-08-29 15:11:39,UPI,Completed,4470.62
PAY_0004018,ORD_0004018,2026-04-26 16:46:08,Credit Card,Completed,36461.01
PAY_0004019,ORD_0004019,2026-08-31 07:48:00,UPI,Completed,66705.52
PAY_0004020,ORD_0004020,2026-01-25 02:04:15,Credit Card,Completed,53618.22
PAY_0004021,ORD_0004021,2026-02-28 01:24:12,UPI,Completed,7220.71
PAY_0004022,ORD_0004022,2025-12-12 00:54:58,Net Banking,Refunded,49995.39
PAY_0004023,ORD_0004023,2025-10-16 02:04:16,Cash on Delivery,Completed,17606.36
PAY_0004024,ORD_0004024,2026-06-14 17:12:31,Net Banking,Completed,42591.82
PAY_0004025,ORD_0004025,2025-12-09 15:51:12,UPI,Completed,18930.69
PAY_0004026,ORD_0004026,2025-12-24 16:03:34,Cash on Delivery,Completed,36541.13
PAY_0004027,ORD_0004027,2026-07-03 13:46:48,Credit Card,Completed,25715.79
PAY_0004028,ORD_0004028,2026-04-17 02:53:03,UPI,Completed,45552.65
PAY_0004029,ORD_0004029,2026-08-02 03:38:57,UPI,Refunded,21244.66
PAY_0004030,ORD_0004030,2026-08-22 15:44:02,Corporate Cheque,Completed,33501.57
PAY_0004031,ORD_0004031,2025-12-16 16:36:44,Net Banking,Completed,58626.1
PAY_0004032,ORD_0004032,2026-07-05 07:27:23,Credit Card,Completed,14420.4
PAY_0004033,ORD_0004033,2026-07-17 13:46:14,UPI,Completed,47417.47
PAY_0004034,ORD_0004034,2026-01-06 03:39:34,UPI,Completed,52127.83
PAY_0004035,ORD_0004035,2025-12-22 04:51:52,Credit Card,Completed,82416.76
PAY_0004036,ORD_0004036,2025-10-20 19:42:18,Net Banking,Completed,33899.33
PAY_0004037,ORD_0004037,2026-05-10 16:33:33,UPI,Refunded,30627.26
PAY_0004038,ORD_0004038,2026-08-09 13:02:12,Credit Card,Completed,48124.3
PAY_0004039,ORD_0004039,2025-10-26 03:50:49,Credit Card,Completed,64114.85
PAY_0004040,ORD_0004040,2026-01-09 18:56:01,Net Banking,Completed,36314.67
PAY_0004041,ORD_0004041,2026-07-05 15:59:36,Net Banking,Completed,82908.71
PAY_0004042,ORD_0004042,2026-06-08 22:41:04,Credit Card,Completed,8359.27
PAY_0004043,ORD_0004043,2026-04-08 01:28:56,Cash on Delivery,Completed,46678.09
PAY_0004044,ORD_0004044,2026-03-29 10:20:34,UPI,Completed,23088.76
PAY_0004045,ORD_0004045,2026-01-21 19:45:46,Credit Card,Completed,6412.85
PAY_0004046,ORD_0004046,2026-08-25 11:43:10,UPI,Completed,78767.71
PAY_0004047,ORD_0004047,2026-01-15 11:21:20,Corporate Cheque,Completed,9851.01
PAY_0004048,ORD_0004048,2025-11-21 16:51:49,UPI,Completed,14220.3
PAY_0004049,ORD_0004049,2026-04-13 17:02:37,Net Banking,Completed,33791.97
PAY_0004050,ORD_0004050,2026-04-12 00:15:35,Credit Card,Completed,16274.85
PAY_0004051,ORD_0004051,2025-12-22 12:11:24,Credit Card,Completed,45604.48
PAY_0004052,ORD_0004052,2026-09-08 02:28:44,UPI,Completed,26372.91
PAY_0004053,ORD_0004053,2026-08-20 13:42:35,Credit Card,Completed,78321.67
PAY_0004054,ORD_0004054,2026-04-18 08:30:56,Net Banking,Completed,40381.76
PAY_0004055,ORD_0004055,2025-12-23 00:04:53,UPI,Completed,73300.14
PAY_0004056,ORD_0004056,2025-10-29 01:08:07,Cash on Delivery,Completed,77212.77
PAY_0004057,ORD_0004057,2025-10-20 11:52:46,Net Banking,Completed,73476.85
PAY_0004058,ORD_0004058,2026-01-13 07:51:24,UPI,Completed,17849.68
PAY_0004059,ORD_0004059,2026-06-08 16:44:14,Net Banking,Completed,77924.19
PAY_0004060,ORD_0004060,2026-01-14 18:00:14,Net Banking,Completed,66768.5
PAY_0004061,ORD_0004061,2026-04-07 04:39:15,Corporate Cheque,Completed,84036.8
PAY_0004062,ORD_0004062,2026-02-18 20:03:17,UPI,Completed,26819.43
PAY_0004063,ORD_0004063,2026-04-20 10:27:33,UPI,Completed,54663.87
PAY_0004064,ORD_0004064,2026-04-09 09:50:29,Net Banking,Completed,58576.55
PAY_0004065,ORD_0004065,2026-08-18 12:43:09,Credit Card,Completed,78634.41
PAY_0004066,ORD_0004066,2026-01-22 04:20:44,UPI,Completed,14103.91
PAY_0004067,ORD_0004067,2026-04-14 01:11:20,Credit Card,Completed,73208.25
PAY_0004068,ORD_0004068,2026-05-05 19:26:20,UPI,Completed,13485.11
PAY_0004069,ORD_0004069,2026-04-24 23:19:08,UPI,Completed,55085.11
PAY_0004070,ORD_0004070,2026-09-10 17:35:46,Cash on Delivery,Completed,7992.29
PAY_0004071,ORD_0004071,2026-07-28 13:43:59,Credit Card,Completed,22800.67
PAY_0004072,ORD_0004072,2025-10-14 00:29:57,Net Banking,Completed,61797.51
PAY_0004073,ORD_0004073,2026-09-06 11:54:56,Credit Card,Completed,71234.75
PAY_0004074,ORD_0004074,2026-04-21 02:22:49,Net Banking,Completed,65150.59
PAY_0004075,ORD_0004075,2025-11-11 09:24:49,UPI,Completed,42145.99
PAY_0004076,ORD_0004076,2026-08-04 22:09:32,Net Banking,Refunded,48328.79
PAY_0004077,ORD_0004077,2026-04-02 08:17:28,Net Banking,Completed,16121.39
PAY_0004078,ORD_0004078,2025-10-27 20:23:40,Net Banking,Completed,64610.26
PAY_0004079,ORD_0004079,2025-11-08 15:10:44,UPI,Completed,28434.51
PAY_0004080,ORD_0004080,2025-10-13 17:52:27,Credit Card,Completed,69084.82
PAY_0004081,ORD_0004081,2026-03-30 23:39:34,UPI,Completed,27698.87
PAY_0004082,ORD_0004082,2026-03-20 01:22:01,Net Banking,Completed,28154.07
PAY_0004083,ORD_0004083,2025-11-06 20:15:53,Credit Card,Completed,18808.86
PAY_0004084,ORD_0004084,2026-07-15 09:23:28,Net Banking,Completed,28991.45
PAY_0004085,ORD_0004085,2025-11-01 01:55:53,UPI,Completed,68907.1
PAY_0004086,ORD_0004086,2026-01-02 10:34:31,UPI,Completed,49431.77
PAY_0004087,ORD_0004087,2026-05-16 02:26:50,UPI,Refunded,16299.65
PAY_0004088,ORD_0004088,2026-07-15 10:04:29,UPI,Completed,76393.64
PAY_0004089,ORD_0004089,2026-01-12 20:01:24,Net Banking,Completed,10221.09
PAY_0004090,ORD_0004090,2025-12-15 06:30:20,UPI,Completed,76603.29
PAY_0004091,ORD_0004091,2025-11-01 15:46:49,Net Banking,Completed,27329.12
PAY_0004092,ORD_0004092,2025-10-12 16:53:55,UPI,Completed,27833.35
PAY_0004093,ORD_0004093,2025-11-25 07:01:31,Cash on Delivery,Completed,9586.51
PAY_0004094,ORD_0004094,2026-03-17 22:08:49,Credit Card,Completed,9286.24
PAY_0004095,ORD_0004095,2026-05-17 13:51:59,Cash on Delivery,Completed,54862.91
PAY_0004096,ORD_0004096,2026-05-28 23:22:28,Credit Card,Completed,28382.4
PAY_0004097,ORD_0004097,2026-08-20 13:30:13,UPI,Completed,69787.17
PAY_0004098,ORD_0004098,2026-04-26 15:57:44,Credit Card,Completed,10361.04
PAY_0004099,ORD_0004099,2026-08-27 01:56:34,Net Banking,Completed,44226.22
PAY_0004100,ORD_0004100,2026-04-15 18:32:02,Net Banking,Completed,71710.62
PAY_0004101,ORD_0004101,2025-11-20 23:56:23,Credit Card,Refunded,38095.69
PAY_0004102,ORD_0004102,2025-12-24 17:54:57,Net Banking,Completed,81044.21
PAY_0004103,ORD_0004103,2026-04-09 21:50:29,Cash on Delivery,Completed,10918.17
PAY_0004104,ORD_0004104,2026-03-11 18:39:22,UPI,Completed,75230.33
PAY_0004105,ORD_0004105,2026-04-11 04:01:34,UPI,Refunded,36353.86
PAY_0004106,ORD_0004106,2026-09-11 09:34:41,Credit Card,Completed,30223.78
PAY_0004107,ORD_0004107,2026-04-13 11:56:48,Net Banking,Completed,4543.42
PAY_0004108,ORD_0004108,2026-03-07 15:28:07,Credit Card,Completed,54730.08
PAY_0004109,ORD_0004109,2026-05-10 21:50:46,Corporate Cheque,Completed,24995.07
PAY_0004110,ORD_0004110,2025-11-05 16:14:54,UPI,Completed,62275.02
PAY_0004111,ORD_0004111,2026-04-10 02:59:20,UPI,Completed,79938.56
PAY_0004112,ORD_0004112,2026-03-20 22:04:40,Corporate Cheque,Completed,10250.1
PAY_0004113,ORD_0004113,2026-02-01 21:42:55,Cash on Delivery,Completed,37498.68
PAY_0004114,ORD_0004114,2026-07-21 19:40:32,Net Banking,Completed,10396.32
PAY_0004115,ORD_0004115,2026-03-13 19:01:57,Net Banking,Completed,38679.52
PAY_0004116,ORD_0004116,2026-02-22 03:58:00,UPI,Completed,37614.84
PAY_0004117,ORD_0004117,2026-01-28 19:00:16,Corporate Cheque,Completed,29839.72
PAY_0004118,ORD_0004118,2025-10-30 01:14:34,Credit Card,Completed,40366.78
PAY_0004119,ORD_0004119,2026-07-12 14:53:08,Credit Card,Completed,20848.01
PAY_0004120,ORD_0004120,2025-12-26 12:48:59,UPI,Completed,21834.91
PAY_0004121,ORD_0004121,2026-04-04 15:10:16,Cash on Delivery,Completed,13786.59
PAY_0004122,ORD_0004122,2026-06-10 06:12:37,Corporate Cheque,Completed,28411.81
PAY_0004123,ORD_0004123,2026-07-11 11:49:45,Credit Card,Completed,68250.62
PAY_0004124,ORD_0004124,2026-02-15 23:39:46,Net Banking,Completed,51162.77
PAY_0004125,ORD_0004125,2026-08-03 00:31:49,Net Banking,Completed,3549.21
PAY_0004126,ORD_0004126,2026-08-01 13:08:24,Cash on Delivery,Refunded,23599.63
PAY_0004127,ORD_0004127,2026-04-07 02:09:27,UPI,Completed,21940.47
PAY_0004128,ORD_0004128,2026-02-28 21:07:32,UPI,Completed,76646.06
PAY_0004129,ORD_0004129,2026-05-30 05:50:50,Credit Card,Completed,73809.06
PAY_0004130,ORD_0004130,2026-07-28 12:49:31,Credit Card,Completed,47063.15
PAY_0004131,ORD_0004131,2026-03-26 09:20:07,Credit Card,Completed,3210.06
PAY_0004132,ORD_0004132,2026-03-13 05:24:27,Credit Card,Completed,59288.14
PAY_0004133,ORD_0004133,2026-03-16 08:05:19,UPI,Completed,72746.58
PAY_0004134,ORD_0004134,2025-12-13 10:55:53,Credit Card,Completed,55402.03
PAY_0004135,ORD_0004135,2025-11-01 09:58:22,Credit Card,Completed,11106.84
PAY_0004136,ORD_0004136,2026-05-05 09:39:02,UPI,Completed,6480.97
PAY_0004137,ORD_0004137,2025-12-14 04:15:48,Credit Card,Completed,28657.69
PAY_0004138,ORD_0004138,2026-08-17 21:32:20,Credit Card,Completed,35668.87
PAY_0004139,ORD_0004139,2026-05-06 23:45:38,Net Banking,Completed,2312.93
PAY_0004140,ORD_0004140,2025-11-18 00:24:50,Credit Card,Completed,12737.91
PAY_0004141,ORD_0004141,2025-10-15 21:05:57,UPI,Completed,63615.02
PAY_0004142,ORD_0004142,2026-06-29 08:52:39,Net Banking,Completed,79780.21
PAY_0004143,ORD_0004143,2026-06-03 04:16:52,UPI,Completed,73011.22
PAY_0004144,ORD_0004144,2025-11-28 20:59:16,Credit Card,Completed,41216.4
PAY_0004145,ORD_0004145,2026-01-19 21:51:16,Cash on Delivery,Completed,66372.45
PAY_0004146,ORD_0004146,2025-12-17 08:57:35,UPI,Completed,62685.36
PAY_0004147,ORD_0004147,2026-05-05 02:48:32,UPI,Completed,18391.02
PAY_0004148,ORD_0004148,2025-12-22 21:38:17,Cash on Delivery,Completed,28953.11
PAY_0004149,ORD_0004149,2026-09-12 21:00:27,UPI,Completed,81031.02
PAY_0004150,ORD_0004150,2025-12-06 15:14:46,Net Banking,Completed,41564.44
PAY_0004151,ORD_0004151,2026-04-19 11:17:44,Corporate Cheque,Completed,35306.59
PAY_0004152,ORD_0004152,2025-11-14 03:27:42,Net Banking,Completed,84441.84
PAY_0004153,ORD_0004153,2026-06-20 18:45:15,Corporate Cheque,Completed,78204.74
PAY_0004154,ORD_0004154,2026-02-24 20:44:12,UPI,Completed,25085.33
PAY_0004155,ORD_0004155,2025-10-30 16:27:26,UPI,Completed,62143.76
PAY_0004156,ORD_0004156,2026-08-17 06:10:23,UPI,Completed,83355.35
PAY_0004157,ORD_0004157,2026-08-03 18:43:50,Net Banking,Completed,16628.66
PAY_0004158,ORD_0004158,2026-02-21 13:02:13,Cash on Delivery,Completed,72817.02
PAY_0004159,ORD_0004159,2026-07-11 07:20:14,Credit Card,Completed,36994.75
PAY_0004160,ORD_0004160,2026-09-03 13:21:26,Cash on Delivery,Completed,11682.15
PAY_0004161,ORD_0004161,2026-04-10 00:42:02,Credit Card,Completed,80125.59
PAY_0004162,ORD_0004162,2026-08-31 13:56:33,UPI,Completed,20796.56
PAY_0004163,ORD_0004163,2026-08-08 11:53:52,Net Banking,Completed,35388.8
PAY_0004164,ORD_0004164,2026-05-24 02:27:54,Cash on Delivery,Completed,37291.33
PAY_0004165,ORD_0004165,2026-07-03 05:52:35,Credit Card,Completed,83237.94
PAY_0004166,ORD_0004166,2026-02-07 01:07:57,UPI,Completed,12279.22
PAY_0004167,ORD_0004167,2025-12-30 02:43:12,Net Banking,Completed,32934.08
PAY_0004168,ORD_0004168,2026-01-13 01:04:16,UPI,Completed,67781.35
PAY_0004169,ORD_0004169,2025-12-01 01:08:11,Net Banking,Completed,8606.54
PAY_0004170,ORD_0004170,2026-06-27 06:02:09,Corporate Cheque,Completed,48762.24
PAY_0004171,ORD_0004171,2026-07-07 23:36:06,UPI,Completed,13623.76
PAY_0004172,ORD_0004172,2026-07-28 17:35:20,UPI,Completed,83285.97
PAY_0004173,ORD_0004173,2026-06-15 01:14:13,Net Banking,Completed,26718.75
PAY_0004174,ORD_0004174,2026-04-13 13:47:38,UPI,Completed,67429.17
PAY_0004175,ORD_0004175,2025-12-21 09:29:09,Net Banking,Completed,44563.71
PAY_0004176,ORD_0004176,2025-11-21 16:58:34,Net Banking,Completed,4097.3
PAY_0004177,ORD_0004177,2026-01-21 19:10:18,Corporate Cheque,Completed,42931.72
PAY_0004178,ORD_0004178,2026-04-17 00:59:43,UPI,Completed,39889.02
PAY_0004179,ORD_0004179,2025-10-31 10:58:32,Cash on Delivery,Completed,79506.59
PAY_0004180,ORD_0004180,2026-06-12 20:08:34,UPI,Refunded,45572.49
PAY_0004181,ORD_0004181,2026-04-18 09:47:34,Credit Card,Completed,21159.99
PAY_0004182,ORD_0004182,2026-01-10 16:51:38,Net Banking,Refunded,25225.42
PAY_0004183,ORD_0004183,2025-10-24 06:51:31,Net Banking,Completed,45551.32
PAY_0004184,ORD_0004184,2026-04-28 15:17:09,Cash on Delivery,Completed,2222.77
PAY_0004185,ORD_0004185,2026-05-29 19:07:16,Net Banking,Refunded,43052.94
PAY_0004186,ORD_0004186,2026-06-22 19:15:08,UPI,Completed,4739.89
PAY_0004187,ORD_0004187,2026-03-15 18:37:31,UPI,Completed,59531.7
PAY_0004188,ORD_0004188,2025-10-10 07:57:39,Credit Card,Completed,79050.92
PAY_0004189,ORD_0004189,2025-11-14 21:39:22,Net Banking,Completed,69976.16
PAY_0004190,ORD_0004190,2026-09-14 23:29:01,Cash on Delivery,Completed,34439.53
PAY_0004191,ORD_0004191,2026-06-21 03:03:03,Credit Card,Completed,39704.67
PAY_0004192,ORD_0004192,2025-11-30 09:43:02,Credit Card,Completed,52252.43
PAY_0004193,ORD_0004193,2025-11-06 03:21:57,UPI,Completed,44675.14
PAY_0004194,ORD_0004194,2026-06-18 17:35:43,Net Banking,Completed,21942.77
PAY_0004195,ORD_0004195,2026-03-11 17:52:02,Credit Card,Completed,46707.88
PAY_0004196,ORD_0004196,2026-06-27 11:50:44,Corporate Cheque,Completed,44282.07
PAY_0004197,ORD_0004197,2026-07-28 15:52:46,Corporate Cheque,Completed,60857.39
PAY_0004198,ORD_0004198,2026-03-22 06:40:26,UPI,Completed,79741.13
PAY_0004199,ORD_0004199,2026-01-06 08:07:03,Credit Card,Completed,48453.03
PAY_0004200,ORD_0004200,2026-07-29 08:31:00,Net Banking,Completed,30978.97
PAY_0004201,ORD_0004201,2026-07-17 06:11:48,UPI,Completed,12022.3
PAY_0004202,ORD_0004202,2025-10-22 10:29:47,Net Banking,Completed,11521.27
PAY_0004203,ORD_0004203,2025-11-07 06:38:13,Net Banking,Completed,25490.26
PAY_0004204,ORD_0004204,2026-05-05 01:59:34,Net Banking,Completed,25725.49
PAY_0004205,ORD_0004205,2026-08-24 03:08:38,UPI,Completed,65222.7
PAY_0004206,ORD_0004206,2026-01-04 23:11:01,Credit Card,Completed,15515.84
PAY_0004207,ORD_0004207,2026-05-06 18:39:41,UPI,Completed,62044.91
PAY_0004208,ORD_0004208,2026-06-14 13:11:46,Net Banking,Completed,16187.03
PAY_0004209,ORD_0004209,2026-09-02 08:56:10,Credit Card,Completed,69219.76
PAY_0004210,ORD_0004210,2026-06-29 01:40:51,Net Banking,Refunded,47562.28
PAY_0004211,ORD_0004211,2026-07-21 21:35:41,Cash on Delivery,Completed,62429.2
PAY_0004212,ORD_0004212,2026-06-07 01:31:21,Credit Card,Completed,54808.17
PAY_0004213,ORD_0004213,2026-07-28 10:59:40,Net Banking,Completed,33247.07
PAY_0004214,ORD_0004214,2025-10-25 13:19:47,Net Banking,Completed,41876.89
PAY_0004215,ORD_0004215,2025-11-17 13:23:27,Credit Card,Completed,12379.72
PAY_0004216,ORD_0004216,2026-01-09 04:58:37,Net Banking,Completed,52977.49
PAY_0004217,ORD_0004217,2026-08-13 20:58:06,UPI,Completed,11202.09
PAY_0004218,ORD_0004218,2026-05-24 17:49:56,UPI,Completed,44977.61
PAY_0004219,ORD_0004219,2026-07-08 21:12:45,UPI,Completed,6980.55
PAY_0004220,ORD_0004220,2025-11-22 02:19:46,UPI,Completed,50161.56
PAY_0004221,ORD_0004221,2026-08-07 20:52:45,Credit Card,Completed,53436.85
PAY_0004222,ORD_0004222,2026-05-26 21:13:57,UPI,Completed,56150.39
PAY_0004223,ORD_0004223,2026-04-21 06:39:55,Net Banking,Completed,60809.5
PAY_0004224,ORD_0004224,2025-11-15 08:26:42,Credit Card,Completed,12628.65
PAY_0004225,ORD_0004225,2026-07-16 23:44:44,UPI,Completed,29121.94
PAY_0004226,ORD_0004226,2025-12-11 10:28:54,UPI,Completed,53874.54
PAY_0004227,ORD_0004227,2026-05-19 17:43:31,UPI,Completed,80899.89
PAY_0004228,ORD_0004228,2026-03-24 11:47:55,UPI,Refunded,4006.21
PAY_0004229,ORD_0004229,2026-01-31 09:46:21,Credit Card,Completed,59805.35
PAY_0004230,ORD_0004230,2026-08-06 11:15:11,UPI,Completed,15935.61
PAY_0004231,ORD_0004231,2026-03-15 04:50:20,Net Banking,Completed,6803.91
PAY_0004232,ORD_0004232,2026-08-29 04:20:53,Credit Card,Completed,32224.04
PAY_0004233,ORD_0004233,2026-07-10 15:21:26,Net Banking,Completed,80494.14
PAY_0004234,ORD_0004234,2026-07-19 03:31:27,UPI,Completed,57959.32
PAY_0004235,ORD_0004235,2026-06-13 17:48:04,Cash on Delivery,Completed,46029.64
PAY_0004236,ORD_0004236,2026-04-05 16:33:44,UPI,Completed,62013.64
PAY_0004237,ORD_0004237,2026-02-07 18:25:44,UPI,Completed,69428.48
PAY_0004238,ORD_0004238,2026-07-23 02:44:47,Cash on Delivery,Completed,35349.1
PAY_0004239,ORD_0004239,2026-02-23 14:41:08,Cash on Delivery,Completed,30815.06
PAY_0004240,ORD_0004240,2026-09-04 19:49:25,Net Banking,Completed,26829.77
PAY_0004241,ORD_0004241,2026-06-30 21:46:56,Corporate Cheque,Completed,13701.04
PAY_0004242,ORD_0004242,2025-10-30 19:50:21,Net Banking,Completed,9414.27
PAY_0004243,ORD_0004243,2026-06-03 10:49:14,Net Banking,Completed,75059.1
PAY_0004244,ORD_0004244,2026-09-07 04:12:27,UPI,Completed,24477.12
PAY_0004245,ORD_0004245,2026-07-08 20:01:19,Credit Card,Completed,52457.88
PAY_0004246,ORD_0004246,2026-08-06 16:12:24,UPI,Completed,48815.52
PAY_0004247,ORD_0004247,2025-11-23 08:29:26,UPI,Refunded,66931.65
PAY_0004248,ORD_0004248,2026-02-22 22:27:32,Credit Card,Completed,28991.38
PAY_0004249,ORD_0004249,2026-08-27 21:55:06,UPI,Completed,5664.37
PAY_0004250,ORD_0004250,2025-12-02 15:49:57,Net Banking,Completed,20678.15
PAY_0004251,ORD_0004251,2026-05-30 12:41:27,UPI,Completed,5285.31
PAY_0004252,ORD_0004252,2026-01-08 22:40:45,UPI,Completed,38357.0
PAY_0004253,ORD_0004253,2026-06-11 01:34:17,Cash on Delivery,Completed,28769.76
PAY_0004254,ORD_0004254,2026-05-30 19:20:27,Credit Card,Completed,81437.81
PAY_0004255,ORD_0004255,2026-01-13 03:09:31,Net Banking,Completed,31247.94
PAY_0004256,ORD_0004256,2026-01-15 19:45:30,UPI,Completed,48662.58
PAY_0004257,ORD_0004257,2025-11-29 21:27:33,Credit Card,Completed,54078.85
PAY_0004258,ORD_0004258,2025-11-10 03:03:23,UPI,Completed,80425.5
PAY_0004259,ORD_0004259,2026-02-21 16:13:27,UPI,Completed,16570.64
PAY_0004260,ORD_0004260,2026-04-02 02:26:47,UPI,Completed,19532.2
PAY_0004261,ORD_0004261,2026-03-18 11:09:19,UPI,Completed,43448.42
PAY_0004262,ORD_0004262,2026-01-14 05:18:25,UPI,Completed,21189.22
PAY_0004263,ORD_0004263,2025-11-10 15:20:06,Net Banking,Completed,26072.64
PAY_0004264,ORD_0004264,2026-05-10 20:47:07,Cash on Delivery,Completed,10252.65
PAY_0004265,ORD_0004265,2026-03-24 01:06:46,Net Banking,Completed,62585.22
PAY_0004266,ORD_0004266,2026-01-05 16:50:05,Corporate Cheque,Completed,27348.92
PAY_0004267,ORD_0004267,2026-06-18 10:32:33,UPI,Completed,26540.69
PAY_0004268,ORD_0004268,2026-07-10 09:50:53,Net Banking,Completed,13280.86
PAY_0004269,ORD_0004269,2026-06-19 00:30:27,UPI,Completed,30866.61
PAY_0004270,ORD_0004270,2026-07-22 03:52:35,UPI,Completed,71914.05
PAY_0004271,ORD_0004271,2026-07-20 05:59:10,Credit Card,Completed,65823.55
PAY_0004272,ORD_0004272,2026-08-01 03:05:49,Cash on Delivery,Refunded,75939.52
PAY_0004273,ORD_0004273,2026-06-14 20:18:10,Net Banking,Completed,3044.73
PAY_0004274,ORD_0004274,2026-09-05 08:57:09,Net Banking,Completed,24450.06
PAY_0004275,ORD_0004275,2026-02-25 10:40:50,UPI,Completed,4984.71
PAY_0004276,ORD_0004276,2026-03-16 10:13:15,UPI,Completed,18315.11
PAY_0004277,ORD_0004277,2025-12-22 02:58:16,Net Banking,Completed,31105.69
PAY_0004278,ORD_0004278,2026-05-22 10:52:04,Net Banking,Completed,18245.99
PAY_0004279,ORD_0004279,2026-04-17 09:47:40,UPI,Completed,31371.62
PAY_0004280,ORD_0004280,2025-10-21 06:48:22,UPI,Refunded,79074.74
PAY_0004281,ORD_0004281,2026-08-13 22:00:47,Net Banking,Completed,69617.68
PAY_0004282,ORD_0004282,2026-02-08 08:23:07,UPI,Completed,3290.42
PAY_0004283,ORD_0004283,2026-06-20 04:19:28,UPI,Completed,32276.42
PAY_0004284,ORD_0004284,2026-04-18 19:40:51,UPI,Completed,42854.63
PAY_0004285,ORD_0004285,2025-10-25 21:55:54,UPI,Completed,61727.83
PAY_0004286,ORD_0004286,2025-12-14 09:46:24,Net Banking,Completed,76639.76
PAY_0004287,ORD_0004287,2026-09-08 17:09:09,Credit Card,Completed,81735.89
PAY_0004288,ORD_0004288,2026-01-14 00:52:59,Net Banking,Completed,73616.97
PAY_0004289,ORD_0004289,2026-01-31 14:45:08,Cash on Delivery,Completed,84340.16
PAY_0004290,ORD_0004290,2025-10-28 14:50:52,UPI,Completed,53302.21
PAY_0004291,ORD_0004291,2026-04-27 19:34:25,UPI,Refunded,61974.7
PAY_0004292,ORD_0004292,2026-02-04 00:49:16,UPI,Completed,52864.8
PAY_0004293,ORD_0004293,2026-04-21 07:05:15,Credit Card,Completed,24557.28
PAY_0004294,ORD_0004294,2026-08-15 03:29:11,Net Banking,Completed,3440.78
PAY_0004295,ORD_0004295,2026-06-04 04:30:46,UPI,Completed,12934.64
PAY_0004296,ORD_0004296,2026-07-09 16:10:36,Corporate Cheque,Completed,13619.04
PAY_0004297,ORD_0004297,2025-11-08 21:11:27,Cash on Delivery,Completed,23774.07
PAY_0004298,ORD_0004298,2025-12-17 00:18:00,Credit Card,Completed,36135.1
PAY_0004299,ORD_0004299,2025-10-20 00:51:52,Credit Card,Refunded,8463.81
PAY_0004300,ORD_0004300,2026-04-17 19:12:52,UPI,Completed,9064.28
PAY_0004301,ORD_0004301,2026-08-07 03:22:48,UPI,Completed,9778.2
PAY_0004302,ORD_0004302,2026-01-30 05:35:11,UPI,Completed,10698.35
PAY_0004303,ORD_0004303,2026-04-14 03:36:42,UPI,Completed,24423.55
PAY_0004304,ORD_0004304,2026-05-31 05:40:46,Credit Card,Completed,21407.73
PAY_0004305,ORD_0004305,2026-03-20 07:54:05,Net Banking,Completed,60646.82
PAY_0004306,ORD_0004306,2025-11-05 02:17:20,UPI,Completed,27269.35
PAY_0004307,ORD_0004307,2026-04-21 16:36:44,UPI,Refunded,34659.1
PAY_0004308,ORD_0004308,2026-03-14 18:18:33,UPI,Completed,57154.24
PAY_0004309,ORD_0004309,2025-12-15 03:41:46,Credit Card,Completed,16872.45
PAY_0004310,ORD_0004310,2025-11-02 00:50:17,UPI,Completed,25829.29
PAY_0004311,ORD_0004311,2026-06-04 00:19:06,Cash on Delivery,Completed,20164.66
PAY_0004312,ORD_0004312,2025-10-08 05:18:05,Net Banking,Completed,51123.38
PAY_0004313,ORD_0004313,2026-01-01 05:59:42,Credit Card,Completed,69792.96
PAY_0004314,ORD_0004314,2025-12-30 12:41:11,UPI,Completed,65332.56
PAY_0004315,ORD_0004315,2026-08-29 20:50:03,UPI,Completed,3647.74
PAY_0004316,ORD_0004316,2025-10-24 06:18:44,UPI,Completed,46970.63
PAY_0004317,ORD_0004317,2025-11-30 11:46:01,Cash on Delivery,Completed,74631.35
PAY_0004318,ORD_0004318,2026-01-04 04:57:21,UPI,Completed,26988.62
PAY_0004319,ORD_0004319,2025-12-25 08:48:18,Corporate Cheque,Completed,7009.88
PAY_0004320,ORD_0004320,2026-09-11 02:53:46,Cash on Delivery,Completed,13288.89
PAY_0004321,ORD_0004321,2026-06-20 05:32:51,Credit Card,Completed,75839.83
PAY_0004322,ORD_0004322,2026-02-02 04:13:16,UPI,Completed,74026.06
PAY_0004323,ORD_0004323,2026-04-03 07:02:18,UPI,Completed,56420.48
PAY_0004324,ORD_0004324,2026-04-30 05:20:22,UPI,Completed,11442.61
PAY_0004325,ORD_0004325,2026-06-23 18:29:35,Cash on Delivery,Completed,21011.37
PAY_0004326,ORD_0004326,2026-01-10 17:53:59,Cash on Delivery,Completed,68858.71
PAY_0004327,ORD_0004327,2026-07-14 23:26:30,UPI,Completed,39485.06
PAY_0004328,ORD_0004328,2026-07-18 16:58:41,UPI,Completed,62035.25
PAY_0004329,ORD_0004329,2026-08-20 00:44:21,UPI,Completed,63484.49
PAY_0004330,ORD_0004330,2026-03-09 02:03:59,Net Banking,Completed,28747.05
PAY_0004331,ORD_0004331,2026-05-31 19:56:35,UPI,Completed,71032.94
PAY_0004332,ORD_0004332,2026-05-10 21:40:50,Net Banking,Completed,38974.84
PAY_0004333,ORD_0004333,2026-05-19 15:38:41,UPI,Completed,76234.18
PAY_0004334,ORD_0004334,2025-12-04 04:08:49,UPI,Completed,83140.07
PAY_0004335,ORD_0004335,2026-07-17 07:56:37,Net Banking,Completed,43439.14
PAY_0004336,ORD_0004336,2026-04-15 18:52:03,Net Banking,Refunded,35231.77
PAY_0004337,ORD_0004337,2026-01-28 17:05:51,UPI,Completed,30015.25
PAY_0004338,ORD_0004338,2026-08-03 09:26:31,UPI,Completed,40309.41
PAY_0004339,ORD_0004339,2026-01-05 08:49:02,Net Banking,Completed,56610.7
PAY_0004340,ORD_0004340,2026-03-25 10:09:44,Cash on Delivery,Completed,27314.74
PAY_0004341,ORD_0004341,2026-07-21 13:13:14,Credit Card,Refunded,32636.36
PAY_0004342,ORD_0004342,2026-01-30 14:37:25,Net Banking,Completed,83448.67
PAY_0004343,ORD_0004343,2026-01-10 08:13:58,UPI,Completed,67439.03
PAY_0004344,ORD_0004344,2026-03-30 17:39:14,UPI,Completed,7624.02
PAY_0004345,ORD_0004345,2025-11-30 09:59:05,UPI,Completed,29820.26
PAY_0004346,ORD_0004346,2025-10-29 21:40:47,Net Banking,Completed,42840.49
PAY_0004347,ORD_0004347,2026-02-03 02:37:21,Cash on Delivery,Completed,57935.66
PAY_0004348,ORD_0004348,2026-04-08 17:06:56,UPI,Completed,78786.14
PAY_0004349,ORD_0004349,2026-04-10 19:54:07,UPI,Completed,15033.37
PAY_0004350,ORD_0004350,2026-03-24 23:34:19,UPI,Completed,39884.74
PAY_0004351,ORD_0004351,2026-05-25 04:16:28,Net Banking,Completed,61885.54
PAY_0004352,ORD_0004352,2026-02-09 04:31:41,UPI,Refunded,57199.37
PAY_0004353,ORD_0004353,2025-10-11 04:14:51,UPI,Completed,77966.98
PAY_0004354,ORD_0004354,2025-12-29 17:27:07,UPI,Completed,69119.85
PAY_0004355,ORD_0004355,2025-11-19 12:14:56,Net Banking,Completed,43071.66
PAY_0004356,ORD_0004356,2025-12-28 15:24:45,Net Banking,Completed,20599.16
PAY_0004357,ORD_0004357,2025-11-20 23:44:57,UPI,Completed,11274.23
PAY_0004358,ORD_0004358,2026-04-13 10:20:59,Net Banking,Refunded,55470.02
PAY_0004359,ORD_0004359,2025-11-14 04:11:51,Credit Card,Completed,5665.47
PAY_0004360,ORD_0004360,2026-05-01 23:57:41,Credit Card,Completed,16396.81
PAY_0004361,ORD_0004361,2026-04-18 14:21:03,Cash on Delivery,Completed,40325.55
PAY_0004362,ORD_0004362,2026-06-09 17:04:52,Net Banking,Completed,77258.83
PAY_0004363,ORD_0004363,2025-12-16 21:44:26,UPI,Completed,38479.87
PAY_0004364,ORD_0004364,2025-11-18 13:08:24,Credit Card,Completed,6303.93
PAY_0004365,ORD_0004365,2026-03-17 08:37:08,Net Banking,Completed,49672.52
PAY_0004366,ORD_0004366,2025-10-05 00:48:38,Net Banking,Completed,29962.29
PAY_0004367,ORD_0004367,2025-10-09 07:32:43,Credit Card,Completed,25079.0
PAY_0004368,ORD_0004368,2026-08-06 08:59:29,Credit Card,Completed,64692.08
PAY_0004369,ORD_0004369,2025-11-08 23:54:14,Net Banking,Refunded,15135.47
PAY_0004370,ORD_0004370,2025-12-18 19:50:51,Net Banking,Completed,24324.92
PAY_0004371,ORD_0004371,2025-11-12 22:56:44,Credit Card,Completed,47904.97
PAY_0004372,ORD_0004372,2026-04-12 13:00:25,Credit Card,Completed,74525.99
PAY_0004373,ORD_0004373,2026-02-14 05:08:02,UPI,Completed,39202.58
PAY_0004374,ORD_0004374,2026-04-07 22:46:34,Corporate Cheque,Completed,77883.68
PAY_0004375,ORD_0004375,2025-12-05 01:12:27,Credit Card,Completed,71027.93
PAY_0004376,ORD_0004376,2026-07-28 03:06:53,Credit Card,Completed,83722.17
PAY_0004377,ORD_0004377,2025-11-17 22:12:28,Credit Card,Completed,80102.87
PAY_0004378,ORD_0004378,2026-03-17 23:48:44,Cash on Delivery,Completed,1409.73
PAY_0004379,ORD_0004379,2025-12-18 00:07:29,Cash on Delivery,Completed,13754.04
PAY_0004380,ORD_0004380,2025-10-06 19:14:10,UPI,Completed,25830.52
PAY_0004381,ORD_0004381,2026-03-29 22:23:42,UPI,Completed,65504.01
PAY_0004382,ORD_0004382,2026-02-16 02:14:46,UPI,Completed,9892.31
PAY_0004383,ORD_0004383,2026-02-14 21:09:45,Net Banking,Completed,64759.75
PAY_0004384,ORD_0004384,2025-12-13 16:36:22,UPI,Completed,3879.97
PAY_0004385,ORD_0004385,2025-11-23 21:47:21,Net Banking,Completed,1670.7
PAY_0004386,ORD_0004386,2026-04-12 06:53:56,UPI,Completed,26881.75
PAY_0004387,ORD_0004387,2026-09-07 10:09:31,UPI,Completed,3248.02
PAY_0004388,ORD_0004388,2026-05-04 19:01:38,Credit Card,Completed,73592.41
PAY_0004389,ORD_0004389,2025-11-10 19:03:03,UPI,Completed,73927.02
PAY_0004390,ORD_0004390,2026-03-10 22:49:40,Cash on Delivery,Completed,17210.91
PAY_0004391,ORD_0004391,2025-11-08 03:56:44,Net Banking,Completed,65124.34
PAY_0004392,ORD_0004392,2026-03-30 07:25:44,Credit Card,Completed,59122.51
PAY_0004393,ORD_0004393,2026-02-25 14:00:54,UPI,Completed,37381.71
PAY_0004394,ORD_0004394,2026-08-07 09:21:45,Credit Card,Completed,55410.27
PAY_0004395,ORD_0004395,2026-04-21 20:36:17,Net Banking,Completed,54232.66
PAY_0004396,ORD_0004396,2026-03-26 16:34:32,UPI,Completed,1871.55
PAY_0004397,ORD_0004397,2026-08-05 21:19:53,Net Banking,Completed,60369.05
PAY_0004398,ORD_0004398,2026-01-07 21:45:10,Corporate Cheque,Completed,34281.21
PAY_0004399,ORD_0004399,2026-04-08 08:50:28,Credit Card,Completed,33823.02
PAY_0004400,ORD_0004400,2026-04-28 00:01:25,UPI,Completed,1829.74
PAY_0004401,ORD_0004401,2026-02-23 20:31:35,Net Banking,Completed,63235.33
PAY_0004402,ORD_0004402,2026-08-16 17:34:14,Net Banking,Completed,84869.85
PAY_0004403,ORD_0004403,2025-11-13 08:42:07,Net Banking,Completed,58835.8
PAY_0004404,ORD_0004404,2026-06-22 09:00:00,UPI,Completed,69777.79
PAY_0004405,ORD_0004405,2026-03-24 14:04:49,Credit Card,Completed,73765.65
PAY_0004406,ORD_0004406,2026-05-13 03:50:38,Net Banking,Completed,57617.46
PAY_0004407,ORD_0004407,2026-01-25 00:34:18,Cash on Delivery,Completed,52259.09
PAY_0004408,ORD_0004408,2026-06-01 12:11:47,UPI,Completed,47730.56
PAY_0004409,ORD_0004409,2026-04-30 21:04:05,Net Banking,Completed,3766.16
PAY_0004410,ORD_0004410,2026-08-17 02:44:29,Net Banking,Completed,5174.42
PAY_0004411,ORD_0004411,2026-07-31 13:53:17,Net Banking,Completed,11889.32
PAY_0004412,ORD_0004412,2026-02-16 20:33:29,UPI,Completed,81811.78
PAY_0004413,ORD_0004413,2026-08-06 21:57:05,UPI,Completed,55430.41
PAY_0004414,ORD_0004414,2025-10-01 22:17:39,Credit Card,Completed,48150.93
PAY_0004415,ORD_0004415,2026-07-23 20:41:29,Credit Card,Refunded,31027.67
PAY_0004416,ORD_0004416,2026-01-18 14:18:27,UPI,Completed,21775.17
PAY_0004417,ORD_0004417,2026-08-16 14:18:10,UPI,Completed,45514.13
PAY_0004418,ORD_0004418,2026-08-18 07:18:31,UPI,Refunded,81543.79
PAY_0004419,ORD_0004419,2026-06-21 08:44:45,UPI,Completed,74549.03
PAY_0004420,ORD_0004420,2026-06-26 02:54:10,Net Banking,Completed,66021.97
PAY_0004421,ORD_0004421,2026-05-16 02:48:08,Cash on Delivery,Refunded,42339.0
PAY_0004422,ORD_0004422,2026-04-23 14:02:21,Credit Card,Completed,79887.46
PAY_0004423,ORD_0004423,2026-09-06 07:08:36,UPI,Completed,12326.42
PAY_0004424,ORD_0004424,2026-06-21 22:18:07,UPI,Refunded,63425.44
PAY_0004425,ORD_0004425,2025-11-16 21:40:00,Cash on Delivery,Completed,79284.19
PAY_0004426,ORD_0004426,2026-05-15 03:36:33,UPI,Completed,68773.94
PAY_0004427,ORD_0004427,2025-10-22 15:51:55,Net Banking,Completed,84647.21
PAY_0004428,ORD_0004428,2026-07-31 03:26:38,Net Banking,Refunded,74593.82
PAY_0004429,ORD_0004429,2025-12-02 16:16:36,Net Banking,Completed,69030.18
PAY_0004430,ORD_0004430,2026-05-14 07:01:47,UPI,Completed,17917.0
PAY_0004431,ORD_0004431,2026-03-17 13:57:45,Credit Card,Completed,63484.38
PAY_0004432,ORD_0004432,2026-02-16 01:56:34,UPI,Completed,40115.3
PAY_0004433,ORD_0004433,2026-08-15 12:32:55,UPI,Completed,37115.24
PAY_0004434,ORD_0004434,2026-01-30 00:56:01,Net Banking,Completed,45644.99
PAY_0004435,ORD_0004435,2026-01-14 04:05:16,UPI,Completed,3047.15
PAY_0004436,ORD_0004436,2026-01-10 23:02:37,Net Banking,Completed,59339.05
PAY_0004437,ORD_0004437,2025-11-22 03:57:03,UPI,Refunded,75929.77
PAY_0004438,ORD_0004438,2026-03-16 22:53:58,Credit Card,Completed,38938.65
PAY_0004439,ORD_0004439,2025-12-04 04:10:59,Corporate Cheque,Completed,23986.37
PAY_0004440,ORD_0004440,2026-04-24 04:25:35,UPI,Completed,83519.12
PAY_0004441,ORD_0004441,2026-07-27 07:22:43,Net Banking,Completed,33539.8
PAY_0004442,ORD_0004442,2026-05-09 08:24:37,Net Banking,Completed,21178.57
PAY_0004443,ORD_0004443,2026-04-15 19:47:14,UPI,Completed,75819.36
PAY_0004444,ORD_0004444,2026-05-23 09:46:37,Credit Card,Refunded,14722.48
PAY_0004445,ORD_0004445,2026-02-26 03:09:34,UPI,Completed,7333.63
PAY_0004446,ORD_0004446,2026-05-02 05:12:48,Cash on Delivery,Completed,52121.08
PAY_0004447,ORD_0004447,2026-05-11 13:23:57,UPI,Completed,70164.61
PAY_0004448,ORD_0004448,2026-01-08 09:50:31,Net Banking,Completed,23139.04
PAY_0004449,ORD_0004449,2026-04-08 05:08:05,Net Banking,Completed,3232.42
PAY_0004450,ORD_0004450,2026-03-04 00:12:43,Net Banking,Completed,60826.64
PAY_0004451,ORD_0004451,2025-12-03 21:41:37,UPI,Completed,65148.31
PAY_0004452,ORD_0004452,2025-10-15 19:13:27,UPI,Completed,5605.95
PAY_0004453,ORD_0004453,2026-08-12 16:06:07,UPI,Completed,7918.23
PAY_0004454,ORD_0004454,2026-06-15 09:07:35,Credit Card,Completed,57687.32
PAY_0004455,ORD_0004455,2026-04-14 08:36:42,UPI,Completed,28480.91
PAY_0004456,ORD_0004456,2026-05-26 02:20:57,Corporate Cheque,Completed,35211.3
PAY_0004457,ORD_0004457,2026-09-07 20:26:06,UPI,Completed,27487.13
PAY_0004458,ORD_0004458,2026-02-04 17:26:04,UPI,Completed,19618.79
PAY_0004459,ORD_0004459,2025-11-20 04:27:17,Net Banking,Completed,53972.97
PAY_0004460,ORD_0004460,2026-03-22 02:16:28,Credit Card,Completed,25649.83
PAY_0004461,ORD_0004461,2026-06-09 01:56:05,UPI,Completed,39726.19
PAY_0004462,ORD_0004462,2026-04-03 00:10:17,Credit Card,Completed,46976.07
PAY_0004463,ORD_0004463,2026-08-09 17:09:46,UPI,Completed,44079.66
PAY_0004464,ORD_0004464,2026-07-10 06:16:48,UPI,Completed,3525.12
PAY_0004465,ORD_0004465,2026-04-13 04:14:22,Net Banking,Completed,38008.73
PAY_0004466,ORD_0004466,2026-01-02 09:51:10,Net Banking,Completed,36362.15
PAY_0004467,ORD_0004467,2025-11-13 07:19:28,Net Banking,Completed,46974.51
PAY_0004468,ORD_0004468,2026-08-26 23:36:30,Net Banking,Completed,64908.3
PAY_0004469,ORD_0004469,2026-05-13 08:49:16,Net Banking,Completed,75192.13
PAY_0004470,ORD_0004470,2025-10-29 00:49:06,UPI,Completed,885.23
PAY_0004471,ORD_0004471,2026-02-28 07:20:58,Corporate Cheque,Refunded,32134.57
PAY_0004472,ORD_0004472,2026-03-21 11:20:20,Credit Card,Completed,46511.65
PAY_0004473,ORD_0004473,2025-10-30 01:49:48,Net Banking,Completed,41888.45
PAY_0004474,ORD_0004474,2026-02-23 21:57:10,Cash on Delivery,Completed,43234.26
PAY_0004475,ORD_0004475,2026-04-11 14:05:58,Net Banking,Completed,7692.56
PAY_0004476,ORD_0004476,2026-05-18 03:25:46,Credit Card,Completed,75211.53
PAY_0004477,ORD_0004477,2025-11-15 14:18:01,UPI,Completed,6531.65
PAY_0004478,ORD_0004478,2026-01-20 10:47:13,Corporate Cheque,Completed,6270.22
PAY_0004479,ORD_0004479,2026-01-14 08:27:44,Net Banking,Completed,55028.62
PAY_0004480,ORD_0004480,2026-09-13 20:18:07,UPI,Completed,75591.56
PAY_0004481,ORD_0004481,2026-08-28 20:05:02,Net Banking,Completed,32568.49
PAY_0004482,ORD_0004482,2026-06-23 20:27:07,UPI,Completed,46453.84
PAY_0004483,ORD_0004483,2026-01-14 19:54:34,Cash on Delivery,Completed,1996.84
PAY_0004484,ORD_0004484,2026-06-30 05:28:19,UPI,Refunded,72674.26
PAY_0004485,ORD_0004485,2026-06-17 19:06:21,Credit Card,Completed,8911.41
PAY_0004486,ORD_0004486,2026-05-26 15:41:45,Net Banking,Completed,75675.78
PAY_0004487,ORD_0004487,2026-04-24 02:10:39,Cash on Delivery,Completed,63843.68
PAY_0004488,ORD_0004488,2026-06-24 04:39:04,UPI,Completed,17132.41
PAY_0004489,ORD_0004489,2025-10-29 00:13:15,UPI,Completed,1902.29
PAY_0004490,ORD_0004490,2026-05-23 15:21:19,Net Banking,Completed,55802.48
PAY_0004491,ORD_0004491,2025-12-16 13:59:59,Credit Card,Completed,45087.24
PAY_0004492,ORD_0004492,2026-07-15 15:13:16,Cash on Delivery,Refunded,58246.52
PAY_0004493,ORD_0004493,2025-11-07 12:30:50,Credit Card,Completed,81379.71
PAY_0004494,ORD_0004494,2025-12-04 21:10:54,Credit Card,Completed,20355.02
PAY_0004495,ORD_0004495,2026-09-05 15:08:54,Net Banking,Completed,52633.5
PAY_0004496,ORD_0004496,2025-12-31 17:24:11,Credit Card,Completed,811.71
PAY_0004497,ORD_0004497,2026-06-19 13:02:01,Credit Card,Refunded,76341.4
PAY_0004498,ORD_0004498,2026-07-07 07:31:50,UPI,Completed,47888.19
PAY_0004499,ORD_0004499,2025-10-01 05:28:25,Credit Card,Completed,14495.24
PAY_0004500,ORD_0004500,2026-06-27 12:59:38,UPI,Completed,13445.07
PAY_0004501,ORD_0004501,2026-04-10 06:53:29,UPI,Completed,41048.29
PAY_0004502,ORD_0004502,2026-06-04 02:33:43,UPI,Completed,65094.62
PAY_0004503,ORD_0004503,2026-04-12 10:04:38,UPI,Completed,12859.82
PAY_0004504,ORD_0004504,2026-01-02 05:40:17,UPI,Completed,14168.45
PAY_0004505,ORD_0004505,2026-09-08 12:04:08,Net Banking,Completed,45543.2
PAY_0004506,ORD_0004506,2026-09-11 01:57:25,UPI,Completed,34649.0
PAY_0004507,ORD_0004507,2026-05-26 22:37:29,UPI,Completed,44247.75
PAY_0004508,ORD_0004508,2026-06-27 06:01:19,Net Banking,Completed,6339.12
PAY_0004509,ORD_0004509,2026-03-09 11:48:16,Credit Card,Completed,81311.49
PAY_0004510,ORD_0004510,2026-05-19 18:29:18,Net Banking,Completed,46929.6
PAY_0004511,ORD_0004511,2026-01-21 12:59:34,Credit Card,Completed,60188.32
PAY_0004512,ORD_0004512,2026-03-23 10:39:26,UPI,Completed,5114.14
PAY_0004513,ORD_0004513,2025-10-06 21:02:46,Net Banking,Completed,68642.27
PAY_0004514,ORD_0004514,2025-11-25 17:59:22,Corporate Cheque,Completed,84603.04
PAY_0004515,ORD_0004515,2026-06-24 16:15:20,Net Banking,Completed,53251.04
PAY_0004516,ORD_0004516,2026-05-04 19:50:40,Net Banking,Completed,49913.89
PAY_0004517,ORD_0004517,2025-11-13 20:03:44,Net Banking,Completed,24349.24
PAY_0004518,ORD_0004518,2026-02-27 07:58:09,UPI,Completed,61454.27
PAY_0004519,ORD_0004519,2026-06-18 18:55:03,Cash on Delivery,Completed,82908.32
PAY_0004520,ORD_0004520,2026-07-30 21:12:43,UPI,Completed,8029.06
PAY_0004521,ORD_0004521,2026-08-28 15:12:35,Credit Card,Completed,44491.54
PAY_0004522,ORD_0004522,2025-11-18 22:47:30,UPI,Refunded,51550.75
PAY_0004523,ORD_0004523,2026-07-06 12:24:32,UPI,Refunded,67115.16
PAY_0004524,ORD_0004524,2026-01-15 11:14:10,Net Banking,Completed,55172.98
PAY_0004525,ORD_0004525,2025-10-27 15:49:46,Corporate Cheque,Refunded,15136.86
PAY_0004526,ORD_0004526,2026-01-20 10:16:02,Net Banking,Completed,5517.39
PAY_0004527,ORD_0004527,2025-10-14 02:01:23,Net Banking,Completed,1866.23
PAY_0004528,ORD_0004528,2026-06-11 00:56:33,Credit Card,Refunded,61434.39
PAY_0004529,ORD_0004529,2026-01-19 02:30:13,UPI,Completed,56647.12
PAY_0004530,ORD_0004530,2025-12-05 18:23:44,Credit Card,Completed,41720.08
PAY_0004531,ORD_0004531,2025-11-05 10:53:10,Credit Card,Completed,20140.89
PAY_0004532,ORD_0004532,2026-08-26 04:12:15,Net Banking,Completed,48391.47
PAY_0004533,ORD_0004533,2026-03-29 09:34:57,UPI,Completed,61008.72
PAY_0004534,ORD_0004534,2026-02-26 11:18:08,UPI,Completed,7834.05
PAY_0004535,ORD_0004535,2026-01-11 18:37:11,Corporate Cheque,Completed,29002.94
PAY_0004536,ORD_0004536,2026-07-25 01:29:49,Credit Card,Completed,39354.92
PAY_0004537,ORD_0004537,2026-01-31 00:51:50,Net Banking,Refunded,34016.67
PAY_0004538,ORD_0004538,2026-06-14 00:05:04,UPI,Completed,43260.97
PAY_0004539,ORD_0004539,2025-11-15 02:06:22,Net Banking,Completed,61438.3
PAY_0004540,ORD_0004540,2025-10-04 23:41:08,Net Banking,Completed,22222.04
PAY_0004541,ORD_0004541,2025-12-21 22:48:50,UPI,Completed,14511.16
PAY_0004542,ORD_0004542,2026-03-22 04:44:11,Net Banking,Completed,77740.37
PAY_0004543,ORD_0004543,2026-04-17 15:33:29,Credit Card,Completed,10878.76
PAY_0004544,ORD_0004544,2026-03-20 06:42:22,Cash on Delivery,Completed,46200.63
PAY_0004545,ORD_0004545,2026-04-22 03:35:26,Credit Card,Completed,30753.49
PAY_0004546,ORD_0004546,2025-12-21 05:11:50,UPI,Completed,64052.75
PAY_0004547,ORD_0004547,2026-04-20 20:53:26,Cash on Delivery,Completed,5843.36
PAY_0004548,ORD_0004548,2026-05-20 06:22:16,Credit Card,Completed,10434.96
PAY_0004549,ORD_0004549,2026-05-14 13:41:22,Credit Card,Completed,16026.52
PAY_0004550,ORD_0004550,2026-07-05 09:50:22,Credit Card,Completed,43505.98
PAY_0004551,ORD_0004551,2026-05-14 23:10:10,Net Banking,Completed,13680.57
PAY_0004552,ORD_0004552,2025-10-17 07:49:07,Net Banking,Completed,29760.63
PAY_0004553,ORD_0004553,2026-04-16 14:57:09,UPI,Completed,72772.07
PAY_0004554,ORD_0004554,2025-12-05 00:06:02,UPI,Completed,19100.85
PAY_0004555,ORD_0004555,2026-08-23 21:05:10,UPI,Completed,81713.54
PAY_0004556,ORD_0004556,2026-08-01 08:48:30,Credit Card,Completed,41559.81
PAY_0004557,ORD_0004557,2026-08-04 10:06:49,UPI,Completed,40057.1
PAY_0004558,ORD_0004558,2025-12-04 21:15:03,UPI,Completed,48598.16
PAY_0004559,ORD_0004559,2026-08-18 08:30:45,Net Banking,Completed,81326.85
PAY_0004560,ORD_0004560,2026-07-12 19:48:16,UPI,Completed,83786.22
PAY_0004561,ORD_0004561,2026-09-08 17:11:41,Corporate Cheque,Completed,6495.16
PAY_0004562,ORD_0004562,2026-03-01 15:52:53,UPI,Completed,77843.91
PAY_0004563,ORD_0004563,2026-06-29 21:30:49,Cash on Delivery,Completed,81964.25
PAY_0004564,ORD_0004564,2026-05-19 02:46:31,Net Banking,Completed,24318.22
PAY_0004565,ORD_0004565,2026-03-12 13:21:53,Credit Card,Completed,61892.02
PAY_0004566,ORD_0004566,2025-11-23 17:36:00,UPI,Completed,50575.24
PAY_0004567,ORD_0004567,2025-12-23 05:01:26,UPI,Completed,51900.93
PAY_0004568,ORD_0004568,2026-01-21 19:11:07,UPI,Completed,82235.26
PAY_0004569,ORD_0004569,2026-08-06 21:05:54,Credit Card,Completed,5129.37
PAY_0004570,ORD_0004570,2026-07-04 06:19:56,Cash on Delivery,Completed,16564.02
PAY_0004571,ORD_0004571,2026-03-31 13:34:00,Credit Card,Completed,9917.65
PAY_0004572,ORD_0004572,2026-07-24 12:10:55,Credit Card,Completed,44817.49
PAY_0004573,ORD_0004573,2026-08-02 22:25:26,Net Banking,Completed,51957.17
PAY_0004574,ORD_0004574,2026-08-27 19:45:01,Net Banking,Completed,41482.75
PAY_0004575,ORD_0004575,2025-10-19 17:21:32,UPI,Completed,27772.49
PAY_0004576,ORD_0004576,2025-11-11 14:27:23,Cash on Delivery,Completed,6736.58
PAY_0004577,ORD_0004577,2026-02-22 17:23:53,Cash on Delivery,Completed,3228.54
PAY_0004578,ORD_0004578,2025-10-11 20:14:23,Corporate Cheque,Completed,66478.33
PAY_0004579,ORD_0004579,2026-06-22 00:59:43,UPI,Completed,42000.24
PAY_0004580,ORD_0004580,2026-07-16 07:53:02,Net Banking,Completed,84107.75
PAY_0004581,ORD_0004581,2026-04-07 23:23:45,Credit Card,Completed,3359.61
PAY_0004582,ORD_0004582,2026-01-13 06:06:21,Credit Card,Completed,60975.36
PAY_0004583,ORD_0004583,2025-10-28 06:28:40,Credit Card,Completed,57932.7
PAY_0004584,ORD_0004584,2026-07-02 11:20:51,UPI,Completed,80517.68
PAY_0004585,ORD_0004585,2026-01-23 03:49:46,UPI,Completed,24381.51
PAY_0004586,ORD_0004586,2025-12-02 22:21:08,Net Banking,Completed,68885.43
PAY_0004587,ORD_0004587,2026-03-26 23:10:19,Net Banking,Completed,55118.56
PAY_0004588,ORD_0004588,2026-01-29 06:41:41,Credit Card,Completed,24401.91
PAY_0004589,ORD_0004589,2026-04-27 20:31:57,UPI,Completed,6810.2
PAY_0004590,ORD_0004590,2026-03-23 07:51:08,Credit Card,Completed,33499.73
PAY_0004591,ORD_0004591,2026-01-17 07:44:42,UPI,Completed,30567.37
PAY_0004592,ORD_0004592,2025-12-15 09:51:21,Cash on Delivery,Completed,11602.74
PAY_0004593,ORD_0004593,2026-03-17 21:09:18,Net Banking,Completed,37686.81
PAY_0004594,ORD_0004594,2026-06-28 22:17:08,UPI,Completed,43364.6
PAY_0004595,ORD_0004595,2026-01-28 11:46:34,Net Banking,Completed,23121.55
PAY_0004596,ORD_0004596,2026-04-04 17:07:35,UPI,Completed,65305.51
PAY_0004597,ORD_0004597,2026-08-12 13:50:25,Credit Card,Completed,65406.56
PAY_0004598,ORD_0004598,2025-11-01 12:06:27,UPI,Completed,10766.58
PAY_0004599,ORD_0004599,2025-11-15 11:32:38,Net Banking,Completed,43631.63
PAY_0004600,ORD_0004600,2026-01-31 04:27:39,UPI,Completed,11031.19
PAY_0004601,ORD_0004601,2026-09-30 01:37:38,Net Banking,Completed,84247.34
PAY_0004602,ORD_0004602,2026-09-30 03:56:46,UPI,Completed,39891.58
PAY_0004603,ORD_0004603,2026-09-28 21:27:42,UPI,Completed,15364.36
PAY_0004604,ORD_0004604,2026-09-29 01:44:55,Credit Card,Completed,59193.02
PAY_0004605,ORD_0004605,2026-09-29 08:40:22,Net Banking,Completed,20769.8
PAY_0004606,ORD_0004606,2026-09-29 14:29:38,UPI,Completed,66647.18
PAY_0004607,ORD_0004607,2026-09-30 08:17:22,UPI,Completed,75362.95
PAY_0004608,ORD_0004608,2026-09-29 11:33:48,UPI,Completed,78166.55
PAY_0004609,ORD_0004609,2026-09-29 19:37:23,Corporate Cheque,Completed,3903.23
PAY_0004610,ORD_0004610,2026-09-28 17:54:49,Net Banking,Completed,5597.9
PAY_0004611,ORD_0004611,2026-09-29 01:45:25,UPI,Completed,53024.67
PAY_0004612,ORD_0004612,2026-09-30 13:44:47,Credit Card,Completed,15027.45
PAY_0004613,ORD_0004613,2026-09-28 19:30:10,UPI,Completed,52279.58
PAY_0004614,ORD_0004614,2026-09-30 07:55:44,Net Banking,Completed,14903.92
PAY_0004615,ORD_0004615,2026-09-29 17:02:13,Net Banking,Completed,60534.83
PAY_0004616,ORD_0004616,2026-09-28 21:10:54,Credit Card,Completed,45191.4
PAY_0004617,ORD_0004617,2026-09-29 13:15:03,Net Banking,Completed,34318.79
PAY_0004618,ORD_0004618,2026-09-29 09:47:40,Net Banking,Completed,8425.55
PAY_0004619,ORD_0004619,2026-09-28 21:34:54,Corporate Cheque,Completed,36961.48
PAY_0004620,ORD_0004620,2026-09-29 05:03:21,UPI,Completed,41409.1
PAY_0004621,ORD_0004621,2026-09-29 12:34:49,UPI,Completed,32513.99
PAY_0004622,ORD_0004622,2026-09-29 22:21:24,Credit Card,Completed,34978.63
PAY_0004623,ORD_0004623,2026-09-28 16:11:56,Corporate Cheque,Completed,1357.58
PAY_0004624,ORD_0004624,2026-09-28 20:46:57,Net Banking,Completed,27518.35
PAY_0004625,ORD_0004625,2026-09-30 13:36:45,UPI,Completed,59987.08
PAY_0004626,ORD_0004626,2026-09-28 20:00:16,Net Banking,Completed,17911.89
PAY_0004627,ORD_0004627,2026-09-28 19:00:29,UPI,Completed,41551.39
PAY_0004628,ORD_0004628,2026-09-28 19:14:28,UPI,Completed,2790.47
PAY_0004629,ORD_0004629,2026-09-29 17:02:53,Cash on Delivery,Completed,35532.14
PAY_0004630,ORD_0004630,2026-09-29 23:23:26,UPI,Completed,12119.27
PAY_0004631,ORD_0004631,2026-09-28 17:18:17,Net Banking,Completed,53534.07
PAY_0004632,ORD_0004632,2026-09-30 01:34:15,Credit Card,Completed,76980.49
PAY_0004633,ORD_0004633,2026-09-29 16:45:27,UPI,Completed,71639.8
PAY_0004634,ORD_0004634,2026-09-28 22:45:59,UPI,Completed,78010.15
PAY_0004635,ORD_0004635,2026-09-29 09:00:26,Cash on Delivery,Completed,55232.89
PAY_0004636,ORD_0004636,2026-09-29 00:52:32,UPI,Completed,83891.73
PAY_0004637,ORD_0004637,2026-09-29 21:23:25,UPI,Completed,39320.32
PAY_0004638,ORD_0004638,2026-09-29 19:36:39,UPI,Completed,46441.45
PAY_0004639,ORD_0004639,2026-09-29 23:22:36,UPI,Completed,35826.26
PAY_0004640,ORD_0004640,2026-09-30 04:59:40,UPI,Completed,41971.19
PAY_0004641,ORD_0004641,2026-09-30 03:03:11,Net Banking,Completed,53128.24
PAY_0004642,ORD_0004642,2026-09-29 08:26:15,Corporate Cheque,Completed,21602.71
PAY_0004643,ORD_0004643,2026-09-29 06:14:11,UPI,Completed,32210.44
PAY_0004644,ORD_0004644,2026-09-29 09:24:18,Net Banking,Completed,29867.85
PAY_0004645,ORD_0004645,2026-09-29 02:58:09,UPI,Completed,76823.95
PAY_0004646,ORD_0004646,2026-09-28 21:04:54,Net Banking,Completed,38857.74
PAY_0004647,ORD_0004647,2026-09-29 22:07:23,UPI,Completed,15208.73
PAY_0004648,ORD_0004648,2026-09-29 04:23:00,UPI,Completed,75431.32
PAY_0004649,ORD_0004649,2026-09-30 09:28:03,UPI,Completed,48684.59
PAY_0004650,ORD_0004650,2026-09-29 17:12:05,Cash on Delivery,Completed,9132.21
PAY_0004651,ORD_0004651,2026-09-30 00:47:33,UPI,Completed,34282.2
PAY_0004652,ORD_0004652,2026-09-30 09:05:11,UPI,Completed,74318.56
PAY_0004653,ORD_0004653,2026-09-30 11:11:12,Net Banking,Completed,70502.8
PAY_0004654,ORD_0004654,2026-09-29 13:00:39,Credit Card,Completed,74293.45
PAY_0004655,ORD_0004655,2026-09-28 22:39:50,Cash on Delivery,Completed,66021.74
PAY_0004656,ORD_0004656,2026-09-30 13:12:47,Credit Card,Completed,58593.34
PAY_0004657,ORD_0004657,2026-09-30 02:47:09,UPI,Completed,47775.97
PAY_0004658,ORD_0004658,2026-09-30 05:00:36,UPI,Completed,64279.34
PAY_0004659,ORD_0004659,2026-09-29 21:06:46,UPI,Completed,13499.95
PAY_0004660,ORD_0004660,2026-09-30 10:34:04,Credit Card,Completed,75620.49
PAY_0004661,ORD_0004661,2026-09-29 19:03:56,UPI,Completed,37602.98
PAY_0004662,ORD_0004662,2026-09-29 00:45:28,UPI,Completed,64182.99
PAY_0004663,ORD_0004663,2026-09-30 07:53:18,Corporate Cheque,Completed,8755.66
PAY_0004664,ORD_0004664,2026-09-29 08:33:17,Credit Card,Completed,73418.14
PAY_0004665,ORD_0004665,2026-09-28 21:10:59,Net Banking,Completed,27024.26
PAY_0004666,ORD_0004666,2026-09-30 01:20:30,UPI,Completed,5936.04
PAY_0004667,ORD_0004667,2026-09-28 22:02:47,Net Banking,Completed,13946.96
PAY_0004668,ORD_0004668,2026-09-29 02:08:58,Net Banking,Completed,42787.24
PAY_0004669,ORD_0004669,2026-09-28 16:01:16,Cash on Delivery,Completed,73383.17
PAY_0004670,ORD_0004670,2026-09-29 09:43:53,UPI,Completed,22749.22
PAY_0004671,ORD_0004671,2026-09-29 20:32:39,Net Banking,Completed,63479.76
PAY_0004672,ORD_0004672,2026-09-29 16:56:05,UPI,Completed,69434.75
PAY_0004673,ORD_0004673,2026-09-29 03:42:45,UPI,Completed,47318.37
PAY_0004674,ORD_0004674,2026-09-30 11:51:43,UPI,Completed,3676.74
PAY_0004675,ORD_0004675,2026-09-29 02:04:03,Net Banking,Completed,3520.9
PAY_0004676,ORD_0004676,2026-09-29 08:45:25,Net Banking,Completed,55862.36
PAY_0004677,ORD_0004677,2026-09-29 09:39:24,UPI,Completed,74123.44
PAY_0004678,ORD_0004678,2026-09-29 14:34:15,Credit Card,Completed,36501.41
PAY_0004679,ORD_0004679,2026-09-28 22:06:19,UPI,Completed,41515.96
PAY_0004680,ORD_0004680,2026-09-28 23:35:43,Corporate Cheque,Completed,49712.62
PAY_0004681,ORD_0004681,2026-09-29 00:23:44,Credit Card,Completed,28667.33
PAY_0004682,ORD_0004682,2026-09-29 07:14:24,Net Banking,Completed,76522.55
PAY_0004683,ORD_0004683,2026-09-29 01:42:29,Net Banking,Completed,18214.16
PAY_0004684,ORD_0004684,2026-09-28 16:34:45,Cash on Delivery,Completed,81253.55
PAY_0004685,ORD_0004685,2026-09-30 10:32:40,UPI,Completed,72511.56
PAY_0004686,ORD_0004686,2026-09-29 18:25:37,UPI,Completed,80920.63
PAY_0004687,ORD_0004687,2026-09-29 14:08:33,Cash on Delivery,Completed,66243.84
PAY_0004688,ORD_0004688,2026-09-29 02:56:11,Credit Card,Completed,55787.92
PAY_0004689,ORD_0004689,2026-09-28 22:45:49,UPI,Completed,47461.54
PAY_0004690,ORD_0004690,2026-09-28 22:31:41,Net Banking,Completed,41436.29
PAY_0004691,ORD_0004691,2026-09-30 09:34:50,UPI,Completed,23851.68
PAY_0004692,ORD_0004692,2026-09-29 22:58:44,Corporate Cheque,Completed,68711.66
PAY_0004693,ORD_0004693,2026-09-29 01:46:23,UPI,Completed,34129.28
PAY_0004694,ORD_0004694,2026-09-30 03:15:11,UPI,Completed,30298.35
PAY_0004695,ORD_0004695,2026-09-28 16:33:20,Net Banking,Completed,60273.2
PAY_0004696,ORD_0004696,2026-09-29 01:25:55,Net Banking,Completed,81076.03
PAY_0004697,ORD_0004697,2026-09-29 19:05:23,Credit Card,Completed,7388.67
PAY_0004698,ORD_0004698,2026-09-30 08:36:34,UPI,Completed,74023.29
PAY_0004699,ORD_0004699,2026-09-29 11:12:14,UPI,Completed,34837.06
PAY_0004700,ORD_0004700,2026-09-29 13:13:49,Cash on Delivery,Completed,24130.5
PAY_0004701,ORD_0004701,2026-09-29 18:58:20,Corporate Cheque,Completed,81465.11
PAY_0004702,ORD_0004702,2026-09-30 00:53:31,Credit Card,Completed,36870.64
PAY_0004703,ORD_0004703,2026-09-28 23:59:46,Corporate Cheque,Completed,75464.98
PAY_0004704,ORD_0004704,2026-09-29 07:48:30,Cash on Delivery,Completed,48675.02
PAY_0004705,ORD_0004705,2026-09-29 13:04:55,Credit Card,Completed,19227.24
PAY_0004706,ORD_0004706,2026-09-29 03:40:42,Net Banking,Completed,79341.84
PAY_0004707,ORD_0004707,2026-09-30 02:20:22,Net Banking,Completed,43767.12
PAY_0004708,ORD_0004708,2026-09-28 20:13:30,UPI,Completed,49230.65
PAY_0004709,ORD_0004709,2026-09-28 22:57:03,Net Banking,Completed,28288.33
PAY_0004710,ORD_0004710,2026-09-30 13:01:06,UPI,Completed,65734.85
PAY_0004711,ORD_0004711,2026-09-28 22:50:40,Net Banking,Completed,3689.5
PAY_0004712,ORD_0004712,2026-09-28 19:38:10,UPI,Completed,57613.81
PAY_0004713,ORD_0004713,2026-09-29 09:21:53,Credit Card,Completed,16026.1
PAY_0004714,ORD_0004714,2026-09-29 17:31:19,Net Banking,Completed,31114.14
PAY_0004715,ORD_0004715,2026-09-29 04:05:50,UPI,Completed,26320.27
PAY_0004716,ORD_0004716,2026-09-28 16:58:22,Credit Card,Completed,51306.36
PAY_0004717,ORD_0004717,2026-09-30 10:17:24,UPI,Completed,5972.19
PAY_0004718,ORD_0004718,2026-09-30 08:48:20,Net Banking,Completed,82555.86
PAY_0004719,ORD_0004719,2026-09-28 17:17:36,Net Banking,Completed,27477.1
PAY_0004720,ORD_0004720,2026-09-29 00:51:32,UPI,Completed,51859.18
PAY_0004721,ORD_0004721,2026-09-29 18:54:37,Credit Card,Completed,58721.35
PAY_0004722,ORD_0004722,2026-09-30 06:48:23,Net Banking,Completed,30224.83
PAY_0004723,ORD_0004723,2026-09-28 21:14:45,Credit Card,Completed,21588.35
PAY_0004724,ORD_0004724,2026-09-29 20:08:02,UPI,Completed,68554.91
PAY_0004725,ORD_0004725,2026-09-29 02:30:33,Credit Card,Completed,70293.34
PAY_0004726,ORD_0004726,2026-09-29 08:03:25,Corporate Cheque,Completed,80831.11
PAY_0004727,ORD_0004727,2026-09-29 00:19:57,UPI,Completed,5253.97
PAY_0004728,ORD_0004728,2026-09-29 21:28:30,UPI,Completed,50538.79
PAY_0004729,ORD_0004729,2026-09-29 20:16:25,UPI,Completed,6069.79
PAY_0004730,ORD_0004730,2026-09-28 16:25:08,Credit Card,Completed,41907.41
PAY_0004731,ORD_0004731,2026-09-29 07:13:19,UPI,Completed,24049.25
PAY_0004732,ORD_0004732,2026-09-28 19:47:33,Net Banking,Completed,8118.37
PAY_0004733,ORD_0004733,2026-09-28 18:31:09,UPI,Completed,12444.2
PAY_0004734,ORD_0004734,2026-09-29 18:26:35,Credit Card,Completed,49302.35
PAY_0004735,ORD_0004735,2026-09-30 11:51:58,UPI,Completed,78797.68
PAY_0004736,ORD_0004736,2026-09-29 18:15:31,Net Banking,Completed,7145.67
PAY_0004737,ORD_0004737,2026-09-29 14:15:59,Credit Card,Completed,50863.59
PAY_0004738,ORD_0004738,2026-09-29 10:03:58,UPI,Completed,74508.71
PAY_0004739,ORD_0004739,2026-09-29 04:09:37,UPI,Completed,52912.34
PAY_0004740,ORD_0004740,2026-09-30 08:21:48,UPI,Completed,69923.19
PAY_0004741,ORD_0004741,2026-09-30 00:27:30,Cash on Delivery,Completed,10653.74
PAY_0004742,ORD_0004742,2026-09-28 22:32:29,Credit Card,Completed,66369.66
PAY_0004743,ORD_0004743,2026-09-30 13:49:41,Cash on Delivery,Completed,84985.84
PAY_0004744,ORD_0004744,2026-09-30 00:39:12,Net Banking,Completed,37554.39
PAY_0004745,ORD_0004745,2026-09-28 16:51:37,UPI,Completed,59887.17
PAY_0004746,ORD_0004746,2026-09-30 00:23:21,Credit Card,Completed,2562.43
PAY_0004747,ORD_0004747,2026-09-29 21:57:36,Credit Card,Completed,22946.78
PAY_0004748,ORD_0004748,2026-09-29 21:35:58,Credit Card,Completed,80624.15
PAY_0004749,ORD_0004749,2026-09-30 11:12:15,Corporate Cheque,Completed,23226.64
PAY_0004750,ORD_0004750,2026-09-29 00:38:23,UPI,Completed,20756.35
PAY_0004751,ORD_0004751,2026-09-30 01:55:06,UPI,Completed,47431.25
PAY_0004752,ORD_0004752,2026-09-28 17:46:52,UPI,Completed,57487.32
PAY_0004753,ORD_0004753,2026-09-30 09:15:24,Net Banking,Completed,18657.79
PAY_0004754,ORD_0004754,2026-09-29 02:42:06,Credit Card,Completed,74679.04
PAY_0004755,ORD_0004755,2026-09-29 06:56:22,Net Banking,Completed,10875.82
PAY_0004756,ORD_0004756,2026-09-29 23:52:09,Credit Card,Completed,77494.28
PAY_0004757,ORD_0004757,2026-09-29 07:15:07,Net Banking,Completed,19287.7
PAY_0004758,ORD_0004758,2026-09-29 19:55:46,Credit Card,Completed,11552.05
PAY_0004759,ORD_0004759,2026-09-29 22:26:20,Net Banking,Completed,39011.0
PAY_0004760,ORD_0004760,2026-09-28 23:40:29,UPI,Completed,53263.2
PAY_0004761,ORD_0004761,2026-09-28 16:36:10,UPI,Completed,71995.23
PAY_0004762,ORD_0004762,2026-09-30 12:26:55,UPI,Completed,78124.38
PAY_0004763,ORD_0004763,2026-09-30 02:01:19,UPI,Completed,18080.72
PAY_0004764,ORD_0004764,2026-09-29 15:47:50,Net Banking,Completed,70200.9
PAY_0004765,ORD_0004765,2026-09-30 10:41:47,Net Banking,Completed,69850.2
PAY_0004766,ORD_0004766,2026-09-30 10:31:19,UPI,Completed,80562.99
PAY_0004767,ORD_0004767,2026-09-30 11:40:08,UPI,Completed,64428.73
PAY_0004768,ORD_0004768,2026-09-28 21:16:35,Cash on Delivery,Completed,10838.38
PAY_0004769,ORD_0004769,2026-09-29 02:26:40,UPI,Completed,28319.84
PAY_0004770,ORD_0004770,2026-09-30 00:19:58,Cash on Delivery,Completed,23602.27
PAY_0004771,ORD_0004771,2026-09-29 02:24:10,UPI,Completed,76264.23
PAY_0004772,ORD_0004772,2026-09-29 11:00:36,Credit Card,Completed,76818.3
PAY_0004773,ORD_0004773,2026-09-29 03:45:57,Credit Card,Completed,62235.73
PAY_0004774,ORD_0004774,2026-09-29 14:48:44,Net Banking,Completed,26711.88
PAY_0004775,ORD_0004775,2026-09-29 19:10:15,UPI,Completed,31816.9
PAY_0004776,ORD_0004776,2026-09-29 04:03:08,Credit Card,Completed,40342.75
PAY_0004777,ORD_0004777,2026-09-29 21:55:42,Credit Card,Completed,9545.42
PAY_0004778,ORD_0004778,2026-09-30 00:43:00,Credit Card,Completed,19802.92
PAY_0004779,ORD_0004779,2026-09-28 18:10:53,Net Banking,Completed,12678.28
PAY_0004780,ORD_0004780,2026-09-28 20:44:52,UPI,Completed,65348.5
PAY_0004781,ORD_0004781,2026-09-30 11:33:06,UPI,Completed,1675.77
PAY_0004782,ORD_0004782,2026-09-30 10:04:58,UPI,Completed,55594.57
PAY_0004783,ORD_0004783,2026-09-29 22:29:08,Credit Card,Completed,58997.41
PAY_0004784,ORD_0004784,2026-09-29 10:31:32,Credit Card,Completed,69602.58
PAY_0004785,ORD_0004785,2026-09-29 19:39:43,Credit Card,Completed,63226.14
PAY_0004786,ORD_0004786,2026-09-29 11:50:25,Net Banking,Completed,14443.26
PAY_0004787,ORD_0004787,2026-09-30 09:47:30,UPI,Completed,70280.22
PAY_0004788,ORD_0004788,2026-09-30 02:45:58,Credit Card,Completed,77513.31
PAY_0004789,ORD_0004789,2026-09-30 09:24:52,Cash on Delivery,Completed,76971.79
PAY_0004790,ORD_0004790,2026-09-29 09:00:04,UPI,Completed,83049.97
PAY_0004791,ORD_0004791,2026-09-29 08:39:21,Credit Card,Completed,19148.59
PAY_0004792,ORD_0004792,2026-09-30 03:53:36,UPI,Completed,49415.64
PAY_0004793,ORD_0004793,2026-09-30 07:20:07,Net Banking,Completed,67153.27
PAY_0004794,ORD_0004794,2026-09-29 09:25:17,Net Banking,Completed,37694.37
PAY_0004795,ORD_0004795,2026-09-28 17:13:02,UPI,Completed,39745.69
PAY_0004796,ORD_0004796,2026-09-29 22:44:19,Cash on Delivery,Completed,83838.11
PAY_0004797,ORD_0004797,2026-09-28 21:30:01,Net Banking,Completed,70485.96
PAY_0004798,ORD_0004798,2026-09-29 07:00:14,UPI,Completed,38911.83
PAY_0004799,ORD_0004799,2026-09-29 05:38:15,Net Banking,Completed,16012.03
PAY_0004800,ORD_0004800,2026-09-29 21:26:22,Net Banking,Completed,66135.95
PAY_0004801,ORD_0004801,2026-09-30 06:26:04,Net Banking,Completed,37828.15
PAY_0004802,ORD_0004802,2026-09-29 00:24:25,UPI,Completed,73122.07
PAY_0004803,ORD_0004803,2026-09-29 04:46:47,UPI,Completed,2456.31
PAY_0004804,ORD_0004804,2026-09-29 01:33:12,Credit Card,Completed,57933.12
PAY_0004805,ORD_0004805,2026-09-30 08:40:13,UPI,Completed,64916.9
PAY_0004806,ORD_0004806,2026-09-28 15:53:01,Net Banking,Completed,19193.03
PAY_0004807,ORD_0004807,2026-09-30 11:37:27,Net Banking,Completed,14555.57
PAY_0004808,ORD_0004808,2026-09-29 21:28:08,UPI,Completed,84192.82
PAY_0004809,ORD_0004809,2026-09-29 22:39:07,Net Banking,Completed,13803.76
PAY_0004810,ORD_0004810,2026-09-30 02:23:43,Cash on Delivery,Completed,43286.83
PAY_0004811,ORD_0004811,2026-09-30 06:20:39,Credit Card,Completed,43464.36
PAY_0004812,ORD_0004812,2026-09-30 13:28:23,Corporate Cheque,Completed,74795.47
PAY_0004813,ORD_0004813,2026-09-29 14:42:09,UPI,Completed,13073.06
PAY_0004814,ORD_0004814,2026-09-29 22:38:41,Credit Card,Completed,50860.8
PAY_0004815,ORD_0004815,2026-09-30 01:12:01,Net Banking,Completed,22099.45
PAY_0004816,ORD_0004816,2026-09-28 15:42:03,Credit Card,Completed,80899.31
PAY_0004817,ORD_0004817,2026-09-28 16:24:09,UPI,Completed,1037.07
PAY_0004818,ORD_0004818,2026-09-30 07:48:41,UPI,Completed,82622.49
PAY_0004819,ORD_0004819,2026-09-30 05:21:03,Net Banking,Completed,52652.39
PAY_0004820,ORD_0004820,2026-09-30 01:33:40,Net Banking,Completed,51060.22
PAY_0004821,ORD_0004821,2026-09-30 05:43:26,UPI,Completed,75470.94
PAY_0004822,ORD_0004822,2026-09-30 06:04:26,Net Banking,Completed,37461.38
PAY_0004823,ORD_0004823,2026-09-29 09:25:05,Credit Card,Completed,18444.22
PAY_0004824,ORD_0004824,2026-09-28 16:17:26,Net Banking,Completed,6023.13
PAY_0004825,ORD_0004825,2026-09-29 03:46:52,UPI,Completed,25720.78
PAY_0004826,ORD_0004826,2026-09-29 01:53:32,UPI,Completed,32171.65
PAY_0004827,ORD_0004827,2026-09-30 07:53:53,Net Banking,Completed,35952.91
PAY_0004828,ORD_0004828,2026-09-30 12:01:33,Cash on Delivery,Completed,41828.61
PAY_0004829,ORD_0004829,2026-09-30 04:53:04,Credit Card,Completed,77224.88
PAY_0004830,ORD_0004830,2026-09-30 09:41:34,UPI,Completed,11580.44
PAY_0004831,ORD_0004831,2026-09-29 04:28:53,UPI,Completed,36859.53
PAY_0004832,ORD_0004832,2026-09-29 19:52:38,UPI,Completed,6226.39
PAY_0004833,ORD_0004833,2026-09-28 21:41:19,UPI,Completed,9985.77
PAY_0004834,ORD_0004834,2026-09-28 23:56:31,UPI,Completed,33769.03
PAY_0004835,ORD_0004835,2026-09-29 16:05:53,Credit Card,Completed,79434.49
PAY_0004836,ORD_0004836,2026-09-29 01:08:55,UPI,Completed,17327.34
PAY_0004837,ORD_0004837,2026-09-29 23:39:29,Credit Card,Completed,41590.76
PAY_0004838,ORD_0004838,2026-09-30 07:43:31,UPI,Completed,45761.83
PAY_0004839,ORD_0004839,2026-09-29 10:36:17,UPI,Completed,29636.0
PAY_0004840,ORD_0004840,2026-09-30 03:20:47,UPI,Completed,40622.57
PAY_0004841,ORD_0004841,2026-09-29 10:02:41,Cash on Delivery,Completed,41182.4
PAY_0004842,ORD_0004842,2026-09-29 06:25:25,Net Banking,Completed,66076.98
PAY_0004843,ORD_0004843,2026-09-29 21:01:02,Net Banking,Completed,73296.3
PAY_0004844,ORD_0004844,2026-09-29 23:49:44,UPI,Completed,13495.07
PAY_0004845,ORD_0004845,2026-09-29 02:35:16,Credit Card,Completed,73797.36
PAY_0004846,ORD_0004846,2026-09-29 20:13:40,Net Banking,Completed,31746.6
PAY_0004847,ORD_0004847,2026-09-30 08:31:35,UPI,Completed,15088.96
PAY_0004848,ORD_0004848,2026-09-29 00:34:56,UPI,Completed,5082.51
PAY_0004849,ORD_0004849,2026-09-30 10:05:17,UPI,Completed,50853.31
PAY_0004850,ORD_0004850,2026-09-28 20:19:10,UPI,Completed,54466.5
PAY_0004851,ORD_0004851,2026-09-30 04:34:25,Credit Card,Completed,36807.0
PAY_0004852,ORD_0004852,2026-09-29 06:05:04,Net Banking,Completed,54339.77
PAY_0004853,ORD_0004853,2026-09-28 18:25:02,UPI,Completed,34304.21
PAY_0004854,ORD_0004854,2026-09-30 13:28:47,Cash on Delivery,Completed,68527.85
PAY_0004855,ORD_0004855,2026-09-28 16:29:47,UPI,Completed,34577.9
PAY_0004856,ORD_0004856,2026-09-29 22:08:24,Net Banking,Completed,42016.43
PAY_0004857,ORD_0004857,2026-09-29 16:50:37,Credit Card,Completed,70419.33
PAY_0004858,ORD_0004858,2026-09-28 16:14:01,Credit Card,Completed,84408.27
PAY_0004859,ORD_0004859,2026-09-30 10:51:34,UPI,Completed,34105.4
PAY_0004860,ORD_0004860,2026-09-29 11:56:17,Cash on Delivery,Completed,29196.87
PAY_0004861,ORD_0004861,2026-09-28 18:09:17,Credit Card,Completed,3204.62
PAY_0004862,ORD_0004862,2026-09-29 02:22:38,Net Banking,Completed,40935.61
PAY_0004863,ORD_0004863,2026-09-29 11:07:24,Cash on Delivery,Completed,50918.93
PAY_0004864,ORD_0004864,2026-09-29 20:03:10,Credit Card,Completed,9540.14
PAY_0004865,ORD_0004865,2026-09-30 06:26:30,UPI,Completed,78865.98
PAY_0004866,ORD_0004866,2026-09-28 18:59:46,Net Banking,Completed,82163.91
PAY_0004867,ORD_0004867,2026-09-28 17:35:49,UPI,Completed,44654.81
PAY_0004868,ORD_0004868,2026-09-29 19:39:46,Net Banking,Completed,32386.58
PAY_0004869,ORD_0004869,2026-09-29 20:35:50,UPI,Completed,80544.33
PAY_0004870,ORD_0004870,2026-09-29 18:45:06,UPI,Completed,72970.63
PAY_0004871,ORD_0004871,2026-09-28 21:11:28,UPI,Completed,4712.22
PAY_0004872,ORD_0004872,2026-09-29 22:57:47,Net Banking,Completed,35720.93
PAY_0004873,ORD_0004873,2026-09-30 00:31:05,Credit Card,Completed,1133.74
PAY_0004874,ORD_0004874,2026-09-28 23:29:09,Net Banking,Completed,51565.1
PAY_0004875,ORD_0004875,2026-09-30 04:22:56,UPI,Completed,1498.81
PAY_0004876,ORD_0004876,2026-09-29 08:27:37,Credit Card,Completed,23066.73
PAY_0004877,ORD_0004877,2026-09-30 05:06:25,UPI,Completed,84108.9
PAY_0004878,ORD_0004878,2026-09-30 11:28:40,UPI,Completed,4979.79
PAY_0004879,ORD_0004879,2026-09-29 14:57:09,UPI,Completed,82553.68
PAY_0004880,ORD_0004880,2026-09-28 19:15:08,UPI,Completed,15222.19
PAY_0004881,ORD_0004881,2026-09-29 07:44:22,Credit Card,Completed,78452.84
PAY_0004882,ORD_0004882,2026-09-29 09:59:45,UPI,Completed,70153.99
PAY_0004883,ORD_0004883,2026-09-29 16:55:16,UPI,Completed,49342.18
PAY_0004884,ORD_0004884,2026-09-28 22:02:10,Credit Card,Completed,47815.06
PAY_0004885,ORD_0004885,2026-09-29 13:40:02,Credit Card,Completed,46432.39
PAY_0004886,ORD_0004886,2026-09-29 13:11:13,Net Banking,Completed,18981.86
PAY_0004887,ORD_0004887,2026-09-29 16:08:41,Net Banking,Completed,58358.3
PAY_0004888,ORD_0004888,2026-09-29 05:40:22,Credit Card,Completed,18398.11
PAY_0004889,ORD_0004889,2026-09-29 19:53:14,Net Banking,Completed,82018.53
PAY_0004890,ORD_0004890,2026-09-29 08:22:02,Net Banking,Completed,80760.51
PAY_0004891,ORD_0004891,2026-09-30 01:57:14,UPI,Completed,11501.83
PAY_0004892,ORD_0004892,2026-09-29 18:42:13,UPI,Completed,81788.19
PAY_0004893,ORD_0004893,2026-09-29 11:40:32,Credit Card,Completed,35550.17
PAY_0004894,ORD_0004894,2026-09-29 17:40:30,UPI,Completed,75676.03
PAY_0004895,ORD_0004895,2026-09-28 22:25:14,UPI,Completed,13051.52
PAY_0004896,ORD_0004896,2026-09-29 08:41:05,Cash on Delivery,Completed,49174.84
PAY_0004897,ORD_0004897,2026-09-30 02:23:18,Net Banking,Completed,48494.91
PAY_0004898,ORD_0004898,2026-09-29 13:29:30,UPI,Completed,30419.69
PAY_0004899,ORD_0004899,2026-09-29 23:34:42,Net Banking,Completed,30850.6
PAY_0004900,ORD_0004900,2026-09-29 08:13:15,Cash on Delivery,Completed,50753.4
PAY_0004901,ORD_0004901,2026-09-30 08:33:24,Credit Card,Completed,12900.29
PAY_0004902,ORD_0004902,2026-09-29 00:01:33,Credit Card,Completed,45091.48
PAY_0004903,ORD_0004903,2026-09-29 00:25:42,Credit Card,Completed,76246.48
PAY_0004904,ORD_0004904,2026-09-29 17:43:43,Cash on Delivery,Completed,54393.03
PAY_0004905,ORD_0004905,2026-09-29 05:58:02,UPI,Completed,44449.69
PAY_0004906,ORD_0004906,2026-09-30 12:33:55,Cash on Delivery,Completed,62041.56
PAY_0004907,ORD_0004907,2026-09-29 12:20:58,UPI,Completed,27804.66
PAY_0004908,ORD_0004908,2026-09-29 09:17:39,Net Banking,Completed,23774.48
PAY_0004909,ORD_0004909,2026-09-29 11:21:06,Credit Card,Completed,52697.57
PAY_0004910,ORD_0004910,2026-09-29 17:52:01,Credit Card,Completed,26502.26
PAY_0004911,ORD_0004911,2026-09-28 17:46:29,UPI,Completed,12285.95
PAY_0004912,ORD_0004912,2026-09-30 02:19:46,Cash on Delivery,Completed,28689.72
PAY_0004913,ORD_0004913,2026-09-28 23:11:19,Cash on Delivery,Completed,50269.48
PAY_0004914,ORD_0004914,2026-09-29 12:17:37,Net Banking,Completed,2234.13
PAY_0004915,ORD_0004915,2026-09-28 17:32:33,UPI,Completed,11763.21
PAY_0004916,ORD_0004916,2026-09-29 12:16:06,Net Banking,Completed,7322.59
PAY_0004917,ORD_0004917,2026-09-28 17:39:33,Net Banking,Completed,49532.65
PAY_0004918,ORD_0004918,2026-09-29 20:18:12,Net Banking,Completed,81754.6
PAY_0004919,ORD_0004919,2026-09-29 12:21:17,Net Banking,Completed,12107.19
PAY_0004920,ORD_0004920,2026-09-29 14:39:33,Credit Card,Completed,65433.48
PAY_0004921,ORD_0004921,2026-09-30 07:24:17,UPI,Completed,20952.97
PAY_0004922,ORD_0004922,2026-09-29 11:58:01,Net Banking,Completed,58394.27
PAY_0004923,ORD_0004923,2026-09-29 19:31:56,Cash on Delivery,Completed,28378.37
PAY_0004924,ORD_0004924,2026-09-29 20:57:33,Credit Card,Completed,17006.22
PAY_0004925,ORD_0004925,2026-09-28 23:31:41,Net Banking,Completed,52037.05
PAY_0004926,ORD_0004926,2026-09-29 21:35:04,Cash on Delivery,Completed,81148.47
PAY_0004927,ORD_0004927,2026-09-29 11:55:59,Credit Card,Completed,27002.26
PAY_0004928,ORD_0004928,2026-09-30 08:28:17,Net Banking,Completed,42493.9
PAY_0004929,ORD_0004929,2026-09-30 13:17:59,Net Banking,Completed,76326.08
PAY_0004930,ORD_0004930,2026-09-30 07:36:23,UPI,Completed,25245.67
PAY_0004931,ORD_0004931,2026-09-29 19:05:11,Cash on Delivery,Completed,56460.11
PAY_0004932,ORD_0004932,2026-09-29 14:02:28,UPI,Completed,27080.86
PAY_0004933,ORD_0004933,2026-09-30 07:57:12,UPI,Completed,66524.22
PAY_0004934,ORD_0004934,2026-09-30 11:02:37,Cash on Delivery,Completed,11010.27
PAY_0004935,ORD_0004935,2026-09-29 22:02:39,Net Banking,Completed,75167.09
PAY_0004936,ORD_0004936,2026-09-28 21:27:48,Credit Card,Completed,67510.29
PAY_0004937,ORD_0004937,2026-09-29 14:51:51,UPI,Completed,11667.65
PAY_0004938,ORD_0004938,2026-09-28 17:27:53,UPI,Completed,58679.81
PAY_0004939,ORD_0004939,2026-09-30 03:07:11,Net Banking,Completed,67110.07
PAY_0004940,ORD_0004940,2026-09-30 01:22:31,UPI,Completed,42358.79
PAY_0004941,ORD_0004941,2026-09-29 05:35:44,Credit Card,Completed,80608.88
PAY_0004942,ORD_0004942,2026-09-29 07:35:49,UPI,Completed,33991.89
PAY_0004943,ORD_0004943,2026-09-30 04:27:30,Credit Card,Completed,77220.89
PAY_0004944,ORD_0004944,2026-09-29 14:13:20,UPI,Completed,27971.81
PAY_0004945,ORD_0004945,2026-09-28 16:25:55,UPI,Completed,81573.36
PAY_0004946,ORD_0004946,2026-09-28 19:18:44,Net Banking,Completed,13039.16
PAY_0004947,ORD_0004947,2026-09-28 15:58:33,Cash on Delivery,Completed,8205.11
PAY_0004948,ORD_0004948,2026-09-29 20:17:53,Cash on Delivery,Completed,73558.25
PAY_0004949,ORD_0004949,2026-09-29 09:12:52,UPI,Completed,47121.35
PAY_0004950,ORD_0004950,2026-09-29 12:23:07,Net Banking,Completed,13448.13
PAY_0004951,ORD_0004951,2026-09-29 02:14:42,Net Banking,Completed,31465.74
PAY_0004952,ORD_0004952,2026-09-28 21:38:40,Net Banking,Completed,15837.16
PAY_0004953,ORD_0004953,2026-09-29 20:12:30,UPI,Completed,60155.87
PAY_0004954,ORD_0004954,2026-09-28 18:27:46,Credit Card,Completed,24215.85
PAY_0004955,ORD_0004955,2026-09-29 23:02:33,UPI,Completed,35697.09
PAY_0004956,ORD_0004956,2026-09-29 05:57:41,UPI,Completed,1007.19
PAY_0004957,ORD_0004957,2026-09-29 19:34:21,Net Banking,Completed,36805.78
PAY_0004958,ORD_0004958,2026-09-29 05:44:39,Cash on Delivery,Completed,81093.46
PAY_0004959,ORD_0004959,2026-09-30 03:04:05,Credit Card,Completed,12472.65
PAY_0004960,ORD_0004960,2026-09-29 11:45:29,UPI,Completed,56008.39
PAY_0004961,ORD_0004961,2026-09-28 19:54:03,Net Banking,Completed,14960.39
PAY_0004962,ORD_0004962,2026-09-28 22:56:50,Net Banking,Completed,14049.33
PAY_0004963,ORD_0004963,2026-09-29 07:06:49,Net Banking,Completed,36640.01
PAY_0004964,ORD_0004964,2026-09-28 19:58:45,Net Banking,Completed,34365.91
PAY_0004965,ORD_0004965,2026-09-30 04:52:02,Net Banking,Completed,61634.24
PAY_0004966,ORD_0004966,2026-09-30 00:47:08,Corporate Cheque,Completed,83030.88
PAY_0004967,ORD_0004967,2026-09-29 03:46:20,UPI,Completed,42726.79
PAY_0004968,ORD_0004968,2026-09-30 08:50:36,Net Banking,Completed,15290.93
PAY_0004969,ORD_0004969,2026-09-28 21:30:57,UPI,Completed,3785.2
PAY_0004970,ORD_0004970,2026-09-28 19:03:36,UPI,Completed,33422.47
PAY_0004971,ORD_0004971,2026-09-29 23:59:25,Credit Card,Completed,6358.54
PAY_0004972,ORD_0004972,2026-09-30 10:17:16,Credit Card,Completed,46554.16
PAY_0004973,ORD_0004973,2026-09-30 07:40:09,Credit Card,Completed,2454.97
PAY_0004974,ORD_0004974,2026-09-29 13:52:36,Net Banking,Completed,8055.48
PAY_0004975,ORD_0004975,2026-09-30 04:22:21,Corporate Cheque,Completed,60723.65
PAY_0004976,ORD_0004976,2026-09-28 18:58:02,UPI,Completed,64185.57
PAY_0004977,ORD_0004977,2026-09-29 17:21:15,UPI,Completed,9513.91
PAY_0004978,ORD_0004978,2026-09-28 19:06:33,UPI,Completed,33443.87
PAY_0004979,ORD_0004979,2026-09-29 01:26:54,Corporate Cheque,Completed,69703.41
PAY_0004980,ORD_0004980,2026-09-30 12:58:46,Credit Card,Completed,9747.15
PAY_0004981,ORD_0004981,2026-09-29 21:26:15,Corporate Cheque,Completed,25593.58
PAY_0004982,ORD_0004982,2026-09-28 21:28:00,UPI,Completed,75078.29
PAY_0004983,ORD_0004983,2026-09-29 20:51:38,UPI,Completed,20103.19
PAY_0004984,ORD_0004984,2026-09-30 04:35:07,Credit Card,Completed,26128.61
PAY_0004985,ORD_0004985,2026-09-29 03:53:51,Net Banking,Completed,59703.84
PAY_0004986,ORD_0004986,2026-09-29 05:05:35,Net Banking,Completed,44652.25
PAY_0004987,ORD_0004987,2026-09-29 00:33:01,Net Banking,Completed,677.91
PAY_0004988,ORD_0004988,2026-09-30 00:57:12,Net Banking,Completed,64527.03
PAY_0004989,ORD_0004989,2026-09-28 19:28:34,UPI,Completed,11433.32
PAY_0004990,ORD_0004990,2026-09-30 13:11:07,UPI,Completed,58249.84
PAY_0004991,ORD_0004991,2026-09-29 09:34:35,Credit Card,Completed,32045.95
PAY_0004992,ORD_0004992,2026-09-29 01:27:06,UPI,Completed,38386.4
PAY_0004993,ORD_0004993,2026-09-29 20:21:00,Net Banking,Completed,48205.25
PAY_0004994,ORD_0004994,2026-09-30 00:48:50,Cash on Delivery,Completed,14986.81
PAY_0004995,ORD_0004995,2026-09-29 19:37:26,Credit Card,Completed,47649.98
PAY_0004996,ORD_0004996,2026-09-30 11:53:42,UPI,Completed,59093.43
PAY_0004997,ORD_0004997,2026-09-30 03:18:00,UPI,Completed,79544.31
PAY_0004998,ORD_0004998,2026-09-29 05:28:28,Net Banking,Completed,48309.45
PAY_0004999,ORD_0004999,2026-09-29 02:26:57,UPI,Completed,71728.73
PAY_0005000,ORD_0005000,2026-09-30 13:01:54,Cash on Delivery,Completed,45340.22
