Shipment_ID,Order_ID,Vehicle_ID,Driver_ID,Dispatch_Time,Expected_Delivery_Time,Actual_Delivery_Time,Distance_KM,Shipment_Status,Shipping_Cost,Fuel_Cost
SHP_0000001,ORD_0000001,VEH_0062,DRV_0039,2026-04-26 11:57:45,2025-10-02 23:53:57,2026-04-26 19:32:57,372.5,Delivered,14072.86,6366.36
SHP_0000002,ORD_0000002,VEH_0029,DRV_0034,2026-07-05 08:23:40,2026-02-25 16:14:44,2026-07-06 06:34:28,1122.0,Delivered,37780.47,12408.0
SHP_0000003,ORD_0000003,VEH_0015,DRV_0082,2025-12-12 18:06:39,2026-06-27 00:14:40,2026-06-26 21:17:34,1695.4,Delivered,56271.16,2119.25
SHP_0000004,ORD_0000004,VEH_0002,DRV_0030,2026-01-18 06:13:14,2025-10-10 10:55:58,2025-10-10 16:00:59,346.1,Delivered,18367.78,8561.42
SHP_0000005,ORD_0000005,VEH_0070,DRV_0061,2025-11-26 10:38:03,2026-04-01 00:18:42,2026-03-31 22:56:11,1252.1,Delivered,45697.22,30973.0
SHP_0000006,ORD_0000006,VEH_0067,DRV_0086,2025-10-13 19:44:12,2026-07-27 13:26:13,2026-07-27 10:33:07,640.2,Delivered,22342.38,10941.6
SHP_0000007,ORD_0000007,VEH_0028,DRV_0015,2026-04-05 14:32:41,2026-06-03 04:19:28,2026-06-03 03:46:18,226.9,Delivered,8179.49,5612.79
SHP_0000008,ORD_0000008,VEH_0012,DRV_0032,2026-06-25 23:11:41,2025-11-20 15:42:37,2025-11-21 03:25:05,2619.8,Delivered,88192.93,28971.91
SHP_0000009,ORD_0000009,VEH_0045,DRV_0057,2026-01-31 18:52:41,2026-06-10 03:56:41,,214.5,Cancelled,10524.36,4800.71
SHP_0000010,ORD_0000010,VEH_0073,DRV_0024,2026-05-05 20:34:17,2026-02-19 11:40:35,2026-05-07 14:25:59,1800.4,Delivered,62913.38,30770.47
SHP_0000011,ORD_0000011,VEH_0049,DRV_0094,2026-02-20 06:44:49,2025-12-05 09:28:36,2025-12-06 01:06:52,1486.7,Delivered,49551.73,16441.15
SHP_0000012,ORD_0000012,VEH_0042,DRV_0053,2026-04-11 23:52:08,2025-10-27 22:21:54,2025-10-28 08:29:52,1883.1,Delivered,64191.15,42145.57
SHP_0000013,ORD_0000013,VEH_0080,DRV_0090,2026-06-06 23:46:55,2026-09-07 18:59:53,2026-09-08 00:08:24,908.4,Delivered,16592.73,10045.84
SHP_0000014,ORD_0000014,VEH_0048,DRV_0091,2025-10-24 06:23:37,2026-06-14 21:24:30,2026-06-14 19:03:24,705.9,Delivered,28597.05,17461.74
SHP_0000015,ORD_0000015,VEH_0032,DRV_0073,2026-04-25 05:46:05,2025-10-31 16:22:31,2026-04-25 12:16:52,335.6,Delivered,16178.82,3711.34
SHP_0000016,ORD_0000016,VEH_0052,DRV_0065,2026-09-08 13:58:50,2026-07-27 06:30:28,2026-09-09 14:45:27,1097.5,Delivered,40110.32,27148.68
SHP_0000017,ORD_0000017,VEH_0073,DRV_0070,2026-03-16 22:27:56,2026-05-02 13:31:54,2026-05-02 09:47:24,129.5,Delivered,9876.08,2213.27
SHP_0000018,ORD_0000018,VEH_0001,DRV_0039,2025-10-07 03:21:18,2026-03-23 22:41:40,2026-03-23 21:05:32,329.7,Delivered,12686.16,8155.74
SHP_0000019,ORD_0000019,VEH_0047,DRV_0075,2025-10-15 08:55:46,2026-09-25 13:36:49,2026-09-25 12:03:45,2213.2,Delivered,71985.29,37825.6
SHP_0000020,ORD_0000020,VEH_0013,DRV_0077,2026-04-08 09:26:41,2026-09-26 08:59:46,2026-09-26 23:50:01,2220.9,Delivered,74689.35,37957.2
SHP_0000021,ORD_0000021,VEH_0002,DRV_0082,2026-07-26 23:20:23,2026-02-13 11:05:00,2026-07-27 04:01:36,211.9,Delivered,7687.49,5241.74
SHP_0000022,ORD_0000022,VEH_0077,DRV_0074,2026-07-11 20:46:21,2026-05-11 03:54:09,,1246.5,Cancelled,22818.75,21303.82
SHP_0000023,ORD_0000023,VEH_0065,DRV_0056,2025-10-19 22:23:10,2026-08-04 10:36:34,2026-08-04 14:20:06,402.3,Delivered,17160.69,502.88
SHP_0000024,ORD_0000024,VEH_0074,DRV_0012,2026-01-02 19:19:48,2026-06-13 00:21:14,2026-06-12 22:34:32,1192.0,Delivered,42077.29,29486.32
SHP_0000025,ORD_0000025,VEH_0057,DRV_0006,2026-08-15 20:56:35,2026-05-20 09:25:06,,129.5,Cancelled,6768.82,1432.12
SHP_0000026,ORD_0000026,VEH_0002,DRV_0044,2026-01-03 03:54:27,2026-02-26 20:39:36,,2385.7,Cancelled,81890.04,59014.68
SHP_0000027,ORD_0000027,VEH_0019,DRV_0089,2026-04-21 23:44:23,2026-04-04 00:29:26,2026-04-04 11:36:36,392.2,Delivered,14081.3,490.25
SHP_0000028,ORD_0000028,VEH_0035,DRV_0085,2026-03-30 08:45:26,2025-12-08 07:23:31,2026-03-30 21:12:10,527.8,Delivered,18926.39,13056.11
SHP_0000029,ORD_0000029,VEH_0024,DRV_0026,2026-01-31 06:12:59,2026-03-03 20:58:14,2026-03-03 17:13:42,2266.8,Delivered,41552.13,38741.67
SHP_0000030,ORD_0000030,VEH_0031,DRV_0065,2026-02-12 09:30:09,2026-09-26 07:34:45,2026-09-26 13:19:52,525.7,Delivered,18002.47,657.12
SHP_0000031,ORD_0000031,VEH_0030,DRV_0054,2026-07-11 04:14:16,2026-01-20 12:41:03,2026-07-12 05:52:27,1130.6,Delivered,37211.24,25303.9
SHP_0000032,ORD_0000032,VEH_0068,DRV_0018,2026-08-07 11:15:42,2026-03-28 10:12:32,2026-08-09 19:27:30,2387.3,Delivered,80455.14,26400.73
SHP_0000033,ORD_0000033,VEH_0041,DRV_0053,2026-08-22 20:15:08,2026-02-05 03:45:13,2026-08-25 01:16:29,2460.0,Delivered,80103.46,42043.64
SHP_0000034,ORD_0000034,VEH_0030,DRV_0077,2026-05-26 09:13:49,2026-01-17 15:34:59,2026-05-27 01:23:47,683.1,Delivered,12495.21,15288.43
SHP_0000035,ORD_0000035,VEH_0029,DRV_0005,2026-02-28 05:04:09,2026-04-14 22:34:35,2026-04-14 18:50:15,781.1,Delivered,26377.47,8638.05
SHP_0000036,ORD_0000036,VEH_0059,DRV_0032,2026-03-20 08:10:10,2026-07-17 12:08:06,2026-07-17 09:30:26,565.4,Delivered,19423.36,6252.66
SHP_0000037,ORD_0000037,VEH_0014,DRV_0058,2026-06-06 20:02:47,2026-02-02 12:05:51,2026-06-08 04:16:33,1652.4,Delivered,56899.38,36982.29
SHP_0000038,ORD_0000038,VEH_0037,DRV_0060,2025-10-19 20:25:05,2026-03-03 11:25:59,2026-03-03 07:42:59,25.0,Delivered,6539.4,559.52
SHP_0000039,ORD_0000039,VEH_0018,DRV_0051,2026-07-30 03:59:35,2026-03-31 04:46:29,2026-07-31 04:26:48,1110.7,Delivered,36393.85,24858.52
SHP_0000040,ORD_0000040,VEH_0015,DRV_0091,2026-08-06 01:35:23,2026-09-12 04:46:06,2026-09-12 02:26:06,1864.9,Delivered,66480.8,2331.12
SHP_0000041,ORD_0000041,VEH_0021,DRV_0019,2026-02-07 21:12:54,2026-05-27 08:42:55,2026-05-27 06:44:48,549.4,Delivered,23343.45,686.75
SHP_0000042,ORD_0000042,VEH_0064,DRV_0070,2026-05-30 13:33:26,2026-01-23 09:46:02,2026-06-01 04:14:34,1602.0,Delivered,52787.78,39628.42
SHP_0000043,ORD_0000043,VEH_0027,DRV_0007,2026-09-08 07:24:25,2026-04-06 21:46:00,2026-04-07 05:01:32,1647.1,Delivered,29700.08,40744.05
SHP_0000044,ORD_0000044,VEH_0079,DRV_0085,2026-03-11 16:50:48,2026-05-15 06:21:10,,1686.0,Cancelled,30718.59,37734.29
SHP_0000045,ORD_0000045,VEH_0009,DRV_0098,2026-07-26 04:47:05,2025-12-09 23:25:56,2026-07-27 11:05:53,1485.1,Delivered,27003.49,1856.38
SHP_0000046,ORD_0000046,VEH_0068,DRV_0012,2026-05-26 10:39:26,2026-09-02 17:16:59,2026-09-02 13:30:52,1462.4,Delivered,52016.44,16172.42
SHP_0000047,ORD_0000047,VEH_0064,DRV_0064,2025-11-20 03:53:24,2026-05-25 23:37:32,2026-05-25 22:18:39,402.3,Delivered,17549.06,9951.63
SHP_0000048,ORD_0000048,VEH_0043,DRV_0045,2026-08-07 06:36:47,2025-11-18 03:44:19,2026-08-07 21:07:45,689.6,Delivered,28428.17,862.0
SHP_0000049,ORD_0000049,VEH_0073,DRV_0079,2025-10-03 04:28:48,2026-01-10 09:56:39,2026-01-10 08:45:55,2060.1,Delivered,68354.65,35208.98
SHP_0000050,ORD_0000050,VEH_0060,DRV_0053,2026-06-01 09:10:03,2026-04-06 22:24:02,2026-04-07 08:29:53,2048.9,Delivered,69177.57,22658.42
SHP_0000051,ORD_0000051,VEH_0036,DRV_0004,2026-09-10 14:30:14,2026-05-08 07:17:20,2026-09-12 15:42:52,2091.4,Delivered,72921.92,23128.42
SHP_0000052,ORD_0000052,VEH_0012,DRV_0064,2026-08-29 22:32:24,2026-03-02 23:04:36,2026-08-29 23:08:38,25.0,Delivered,3114.18,276.47
SHP_0000053,ORD_0000053,VEH_0065,DRV_0020,2025-11-05 16:09:20,2026-01-29 05:08:34,2026-01-29 02:04:45,1240.4,Delivered,41210.94,1550.5
SHP_0000054,ORD_0000054,VEH_0067,DRV_0015,2025-11-21 05:28:40,2025-11-26 07:39:56,2025-11-26 04:45:39,25.0,Delivered,4672.55,427.27
SHP_0000055,ORD_0000055,VEH_0042,DRV_0026,2025-10-09 10:33:39,2026-03-31 15:46:11,2026-03-31 14:09:10,194.6,Delivered,11819.62,4355.33
SHP_0000056,ORD_0000056,VEH_0041,DRV_0035,2026-04-18 08:16:09,2026-01-17 22:42:19,2026-04-19 18:12:04,1468.7,Delivered,51671.62,25101.42
SHP_0000057,ORD_0000057,VEH_0007,DRV_0012,2026-04-01 13:18:17,2026-01-30 19:53:40,2026-04-01 19:29:52,272.9,Delivered,9710.97,4664.11
SHP_0000058,ORD_0000058,VEH_0060,DRV_0073,2026-07-22 05:40:17,2026-07-02 20:21:02,2026-07-23 20:00:39,1697.2,Delivered,55798.91,18769.04
SHP_0000059,ORD_0000059,VEH_0047,DRV_0051,2025-12-26 14:55:03,2026-01-30 15:32:01,2026-01-30 13:52:39,534.8,Delivered,18853.61,9140.22
SHP_0000060,ORD_0000060,VEH_0017,DRV_0066,2025-12-06 00:44:47,2026-04-10 08:01:02,2026-04-10 04:43:43,396.4,Delivered,16145.73,8871.81
SHP_0000061,ORD_0000061,VEH_0050,DRV_0009,2026-05-29 20:26:49,2025-10-30 06:23:02,2026-05-30 22:19:10,1200.3,Delivered,41512.17,13273.91
SHP_0000062,ORD_0000062,VEH_0015,DRV_0076,2026-07-14 21:38:26,2026-08-06 05:47:11,2026-08-06 04:56:41,2122.5,Delivered,72943.04,2653.12
SHP_0000063,ORD_0000063,VEH_0012,DRV_0028,2026-02-24 22:36:34,2026-03-09 11:44:40,2026-03-09 08:04:59,248.7,Delivered,13744.15,2750.33
SHP_0000064,ORD_0000064,VEH_0073,DRV_0087,2025-12-15 17:06:38,2026-06-16 18:47:51,2026-06-16 16:46:33,532.6,Delivered,21378.95,9102.62
SHP_0000065,ORD_0000065,VEH_0001,DRV_0091,2026-01-23 00:07:55,2026-05-17 02:39:55,2026-05-17 01:46:52,197.2,Delivered,7269.68,4878.11
SHP_0000066,ORD_0000066,VEH_0061,DRV_0018,2026-02-25 21:27:38,2026-03-18 18:46:17,2026-03-18 15:02:09,511.7,Delivered,19247.17,12657.84
SHP_0000067,ORD_0000067,VEH_0056,DRV_0018,2025-10-06 19:06:48,2026-01-21 04:36:40,2026-01-21 02:39:20,404.3,Delivered,7818.29,505.38
SHP_0000068,ORD_0000068,VEH_0001,DRV_0074,2026-02-27 03:44:50,2026-03-17 11:35:50,2026-03-17 08:36:17,1649.7,Delivered,58941.48,40808.37
SHP_0000069,ORD_0000069,VEH_0019,DRV_0094,2025-11-13 17:24:51,2026-05-15 07:57:42,2026-05-15 04:01:08,1061.5,Delivered,39255.5,1326.88
SHP_0000070,ORD_0000070,VEH_0070,DRV_0075,2026-07-15 18:24:18,2026-04-21 20:23:48,2026-04-22 03:33:54,538.5,Delivered,20776.97,13320.79
SHP_0000071,ORD_0000071,VEH_0077,DRV_0096,2026-08-06 17:20:37,2026-09-20 12:14:03,2026-09-20 10:49:22,1158.5,Delivered,44276.49,19799.82
SHP_0000072,ORD_0000072,VEH_0010,DRV_0036,2025-10-11 07:38:40,2025-12-07 13:18:35,2025-12-07 11:50:48,1432.7,Delivered,51377.54,15843.98
SHP_0000073,ORD_0000073,VEH_0031,DRV_0063,2026-02-21 07:28:15,2025-11-15 08:33:15,2026-02-22 16:51:27,1700.1,Delivered,59347.89,2125.12
SHP_0000074,ORD_0000074,VEH_0027,DRV_0074,2026-01-01 04:29:09,2026-08-20 00:01:37,2026-08-19 21:16:45,2460.9,Delivered,84527.25,60874.89
SHP_0000075,ORD_0000075,VEH_0061,DRV_0034,2026-04-25 12:20:29,2025-12-07 07:12:02,2026-04-26 01:56:27,621.7,Delivered,27006.44,15378.89
SHP_0000076,ORD_0000076,VEH_0079,DRV_0084,2026-04-25 03:02:24,2026-06-23 05:37:48,2026-06-23 04:11:42,100.2,Delivered,2536.55,2242.57
SHP_0000077,ORD_0000077,VEH_0024,DRV_0041,2026-05-17 09:24:11,2026-05-19 12:42:53,2026-05-19 09:18:14,2382.1,Delivered,81735.35,40712.25
SHP_0000078,ORD_0000078,VEH_0077,DRV_0085,2025-12-14 18:45:56,2026-04-25 05:02:00,2026-04-25 02:26:08,624.2,Delivered,22101.28,10668.15
SHP_0000079,ORD_0000079,VEH_0024,DRV_0033,2026-05-08 13:28:46,2025-11-04 18:51:07,2026-05-09 15:42:00,1089.7,Delivered,41619.93,18623.96
SHP_0000080,ORD_0000080,VEH_0043,DRV_0008,2025-10-29 10:55:45,2026-06-27 10:36:07,2026-06-27 09:28:45,550.4,Delivered,18830.06,688.0
SHP_0000081,ORD_0000081,VEH_0034,DRV_0014,2026-03-17 04:07:52,2026-05-28 19:55:43,2026-05-29 09:25:59,1339.3,Delivered,46913.72,14811.08
SHP_0000082,ORD_0000082,VEH_0066,DRV_0091,2026-06-29 16:15:32,2026-06-13 04:43:24,2026-06-30 16:23:04,1235.1,Delivered,41523.67,13658.75
SHP_0000083,ORD_0000083,VEH_0043,DRV_0088,2025-11-16 19:03:37,2026-05-01 20:33:51,2026-05-02 14:30:54,1550.2,Delivered,55455.79,1937.75
SHP_0000084,ORD_0000084,VEH_0025,DRV_0039,2026-06-09 08:24:14,2026-08-29 08:27:11,2026-08-29 05:44:45,1117.4,Delivered,41506.32,25008.48
SHP_0000085,ORD_0000085,VEH_0009,DRV_0070,2026-07-07 06:50:10,2026-09-11 07:58:01,,1060.5,Cancelled,35386.62,1325.62
SHP_0000086,ORD_0000086,VEH_0059,DRV_0087,2025-11-15 16:38:46,2025-10-10 01:28:16,2025-11-16 17:38:10,1016.4,Delivered,18619.19,11240.19
SHP_0000087,ORD_0000087,VEH_0023,DRV_0081,2025-10-18 11:30:16,2026-07-15 14:18:54,2026-07-15 11:02:13,377.1,Delivered,18952.59,471.38
SHP_0000088,ORD_0000088,VEH_0055,DRV_0044,2026-08-07 03:44:22,2026-08-23 21:43:46,2026-08-23 18:51:18,2203.3,Delivered,74235.68,54502.68
SHP_0000089,ORD_0000089,VEH_0036,DRV_0019,2025-10-18 11:37:19,2026-05-15 17:36:01,2026-05-15 15:48:19,1480.1,Delivered,48964.79,16368.16
SHP_0000090,ORD_0000090,VEH_0011,DRV_0001,2026-02-23 18:16:08,2026-09-26 16:08:06,2026-09-26 13:09:41,530.9,Delivered,21731.36,13132.79
SHP_0000091,ORD_0000091,VEH_0023,DRV_0079,2026-06-06 06:08:05,2026-06-27 17:16:02,2026-06-27 14:15:25,290.4,Delivered,10841.38,363.0
SHP_0000092,ORD_0000092,VEH_0047,DRV_0098,2025-11-15 10:39:53,2026-08-20 11:12:34,,1960.1,Cancelled,64492.78,33499.89
SHP_0000093,ORD_0000093,VEH_0064,DRV_0023,2025-11-27 15:44:18,2026-07-28 10:51:39,2026-07-28 10:10:18,654.5,Delivered,21791.76,16190.26
SHP_0000094,ORD_0000094,VEH_0021,DRV_0004,2025-11-10 07:10:56,2026-03-20 18:42:05,2026-03-21 10:58:13,370.5,Delivered,15256.24,463.12
SHP_0000095,ORD_0000095,VEH_0026,DRV_0049,2026-02-04 10:53:55,2026-03-16 13:19:09,2026-03-17 00:28:24,2496.9,Delivered,85743.78,55883.0
SHP_0000096,ORD_0000096,VEH_0026,DRV_0043,2026-07-07 06:03:13,2025-12-24 13:15:22,2026-07-07 17:03:09,500.0,Delivered,17025.62,11190.48
SHP_0000097,ORD_0000097,VEH_0022,DRV_0074,2025-11-30 16:44:01,2026-03-30 04:50:32,2026-03-30 04:02:22,546.5,Delivered,19703.83,9340.18
SHP_0000098,ORD_0000098,VEH_0042,DRV_0056,2026-07-11 06:26:57,2026-08-31 18:45:41,2026-08-31 16:11:25,142.8,Delivered,6665.55,3196.0
SHP_0000099,ORD_0000099,VEH_0013,DRV_0058,2025-10-13 19:18:14,2026-03-14 08:03:03,2026-03-14 21:58:35,2213.6,Delivered,76600.43,37832.44
SHP_0000100,ORD_0000100,VEH_0075,DRV_0004,2026-06-17 15:14:42,2025-11-23 18:04:06,2026-06-18 04:53:45,585.2,Delivered,10656.03,14476.0
SHP_0000101,ORD_0000101,VEH_0068,DRV_0005,2026-06-01 08:14:53,2026-08-04 05:50:38,2026-08-04 02:54:02,398.0,Delivered,7177.23,4401.41
SHP_0000102,ORD_0000102,VEH_0007,DRV_0015,2025-10-22 00:28:57,2026-08-08 11:21:46,2026-08-08 10:43:11,1486.6,Delivered,50090.9,25407.35
SHP_0000103,ORD_0000103,VEH_0075,DRV_0090,2026-02-07 18:51:08,2026-05-08 15:14:42,2026-05-08 13:57:22,2219.1,Delivered,72051.82,54893.53
SHP_0000104,ORD_0000104,VEH_0069,DRV_0087,2026-04-13 12:46:54,2026-06-25 07:33:18,2026-06-25 05:28:23,1460.7,Delivered,50137.12,1825.88
SHP_0000105,ORD_0000105,VEH_0010,DRV_0014,2025-11-03 14:43:22,2026-08-10 22:28:12,2026-08-11 02:24:41,25.0,Delivered,7430.19,276.47
SHP_0000106,ORD_0000106,VEH_0003,DRV_0038,2026-04-02 18:07:59,2026-06-04 09:39:19,2026-06-05 00:23:17,1240.4,Delivered,46680.91,27761.33
SHP_0000107,ORD_0000107,VEH_0039,DRV_0073,2026-06-28 08:05:13,2026-05-15 14:10:10,2026-06-28 12:53:12,229.2,Delivered,11785.8,5129.71
SHP_0000108,ORD_0000108,VEH_0069,DRV_0037,2026-03-26 18:32:31,2026-02-23 09:18:36,,1352.9,Cancelled,45943.15,1691.12
SHP_0000109,ORD_0000109,VEH_0024,DRV_0027,2026-01-31 17:18:22,2026-09-20 00:04:25,2026-09-20 06:48:11,2012.7,Delivered,36540.1,34398.87
SHP_0000110,ORD_0000110,VEH_0020,DRV_0001,2026-04-12 18:15:55,2026-04-28 18:28:41,2026-04-28 16:12:08,329.7,Delivered,6124.47,5634.87
SHP_0000111,ORD_0000111,VEH_0044,DRV_0089,2026-06-16 16:37:59,2026-04-04 16:50:27,2026-06-18 04:51:16,1870.3,Delivered,67305.11,41859.1
SHP_0000112,ORD_0000112,VEH_0068,DRV_0029,2026-02-04 12:45:06,2026-01-30 20:05:58,2026-02-05 01:51:54,621.7,Delivered,22576.78,6875.27
SHP_0000113,ORD_0000113,VEH_0047,DRV_0051,2026-02-01 02:36:47,2026-06-22 14:54:04,2026-06-22 13:06:26,1016.4,Delivered,33985.59,17371.2
SHP_0000114,ORD_0000114,VEH_0057,DRV_0037,2026-07-10 09:01:41,2026-02-13 21:32:38,2026-07-10 16:13:51,372.6,Delivered,7366.53,4120.52
SHP_0000115,ORD_0000115,VEH_0049,DRV_0012,2026-09-02 14:23:55,2026-08-22 18:16:08,2026-09-03 05:41:02,627.2,Delivered,23631.58,6936.09
SHP_0000116,ORD_0000116,VEH_0075,DRV_0039,2026-01-21 03:55:36,2026-07-05 07:01:42,2026-07-05 05:44:33,998.9,Delivered,38207.43,24709.63
SHP_0000117,ORD_0000117,VEH_0032,DRV_0004,2026-06-16 07:34:23,2026-01-13 02:56:53,2026-06-16 18:44:31,532.6,Delivered,17977.16,5889.93
SHP_0000118,ORD_0000118,VEH_0066,DRV_0094,2026-04-03 15:11:55,2026-02-20 00:24:50,,988.1,Cancelled,36330.28,10927.22
SHP_0000119,ORD_0000119,VEH_0046,DRV_0007,2025-12-03 03:28:13,2026-05-16 18:04:22,2026-05-16 14:17:45,228.3,Delivered,8324.43,2524.73
SHP_0000120,ORD_0000120,VEH_0035,DRV_0088,2026-01-31 13:50:26,2025-12-13 21:17:49,2026-02-02 15:41:43,2352.4,Delivered,77698.39,58190.95
SHP_0000121,ORD_0000121,VEH_0025,DRV_0072,2025-12-03 01:50:02,2025-11-25 07:53:17,2025-12-03 13:48:32,532.6,Delivered,19597.52,11920.1
SHP_0000122,ORD_0000122,VEH_0040,DRV_0089,2026-08-14 17:43:33,2026-07-02 00:40:49,2026-08-15 09:22:15,647.2,Delivered,12225.38,16009.68
SHP_0000123,ORD_0000123,VEH_0017,DRV_0027,2026-08-29 10:56:21,2025-12-08 16:12:01,2025-12-09 05:05:56,1116.0,Delivered,37382.01,24977.14
SHP_0000124,ORD_0000124,VEH_0006,DRV_0009,2026-05-19 02:09:34,2026-07-25 00:53:18,2026-07-25 03:58:51,1294.9,Delivered,46386.23,28981.1
SHP_0000125,ORD_0000125,VEH_0045,DRV_0046,2026-08-25 04:56:03,2026-05-19 22:36:38,2026-08-27 19:14:08,2630.2,Delivered,48027.18,58866.38
SHP_0000126,ORD_0000126,VEH_0069,DRV_0001,2025-12-14 04:43:30,2025-10-30 11:03:02,,1438.7,Cancelled,47668.24,1798.38
SHP_0000127,ORD_0000127,VEH_0055,DRV_0028,2025-11-11 10:19:53,2026-08-29 12:46:13,2026-08-29 09:36:19,1361.1,Delivered,46854.38,33669.32
SHP_0000128,ORD_0000128,VEH_0050,DRV_0037,2026-07-08 04:37:24,2025-11-14 23:34:00,2026-07-08 16:31:01,546.5,Delivered,19652.17,6043.65
SHP_0000129,ORD_0000129,VEH_0048,DRV_0023,2026-09-13 04:12:28,2026-05-06 07:03:04,2026-09-13 16:56:12,659.6,Delivered,27533.44,16316.42
SHP_0000130,ORD_0000130,VEH_0009,DRV_0047,2025-11-09 07:29:49,2026-06-15 10:09:34,2026-06-15 07:34:37,1018.9,Delivered,37818.5,1273.62
SHP_0000131,ORD_0000131,VEH_0052,DRV_0046,2026-05-19 07:05:53,2026-08-25 02:32:46,2026-08-25 00:37:50,1073.9,Delivered,40110.3,26564.89
SHP_0000132,ORD_0000132,VEH_0007,DRV_0009,2026-06-01 18:47:19,2025-11-29 08:26:57,,1460.7,Cancelled,50473.46,24964.69
SHP_0000133,ORD_0000133,VEH_0060,DRV_0026,2025-10-30 10:31:31,2026-05-24 20:14:59,2026-05-24 17:58:58,404.4,Delivered,8004.42,4472.19
SHP_0000134,ORD_0000134,VEH_0057,DRV_0059,2025-11-15 22:58:13,2026-05-03 20:59:50,2026-05-03 18:11:22,1115.0,Delivered,42281.31,12330.59
SHP_0000135,ORD_0000135,VEH_0070,DRV_0074,2025-11-12 05:22:31,2025-12-07 06:18:26,2025-12-07 05:15:36,1869.3,Delivered,63475.05,46240.58
SHP_0000136,ORD_0000136,VEH_0017,DRV_0047,2026-01-19 04:38:55,2026-04-12 03:57:14,2026-04-12 03:21:35,429.6,Delivered,19496.43,9614.86
SHP_0000137,ORD_0000137,VEH_0076,DRV_0011,2026-06-14 14:23:12,2026-03-01 11:20:21,2026-03-01 17:52:13,2149.1,Delivered,71407.66,2686.38
SHP_0000138,ORD_0000138,VEH_0003,DRV_0041,2026-03-13 07:11:55,2026-02-07 06:56:41,2026-03-14 07:03:44,1142.9,Delivered,40434.96,25579.19
SHP_0000139,ORD_0000139,VEH_0026,DRV_0064,2026-02-09 15:05:42,2026-06-27 16:16:43,2026-06-27 15:30:54,770.9,Delivered,30406.28,17253.48
SHP_0000140,ORD_0000140,VEH_0013,DRV_0076,2026-05-31 06:53:53,2026-01-23 10:17:03,2026-01-24 01:00:13,1241.0,Delivered,45747.11,21209.82
SHP_0000141,ORD_0000141,VEH_0033,DRV_0080,2026-06-15 09:51:45,2026-08-07 22:33:29,2026-08-07 20:08:30,353.9,Delivered,13576.22,6048.47
SHP_0000142,ORD_0000142,VEH_0069,DRV_0079,2026-08-16 18:23:21,2026-07-04 18:40:34,2026-08-18 18:05:15,2014.7,Delivered,69427.46,2518.38
SHP_0000143,ORD_0000143,VEH_0009,DRV_0082,2026-07-25 00:19:13,2026-04-25 06:02:25,2026-07-26 19:00:11,1944.2,Delivered,67813.4,2430.25
SHP_0000144,ORD_0000144,VEH_0072,DRV_0056,2026-01-04 02:45:04,2026-06-25 14:29:30,2026-06-25 13:17:05,228.3,Delivered,8747.4,2524.73
SHP_0000145,ORD_0000145,VEH_0008,DRV_0011,2025-10-17 03:01:40,2026-01-10 14:39:24,,640.1,Cancelled,25316.47,7078.75
SHP_0000146,ORD_0000146,VEH_0065,DRV_0016,2026-07-09 00:22:19,2026-09-16 02:45:05,2026-09-15 22:55:40,228.3,Delivered,14379.48,285.38
SHP_0000147,ORD_0000147,VEH_0031,DRV_0055,2026-02-05 14:16:23,2026-04-13 05:42:02,2026-04-13 10:44:00,1328.1,Delivered,48549.93,1660.12
SHP_0000148,ORD_0000148,VEH_0036,DRV_0019,2026-01-31 15:26:28,2026-09-02 03:40:46,2026-09-02 00:18:17,432.1,Delivered,20942.69,4778.52
SHP_0000149,ORD_0000149,VEH_0040,DRV_0082,2026-08-03 03:30:05,2025-10-14 22:07:37,2026-08-03 09:43:45,298.6,Delivered,14736.25,7386.42
SHP_0000150,ORD_0000150,VEH_0031,DRV_0039,2026-01-07 22:49:46,2026-09-02 02:13:12,2026-09-01 22:30:51,1319.8,Delivered,49190.12,1649.75
SHP_0000151,ORD_0000151,VEH_0055,DRV_0013,2026-04-09 17:49:32,2026-03-10 14:43:18,2026-04-11 22:12:32,2267.6,Delivered,78409.78,56093.26
SHP_0000152,ORD_0000152,VEH_0018,DRV_0001,2025-10-20 23:15:00,2026-07-13 05:56:15,2026-07-13 04:20:22,2225.5,Delivered,40267.05,49808.81
SHP_0000153,ORD_0000153,VEH_0058,DRV_0062,2026-08-25 17:18:57,2026-01-08 07:26:47,2026-01-08 11:48:32,904.7,Delivered,34674.83,20248.05
SHP_0000154,ORD_0000154,VEH_0072,DRV_0083,2026-08-20 22:03:38,2025-12-18 19:41:42,2026-08-20 22:37:24,25.0,Delivered,3631.77,276.47
SHP_0000155,ORD_0000155,VEH_0016,DRV_0002,2025-11-27 17:43:47,2026-06-30 18:16:25,2026-06-30 14:33:13,267.7,Delivered,13070.54,6622.05
SHP_0000156,ORD_0000156,VEH_0056,DRV_0027,2026-01-12 03:26:33,2025-11-19 16:46:00,2026-01-14 04:08:32,2066.7,Delivered,72235.56,2583.38
SHP_0000157,ORD_0000157,VEH_0059,DRV_0011,2026-05-28 13:40:48,2025-12-12 06:13:14,2025-12-12 13:03:15,567.8,Delivered,20135.31,6279.2
SHP_0000158,ORD_0000158,VEH_0061,DRV_0046,2026-05-05 03:03:29,2026-07-08 21:32:46,2026-07-08 17:39:39,2403.7,Delivered,43817.29,59459.95
SHP_0000159,ORD_0000159,VEH_0006,DRV_0075,2026-03-02 23:49:52,2026-08-13 04:24:33,2026-08-13 02:11:03,25.0,Delivered,3070.89,559.52
SHP_0000160,ORD_0000160,VEH_0047,DRV_0056,2025-10-17 20:55:19,2025-11-06 22:36:49,,537.0,Cancelled,18062.97,9177.82
SHP_0000161,ORD_0000161,VEH_0072,DRV_0085,2026-01-31 07:26:06,2026-08-22 02:50:55,2026-08-22 01:41:15,2376.9,Delivered,82756.15,26285.72
SHP_0000162,ORD_0000162,VEH_0072,DRV_0063,2026-09-13 09:27:46,2025-10-16 17:35:57,2025-10-17 06:58:31,163.1,Delivered,6092.03,1803.69
SHP_0000163,ORD_0000163,VEH_0075,DRV_0001,2026-01-14 16:37:53,2025-12-19 11:03:51,2026-01-14 21:18:29,197.2,Delivered,10127.4,4878.11
SHP_0000164,ORD_0000164,VEH_0042,DRV_0020,2025-11-17 01:34:35,2026-06-23 21:40:54,2026-06-23 18:42:17,1449.5,Delivered,53744.07,32441.19
SHP_0000165,ORD_0000165,VEH_0073,DRV_0017,2026-03-25 16:18:10,2026-01-16 05:28:16,2026-01-16 17:35:28,1914.9,Delivered,66199.12,32727.38
SHP_0000166,ORD_0000166,VEH_0003,DRV_0027,2026-01-01 22:38:59,2025-10-31 10:58:52,,1527.0,Cancelled,50779.96,34175.71
SHP_0000167,ORD_0000167,VEH_0078,DRV_0017,2026-03-17 15:24:06,2026-06-10 05:32:42,2026-06-10 13:06:29,289.5,Delivered,12946.86,361.88
SHP_0000168,ORD_0000168,VEH_0012,DRV_0006,2026-02-20 18:12:01,2026-04-05 18:18:52,2026-04-05 15:26:49,100.2,Delivered,6377.16,1108.09
SHP_0000169,ORD_0000169,VEH_0039,DRV_0020,2026-03-31 15:31:25,2025-12-02 04:25:11,2026-04-02 11:08:13,2020.5,Delivered,37001.52,45220.71
SHP_0000170,ORD_0000170,VEH_0073,DRV_0033,2026-04-17 01:08:09,2026-01-25 07:12:16,2026-04-17 22:48:00,1009.8,Delivered,36165.67,17258.4
SHP_0000171,ORD_0000171,VEH_0059,DRV_0097,2026-03-11 10:12:30,2026-06-17 11:54:39,2026-06-17 10:28:59,1092.6,Delivered,20009.1,12082.87
SHP_0000172,ORD_0000172,VEH_0002,DRV_0022,2026-03-18 05:43:06,2025-12-13 16:07:45,2026-03-18 09:15:21,183.2,Delivered,10913.95,4531.79
SHP_0000173,ORD_0000173,VEH_0039,DRV_0012,2026-06-19 09:07:39,2026-07-12 10:16:22,,988.1,Cancelled,34326.58,22114.62
SHP_0000174,ORD_0000174,VEH_0069,DRV_0025,2026-06-09 14:19:00,2026-08-16 09:36:18,2026-08-16 08:35:11,1073.1,Delivered,35910.79,1341.38
SHP_0000175,ORD_0000175,VEH_0038,DRV_0073,2025-10-08 09:53:03,2025-12-05 04:57:17,2025-12-05 03:17:11,649.3,Delivered,24416.99,811.62
SHP_0000176,ORD_0000176,VEH_0063,DRV_0066,2026-05-04 00:43:04,2026-03-18 01:32:44,,679.4,Cancelled,26210.81,15205.62
SHP_0000177,ORD_0000177,VEH_0015,DRV_0064,2025-10-25 10:16:53,2026-01-01 13:34:09,2026-01-01 11:30:00,2066.7,Delivered,68505.33,2583.38
SHP_0000178,ORD_0000178,VEH_0060,DRV_0017,2026-05-17 00:28:40,2026-01-21 23:17:07,2026-05-17 11:51:21,519.2,Delivered,20423.14,5741.74
SHP_0000179,ORD_0000179,VEH_0062,DRV_0017,2025-12-20 04:17:45,2026-07-16 11:11:53,2026-07-16 08:58:31,1686.1,Delivered,55172.9,28816.98
SHP_0000180,ORD_0000180,VEH_0005,DRV_0009,2026-01-10 00:22:19,2026-01-29 15:29:34,2026-01-29 20:43:59,1204.4,Delivered,41233.63,1505.5
SHP_0000181,ORD_0000181,VEH_0078,DRV_0086,2026-09-13 19:03:03,2026-02-12 01:06:21,2026-02-12 18:13:09,1457.4,Delivered,50815.8,1821.75
SHP_0000182,ORD_0000182,VEH_0027,DRV_0047,2025-10-17 00:06:23,2026-08-01 05:29:12,2026-08-01 03:26:29,25.0,Delivered,6977.6,618.42
SHP_0000183,ORD_0000183,VEH_0001,DRV_0032,2026-08-26 08:26:09,2026-09-06 04:39:50,2026-09-06 03:09:37,555.6,Delivered,18815.08,13743.79
SHP_0000184,ORD_0000184,VEH_0018,DRV_0055,2026-07-20 06:05:00,2026-02-23 16:17:00,2026-07-20 15:33:23,426.1,Delivered,15478.36,9536.52
SHP_0000185,ORD_0000185,VEH_0052,DRV_0099,2026-04-19 14:59:03,2026-02-20 11:12:23,,1983.4,Cancelled,68851.84,49063.05
SHP_0000186,ORD_0000186,VEH_0054,DRV_0052,2026-07-04 20:11:42,2026-06-14 16:44:19,2026-07-05 00:11:38,167.2,Delivered,12683.47,209.0
SHP_0000187,ORD_0000187,VEH_0070,DRV_0080,2025-11-26 19:40:05,2026-09-22 07:31:57,2026-09-22 04:35:29,1868.9,Delivered,64383.97,46230.68
SHP_0000188,ORD_0000188,VEH_0070,DRV_0037,2026-07-09 07:30:10,2026-08-01 16:26:48,2026-08-01 14:51:14,1995.1,Delivered,66353.9,49352.47
SHP_0000189,ORD_0000189,VEH_0015,DRV_0094,2026-07-28 08:18:19,2025-10-13 14:20:58,2026-07-30 04:53:47,2209.9,Delivered,72529.13,2762.38
SHP_0000190,ORD_0000190,VEH_0075,DRV_0073,2026-03-25 18:14:01,2026-07-23 02:05:01,2026-07-22 23:15:15,621.7,Delivered,25421.63,15378.89
SHP_0000191,ORD_0000191,VEH_0014,DRV_0042,2025-11-24 02:37:48,2026-02-17 23:15:45,2026-02-17 20:02:16,2612.9,Delivered,87909.82,58479.19
SHP_0000192,ORD_0000192,VEH_0068,DRV_0052,2025-11-20 06:29:40,2026-07-06 20:17:17,2026-07-06 18:24:23,892.9,Delivered,31761.17,9874.42
SHP_0000193,ORD_0000193,VEH_0063,DRV_0092,2026-03-11 15:49:23,2026-06-08 03:31:56,2026-06-08 01:14:10,1441.4,Delivered,49797.9,32259.9
SHP_0000194,ORD_0000194,VEH_0048,DRV_0074,2025-11-15 20:18:02,2025-12-25 17:37:47,2025-12-25 16:43:04,1462.4,Delivered,50990.83,36175.16
SHP_0000195,ORD_0000195,VEH_0028,DRV_0024,2025-10-19 16:22:12,2026-01-24 22:14:58,2026-01-24 21:19:17,133.3,Delivered,8689.01,3297.42
SHP_0000196,ORD_0000196,VEH_0017,DRV_0098,2026-02-24 05:36:39,2026-03-14 04:09:38,2026-03-14 00:59:41,377.1,Delivered,14602.86,8439.86
SHP_0000197,ORD_0000197,VEH_0006,DRV_0086,2026-02-28 04:24:54,2026-09-03 14:24:45,2026-09-03 11:39:07,494.3,Delivered,20495.65,11062.9
SHP_0000198,ORD_0000198,VEH_0070,DRV_0074,2025-11-17 20:27:11,2025-10-12 18:01:07,2025-11-19 07:49:43,1753.0,Delivered,60305.15,43363.68
SHP_0000199,ORD_0000199,VEH_0075,DRV_0057,2026-01-15 11:32:33,2026-09-15 23:21:17,2026-09-15 21:44:00,25.0,Delivered,8017.94,618.42
SHP_0000200,ORD_0000200,VEH_0013,DRV_0070,2026-04-23 17:21:26,2026-09-02 02:52:07,2026-09-02 01:28:27,1288.6,Delivered,23378.16,22023.35
SHP_0000201,ORD_0000201,VEH_0019,DRV_0053,2026-07-04 19:34:29,2026-03-09 01:45:22,2026-07-05 01:47:15,252.9,Delivered,9456.19,316.12
SHP_0000202,ORD_0000202,VEH_0041,DRV_0060,2026-04-14 15:39:29,2025-12-20 20:37:28,2025-12-20 22:36:05,621.7,Delivered,23710.54,10625.42
SHP_0000203,ORD_0000203,VEH_0011,DRV_0082,2026-08-01 16:40:48,2026-05-04 10:39:20,2026-08-02 03:31:41,521.8,Delivered,20859.24,12907.68
SHP_0000204,ORD_0000204,VEH_0022,DRV_0001,2026-08-12 07:01:15,2026-04-27 17:55:18,2026-08-12 11:17:44,220.3,Delivered,4281.72,3765.13
SHP_0000205,ORD_0000205,VEH_0012,DRV_0051,2025-12-02 11:03:22,2026-02-16 09:42:43,2026-02-16 06:40:27,1821.6,Delivered,60403.18,20144.75
SHP_0000206,ORD_0000206,VEH_0035,DRV_0032,2026-06-04 10:39:04,2026-05-28 07:02:18,2026-06-05 00:28:29,686.0,Delivered,29042.72,16969.47
SHP_0000207,ORD_0000207,VEH_0072,DRV_0090,2025-10-02 10:26:50,2025-10-09 16:47:40,2025-10-09 14:24:40,2387.3,Delivered,80960.68,26400.73
SHP_0000208,ORD_0000208,VEH_0046,DRV_0050,2026-02-14 19:07:58,2026-05-01 11:06:26,,1953.4,Cancelled,67551.64,21602.31
SHP_0000209,ORD_0000209,VEH_0046,DRV_0025,2025-10-08 09:06:01,2025-11-21 11:17:57,2025-11-21 09:44:17,1688.9,Delivered,55708.54,18677.25
SHP_0000210,ORD_0000210,VEH_0015,DRV_0036,2025-10-03 12:39:58,2026-02-21 20:06:39,2026-02-21 17:40:46,1343.5,Delivered,47538.38,1679.38
SHP_0000211,ORD_0000211,VEH_0067,DRV_0094,2025-10-26 01:06:09,2026-06-20 13:39:08,2026-06-20 10:46:46,985.7,Delivered,32506.87,16846.51
SHP_0000212,ORD_0000212,VEH_0042,DRV_0056,2026-03-15 15:58:49,2026-04-26 15:20:45,2026-04-26 14:25:11,25.0,Delivered,467.65,559.52
SHP_0000213,ORD_0000213,VEH_0025,DRV_0043,2026-03-12 19:57:35,2026-02-21 05:08:12,2026-03-14 00:28:58,1155.8,Delivered,21159.49,25867.9
SHP_0000214,ORD_0000214,VEH_0056,DRV_0004,2025-10-25 03:58:45,2026-03-16 08:04:00,2026-03-16 06:23:48,2362.7,Delivered,78077.59,2953.38
SHP_0000215,ORD_0000215,VEH_0080,DRV_0057,2026-08-05 04:23:47,2026-04-05 12:38:40,2026-08-06 03:32:08,1020.2,Delivered,35150.32,11282.21
SHP_0000216,ORD_0000216,VEH_0056,DRV_0009,2026-08-08 07:32:50,2026-02-26 12:30:35,2026-02-26 14:52:16,375.3,Delivered,12968.73,469.13
SHP_0000217,ORD_0000217,VEH_0080,DRV_0013,2026-03-25 19:34:11,2026-07-22 19:31:48,2026-07-22 16:17:23,1373.8,Delivered,48642.78,15192.61
SHP_0000218,ORD_0000218,VEH_0066,DRV_0033,2026-08-03 07:24:45,2026-05-20 01:20:09,2026-08-04 10:28:43,1116.0,Delivered,20597.38,12341.65
SHP_0000219,ORD_0000219,VEH_0019,DRV_0019,2026-06-10 20:11:28,2026-08-09 04:56:45,2026-08-09 03:25:38,1024.9,Delivered,36646.7,1281.13
SHP_0000220,ORD_0000220,VEH_0026,DRV_0082,2026-05-06 01:37:43,2026-05-18 12:42:32,2026-05-18 11:00:49,1136.9,Delivered,42525.22,25444.9
SHP_0000221,ORD_0000221,VEH_0014,DRV_0059,2026-02-08 03:39:45,2026-06-28 07:21:09,2026-06-28 05:07:00,2051.9,Delivered,70000.15,45923.48
SHP_0000222,ORD_0000222,VEH_0049,DRV_0027,2026-07-26 03:10:45,2025-12-29 02:11:05,,2005.8,Cancelled,67792.76,22181.79
SHP_0000223,ORD_0000223,VEH_0006,DRV_0004,2025-12-15 05:01:15,2025-10-06 20:22:19,2025-12-15 13:44:23,351.9,Delivered,13442.25,7875.86
SHP_0000224,ORD_0000224,VEH_0018,DRV_0049,2026-01-10 10:27:47,2026-02-11 20:05:56,2026-02-11 18:24:53,1774.7,Delivered,58113.44,39719.48
SHP_0000225,ORD_0000225,VEH_0009,DRV_0016,2026-08-07 00:19:04,2026-01-04 06:35:11,,390.2,Cancelled,16439.77,487.75
SHP_0000226,ORD_0000226,VEH_0076,DRV_0025,2026-06-04 20:17:50,2025-12-17 00:04:17,2026-06-05 18:19:04,1064.3,Delivered,37280.86,1330.38
SHP_0000227,ORD_0000227,VEH_0079,DRV_0009,2026-04-08 14:40:39,2026-08-09 13:55:16,2026-08-09 10:19:57,1944.2,Delivered,66596.26,43513.05
SHP_0000228,ORD_0000228,VEH_0075,DRV_0052,2026-04-06 11:01:17,2026-04-15 12:26:01,2026-04-15 09:39:34,1256.3,Delivered,44144.1,31076.89
SHP_0000229,ORD_0000229,VEH_0071,DRV_0011,2026-05-10 14:24:46,2026-03-25 17:42:07,2026-03-26 02:32:11,25.0,Delivered,7465.66,276.47
SHP_0000230,ORD_0000230,VEH_0004,DRV_0023,2026-02-20 11:14:12,2026-04-03 10:05:09,2026-04-03 09:19:13,2208.9,Delivered,73930.29,37752.11
SHP_0000231,ORD_0000231,VEH_0070,DRV_0026,2025-12-28 04:09:31,2026-08-26 04:07:23,2026-08-26 02:44:53,327.7,Delivered,12561.75,8106.26
SHP_0000232,ORD_0000232,VEH_0039,DRV_0037,2026-07-15 02:33:01,2025-12-16 11:21:54,2026-07-16 21:32:50,2234.8,Delivered,77157.22,50016.95
SHP_0000233,ORD_0000233,VEH_0061,DRV_0030,2026-03-04 03:01:02,2025-10-07 12:37:48,2026-03-04 09:21:57,293.0,Delivered,10498.17,7247.89
SHP_0000234,ORD_0000234,VEH_0004,DRV_0048,2026-03-11 22:00:07,2026-08-06 11:04:21,2026-08-06 09:30:11,322.9,Delivered,17397.46,5518.65
SHP_0000235,ORD_0000235,VEH_0039,DRV_0042,2026-07-20 01:11:50,2026-08-13 13:50:58,2026-08-13 13:14:12,1279.4,Delivered,44135.43,28634.19
SHP_0000236,ORD_0000236,VEH_0050,DRV_0025,2026-02-25 20:01:22,2026-05-10 11:17:44,2026-05-10 07:25:44,185.2,Delivered,12428.88,2048.09
SHP_0000237,ORD_0000237,VEH_0037,DRV_0027,2026-04-08 11:21:26,2025-12-08 12:14:30,2026-04-08 18:21:46,326.7,Delivered,15623.01,7311.86
SHP_0000238,ORD_0000238,VEH_0009,DRV_0050,2025-11-12 19:31:32,2025-10-07 20:38:36,2025-11-13 17:45:04,1118.3,Delivered,36965.89,1397.88
SHP_0000239,ORD_0000239,VEH_0036,DRV_0026,2026-05-16 20:17:46,2026-08-15 15:35:20,2026-08-15 14:51:54,401.8,Delivered,19901.44,4443.44
SHP_0000240,ORD_0000240,VEH_0045,DRV_0090,2025-10-15 23:16:35,2026-04-27 04:39:17,2026-04-27 02:47:10,2616.2,Delivered,87190.22,58553.05
SHP_0000241,ORD_0000241,VEH_0006,DRV_0031,2026-06-13 18:10:47,2026-01-07 18:10:14,2026-06-14 02:47:36,408.4,Delivered,15955.64,9140.38
SHP_0000242,ORD_0000242,VEH_0010,DRV_0097,2026-03-09 10:09:28,2026-09-25 06:23:33,,2067.6,Cancelled,72978.99,22865.22
SHP_0000243,ORD_0000243,VEH_0044,DRV_0096,2026-06-05 20:19:06,2026-03-27 01:26:56,2026-06-06 03:17:14,296.1,Delivered,5533.11,6627.0
SHP_0000244,ORD_0000244,VEH_0018,DRV_0061,2025-11-01 20:19:20,2026-09-24 18:28:11,2026-09-24 17:22:21,1089.7,Delivered,38332.19,24388.52
SHP_0000245,ORD_0000245,VEH_0046,DRV_0023,2026-07-24 06:16:03,2025-12-11 21:56:06,2025-12-12 10:34:24,1602.2,Delivered,29424.26,17718.45
SHP_0000246,ORD_0000246,VEH_0077,DRV_0001,2025-11-09 14:42:03,2026-08-24 06:05:33,2026-08-24 04:53:11,1938.2,Delivered,66973.72,33125.6
SHP_0000247,ORD_0000247,VEH_0022,DRV_0093,2025-12-14 07:56:16,2025-12-19 12:28:17,2025-12-19 11:35:40,226.1,Delivered,9765.57,3864.25
SHP_0000248,ORD_0000248,VEH_0023,DRV_0002,2025-11-16 15:37:58,2026-06-04 06:38:35,2026-06-04 04:46:51,1237.1,Delivered,46629.31,1546.37
SHP_0000249,ORD_0000249,VEH_0014,DRV_0092,2025-12-24 15:11:43,2026-06-14 01:25:56,2026-06-13 21:57:20,446.1,Delivered,8537.58,9984.14
SHP_0000250,ORD_0000250,VEH_0041,DRV_0086,2026-07-27 07:55:37,2026-05-24 12:11:21,2026-07-28 05:29:50,1026.1,Delivered,39769.58,17536.98
SHP_0000251,ORD_0000251,VEH_0040,DRV_0031,2025-12-30 02:42:36,2026-04-18 04:54:08,2026-04-18 02:13:59,100.2,Delivered,10619.3,2478.63
SHP_0000252,ORD_0000252,VEH_0043,DRV_0018,2026-07-09 09:39:03,2026-04-15 03:02:14,2026-07-10 04:46:07,799.5,Delivered,14678.19,999.38
SHP_0000253,ORD_0000253,VEH_0032,DRV_0088,2026-01-02 20:27:54,2026-08-16 08:07:31,2026-08-16 04:34:14,2000.6,Delivered,66505.74,22124.28
SHP_0000254,ORD_0000254,VEH_0017,DRV_0012,2025-10-20 22:38:39,2026-03-22 16:22:44,2026-03-22 13:05:44,237.5,Delivered,14752.6,5315.48
SHP_0000255,ORD_0000255,VEH_0074,DRV_0058,2026-03-14 11:28:41,2025-11-03 07:52:57,2026-03-15 19:21:46,1454.1,Delivered,48015.13,35969.84
SHP_0000256,ORD_0000256,VEH_0062,DRV_0003,2026-03-18 02:36:09,2026-03-06 11:40:38,2026-03-18 06:55:13,197.1,Delivered,10878.83,3368.62
SHP_0000257,ORD_0000257,VEH_0010,DRV_0043,2026-03-25 20:44:57,2026-05-01 09:48:40,2026-05-01 08:46:11,2500.0,Delivered,83478.99,27647.06
SHP_0000258,ORD_0000258,VEH_0076,DRV_0010,2026-07-15 23:25:39,2026-07-13 10:54:46,2026-07-14 03:37:09,1282.0,Delivered,48076.31,1602.5
SHP_0000259,ORD_0000259,VEH_0048,DRV_0090,2026-02-13 01:36:50,2025-12-18 01:34:14,2026-02-15 01:23:40,2460.0,Delivered,84357.57,60852.63
SHP_0000260,ORD_0000260,VEH_0019,DRV_0033,2026-06-16 05:44:26,2025-10-15 21:58:45,2026-06-17 14:38:03,1458.4,Delivered,26466.03,1823.0
SHP_0000261,ORD_0000261,VEH_0022,DRV_0055,2026-09-15 15:05:55,2026-07-29 14:37:22,2026-09-16 04:17:17,640.2,Delivered,25782.81,10941.6
SHP_0000262,ORD_0000262,VEH_0019,DRV_0035,2025-11-12 05:12:23,2026-01-31 03:06:21,2026-01-31 01:12:47,2210.4,Delivered,77253.82,2763.0
SHP_0000263,ORD_0000263,VEH_0023,DRV_0048,2026-03-11 14:15:47,2026-08-16 05:22:58,2026-08-16 14:54:34,519.9,Delivered,19772.34,649.87
SHP_0000264,ORD_0000264,VEH_0057,DRV_0081,2026-07-22 15:07:06,2026-05-09 22:06:48,2026-05-10 10:06:52,548.1,Delivered,18912.12,6061.34
SHP_0000265,ORD_0000265,VEH_0001,DRV_0086,2026-06-19 01:11:33,2025-11-20 06:13:23,2026-06-19 05:50:50,205.3,Delivered,10155.4,5078.47
SHP_0000266,ORD_0000266,VEH_0044,DRV_0041,2026-07-21 17:49:49,2026-05-24 22:33:40,2026-07-21 20:42:48,148.6,Delivered,8401.19,3325.81
SHP_0000267,ORD_0000267,VEH_0004,DRV_0078,2026-03-05 17:56:46,2026-02-18 00:53:32,2026-03-07 08:57:12,1937.7,Delivered,68535.85,33117.05
SHP_0000268,ORD_0000268,VEH_0003,DRV_0082,2025-12-12 17:12:48,2026-03-26 08:21:12,2026-03-26 23:10:41,226.1,Delivered,10335.42,5060.33
SHP_0000269,ORD_0000269,VEH_0050,DRV_0038,2026-04-03 16:03:05,2026-05-26 20:23:24,,659.6,Cancelled,23721.65,7294.4
SHP_0000270,ORD_0000270,VEH_0060,DRV_0022,2026-08-06 06:02:57,2026-09-07 20:38:04,2026-09-07 18:26:48,1110.7,Delivered,36503.97,12283.04
SHP_0000271,ORD_0000271,VEH_0050,DRV_0099,2026-07-05 16:42:28,2025-12-07 01:35:37,2026-07-05 22:17:56,267.9,Delivered,11836.2,2962.66
SHP_0000272,ORD_0000272,VEH_0077,DRV_0009,2026-06-26 10:16:59,2026-06-19 09:47:04,2026-06-27 17:55:35,1468.7,Delivered,27117.65,25101.42
SHP_0000273,ORD_0000273,VEH_0012,DRV_0044,2025-12-26 14:19:07,2026-06-14 01:46:33,2026-06-13 22:40:10,1652.4,Delivered,58940.73,18273.6
SHP_0000274,ORD_0000274,VEH_0055,DRV_0041,2025-10-24 19:34:30,2025-11-21 13:30:46,2025-11-21 09:44:39,2389.5,Delivered,43026.58,59108.68
SHP_0000275,ORD_0000275,VEH_0064,DRV_0088,2026-01-31 10:27:55,2026-05-25 06:45:55,2026-05-25 05:45:17,1974.4,Delivered,69573.96,48840.42
SHP_0000276,ORD_0000276,VEH_0064,DRV_0038,2026-08-25 23:24:52,2026-05-24 17:53:15,2026-08-27 11:52:51,1678.5,Delivered,55765.08,41520.79
SHP_0000277,ORD_0000277,VEH_0051,DRV_0039,2026-09-01 21:48:54,2025-12-23 08:38:31,2026-09-03 07:56:55,1748.1,Delivered,61457.94,29876.62
SHP_0000278,ORD_0000278,VEH_0025,DRV_0090,2025-10-28 16:27:42,2026-02-11 15:03:46,2026-02-11 14:06:17,1037.9,Delivered,36149.85,23229.19
SHP_0000279,ORD_0000279,VEH_0027,DRV_0028,2026-03-21 09:31:11,2026-08-29 06:14:49,2026-08-29 03:28:04,2182.2,Delivered,74160.35,53980.74
SHP_0000280,ORD_0000280,VEH_0013,DRV_0046,2026-03-15 16:20:17,2025-11-11 00:24:53,2026-03-16 11:04:42,971.9,Delivered,38228.93,16610.65
SHP_0000281,ORD_0000281,VEH_0077,DRV_0023,2025-11-15 21:43:49,2026-05-23 05:40:17,2026-05-23 02:45:00,2147.7,Delivered,70566.18,36706.15
SHP_0000282,ORD_0000282,VEH_0016,DRV_0063,2026-03-22 15:10:46,2026-08-02 07:33:31,2026-08-02 06:16:17,1949.4,Delivered,67124.4,48222.0
SHP_0000283,ORD_0000283,VEH_0013,DRV_0042,2026-06-08 00:43:07,2026-01-17 09:40:44,2026-06-09 11:38:43,1436.7,Delivered,48855.94,24554.51
SHP_0000284,ORD_0000284,VEH_0016,DRV_0097,2025-10-25 14:35:50,2025-10-11 19:46:54,2025-10-27 02:52:38,1807.1,Delivered,61804.27,44701.95
SHP_0000285,ORD_0000285,VEH_0033,DRV_0097,2026-05-12 00:42:02,2025-12-13 00:57:18,2026-05-13 13:03:51,1649.7,Delivered,29991.06,28194.87
SHP_0000286,ORD_0000286,VEH_0057,DRV_0018,2026-04-20 11:44:37,2026-03-15 01:52:54,2026-04-21 11:02:58,1116.3,Delivered,20442.51,12344.96
SHP_0000287,ORD_0000287,VEH_0018,DRV_0078,2025-12-12 19:04:54,2026-04-20 10:37:51,2026-04-20 09:09:36,1488.2,Delivered,49402.94,33307.33
SHP_0000288,ORD_0000288,VEH_0019,DRV_0069,2026-03-26 19:55:22,2025-11-02 08:34:31,2026-03-28 15:57:49,1899.4,Delivered,62008.21,2374.25
SHP_0000289,ORD_0000289,VEH_0056,DRV_0049,2025-12-03 09:31:19,2025-12-16 22:54:37,2025-12-16 22:08:20,1685.4,Delivered,57769.97,2106.75
SHP_0000290,ORD_0000290,VEH_0029,DRV_0036,2026-02-07 05:05:19,2026-06-25 22:11:40,2026-06-25 18:18:14,636.1,Delivered,23078.26,7034.52
SHP_0000291,ORD_0000291,VEH_0071,DRV_0035,2025-11-06 20:46:37,2025-12-09 21:52:55,2025-12-09 20:47:04,25.0,Delivered,6851.57,276.47
SHP_0000292,ORD_0000292,VEH_0034,DRV_0002,2026-09-08 07:32:41,2026-02-12 13:05:53,2026-09-08 15:56:47,404.4,Delivered,17079.69,4472.19
SHP_0000293,ORD_0000293,VEH_0059,DRV_0024,2026-07-29 16:51:23,2026-07-17 01:30:30,2026-07-31 12:16:46,2215.5,Delivered,73674.01,24500.82
SHP_0000294,ORD_0000294,VEH_0041,DRV_0012,2026-08-29 22:45:49,2026-04-21 18:37:42,2026-04-22 00:05:20,550.4,Delivered,19903.79,9406.84
SHP_0000295,ORD_0000295,VEH_0062,DRV_0064,2026-03-14 09:48:38,2025-11-05 10:43:40,2026-03-16 08:41:46,2187.2,Delivered,76548.43,37381.24
SHP_0000296,ORD_0000296,VEH_0068,DRV_0088,2026-06-30 14:54:32,2025-10-07 13:25:36,2026-07-01 03:19:25,632.3,Delivered,25590.65,6992.49
SHP_0000297,ORD_0000297,VEH_0044,DRV_0087,2026-03-13 21:15:30,2025-12-10 13:20:48,2026-03-14 21:46:00,1227.2,Delivered,46414.17,27465.9
SHP_0000298,ORD_0000298,VEH_0066,DRV_0005,2025-12-24 06:09:43,2026-04-08 07:05:16,2026-04-08 03:37:07,25.0,Delivered,5067.61,276.47
SHP_0000299,ORD_0000299,VEH_0056,DRV_0063,2026-07-08 06:36:49,2026-05-30 00:42:26,2026-07-08 14:42:41,352.9,Delivered,13917.66,441.12
SHP_0000300,ORD_0000300,VEH_0035,DRV_0014,2026-01-25 00:57:29,2025-10-06 00:00:47,2026-01-25 17:06:32,773.3,Delivered,27712.6,19129.0
SHP_0000301,ORD_0000301,VEH_0043,DRV_0005,2026-01-19 08:23:28,2026-03-21 14:39:46,2026-03-21 12:29:07,1741.2,Delivered,56551.07,2176.5
SHP_0000302,ORD_0000302,VEH_0050,DRV_0017,2026-07-19 09:26:47,2026-03-16 03:04:08,2026-03-16 04:55:05,1044.1,Delivered,34369.58,11546.52
SHP_0000303,ORD_0000303,VEH_0037,DRV_0063,2026-05-20 13:57:09,2026-07-27 23:33:20,2026-07-27 20:53:38,1282.0,Delivered,44248.21,28692.38
SHP_0000304,ORD_0000304,VEH_0014,DRV_0090,2026-06-16 13:17:35,2026-01-08 18:52:40,2026-06-17 19:31:12,1250.8,Delivered,45283.67,27994.1
SHP_0000305,ORD_0000305,VEH_0026,DRV_0012,2025-12-14 10:16:05,2026-06-06 08:26:55,2026-06-06 06:06:41,300.1,Delivered,11659.34,6716.52
SHP_0000306,ORD_0000306,VEH_0054,DRV_0032,2026-01-26 21:35:59,2025-12-29 22:01:19,2025-12-30 00:11:48,2355.0,Delivered,80190.12,2943.75
SHP_0000307,ORD_0000307,VEH_0015,DRV_0013,2026-01-06 17:43:15,2025-12-25 18:19:33,,1868.9,Cancelled,63038.32,2336.12
SHP_0000308,ORD_0000308,VEH_0075,DRV_0050,2026-05-23 13:03:17,2026-02-08 19:08:21,2026-02-09 07:01:37,625.0,Delivered,24418.07,15460.53
SHP_0000309,ORD_0000309,VEH_0039,DRV_0093,2025-11-08 01:14:31,2026-09-22 05:54:13,2026-09-22 03:32:10,2208.9,Delivered,74029.74,49437.29
SHP_0000310,ORD_0000310,VEH_0058,DRV_0081,2026-08-25 08:42:57,2025-12-16 15:21:06,2026-08-25 21:46:47,634.1,Delivered,25987.09,14191.76
SHP_0000311,ORD_0000311,VEH_0025,DRV_0095,2025-10-18 10:28:32,2026-08-05 22:06:39,,145.1,Cancelled,5612.81,3247.48
SHP_0000312,ORD_0000312,VEH_0027,DRV_0024,2026-05-07 03:19:46,2026-09-07 15:11:16,2026-09-07 12:36:55,1978.1,Delivered,67120.25,48931.95
SHP_0000313,ORD_0000313,VEH_0006,DRV_0069,2026-07-02 18:34:44,2026-04-16 08:23:41,2026-04-16 12:20:21,1158.5,Delivered,38726.86,25928.33
SHP_0000314,ORD_0000314,VEH_0078,DRV_0048,2026-04-26 08:12:42,2026-09-06 17:39:21,2026-09-06 14:03:42,1034.6,Delivered,39283.3,1293.25
SHP_0000315,ORD_0000315,VEH_0023,DRV_0033,2025-10-04 20:22:41,2026-03-09 18:59:55,2026-03-09 15:04:23,1110.9,Delivered,40244.58,1388.62
SHP_0000316,ORD_0000316,VEH_0029,DRV_0042,2026-06-04 01:24:52,2026-07-10 18:24:14,2026-07-10 15:04:36,1596.6,Delivered,57616.78,17656.52
SHP_0000317,ORD_0000317,VEH_0025,DRV_0073,2025-11-06 03:11:15,2026-03-25 05:04:18,2026-03-25 02:18:19,393.5,Delivered,19358.56,8806.9
SHP_0000318,ORD_0000318,VEH_0052,DRV_0013,2025-10-28 18:10:02,2026-09-11 15:55:37,2026-09-12 05:48:33,237.9,Delivered,4805.89,5884.89
SHP_0000319,ORD_0000319,VEH_0019,DRV_0081,2025-10-17 17:56:15,2026-03-01 06:48:26,2026-03-01 06:16:27,614.2,Delivered,24489.08,767.75
SHP_0000320,ORD_0000320,VEH_0040,DRV_0043,2026-07-22 18:32:34,2026-07-14 13:17:18,2026-07-23 07:08:10,632.6,Delivered,21290.01,15648.53
SHP_0000321,ORD_0000321,VEH_0004,DRV_0030,2026-09-10 00:06:36,2025-11-20 16:08:48,2026-09-11 05:39:28,1197.7,Delivered,39098.35,20469.78
SHP_0000322,ORD_0000322,VEH_0046,DRV_0010,2025-11-12 12:50:16,2026-06-26 09:06:07,2026-06-27 01:50:13,1821.6,Delivered,59565.39,20144.75
SHP_0000323,ORD_0000323,VEH_0037,DRV_0045,2025-11-28 03:13:49,2025-12-02 07:35:27,2025-12-02 05:20:37,2214.3,Delivered,75954.32,49558.14
SHP_0000324,ORD_0000324,VEH_0062,DRV_0009,2026-06-12 09:47:41,2026-08-10 20:38:42,2026-08-10 17:36:06,1958.2,Delivered,63779.78,33467.42
SHP_0000325,ORD_0000325,VEH_0043,DRV_0018,2026-06-27 02:00:32,2025-11-21 11:26:45,,324.6,Cancelled,13567.67,405.75
SHP_0000326,ORD_0000326,VEH_0068,DRV_0074,2025-12-29 03:36:16,2026-03-14 14:56:24,2026-03-14 13:40:20,432.0,Delivered,17846.99,4777.41
SHP_0000327,ORD_0000327,VEH_0047,DRV_0100,2025-11-21 16:04:59,2025-10-03 22:40:09,2025-11-21 20:35:11,226.1,Delivered,10791.22,3864.25
SHP_0000328,ORD_0000328,VEH_0055,DRV_0048,2026-06-27 21:45:38,2026-01-05 20:17:04,2026-01-06 07:22:52,1050.0,Delivered,34481.91,25973.68
SHP_0000329,ORD_0000329,VEH_0061,DRV_0096,2026-08-19 10:59:15,2025-10-16 19:49:28,2026-08-21 22:00:30,2460.9,Delivered,44392.74,60874.89
SHP_0000330,ORD_0000330,VEH_0023,DRV_0065,2025-10-24 00:10:51,2026-02-12 02:33:19,2026-02-12 00:34:21,1665.8,Delivered,54142.76,2082.25
SHP_0000331,ORD_0000331,VEH_0067,DRV_0049,2026-03-14 08:16:43,2026-07-05 05:49:06,2026-07-05 10:48:50,998.9,Delivered,37285.82,17072.11
SHP_0000332,ORD_0000332,VEH_0052,DRV_0049,2026-06-26 14:49:48,2025-12-11 22:21:14,2026-06-27 01:34:55,556.0,Delivered,10589.83,13753.68
SHP_0000333,ORD_0000333,VEH_0077,DRV_0002,2026-01-18 09:04:51,2025-11-13 02:19:59,2026-01-19 06:52:59,1029.9,Delivered,18751.49,17601.93
SHP_0000334,ORD_0000334,VEH_0002,DRV_0046,2026-04-06 16:06:53,2026-01-15 15:30:09,2026-04-07 03:20:16,525.7,Delivered,24221.15,13004.16
SHP_0000335,ORD_0000335,VEH_0020,DRV_0004,2026-07-15 17:02:27,2026-02-17 10:16:55,2026-07-17 03:13:37,1655.7,Delivered,56038.83,28297.42
SHP_0000336,ORD_0000336,VEH_0019,DRV_0099,2026-07-06 19:09:56,2025-12-04 14:32:55,2026-07-07 03:33:18,382.2,Delivered,7582.0,477.75
SHP_0000337,ORD_0000337,VEH_0050,DRV_0031,2026-02-17 15:28:13,2026-04-22 15:36:44,2026-04-22 14:51:00,298.6,Delivered,12099.85,3302.16
SHP_0000338,ORD_0000338,VEH_0064,DRV_0013,2026-09-02 15:48:58,2026-04-14 04:14:57,,303.3,Cancelled,12029.24,7502.68
SHP_0000339,ORD_0000339,VEH_0057,DRV_0084,2026-07-27 14:13:53,2025-10-29 08:09:06,2026-07-27 19:37:01,238.9,Delivered,8991.16,2641.95
SHP_0000340,ORD_0000340,VEH_0048,DRV_0011,2026-03-20 23:18:37,2026-09-01 14:03:41,2026-09-01 12:38:29,364.6,Delivered,16772.54,9019.05
SHP_0000341,ORD_0000341,VEH_0049,DRV_0021,2026-05-06 13:12:04,2026-05-31 13:46:32,2026-05-31 12:29:42,1700.0,Delivered,59649.0,18800.0
SHP_0000342,ORD_0000342,VEH_0056,DRV_0026,2025-11-12 02:43:11,2025-11-09 12:34:16,2025-11-09 19:43:16,1715.7,Delivered,61040.12,2144.62
SHP_0000343,ORD_0000343,VEH_0005,DRV_0077,2026-04-01 07:11:23,2026-07-19 19:42:03,2026-07-20 10:32:30,2382.6,Delivered,77413.79,2978.25
SHP_0000344,ORD_0000344,VEH_0052,DRV_0011,2026-06-04 14:22:55,2025-12-22 15:57:48,2026-06-04 23:38:13,476.0,Delivered,17258.05,11774.74
SHP_0000345,ORD_0000345,VEH_0045,DRV_0054,2026-02-10 13:44:47,2026-09-16 11:19:52,,2390.0,Cancelled,83242.62,53490.48
SHP_0000346,ORD_0000346,VEH_0075,DRV_0079,2026-05-06 12:55:53,2026-07-01 23:59:31,2026-07-01 20:36:34,2186.7,Delivered,76147.54,54092.05
SHP_0000347,ORD_0000347,VEH_0034,DRV_0067,2026-01-31 15:45:13,2026-02-02 14:04:50,2026-02-02 10:16:45,25.0,Delivered,4547.35,276.47
SHP_0000348,ORD_0000348,VEH_0077,DRV_0049,2025-12-12 14:11:24,2026-03-26 08:51:17,2026-03-26 07:41:08,1378.0,Delivered,49689.57,23551.27
SHP_0000349,ORD_0000349,VEH_0053,DRV_0053,2026-09-02 17:35:57,2026-02-24 05:33:51,2026-09-05 00:40:18,2213.6,Delivered,74602.33,54757.47
SHP_0000350,ORD_0000350,VEH_0056,DRV_0082,2026-04-29 12:13:06,2026-09-28 03:30:31,2026-09-27 23:46:15,806.2,Delivered,30261.31,1007.75
SHP_0000351,ORD_0000351,VEH_0013,DRV_0082,2025-11-10 00:06:29,2026-08-10 18:26:21,2026-08-10 17:49:30,619.6,Delivered,26821.13,10589.53
SHP_0000352,ORD_0000352,VEH_0053,DRV_0083,2025-11-18 02:26:01,2025-12-27 17:23:27,2025-12-27 16:51:52,585.2,Delivered,25149.4,14476.0
SHP_0000353,ORD_0000353,VEH_0005,DRV_0002,2026-03-10 17:58:08,2026-01-21 22:59:42,2026-03-11 22:07:38,1348.9,Delivered,49935.14,1686.13
SHP_0000354,ORD_0000354,VEH_0074,DRV_0055,2026-03-01 16:36:01,2026-02-03 17:40:42,2026-03-02 11:46:59,988.1,Delivered,33435.21,24442.47
SHP_0000355,ORD_0000355,VEH_0034,DRV_0071,2025-11-15 16:14:34,2026-04-21 19:42:41,2026-04-21 18:53:06,294.6,Delivered,10377.3,3257.93
SHP_0000356,ORD_0000356,VEH_0017,DRV_0059,2025-10-31 08:34:06,2026-06-03 00:13:21,2026-06-02 23:04:10,127.7,Delivered,8165.32,2858.05
SHP_0000357,ORD_0000357,VEH_0019,DRV_0081,2026-07-26 21:05:29,2025-12-17 06:18:01,2026-07-27 05:19:24,353.5,Delivered,17208.01,441.88
SHP_0000358,ORD_0000358,VEH_0051,DRV_0013,2026-04-10 16:37:22,2025-11-21 08:06:34,2025-11-21 10:49:25,2132.9,Delivered,39090.75,36453.2
SHP_0000359,ORD_0000359,VEH_0073,DRV_0081,2025-12-09 14:11:21,2026-03-17 00:11:43,2026-03-17 17:47:52,2403.7,Delivered,82983.1,41081.42
SHP_0000360,ORD_0000360,VEH_0020,DRV_0028,2026-05-24 04:24:52,2026-05-03 03:46:11,2026-05-03 08:50:59,311.3,Delivered,10876.18,5320.4
SHP_0000361,ORD_0000361,VEH_0060,DRV_0096,2025-11-05 12:06:00,2026-07-11 17:15:32,2026-07-11 13:26:48,446.0,Delivered,15768.68,4932.24
SHP_0000362,ORD_0000362,VEH_0022,DRV_0027,2025-11-09 18:21:37,2025-12-09 00:53:21,2025-12-08 21:17:57,267.7,Delivered,15780.55,4575.24
SHP_0000363,ORD_0000363,VEH_0058,DRV_0022,2026-05-09 01:16:01,2026-01-15 12:26:58,2026-05-09 22:04:48,988.1,Delivered,34840.76,22114.62
SHP_0000364,ORD_0000364,VEH_0024,DRV_0046,2025-11-14 05:48:11,2026-08-20 05:22:31,2026-08-20 03:34:28,2500.7,Delivered,83011.51,42739.24
SHP_0000365,ORD_0000365,VEH_0050,DRV_0037,2026-08-05 14:25:34,2025-10-07 08:03:12,2026-08-06 13:14:29,915.6,Delivered,32791.12,10125.46
SHP_0000366,ORD_0000366,VEH_0026,DRV_0026,2026-06-22 14:31:53,2026-09-10 01:26:58,2026-09-10 00:47:08,984.4,Delivered,36348.89,22031.81
SHP_0000367,ORD_0000367,VEH_0001,DRV_0060,2025-10-08 23:32:37,2025-11-20 09:33:51,2025-11-20 07:39:15,636.7,Delivered,22149.86,15749.95
SHP_0000368,ORD_0000368,VEH_0045,DRV_0052,2026-03-10 21:30:24,2025-10-17 20:42:03,2026-03-10 22:07:43,25.0,Delivered,7024.39,559.52
SHP_0000369,ORD_0000369,VEH_0029,DRV_0007,2026-08-24 04:57:46,2026-06-28 13:11:40,2026-06-29 07:05:16,289.0,Delivered,16076.81,3196.0
SHP_0000370,ORD_0000370,VEH_0034,DRV_0006,2026-04-27 11:11:29,2025-12-08 07:25:47,,666.0,Cancelled,27433.67,7365.18
SHP_0000371,ORD_0000371,VEH_0017,DRV_0041,2025-12-05 22:42:31,2026-01-13 08:39:15,2026-01-13 05:02:49,335.6,Delivered,12765.73,7511.05
SHP_0000372,ORD_0000372,VEH_0062,DRV_0029,2026-04-09 00:49:34,2026-03-25 23:02:19,,2003.0,Cancelled,67682.02,34233.09
SHP_0000373,ORD_0000373,VEH_0008,DRV_0028,2026-08-29 01:43:01,2025-11-05 08:32:12,2026-08-30 15:06:11,1870.3,Delivered,64704.17,20683.32
SHP_0000374,ORD_0000374,VEH_0020,DRV_0065,2026-07-23 01:01:49,2026-02-12 13:02:58,,770.9,Cancelled,31107.67,13175.38
SHP_0000375,ORD_0000375,VEH_0040,DRV_0074,2025-12-12 18:15:02,2026-02-27 19:55:53,2026-02-27 16:21:53,335.4,Delivered,16583.62,8296.74
SHP_0000376,ORD_0000376,VEH_0011,DRV_0046,2026-03-25 12:39:55,2025-10-08 14:32:55,2026-03-26 13:09:05,1034.4,Delivered,38065.95,25587.79
SHP_0000377,ORD_0000377,VEH_0077,DRV_0036,2026-03-13 20:50:59,2026-03-23 06:11:28,2026-03-23 04:10:25,211.9,Delivered,12271.61,3621.56
SHP_0000378,ORD_0000378,VEH_0029,DRV_0080,2026-01-12 03:30:41,2026-01-07 09:21:29,2026-01-14 01:05:20,1943.2,Delivered,35248.15,21489.51
SHP_0000379,ORD_0000379,VEH_0024,DRV_0065,2026-07-01 22:12:19,2026-01-16 19:50:09,2026-07-03 22:09:36,2016.6,Delivered,69309.03,34465.53
SHP_0000380,ORD_0000380,VEH_0043,DRV_0003,2025-11-24 18:58:11,2025-12-10 00:05:25,,2203.2,Cancelled,77251.72,2754.0
SHP_0000381,ORD_0000381,VEH_0006,DRV_0003,2025-10-01 03:32:05,2026-06-22 16:53:05,2026-06-22 13:27:39,272.9,Delivered,12288.1,6107.76
SHP_0000382,ORD_0000382,VEH_0033,DRV_0085,2026-03-25 12:36:05,2026-07-24 02:48:01,2026-07-24 02:15:10,1246.5,Delivered,45410.19,21303.82
SHP_0000383,ORD_0000383,VEH_0003,DRV_0019,2026-05-20 04:07:13,2026-02-09 08:02:42,2026-05-21 18:02:29,1869.3,Delivered,66584.15,41836.71
SHP_0000384,ORD_0000384,VEH_0014,DRV_0036,2026-07-16 21:04:08,2025-10-15 17:06:42,2026-07-17 22:40:35,1252.0,Delivered,42761.57,28020.95
SHP_0000385,ORD_0000385,VEH_0044,DRV_0079,2026-01-15 23:37:50,2026-01-13 05:41:51,2026-01-17 01:00:51,1121.6,Delivered,40311.04,25102.48
SHP_0000386,ORD_0000386,VEH_0021,DRV_0039,2025-11-28 02:08:11,2025-11-12 17:25:54,2025-11-12 23:47:41,134.7,Delivered,7809.38,168.38
SHP_0000387,ORD_0000387,VEH_0045,DRV_0037,2026-06-14 04:48:52,2026-08-18 14:30:46,2026-08-18 10:39:28,370.5,Delivered,15085.12,8292.14
SHP_0000388,ORD_0000388,VEH_0032,DRV_0087,2025-11-01 02:42:31,2026-07-06 20:15:04,2026-07-06 16:22:01,276.4,Delivered,13235.22,3056.66
SHP_0000389,ORD_0000389,VEH_0018,DRV_0054,2026-05-13 07:01:33,2026-05-22 15:22:51,2026-05-22 14:34:52,146.1,Delivered,7095.82,3269.86
SHP_0000390,ORD_0000390,VEH_0046,DRV_0060,2026-04-23 05:30:57,2026-05-04 05:44:04,2026-05-04 01:52:10,1914.9,Delivered,35191.23,21176.54
SHP_0000391,ORD_0000391,VEH_0017,DRV_0080,2026-01-26 04:33:39,2025-10-12 02:49:12,2026-01-27 05:39:24,1130.6,Delivered,40794.41,25303.9
SHP_0000392,ORD_0000392,VEH_0014,DRV_0043,2026-08-22 16:07:39,2026-03-07 16:48:52,2026-08-23 05:47:50,622.7,Delivered,23812.92,13936.62
SHP_0000393,ORD_0000393,VEH_0018,DRV_0029,2025-12-19 10:28:35,2025-11-17 23:47:09,2025-12-19 14:52:57,211.9,Delivered,4214.7,4742.52
SHP_0000394,ORD_0000394,VEH_0032,DRV_0027,2025-11-29 03:01:55,2025-10-05 07:16:16,2025-10-05 17:07:00,1884.8,Delivered,34432.77,20843.67
SHP_0000395,ORD_0000395,VEH_0079,DRV_0016,2026-01-09 19:39:20,2026-03-09 15:48:58,2026-03-09 14:40:09,912.4,Delivered,35555.22,20420.38
SHP_0000396,ORD_0000396,VEH_0064,DRV_0048,2026-01-21 09:47:17,2026-01-05 20:05:35,2026-01-23 03:06:41,2020.7,Delivered,68235.16,49985.74
SHP_0000397,ORD_0000397,VEH_0080,DRV_0057,2025-10-04 23:17:25,2026-08-14 16:14:54,2026-08-14 12:22:43,100.3,Delivered,7442.48,1109.2
SHP_0000398,ORD_0000398,VEH_0066,DRV_0009,2025-12-21 13:35:19,2026-01-19 18:31:23,2026-01-19 15:43:39,1598.0,Delivered,57594.08,17672.0
SHP_0000399,ORD_0000399,VEH_0049,DRV_0061,2026-03-02 17:57:04,2026-07-06 05:10:53,2026-07-06 02:12:06,322.9,Delivered,15272.15,3570.89
SHP_0000400,ORD_0000400,VEH_0021,DRV_0030,2026-05-28 12:01:33,2026-01-13 04:35:59,2026-01-13 21:30:52,1974.4,Delivered,65793.47,2468.0
SHP_0000401,ORD_0000401,VEH_0079,DRV_0033,2026-07-21 05:29:29,2026-08-09 04:07:32,,1884.5,Cancelled,66997.87,42176.9
SHP_0000402,ORD_0000402,VEH_0074,DRV_0072,2026-02-02 10:28:19,2026-03-23 11:17:02,2026-03-23 09:15:09,1536.0,Delivered,56078.86,37995.79
SHP_0000403,ORD_0000403,VEH_0027,DRV_0005,2026-05-14 20:31:16,2026-07-17 21:19:48,2026-07-17 19:34:17,25.0,Delivered,2244.64,618.42
SHP_0000404,ORD_0000404,VEH_0074,DRV_0061,2026-06-07 03:59:38,2026-09-04 20:18:04,2026-09-04 16:39:07,1486.6,Delivered,54403.88,36773.79
SHP_0000405,ORD_0000405,VEH_0030,DRV_0007,2026-07-31 14:38:06,2026-03-22 16:05:16,2026-08-01 04:37:51,623.0,Delivered,11802.84,13943.33
SHP_0000406,ORD_0000406,VEH_0079,DRV_0065,2025-10-29 18:21:42,2026-03-02 10:03:52,2026-03-02 07:39:13,145.9,Delivered,11929.76,3265.38
SHP_0000407,ORD_0000407,VEH_0008,DRV_0018,2026-03-13 08:51:01,2026-04-03 07:51:06,2026-04-03 06:11:53,1583.6,Delivered,28749.76,17512.75
SHP_0000408,ORD_0000408,VEH_0054,DRV_0077,2026-08-21 01:27:58,2026-01-03 18:43:46,2026-08-22 16:37:56,1945.3,Delivered,66825.79,2431.62
SHP_0000409,ORD_0000409,VEH_0003,DRV_0008,2026-03-17 06:32:51,2026-07-11 14:57:56,2026-07-11 13:46:45,1034.6,Delivered,37985.77,23155.33
SHP_0000410,ORD_0000410,VEH_0018,DRV_0015,2026-06-27 19:44:29,2026-06-25 18:05:05,2026-06-29 10:48:23,1821.6,Delivered,64034.52,40769.14
SHP_0000411,ORD_0000411,VEH_0069,DRV_0073,2025-12-27 21:33:22,2026-02-13 05:53:53,2026-02-13 02:20:30,337.1,Delivered,15203.07,421.38
SHP_0000412,ORD_0000412,VEH_0078,DRV_0051,2026-06-12 04:52:41,2025-10-24 16:06:14,2025-10-24 18:52:16,25.0,Delivered,3424.46,31.25
SHP_0000413,ORD_0000413,VEH_0071,DRV_0038,2026-03-22 01:10:06,2026-04-12 21:27:57,2026-04-12 17:50:26,1241.0,Delivered,46153.12,13724.0
SHP_0000414,ORD_0000414,VEH_0067,DRV_0030,2026-04-07 13:09:04,2026-04-18 00:22:41,2026-04-17 23:26:55,1964.0,Delivered,69977.38,33566.55
SHP_0000415,ORD_0000415,VEH_0050,DRV_0039,2026-04-12 13:05:18,2026-01-01 10:12:29,2026-01-01 16:18:47,545.7,Delivered,18321.84,6034.8
SHP_0000416,ORD_0000416,VEH_0005,DRV_0070,2026-06-14 01:41:39,2026-09-03 21:29:32,2026-09-03 17:48:25,1288.0,Delivered,44062.82,1610.0
SHP_0000417,ORD_0000417,VEH_0008,DRV_0014,2026-05-30 03:11:46,2026-08-12 12:59:22,2026-08-12 09:13:32,235.1,Delivered,12967.42,2599.93
SHP_0000418,ORD_0000418,VEH_0017,DRV_0002,2026-02-25 19:11:03,2026-03-16 03:28:27,2026-03-16 02:00:50,1011.0,Delivered,33573.63,22627.14
SHP_0000419,ORD_0000419,VEH_0002,DRV_0016,2026-01-06 00:19:32,2026-02-11 00:23:19,2026-02-10 20:57:45,1250.6,Delivered,42037.0,30935.89
SHP_0000420,ORD_0000420,VEH_0075,DRV_0011,2026-06-05 09:28:40,2026-03-31 20:48:33,2026-06-05 21:55:56,499.5,Delivered,18676.35,12356.05
SHP_0000421,ORD_0000421,VEH_0007,DRV_0030,2026-06-02 11:58:22,2026-01-10 07:46:59,2026-01-10 20:34:35,499.5,Delivered,16940.79,8536.91
SHP_0000422,ORD_0000422,VEH_0070,DRV_0092,2026-01-08 16:08:53,2026-05-04 23:12:01,2026-05-04 22:19:05,391.6,Delivered,14476.34,9686.95
SHP_0000423,ORD_0000423,VEH_0019,DRV_0004,2026-06-22 04:57:47,2026-04-19 15:33:37,2026-06-22 17:52:31,548.1,Delivered,23758.25,685.13
SHP_0000424,ORD_0000424,VEH_0014,DRV_0078,2026-01-21 16:12:56,2026-04-03 23:57:30,2026-04-03 20:57:11,2150.5,Delivered,71580.15,48130.24
SHP_0000425,ORD_0000425,VEH_0011,DRV_0010,2026-07-09 20:33:33,2026-07-07 21:18:08,2026-07-11 06:15:26,1434.8,Delivered,26073.79,35492.42
SHP_0000426,ORD_0000426,VEH_0057,DRV_0041,2025-10-20 16:38:08,2026-07-15 16:54:29,2026-07-15 15:22:56,1197.2,Delivered,42270.0,13239.62
SHP_0000427,ORD_0000427,VEH_0047,DRV_0011,2025-11-14 13:16:18,2026-08-08 03:53:20,2026-08-08 00:11:16,228.9,Delivered,12936.97,3912.11
SHP_0000428,ORD_0000428,VEH_0075,DRV_0086,2025-11-18 08:34:20,2026-01-01 10:24:57,2026-01-01 08:54:43,1438.5,Delivered,52233.4,35583.95
SHP_0000429,ORD_0000429,VEH_0002,DRV_0022,2026-07-27 18:23:15,2026-03-10 19:13:31,2026-07-28 06:38:19,634.6,Delivered,25053.02,15698.0
SHP_0000430,ORD_0000430,VEH_0055,DRV_0046,2025-10-29 01:22:51,2025-11-11 09:54:38,2025-11-11 08:33:56,529.9,Delivered,22133.07,13108.05
SHP_0000431,ORD_0000431,VEH_0058,DRV_0053,2026-07-08 05:32:45,2026-09-15 10:22:40,2026-09-15 08:21:10,806.2,Delivered,26609.36,18043.52
SHP_0000432,ORD_0000432,VEH_0076,DRV_0048,2026-04-16 14:11:00,2025-11-24 16:12:48,2026-04-18 08:19:48,2051.9,Delivered,71812.14,2564.88
SHP_0000433,ORD_0000433,VEH_0066,DRV_0055,2025-10-19 11:23:02,2026-05-19 11:54:44,2026-05-19 08:45:42,549.4,Delivered,21282.02,6075.72
SHP_0000434,ORD_0000434,VEH_0045,DRV_0037,2026-01-16 18:29:05,2026-08-13 17:08:58,2026-08-13 14:56:46,545.7,Delivered,20693.15,12213.29
SHP_0000435,ORD_0000435,VEH_0022,DRV_0004,2026-01-16 23:15:18,2026-09-24 06:01:29,2026-09-24 22:13:13,238.9,Delivered,9384.67,4083.02
SHP_0000436,ORD_0000436,VEH_0059,DRV_0038,2026-05-10 14:51:04,2026-04-09 12:27:35,2026-05-11 07:57:31,689.6,Delivered,29130.92,7626.16
SHP_0000437,ORD_0000437,VEH_0029,DRV_0094,2025-11-14 22:11:07,2026-04-12 05:25:23,,25.0,Cancelled,6288.07,276.47
SHP_0000438,ORD_0000438,VEH_0013,DRV_0091,2026-06-24 22:52:39,2026-01-18 22:39:01,2026-06-26 00:33:44,1254.1,Delivered,23132.24,21433.71
SHP_0000439,ORD_0000439,VEH_0063,DRV_0024,2025-12-25 07:09:16,2026-06-07 00:08:08,2026-06-06 22:56:26,2007.6,Delivered,70784.44,44932.0
SHP_0000440,ORD_0000440,VEH_0034,DRV_0079,2026-05-26 02:32:59,2026-08-31 10:27:23,2026-08-31 07:43:28,924.8,Delivered,33275.31,10227.2
SHP_0000441,ORD_0000441,VEH_0070,DRV_0062,2026-04-09 02:32:17,2025-12-11 17:11:30,2026-04-10 17:57:23,1974.4,Delivered,68191.61,48840.42
SHP_0000442,ORD_0000442,VEH_0017,DRV_0100,2026-02-01 15:31:03,2026-03-25 13:27:43,2026-03-25 09:56:17,290.4,Delivered,12779.92,6499.43
SHP_0000443,ORD_0000443,VEH_0041,DRV_0053,2026-03-08 13:50:12,2026-01-03 14:36:51,2026-03-10 07:56:41,1819.7,Delivered,64613.26,31100.33
SHP_0000444,ORD_0000444,VEH_0027,DRV_0100,2026-03-08 22:02:53,2026-04-08 14:43:45,2026-04-08 12:04:57,442.5,Delivered,16475.91,10946.05
SHP_0000445,ORD_0000445,VEH_0071,DRV_0009,2026-07-01 10:58:53,2026-05-01 15:18:00,2026-07-02 19:50:00,1598.8,Delivered,29458.02,17680.85
SHP_0000446,ORD_0000446,VEH_0002,DRV_0005,2026-02-06 12:48:44,2026-03-04 20:08:06,2026-03-04 17:47:31,1116.3,Delivered,42551.77,27613.74
SHP_0000447,ORD_0000447,VEH_0049,DRV_0084,2026-01-04 18:44:19,2025-10-20 04:54:24,2026-01-05 22:04:02,1192.0,Delivered,43937.76,13182.12
SHP_0000448,ORD_0000448,VEH_0013,DRV_0095,2026-07-16 04:14:05,2025-10-31 08:40:30,2026-07-16 04:45:03,25.0,Delivered,604.1,427.27
SHP_0000449,ORD_0000449,VEH_0038,DRV_0055,2026-01-11 07:54:20,2026-03-16 18:46:59,,25.0,Cancelled,2322.39,31.25
SHP_0000450,ORD_0000450,VEH_0070,DRV_0092,2025-10-07 09:12:33,2026-01-19 16:25:54,,1050.0,Cancelled,35436.87,25973.68
SHP_0000451,ORD_0000451,VEH_0013,DRV_0072,2026-01-29 08:03:11,2026-03-06 23:59:48,2026-03-06 21:46:56,2222.3,Delivered,71933.38,37981.13
SHP_0000452,ORD_0000452,VEH_0040,DRV_0095,2025-12-29 23:52:04,2026-03-07 11:33:10,2026-03-07 09:55:40,276.4,Delivered,13095.89,6837.26
SHP_0000453,ORD_0000453,VEH_0042,DRV_0060,2026-04-30 15:50:03,2026-09-07 23:50:23,2026-09-07 20:20:04,2225.5,Delivered,77176.84,49808.81
SHP_0000454,ORD_0000454,VEH_0005,DRV_0055,2026-07-18 07:11:21,2026-03-16 13:12:12,2026-07-18 21:06:37,619.6,Delivered,21045.41,774.5
SHP_0000455,ORD_0000455,VEH_0048,DRV_0073,2026-09-07 14:42:19,2026-03-14 15:44:03,2026-09-08 05:34:18,647.6,Delivered,22932.0,16019.58
SHP_0000456,ORD_0000456,VEH_0022,DRV_0068,2026-07-17 18:56:39,2026-02-24 11:27:00,2026-07-18 10:36:39,673.9,Delivered,28586.51,11517.56
SHP_0000457,ORD_0000457,VEH_0080,DRV_0060,2025-11-06 04:57:38,2025-10-28 03:26:14,2025-10-28 15:26:13,1244.2,Delivered,41311.31,13759.39
SHP_0000458,ORD_0000458,VEH_0072,DRV_0070,2026-01-27 12:10:35,2025-12-18 03:13:50,2026-01-29 04:24:49,2005.8,Delivered,68570.35,22181.79
SHP_0000459,ORD_0000459,VEH_0076,DRV_0078,2026-06-08 03:32:09,2026-01-21 01:41:35,2026-06-09 20:07:22,1898.0,Delivered,64654.81,2372.5
SHP_0000460,ORD_0000460,VEH_0042,DRV_0010,2026-05-27 14:38:39,2025-12-08 06:09:45,2025-12-08 16:06:20,1365.2,Delivered,50658.22,30554.48
SHP_0000461,ORD_0000461,VEH_0067,DRV_0041,2026-07-28 07:29:52,2026-02-08 10:00:52,2026-07-30 01:21:59,2056.6,Delivered,68762.38,35149.16
SHP_0000462,ORD_0000462,VEH_0056,DRV_0084,2026-06-27 16:17:45,2026-08-24 14:11:23,2026-08-24 21:43:25,2209.9,Delivered,74030.82,2762.38
SHP_0000463,ORD_0000463,VEH_0002,DRV_0026,2025-12-13 21:52:42,2026-07-14 08:29:08,2026-07-14 07:57:58,2038.4,Delivered,72133.59,50423.58
SHP_0000464,ORD_0000464,VEH_0006,DRV_0090,2025-10-13 19:04:12,2026-09-22 05:21:51,2026-09-22 04:39:50,791.9,Delivered,29892.79,17723.48
SHP_0000465,ORD_0000465,VEH_0005,DRV_0048,2026-09-05 11:32:27,2026-04-03 03:34:54,2026-09-06 23:24:36,1706.9,Delivered,58173.25,2133.62
SHP_0000466,ORD_0000466,VEH_0025,DRV_0084,2025-10-24 23:12:34,2025-11-04 13:32:50,2025-11-05 04:51:44,908.4,Delivered,33850.98,20330.86
SHP_0000467,ORD_0000467,VEH_0008,DRV_0009,2026-06-15 18:34:34,2026-09-19 01:26:23,2026-09-19 00:25:24,1753.0,Delivered,31663.24,19386.12
SHP_0000468,ORD_0000468,VEH_0040,DRV_0036,2026-06-04 11:33:21,2026-03-24 02:15:22,2026-03-24 11:26:58,285.1,Delivered,12194.36,7052.47
SHP_0000469,ORD_0000469,VEH_0002,DRV_0028,2026-05-18 08:16:10,2025-11-08 01:05:00,2026-05-20 12:10:19,2132.5,Delivered,69634.88,52751.32
SHP_0000470,ORD_0000470,VEH_0037,DRV_0023,2026-07-14 08:58:37,2026-08-22 22:31:47,2026-08-22 20:34:51,143.6,Delivered,10201.53,3213.9
SHP_0000471,ORD_0000471,VEH_0067,DRV_0058,2025-11-05 16:17:00,2026-09-10 23:54:24,2026-09-10 22:48:36,258.7,Delivered,11577.06,4421.42
SHP_0000472,ORD_0000472,VEH_0065,DRV_0071,2026-08-11 17:09:18,2025-12-04 06:41:44,2026-08-13 21:07:49,2210.4,Delivered,73336.67,2763.0
SHP_0000473,ORD_0000473,VEH_0048,DRV_0073,2025-12-12 03:11:51,2025-12-26 16:29:47,2025-12-26 15:52:40,273.0,Delivered,13674.51,6753.16
SHP_0000474,ORD_0000474,VEH_0040,DRV_0021,2026-06-09 08:32:38,2026-02-18 22:54:56,2026-06-10 18:57:54,1380.1,Delivered,46675.53,34139.32
SHP_0000475,ORD_0000475,VEH_0052,DRV_0039,2026-01-06 18:44:23,2026-05-21 22:10:37,2026-05-21 20:51:25,1908.6,Delivered,67331.41,47212.74
SHP_0000476,ORD_0000476,VEH_0068,DRV_0026,2025-12-03 12:08:21,2026-03-15 21:09:34,2026-03-15 20:10:16,771.0,Delivered,29121.28,8526.35
SHP_0000477,ORD_0000477,VEH_0023,DRV_0039,2025-12-03 22:28:28,2025-11-06 22:20:10,2025-12-04 02:46:56,211.9,Delivered,10222.78,264.88
SHP_0000478,ORD_0000478,VEH_0051,DRV_0090,2025-12-01 14:09:03,2026-01-07 01:55:29,2026-01-07 00:06:27,1558.6,Delivered,28094.86,26637.89
SHP_0000479,ORD_0000479,VEH_0055,DRV_0077,2026-03-05 00:49:06,2026-07-26 07:20:11,2026-07-26 16:53:37,1950.6,Delivered,69433.86,48251.68
SHP_0000480,ORD_0000480,VEH_0051,DRV_0010,2026-04-13 12:17:48,2025-12-28 10:24:28,2025-12-28 15:00:33,2217.2,Delivered,73669.42,37893.96
SHP_0000481,ORD_0000481,VEH_0023,DRV_0021,2026-06-19 23:38:47,2026-02-11 19:00:09,2026-06-20 06:01:12,268.7,Delivered,10933.66,335.88
SHP_0000482,ORD_0000482,VEH_0059,DRV_0002,2025-12-02 05:27:21,2026-06-25 06:09:59,2026-06-25 04:15:38,197.2,Delivered,12362.84,2180.8
SHP_0000483,ORD_0000483,VEH_0043,DRV_0069,2026-03-24 16:11:14,2026-03-16 23:47:29,2026-03-17 04:14:32,344.1,Delivered,17029.94,430.12
SHP_0000484,ORD_0000484,VEH_0056,DRV_0007,2025-12-16 11:44:00,2025-11-04 10:32:54,2025-11-05 02:22:07,1821.6,Delivered,62718.57,2277.0
SHP_0000485,ORD_0000485,VEH_0054,DRV_0003,2025-10-09 21:06:39,2026-06-28 05:33:06,2026-06-28 04:55:37,2187.9,Delivered,75764.76,2734.88
SHP_0000486,ORD_0000486,VEH_0036,DRV_0045,2025-11-18 18:16:54,2025-10-18 11:55:35,2025-11-20 09:30:16,1755.4,Delivered,60186.59,19412.66
SHP_0000487,ORD_0000487,VEH_0066,DRV_0093,2026-07-08 19:05:18,2026-05-12 07:37:42,2026-07-09 11:09:51,657.8,Delivered,22152.79,7274.49
SHP_0000488,ORD_0000488,VEH_0025,DRV_0074,2026-08-21 17:16:23,2025-12-11 09:25:32,2026-08-21 20:53:30,155.9,Delivered,11611.09,3489.19
SHP_0000489,ORD_0000489,VEH_0065,DRV_0086,2026-01-15 09:47:14,2026-08-10 21:14:26,2026-08-10 20:06:22,2203.2,Delivered,77518.68,2754.0
SHP_0000490,ORD_0000490,VEH_0013,DRV_0029,2026-03-29 07:23:27,2026-03-10 05:19:33,2026-03-29 18:02:46,526.2,Delivered,18901.34,8993.24
SHP_0000491,ORD_0000491,VEH_0044,DRV_0044,2026-04-29 00:09:52,2026-07-06 21:30:26,2026-07-06 20:28:33,1885.8,Delivered,64811.04,42206.0
SHP_0000492,ORD_0000492,VEH_0063,DRV_0072,2026-06-14 09:33:47,2025-12-23 23:34:04,2025-12-24 13:24:36,539.5,Delivered,20287.83,12074.52
SHP_0000493,ORD_0000493,VEH_0003,DRV_0097,2025-12-04 13:26:54,2026-07-21 06:28:16,2026-07-21 04:15:12,25.0,Delivered,5487.59,559.52
SHP_0000494,ORD_0000494,VEH_0021,DRV_0099,2025-12-21 20:17:29,2025-11-23 15:20:16,,1047.1,Cancelled,36477.14,1308.88
SHP_0000495,ORD_0000495,VEH_0041,DRV_0065,2026-07-26 23:38:10,2026-03-11 07:27:18,2026-07-27 23:59:33,1037.9,Delivered,35306.56,17738.65
SHP_0000496,ORD_0000496,VEH_0023,DRV_0088,2025-10-02 02:16:49,2026-08-18 08:56:45,2026-08-18 06:09:36,390.6,Delivered,15501.41,488.25
SHP_0000497,ORD_0000497,VEH_0042,DRV_0079,2025-10-31 23:34:13,2026-06-07 08:35:15,2026-06-07 06:26:09,567.8,Delivered,21946.3,12707.9
SHP_0000498,ORD_0000498,VEH_0031,DRV_0023,2025-12-14 17:03:11,2026-07-17 11:28:45,2026-07-17 10:16:48,350.7,Delivered,15058.88,438.37
SHP_0000499,ORD_0000499,VEH_0065,DRV_0083,2026-03-21 23:55:58,2026-09-15 07:27:43,,336.6,Cancelled,15899.69,420.75
SHP_0000500,ORD_0000500,VEH_0050,DRV_0010,2026-06-20 15:42:32,2026-01-05 21:04:25,2026-06-20 19:02:16,171.6,Delivered,3334.12,1897.69
SHP_0000501,ORD_0000501,VEH_0006,DRV_0047,2026-08-18 04:52:30,2026-07-31 02:51:51,2026-08-19 01:52:59,1089.7,Delivered,38161.0,24388.52
SHP_0000502,ORD_0000502,VEH_0044,DRV_0019,2025-11-13 05:05:26,2025-11-12 09:44:17,2025-11-13 17:32:25,537.2,Delivered,22842.97,12023.05
SHP_0000503,ORD_0000503,VEH_0058,DRV_0090,2026-01-09 16:35:50,2026-06-30 19:38:23,2026-06-30 19:00:53,2147.7,Delivered,70564.12,48067.57
SHP_0000504,ORD_0000504,VEH_0040,DRV_0061,2026-01-27 20:53:42,2026-01-23 13:47:08,,1110.7,Cancelled,40896.79,27475.21
SHP_0000505,ORD_0000505,VEH_0075,DRV_0039,2026-01-08 15:09:38,2026-07-17 05:39:33,2026-07-17 13:10:04,253.9,Delivered,14568.83,6280.68
SHP_0000506,ORD_0000506,VEH_0063,DRV_0083,2026-08-27 19:51:54,2026-04-05 22:10:36,2026-08-28 20:52:00,1051.2,Delivered,34810.01,23526.86
SHP_0000507,ORD_0000507,VEH_0026,DRV_0046,2026-01-16 20:02:14,2026-06-17 23:58:28,2026-06-17 21:14:21,148.6,Delivered,6439.85,3325.81
SHP_0000508,ORD_0000508,VEH_0071,DRV_0069,2025-11-08 04:14:51,2026-09-17 01:48:41,,642.3,Cancelled,23544.09,7103.08
SHP_0000509,ORD_0000509,VEH_0059,DRV_0023,2026-06-25 13:02:01,2026-03-24 02:57:13,2026-06-25 13:36:55,25.0,Delivered,6346.55,276.47
SHP_0000510,ORD_0000510,VEH_0075,DRV_0062,2025-10-24 09:08:55,2026-07-14 20:24:32,2026-07-14 17:10:26,1865.3,Delivered,63610.21,46141.63
SHP_0000511,ORD_0000511,VEH_0002,DRV_0075,2026-05-17 15:07:21,2025-12-19 17:24:51,2026-05-19 10:15:48,1954.4,Delivered,63292.57,48345.68
SHP_0000512,ORD_0000512,VEH_0023,DRV_0043,2026-07-20 18:59:06,2026-05-19 22:24:24,2026-07-22 20:38:39,2352.5,Delivered,42351.71,2940.62
SHP_0000513,ORD_0000513,VEH_0001,DRV_0041,2025-11-13 02:06:30,2026-01-08 12:05:11,,1327.6,Cancelled,47178.74,32840.63
SHP_0000514,ORD_0000514,VEH_0024,DRV_0025,2026-08-31 13:29:21,2025-12-05 00:27:02,2026-08-31 13:59:53,25.0,Delivered,1161.97,427.27
SHP_0000515,ORD_0000515,VEH_0051,DRV_0022,2026-05-10 13:11:36,2026-07-27 07:36:55,2026-07-27 06:33:55,25.0,Delivered,5372.61,427.27
SHP_0000516,ORD_0000516,VEH_0048,DRV_0019,2026-01-10 19:21:39,2026-06-12 13:44:45,2026-06-12 10:20:36,149.4,Delivered,6498.54,3695.68
SHP_0000517,ORD_0000517,VEH_0018,DRV_0059,2025-10-22 06:15:20,2026-03-16 03:29:42,,392.2,Cancelled,19600.49,8777.81
SHP_0000518,ORD_0000518,VEH_0026,DRV_0028,2026-03-15 18:52:41,2025-12-23 11:07:38,2026-03-17 14:10:34,1864.9,Delivered,33748.73,41738.24
SHP_0000519,ORD_0000519,VEH_0063,DRV_0032,2025-10-18 14:02:35,2026-02-05 05:28:06,2026-02-05 03:39:20,220.3,Delivered,14190.08,4930.52
SHP_0000520,ORD_0000520,VEH_0053,DRV_0020,2025-11-21 22:41:53,2026-02-14 13:19:40,2026-02-14 10:49:06,1944.2,Delivered,63049.79,48093.37
SHP_0000521,ORD_0000521,VEH_0009,DRV_0090,2026-08-14 04:28:02,2026-01-06 02:52:24,2026-08-14 10:12:38,267.4,Delivered,12733.19,334.25
SHP_0000522,ORD_0000522,VEH_0078,DRV_0096,2025-12-17 01:55:34,2026-09-12 16:37:32,2026-09-12 13:52:40,1589.4,Delivered,53579.24,1986.75
SHP_0000523,ORD_0000523,VEH_0042,DRV_0069,2025-10-07 00:56:05,2026-08-09 15:58:39,2026-08-09 13:15:26,1192.0,Delivered,41987.42,26678.1
SHP_0000524,ORD_0000524,VEH_0079,DRV_0084,2026-08-25 11:30:44,2025-11-07 10:48:26,2026-08-27 08:01:40,2197.6,Delivered,76313.24,49184.38
SHP_0000525,ORD_0000525,VEH_0056,DRV_0003,2025-12-10 06:58:44,2026-03-25 20:08:09,2026-03-25 17:27:10,538.5,Delivered,19712.24,673.12
SHP_0000526,ORD_0000526,VEH_0026,DRV_0099,2026-07-25 23:08:02,2025-12-29 03:20:42,2026-07-25 23:43:55,25.0,Delivered,5184.07,559.52
SHP_0000527,ORD_0000527,VEH_0070,DRV_0045,2026-05-22 13:37:50,2025-12-16 09:33:19,,2460.0,Cancelled,44479.61,60852.63
SHP_0000528,ORD_0000528,VEH_0016,DRV_0049,2025-12-24 01:18:46,2026-06-15 13:50:15,2026-06-15 10:20:52,341.4,Delivered,12960.07,8445.16
SHP_0000529,ORD_0000529,VEH_0067,DRV_0016,2025-11-18 02:45:23,2026-03-25 09:06:39,2026-03-25 05:19:06,214.7,Delivered,11298.26,3669.42
SHP_0000530,ORD_0000530,VEH_0059,DRV_0003,2026-04-15 13:13:09,2026-07-21 04:08:47,2026-07-21 02:14:43,2390.6,Delivered,43714.45,26437.22
SHP_0000531,ORD_0000531,VEH_0050,DRV_0061,2026-01-25 11:10:29,2026-02-18 18:26:41,2026-02-18 15:23:27,795.2,Delivered,31805.43,8793.98
SHP_0000532,ORD_0000532,VEH_0077,DRV_0027,2025-11-24 05:59:58,2025-11-25 04:30:01,2025-11-25 02:41:57,391.6,Delivered,16422.31,6692.8
SHP_0000533,ORD_0000533,VEH_0021,DRV_0004,2026-06-17 10:22:49,2025-12-08 23:01:06,2026-06-17 18:52:34,392.7,Delivered,18637.6,490.88
SHP_0000534,ORD_0000534,VEH_0070,DRV_0049,2026-07-13 04:58:39,2026-02-06 19:01:56,2026-07-15 15:56:35,2376.9,Delivered,79591.15,58797.0
SHP_0000535,ORD_0000535,VEH_0057,DRV_0018,2026-03-30 03:51:18,2026-09-16 09:41:32,,352.9,Cancelled,18558.36,3902.66
SHP_0000536,ORD_0000536,VEH_0013,DRV_0062,2026-04-28 10:57:56,2026-02-02 05:41:12,2026-04-30 02:27:14,2005.8,Delivered,66609.21,34280.95
SHP_0000537,ORD_0000537,VEH_0032,DRV_0029,2026-07-06 06:37:37,2025-11-21 21:41:08,2026-07-07 14:57:57,1348.9,Delivered,48739.46,14917.25
SHP_0000538,ORD_0000538,VEH_0075,DRV_0095,2025-11-20 22:51:17,2026-05-21 14:31:33,2026-05-22 06:58:30,1715.7,Delivered,60602.32,42441.0
SHP_0000539,ORD_0000539,VEH_0045,DRV_0025,2026-03-03 20:26:34,2025-12-12 19:00:12,2026-03-04 06:01:26,456.2,Delivered,16384.4,10210.19
SHP_0000540,ORD_0000540,VEH_0033,DRV_0044,2026-04-18 14:16:33,2026-06-01 13:24:06,2026-06-01 10:58:49,674.5,Delivered,26500.99,11527.82
SHP_0000541,ORD_0000541,VEH_0030,DRV_0059,2026-06-07 05:32:38,2026-09-01 12:00:30,2026-09-02 01:16:05,1482.1,Delivered,50169.77,33170.81
SHP_0000542,ORD_0000542,VEH_0025,DRV_0019,2026-04-14 19:20:16,2026-03-27 12:14:18,2026-04-14 21:54:52,133.5,Delivered,10774.65,2987.86
SHP_0000543,ORD_0000543,VEH_0068,DRV_0022,2026-08-07 12:32:21,2026-04-25 11:47:51,2026-04-25 16:01:50,1741.2,Delivered,59657.67,19255.62
SHP_0000544,ORD_0000544,VEH_0038,DRV_0050,2026-03-14 11:16:05,2026-08-26 15:20:06,2026-08-26 11:42:25,2348.4,Delivered,82312.41,2935.5
SHP_0000545,ORD_0000545,VEH_0009,DRV_0008,2026-01-29 19:05:23,2026-07-09 07:24:40,2026-07-09 05:13:40,906.0,Delivered,33161.52,1132.5
SHP_0000546,ORD_0000546,VEH_0018,DRV_0052,2026-02-13 18:51:20,2026-08-04 09:51:51,2026-08-04 06:03:32,425.3,Delivered,15476.16,9518.62
SHP_0000547,ORD_0000547,VEH_0061,DRV_0030,2026-01-29 14:39:36,2025-11-26 12:37:42,2026-01-30 04:29:37,679.6,Delivered,22629.55,16811.16
SHP_0000548,ORD_0000548,VEH_0015,DRV_0081,2026-01-14 10:02:00,2025-12-02 20:42:16,,1908.6,Cancelled,63637.5,2385.75
SHP_0000549,ORD_0000549,VEH_0047,DRV_0031,2025-11-04 04:37:11,2026-06-28 06:20:48,,1753.0,Cancelled,60018.72,29960.36
SHP_0000550,ORD_0000550,VEH_0066,DRV_0043,2026-07-08 22:22:04,2026-03-21 09:31:27,2026-07-10 17:27:34,2053.6,Delivered,67818.89,22710.4
SHP_0000551,ORD_0000551,VEH_0063,DRV_0072,2026-06-16 06:22:44,2026-07-05 16:39:57,2026-07-05 14:02:33,630.0,Delivered,24594.36,14100.0
SHP_0000552,ORD_0000552,VEH_0047,DRV_0075,2026-05-12 07:41:18,2025-10-19 14:15:32,2026-05-13 22:05:01,1807.8,Delivered,65005.27,30896.95
SHP_0000553,ORD_0000553,VEH_0056,DRV_0086,2026-04-21 19:42:10,2025-10-18 03:31:31,2026-04-21 20:12:29,25.0,Delivered,5101.37,31.25
SHP_0000554,ORD_0000554,VEH_0032,DRV_0036,2026-01-07 04:42:49,2026-01-23 07:37:41,2026-01-23 16:41:18,791.9,Delivered,31711.97,8757.48
SHP_0000555,ORD_0000555,VEH_0012,DRV_0043,2026-02-13 02:07:39,2026-05-06 17:06:01,2026-05-06 13:46:56,198.3,Delivered,9357.3,2192.96
SHP_0000556,ORD_0000556,VEH_0026,DRV_0034,2026-05-30 06:36:48,2026-08-20 18:02:11,2026-08-20 16:21:25,341.4,Delivered,13972.06,7640.86
SHP_0000557,ORD_0000557,VEH_0069,DRV_0023,2026-06-29 16:14:47,2025-12-07 06:30:12,2026-06-29 20:21:41,170.1,Delivered,12259.69,212.62
SHP_0000558,ORD_0000558,VEH_0014,DRV_0095,2026-04-25 17:12:37,2026-09-22 06:59:41,2026-09-22 05:27:57,984.4,Delivered,36870.82,22031.81
SHP_0000559,ORD_0000559,VEH_0029,DRV_0032,2026-01-15 02:58:09,2025-12-29 06:59:18,2026-01-15 10:59:10,324.6,Delivered,15394.6,3589.69
SHP_0000560,ORD_0000560,VEH_0024,DRV_0067,2026-05-04 19:29:41,2026-01-03 18:07:30,2026-05-05 02:54:13,372.6,Delivered,15217.01,6368.07
SHP_0000561,ORD_0000561,VEH_0070,DRV_0046,2026-02-19 06:12:16,2026-07-04 22:57:35,2026-07-04 21:20:02,1959.2,Delivered,65930.96,48464.42
SHP_0000562,ORD_0000562,VEH_0078,DRV_0030,2026-04-15 20:25:29,2026-08-09 19:36:45,2026-08-09 16:51:19,2203.2,Delivered,76384.68,2754.0
SHP_0000563,ORD_0000563,VEH_0072,DRV_0058,2026-03-19 03:39:38,2026-01-14 20:03:46,2026-01-15 03:17:54,654.5,Delivered,24674.01,7238.0
SHP_0000564,ORD_0000564,VEH_0018,DRV_0051,2026-07-10 08:19:02,2026-02-18 23:15:39,2026-07-12 00:45:51,1966.8,Delivered,70042.89,44018.86
SHP_0000565,ORD_0000565,VEH_0079,DRV_0007,2026-04-28 08:08:32,2025-12-31 01:47:21,,135.4,Cancelled,5417.12,3030.38
SHP_0000566,ORD_0000566,VEH_0023,DRV_0024,2026-07-12 04:27:37,2026-07-30 00:52:31,2026-07-29 21:49:29,1583.6,Delivered,56153.86,1979.5
SHP_0000567,ORD_0000567,VEH_0013,DRV_0040,2026-06-28 04:34:34,2026-03-07 20:55:01,2026-06-28 16:38:00,619.6,Delivered,22885.79,10589.53
SHP_0000568,ORD_0000568,VEH_0003,DRV_0078,2026-02-09 15:03:22,2026-01-12 02:12:49,2026-02-09 21:43:48,285.1,Delivered,13871.85,6380.81
SHP_0000569,ORD_0000569,VEH_0025,DRV_0082,2026-05-09 09:11:29,2026-04-26 15:03:13,2026-05-09 21:01:41,519.9,Delivered,22637.68,11635.86
SHP_0000570,ORD_0000570,VEH_0057,DRV_0004,2026-08-25 07:21:31,2026-09-23 11:12:30,2026-09-23 07:35:58,1493.6,Delivered,51102.11,16517.46
SHP_0000571,ORD_0000571,VEH_0044,DRV_0059,2025-11-08 12:42:36,2026-01-24 14:42:57,2026-01-24 12:51:18,912.4,Delivered,30454.68,20420.38
SHP_0000572,ORD_0000572,VEH_0008,DRV_0062,2026-04-09 09:10:31,2026-05-07 09:36:10,2026-05-07 06:37:34,1468.7,Delivered,54201.42,16242.09
SHP_0000573,ORD_0000573,VEH_0070,DRV_0083,2026-05-12 01:15:07,2026-08-29 06:34:07,2026-08-29 04:30:03,1596.6,Delivered,55047.64,39494.84
SHP_0000574,ORD_0000574,VEH_0064,DRV_0099,2026-02-02 14:02:45,2026-03-19 07:59:10,2026-03-19 07:17:36,2268.6,Delivered,76281.01,56118.0
SHP_0000575,ORD_0000575,VEH_0007,DRV_0039,2026-06-06 15:31:47,2025-11-06 21:39:36,2026-06-07 06:27:01,702.0,Delivered,26536.28,11997.82
SHP_0000576,ORD_0000576,VEH_0029,DRV_0092,2025-10-18 02:14:24,2026-07-17 21:22:26,2026-07-17 19:08:26,1718.0,Delivered,60085.45,18999.06
SHP_0000577,ORD_0000577,VEH_0023,DRV_0050,2026-01-21 14:02:39,2025-10-08 17:20:50,2026-01-21 14:36:18,25.0,Delivered,1675.13,31.25
SHP_0000578,ORD_0000578,VEH_0035,DRV_0053,2026-07-03 13:48:34,2026-01-07 15:03:07,2026-07-05 22:54:34,2460.9,Delivered,83852.73,60874.89
SHP_0000579,ORD_0000579,VEH_0015,DRV_0015,2026-03-24 03:06:25,2026-01-09 05:44:01,2026-03-25 07:17:30,1339.3,Delivered,48078.53,1674.12
SHP_0000580,ORD_0000580,VEH_0014,DRV_0098,2026-04-26 23:06:59,2026-07-17 06:19:42,2026-07-17 02:44:04,226.9,Delivered,10249.15,5078.24
SHP_0000581,ORD_0000581,VEH_0024,DRV_0011,2025-11-12 05:53:55,2026-08-28 06:59:10,2026-08-28 05:38:24,913.9,Delivered,32763.57,15619.38
SHP_0000582,ORD_0000582,VEH_0041,DRV_0006,2026-07-25 13:09:38,2026-07-16 16:19:44,,329.7,Cancelled,17552.72,5634.87
SHP_0000583,ORD_0000583,VEH_0065,DRV_0009,2026-06-07 20:54:09,2026-08-30 18:05:00,2026-08-30 16:24:28,185.2,Delivered,7433.67,231.5
SHP_0000584,ORD_0000584,VEH_0015,DRV_0088,2025-12-02 06:11:22,2026-09-06 03:27:00,2026-09-06 02:53:20,127.6,Delivered,6243.89,159.5
SHP_0000585,ORD_0000585,VEH_0073,DRV_0016,2026-02-25 20:11:21,2026-02-06 07:53:54,2026-02-27 14:34:55,1768.7,Delivered,58353.16,30228.69
SHP_0000586,ORD_0000586,VEH_0031,DRV_0088,2026-06-24 00:16:18,2026-06-10 11:18:47,2026-06-24 08:17:42,366.8,Delivered,14634.85,458.5
SHP_0000587,ORD_0000587,VEH_0033,DRV_0021,2026-01-20 03:19:05,2026-09-24 06:42:35,2026-09-24 21:29:59,1162.7,Delivered,38887.53,19871.6
SHP_0000588,ORD_0000588,VEH_0054,DRV_0059,2026-06-01 02:03:17,2026-07-04 05:31:16,2026-07-04 03:39:42,100.3,Delivered,4149.9,125.37
SHP_0000589,ORD_0000589,VEH_0080,DRV_0047,2025-12-13 23:04:35,2026-06-18 03:53:07,2026-06-18 00:42:40,131.6,Delivered,5840.74,1455.34
SHP_0000590,ORD_0000590,VEH_0053,DRV_0007,2026-01-25 08:14:17,2026-01-31 23:32:01,2026-01-31 19:55:08,2150.5,Delivered,73708.82,53196.58
SHP_0000591,ORD_0000591,VEH_0073,DRV_0099,2026-06-16 17:45:00,2026-03-20 07:07:10,2026-06-17 16:54:03,1049.1,Delivered,36467.82,17930.07
SHP_0000592,ORD_0000592,VEH_0005,DRV_0087,2026-01-31 12:04:37,2026-02-02 21:22:42,2026-02-02 23:13:57,404.3,Delivered,19922.2,505.38
SHP_0000593,ORD_0000593,VEH_0058,DRV_0061,2025-10-26 08:50:51,2026-09-18 03:30:25,2026-09-18 01:56:44,324.6,Delivered,12695.99,7264.86
SHP_0000594,ORD_0000594,VEH_0036,DRV_0089,2026-03-08 21:29:22,2026-09-17 02:05:55,2026-09-17 01:12:07,1108.7,Delivered,42305.41,12260.92
SHP_0000595,ORD_0000595,VEH_0057,DRV_0075,2025-12-05 22:57:03,2025-11-08 20:04:27,2025-12-06 10:49:31,494.3,Delivered,18664.74,5466.38
SHP_0000596,ORD_0000596,VEH_0015,DRV_0086,2025-11-22 02:48:25,2026-02-13 00:00:16,2026-02-12 22:28:52,1650.8,Delivered,30233.86,2063.5
SHP_0000597,ORD_0000597,VEH_0036,DRV_0067,2025-12-05 10:55:11,2026-05-23 02:21:54,2026-05-23 09:07:16,197.2,Delivered,10739.04,2180.8
SHP_0000598,ORD_0000598,VEH_0011,DRV_0043,2026-07-19 00:35:25,2026-07-03 21:03:45,,2375.5,Cancelled,43065.3,58762.37
SHP_0000599,ORD_0000599,VEH_0049,DRV_0043,2026-02-28 13:40:34,2026-07-15 20:37:59,2026-07-15 16:39:19,1999.6,Delivered,67514.69,22113.22
SHP_0000600,ORD_0000600,VEH_0011,DRV_0086,2026-01-18 04:16:39,2026-02-14 01:42:24,2026-02-13 22:04:17,1650.7,Delivered,54271.6,40833.11
SHP_0000601,ORD_0000601,VEH_0002,DRV_0095,2026-07-30 06:31:47,2026-01-05 00:34:30,2026-07-30 07:05:30,25.0,Delivered,6811.52,618.42
SHP_0000602,ORD_0000602,VEH_0011,DRV_0024,2026-05-26 14:14:54,2026-09-04 11:19:30,2026-09-04 10:48:42,300.1,Delivered,14591.24,7423.53
SHP_0000603,ORD_0000603,VEH_0078,DRV_0091,2026-04-03 14:03:46,2025-12-25 17:02:28,2026-04-06 00:16:07,2383.7,Delivered,80249.81,2979.62
SHP_0000604,ORD_0000604,VEH_0016,DRV_0090,2026-09-06 19:56:11,2025-12-13 17:43:52,2026-09-07 02:33:48,271.4,Delivered,10661.47,6713.58
SHP_0000605,ORD_0000605,VEH_0031,DRV_0068,2026-01-19 12:37:19,2026-03-04 01:48:17,2026-03-03 22:54:44,178.1,Delivered,9500.59,222.62
SHP_0000606,ORD_0000606,VEH_0058,DRV_0002,2026-08-14 08:55:57,2025-10-26 19:58:18,2026-08-14 15:06:59,272.9,Delivered,13382.78,6107.76
SHP_0000607,ORD_0000607,VEH_0048,DRV_0064,2026-02-01 15:14:40,2026-06-24 18:59:37,2026-06-24 16:34:59,2030.0,Delivered,70414.43,50215.79
SHP_0000608,ORD_0000608,VEH_0060,DRV_0060,2026-02-03 17:08:07,2026-05-18 17:20:30,2026-05-18 14:12:53,25.0,Delivered,7400.16,276.47
SHP_0000609,ORD_0000609,VEH_0020,DRV_0076,2025-10-06 05:18:54,2026-08-05 06:57:21,2026-08-05 06:23:54,640.1,Delivered,23480.64,10939.89
SHP_0000610,ORD_0000610,VEH_0078,DRV_0093,2026-08-28 08:04:43,2026-02-10 20:34:19,2026-08-28 13:11:35,235.1,Delivered,13747.04,293.88
SHP_0000611,ORD_0000611,VEH_0028,DRV_0054,2026-01-21 02:35:55,2026-02-17 00:46:08,2026-02-16 22:03:31,1945.3,Delivered,65826.43,48120.58
SHP_0000612,ORD_0000612,VEH_0048,DRV_0073,2026-02-10 06:37:12,2026-06-26 07:14:01,2026-06-26 16:06:37,2267.7,Delivered,76540.08,56095.74
SHP_0000613,ORD_0000613,VEH_0043,DRV_0090,2026-04-03 15:25:34,2026-06-27 05:47:37,2026-06-27 12:36:14,357.8,Delivered,18317.89,447.25
SHP_0000614,ORD_0000614,VEH_0050,DRV_0097,2026-09-11 13:29:26,2026-05-21 10:37:44,2026-09-13 03:02:48,1868.8,Delivered,64027.64,20666.73
SHP_0000615,ORD_0000615,VEH_0061,DRV_0032,2026-07-04 04:34:54,2026-01-14 20:37:34,2026-01-15 04:00:11,974.2,Delivered,36949.68,24098.63
SHP_0000616,ORD_0000616,VEH_0077,DRV_0078,2026-04-26 23:35:10,2026-08-04 01:04:58,2026-08-03 22:00:30,1103.2,Delivered,39839.38,18854.69
SHP_0000617,ORD_0000617,VEH_0004,DRV_0084,2026-01-24 13:35:42,2026-01-20 11:23:42,2026-01-24 16:51:18,145.1,Delivered,11038.9,2479.89
SHP_0000618,ORD_0000618,VEH_0059,DRV_0037,2026-01-14 22:37:50,2026-06-03 04:58:12,2026-06-03 22:14:45,494.3,Delivered,18175.32,5466.38
SHP_0000619,ORD_0000619,VEH_0042,DRV_0079,2026-06-02 00:38:35,2026-04-07 02:36:56,2026-04-07 08:47:01,1237.1,Delivered,43714.51,27687.48
SHP_0000620,ORD_0000620,VEH_0031,DRV_0012,2025-10-27 03:32:24,2026-09-12 13:30:54,2026-09-12 11:49:53,2214.0,Delivered,74574.59,2767.5
SHP_0000621,ORD_0000621,VEH_0058,DRV_0021,2026-06-27 10:48:51,2026-04-12 02:26:47,2026-06-27 15:47:20,202.7,Delivered,12409.99,4536.62
SHP_0000622,ORD_0000622,VEH_0018,DRV_0065,2025-10-17 04:33:31,2026-06-26 02:09:54,2026-06-25 23:26:42,1943.2,Delivered,63876.12,43490.67
SHP_0000623,ORD_0000623,VEH_0030,DRV_0075,2025-10-27 03:22:25,2026-07-28 06:48:36,2026-07-28 06:01:40,1290.6,Delivered,44412.99,28884.86
SHP_0000624,ORD_0000624,VEH_0048,DRV_0066,2026-06-01 12:01:00,2026-09-16 06:52:42,2026-09-16 03:44:20,1256.3,Delivered,22671.51,31076.89
SHP_0000625,ORD_0000625,VEH_0052,DRV_0027,2026-03-22 17:46:20,2026-02-05 11:27:47,2026-02-06 02:14:22,340.2,Delivered,14275.42,8415.47
SHP_0000626,ORD_0000626,VEH_0007,DRV_0083,2026-09-10 02:31:38,2026-07-23 17:25:56,2026-09-10 03:02:16,25.0,Delivered,5857.52,427.27
SHP_0000627,ORD_0000627,VEH_0059,DRV_0051,2026-04-12 18:47:56,2025-10-13 05:21:13,,1361.1,Cancelled,46061.68,15052.16
SHP_0000628,ORD_0000628,VEH_0080,DRV_0007,2025-10-30 22:59:56,2026-05-07 11:16:11,2026-05-07 07:30:51,25.0,Delivered,7833.88,276.47
SHP_0000629,ORD_0000629,VEH_0010,DRV_0036,2025-12-13 19:57:13,2026-07-11 18:16:06,,100.2,Cancelled,4823.57,1108.09
SHP_0000630,ORD_0000630,VEH_0004,DRV_0061,2026-08-07 14:42:19,2026-09-16 23:26:38,2026-09-17 12:54:11,382.1,Delivered,19219.24,6530.44
SHP_0000631,ORD_0000631,VEH_0049,DRV_0004,2026-06-26 08:37:16,2026-05-08 20:08:14,2026-06-28 01:32:39,1648.0,Delivered,30141.44,18224.94
SHP_0000632,ORD_0000632,VEH_0004,DRV_0086,2026-01-18 01:40:39,2026-09-18 10:12:54,2026-09-18 08:53:36,2213.6,Delivered,72943.52,37832.44
SHP_0000633,ORD_0000633,VEH_0007,DRV_0037,2026-04-08 10:57:05,2025-10-19 22:44:21,2026-04-10 02:58:54,2002.5,Delivered,71221.24,34224.55
SHP_0000634,ORD_0000634,VEH_0052,DRV_0048,2026-07-13 06:22:05,2026-02-24 15:40:03,2026-07-14 07:28:43,1116.3,Delivered,36816.89,27613.74
SHP_0000635,ORD_0000635,VEH_0060,DRV_0058,2026-09-09 09:23:20,2026-06-24 00:09:33,2026-09-11 08:00:58,2066.7,Delivered,70651.74,22855.27
SHP_0000636,ORD_0000636,VEH_0018,DRV_0027,2026-08-19 21:51:00,2026-09-23 21:01:03,2026-09-23 17:38:08,1254.1,Delivered,44184.15,28067.95
SHP_0000637,ORD_0000637,VEH_0043,DRV_0063,2026-06-15 19:40:04,2026-05-02 16:37:03,,773.3,Cancelled,31754.59,966.62
SHP_0000638,ORD_0000638,VEH_0059,DRV_0020,2026-03-08 05:46:34,2026-03-05 22:59:07,2026-03-09 04:00:39,1108.0,Delivered,38091.46,12253.18
SHP_0000639,ORD_0000639,VEH_0013,DRV_0025,2026-03-07 09:50:02,2026-04-13 17:56:38,2026-04-13 21:26:30,771.0,Delivered,26488.02,13177.09
SHP_0000640,ORD_0000640,VEH_0050,DRV_0048,2026-03-06 05:19:02,2025-10-30 06:23:47,2026-03-07 19:34:22,1966.8,Delivered,65620.89,21750.49
SHP_0000641,ORD_0000641,VEH_0050,DRV_0097,2025-10-12 19:23:09,2026-05-21 02:17:26,2026-05-21 15:09:09,25.0,Delivered,3199.28,276.47
SHP_0000642,ORD_0000642,VEH_0032,DRV_0093,2025-11-03 12:14:43,2026-04-11 03:30:47,2026-04-11 02:41:02,2052.2,Delivered,71363.99,22694.92
SHP_0000643,ORD_0000643,VEH_0013,DRV_0002,2026-07-01 04:37:58,2026-01-04 23:22:02,2026-07-02 18:44:09,1738.7,Delivered,59784.43,29715.96
SHP_0000644,ORD_0000644,VEH_0016,DRV_0090,2026-04-26 18:44:33,2025-10-30 13:03:17,2026-04-27 20:17:24,1163.9,Delivered,40157.97,28791.21
SHP_0000645,ORD_0000645,VEH_0050,DRV_0100,2025-10-30 14:42:21,2026-01-22 20:55:56,2026-01-22 19:48:51,533.0,Delivered,24320.33,5894.35
SHP_0000646,ORD_0000646,VEH_0013,DRV_0022,2026-07-04 22:13:42,2025-12-12 21:42:56,2026-07-05 05:48:42,382.1,Delivered,15928.85,6530.44
SHP_0000647,ORD_0000647,VEH_0061,DRV_0005,2026-06-27 04:05:09,2026-04-13 10:30:06,2026-06-27 06:43:23,127.6,Delivered,8023.44,3156.42
SHP_0000648,ORD_0000648,VEH_0074,DRV_0024,2026-09-05 19:00:16,2026-09-07 10:32:37,2026-09-07 06:33:21,424.3,Delivered,20472.4,10495.84
SHP_0000649,ORD_0000649,VEH_0018,DRV_0096,2026-05-06 03:01:37,2026-04-07 08:16:24,2026-04-07 10:45:47,1319.1,Delivered,45312.38,29522.71
SHP_0000650,ORD_0000650,VEH_0061,DRV_0062,2026-01-03 09:06:52,2026-01-14 22:55:56,2026-01-15 06:49:55,1974.4,Delivered,64211.35,48840.42
SHP_0000651,ORD_0000651,VEH_0022,DRV_0032,2026-04-04 06:42:40,2025-11-28 03:29:50,2026-04-05 00:53:25,914.3,Delivered,34962.21,15626.22
SHP_0000652,ORD_0000652,VEH_0051,DRV_0058,2025-10-11 12:07:48,2026-03-09 17:05:21,2026-03-09 13:58:08,261.8,Delivered,14233.0,4474.4
SHP_0000653,ORD_0000653,VEH_0010,DRV_0056,2026-01-02 11:42:31,2026-08-06 16:23:32,2026-08-06 13:55:35,1133.1,Delivered,41025.38,12530.75
SHP_0000654,ORD_0000654,VEH_0040,DRV_0061,2026-02-10 08:50:06,2025-10-20 05:11:07,2026-02-12 10:13:15,2208.5,Delivered,76723.66,54631.32
SHP_0000655,ORD_0000655,VEH_0069,DRV_0067,2026-04-01 00:45:21,2026-05-08 03:38:55,2026-05-08 15:31:45,1648.0,Delivered,57042.18,2060.0
SHP_0000656,ORD_0000656,VEH_0067,DRV_0087,2025-12-14 00:25:13,2026-04-22 02:42:08,2026-04-22 00:43:07,2500.7,Delivered,81820.3,42739.24
SHP_0000657,ORD_0000657,VEH_0027,DRV_0060,2026-06-24 03:59:27,2026-09-14 11:15:07,2026-09-14 08:12:57,2345.8,Delivered,76492.78,58027.68
SHP_0000658,ORD_0000658,VEH_0062,DRV_0092,2026-06-09 04:11:25,2026-01-08 11:45:40,2026-06-11 02:02:23,2268.6,Delivered,73970.73,38772.44
SHP_0000659,ORD_0000659,VEH_0064,DRV_0059,2025-10-02 01:42:27,2025-11-01 17:50:04,2025-11-01 14:27:37,2622.5,Delivered,91299.05,64872.37
SHP_0000660,ORD_0000660,VEH_0018,DRV_0024,2025-11-11 16:11:30,2025-12-20 19:00:30,2025-12-20 15:01:44,2225.0,Delivered,74873.23,49797.62
SHP_0000661,ORD_0000661,VEH_0073,DRV_0008,2026-06-24 09:12:56,2025-11-13 19:04:16,2026-06-24 19:13:12,432.4,Delivered,20780.14,7390.11
SHP_0000662,ORD_0000662,VEH_0071,DRV_0075,2026-05-03 08:09:17,2026-01-04 11:14:18,2026-05-03 16:38:19,402.3,Delivered,14876.33,4448.96
SHP_0000663,ORD_0000663,VEH_0053,DRV_0029,2026-01-13 11:14:09,2026-04-30 11:53:16,2026-04-30 08:15:59,582.5,Delivered,24194.2,14409.21
SHP_0000664,ORD_0000664,VEH_0011,DRV_0053,2026-08-26 17:20:16,2025-11-13 13:37:45,2026-08-26 22:35:47,252.7,Delivered,14543.52,6251.0
SHP_0000665,ORD_0000665,VEH_0064,DRV_0065,2026-08-03 09:47:24,2025-10-13 11:58:59,2026-08-05 07:41:52,1986.0,Delivered,67239.93,49127.37
SHP_0000666,ORD_0000666,VEH_0032,DRV_0092,2025-12-20 03:55:27,2025-11-02 04:35:54,2025-12-21 16:03:05,1748.1,Delivered,61850.35,19331.93
SHP_0000667,ORD_0000667,VEH_0063,DRV_0056,2026-02-28 19:09:15,2026-05-10 21:18:36,2026-05-10 20:29:49,1714.1,Delivered,60852.55,38363.19
SHP_0000668,ORD_0000668,VEH_0026,DRV_0005,2026-08-28 07:57:20,2026-01-15 10:16:57,2026-08-28 14:23:27,334.4,Delivered,11967.35,7484.19
SHP_0000669,ORD_0000669,VEH_0036,DRV_0024,2026-01-07 19:15:57,2025-11-08 02:03:24,2026-01-09 08:51:24,1753.0,Delivered,60036.83,19386.12
SHP_0000670,ORD_0000670,VEH_0022,DRV_0031,2026-07-15 12:00:32,2025-10-23 13:02:30,2026-07-17 03:33:28,1953.6,Delivered,69016.65,33388.8
SHP_0000671,ORD_0000671,VEH_0024,DRV_0032,2026-07-23 06:32:40,2026-01-14 05:46:02,2026-07-23 21:11:13,617.1,Delivered,23217.84,10546.8
SHP_0000672,ORD_0000672,VEH_0048,DRV_0074,2025-11-30 07:58:56,2026-04-16 12:01:28,2026-04-16 09:55:55,1290.6,Delivered,23596.24,31925.37
SHP_0000673,ORD_0000673,VEH_0063,DRV_0087,2025-11-22 13:26:03,2026-01-08 00:01:59,2026-01-07 20:59:29,1089.7,Delivered,42241.88,24388.52
SHP_0000674,ORD_0000674,VEH_0022,DRV_0065,2026-07-18 19:24:41,2026-06-10 12:07:37,2026-06-10 14:13:40,1013.5,Delivered,37820.51,17321.64
SHP_0000675,ORD_0000675,VEH_0056,DRV_0100,2026-01-30 22:08:27,2025-11-15 15:17:34,2026-01-31 01:06:23,133.3,Delivered,7069.66,166.62
SHP_0000676,ORD_0000676,VEH_0060,DRV_0048,2026-03-20 07:07:06,2026-06-11 17:48:53,2026-06-11 15:51:34,1100.1,Delivered,41957.28,12165.81
SHP_0000677,ORD_0000677,VEH_0077,DRV_0038,2026-02-27 20:29:14,2026-09-15 06:04:46,2026-09-15 03:54:34,231.6,Delivered,10042.31,3958.25
SHP_0000678,ORD_0000678,VEH_0008,DRV_0004,2025-11-09 02:11:25,2026-02-17 13:02:55,2026-02-17 11:14:57,1059.1,Delivered,19149.69,11712.4
SHP_0000679,ORD_0000679,VEH_0063,DRV_0056,2026-08-07 22:41:29,2026-08-07 23:07:19,2026-08-08 13:28:49,221.1,Delivered,9836.85,4948.43
SHP_0000680,ORD_0000680,VEH_0019,DRV_0019,2026-07-05 04:13:41,2025-10-28 09:01:06,2026-07-06 14:36:50,1438.7,Delivered,48516.55,1798.38
SHP_0000681,ORD_0000681,VEH_0055,DRV_0071,2025-12-14 23:14:18,2025-10-19 11:45:36,2025-12-15 13:05:17,556.0,Delivered,20931.56,13753.68
SHP_0000682,ORD_0000682,VEH_0059,DRV_0044,2025-12-04 01:50:34,2026-01-13 04:56:34,2026-01-13 01:27:56,533.0,Delivered,23919.76,5894.35
SHP_0000683,ORD_0000683,VEH_0076,DRV_0067,2026-02-04 14:00:30,2026-05-09 17:16:57,2026-05-09 14:03:30,2621.8,Delivered,88635.14,3277.25
SHP_0000684,ORD_0000684,VEH_0039,DRV_0033,2026-07-08 23:31:13,2026-03-20 19:01:58,,684.9,Cancelled,25659.85,15328.71
SHP_0000685,ORD_0000685,VEH_0052,DRV_0054,2025-11-08 01:08:40,2026-08-26 14:48:34,2026-08-26 13:27:38,1221.6,Delivered,45880.29,30218.53
SHP_0000686,ORD_0000686,VEH_0043,DRV_0048,2026-03-17 12:54:06,2025-10-29 01:50:26,2026-03-19 05:08:16,2056.6,Delivered,68857.41,2570.75
SHP_0000687,ORD_0000687,VEH_0049,DRV_0011,2025-12-03 17:40:52,2025-12-26 14:29:24,2025-12-27 04:09:28,2215.9,Delivered,75489.26,24505.25
SHP_0000688,ORD_0000688,VEH_0038,DRV_0047,2025-10-20 17:10:39,2026-09-16 18:30:26,2026-09-16 15:33:26,1152.2,Delivered,41731.23,1440.25
SHP_0000689,ORD_0000689,VEH_0022,DRV_0051,2025-11-01 18:26:35,2025-10-20 10:39:49,,2202.4,Cancelled,77949.18,37641.02
SHP_0000690,ORD_0000690,VEH_0021,DRV_0083,2025-11-23 14:46:30,2026-05-21 22:38:36,2026-05-21 20:24:21,1029.9,Delivered,37553.49,1287.38
SHP_0000691,ORD_0000691,VEH_0052,DRV_0054,2026-03-25 12:33:27,2025-10-17 00:46:50,2026-03-27 11:18:36,2060.1,Delivered,69469.74,50960.37
SHP_0000692,ORD_0000692,VEH_0017,DRV_0020,2026-05-17 00:13:25,2025-12-25 11:36:33,2026-05-19 01:56:17,2077.3,Delivered,37990.07,46491.95
SHP_0000693,ORD_0000693,VEH_0027,DRV_0061,2026-06-18 14:33:55,2026-07-11 03:46:59,2026-07-11 01:54:55,2610.5,Delivered,88549.01,64575.53
SHP_0000694,ORD_0000694,VEH_0042,DRV_0058,2026-03-29 17:01:14,2025-10-13 08:26:01,2026-03-29 17:31:27,25.0,Delivered,6894.45,559.52
SHP_0000695,ORD_0000695,VEH_0043,DRV_0019,2025-12-03 10:50:18,2026-09-23 21:40:09,,2077.3,Cancelled,72992.8,2596.62
SHP_0000696,ORD_0000696,VEH_0044,DRV_0079,2025-10-15 15:56:33,2026-05-26 13:58:01,2026-05-26 23:25:59,1454.1,Delivered,47887.5,32544.14
SHP_0000697,ORD_0000697,VEH_0079,DRV_0026,2026-03-01 11:15:12,2026-02-07 22:31:59,2026-03-01 15:02:35,190.6,Delivered,8152.22,4265.81
SHP_0000698,ORD_0000698,VEH_0009,DRV_0061,2025-10-07 17:55:10,2026-05-03 21:39:22,2026-05-03 19:32:01,968.9,Delivered,33140.59,1211.12
SHP_0000699,ORD_0000699,VEH_0075,DRV_0033,2026-09-11 23:08:29,2025-12-29 20:31:03,2025-12-30 01:47:58,25.0,Delivered,2787.45,618.42
SHP_0000700,ORD_0000700,VEH_0003,DRV_0065,2026-04-26 16:01:13,2026-03-06 08:39:37,2026-04-27 05:06:19,530.9,Delivered,23014.01,11882.05
SHP_0000701,ORD_0000701,VEH_0072,DRV_0093,2026-01-20 09:39:52,2026-06-19 06:11:21,2026-06-19 04:59:18,2500.0,Delivered,84960.68,27647.06
SHP_0000702,ORD_0000702,VEH_0033,DRV_0054,2026-07-18 17:56:50,2026-02-06 13:05:14,2026-07-18 23:10:45,268.7,Delivered,9575.09,4592.33
SHP_0000703,ORD_0000703,VEH_0031,DRV_0009,2025-11-30 04:47:33,2026-01-29 18:45:22,2026-01-29 14:57:03,899.6,Delivered,16767.27,1124.5
SHP_0000704,ORD_0000704,VEH_0036,DRV_0011,2026-03-30 10:24:19,2026-07-27 14:58:14,2026-07-27 19:22:52,917.5,Delivered,35207.19,10146.47
SHP_0000705,ORD_0000705,VEH_0069,DRV_0025,2025-10-25 09:07:34,2025-10-09 22:56:51,2025-10-27 02:43:44,1973.8,Delivered,68910.93,2467.25
SHP_0000706,ORD_0000706,VEH_0076,DRV_0096,2025-12-22 05:52:57,2026-08-05 17:09:14,2026-08-05 14:02:52,227.9,Delivered,13381.93,284.88
SHP_0000707,ORD_0000707,VEH_0046,DRV_0003,2025-10-17 02:33:13,2026-05-08 01:26:18,2026-05-07 22:40:04,2058.4,Delivered,67364.56,22763.48
SHP_0000708,ORD_0000708,VEH_0064,DRV_0071,2026-05-06 20:10:56,2026-02-02 06:29:38,2026-05-08 13:37:30,1700.1,Delivered,58864.27,42055.11
SHP_0000709,ORD_0000709,VEH_0034,DRV_0049,2025-11-11 04:47:38,2026-02-04 13:57:19,2026-02-04 10:28:52,2007.6,Delivered,36431.73,22201.69
SHP_0000710,ORD_0000710,VEH_0068,DRV_0078,2026-01-19 12:05:23,2025-11-01 18:25:47,2025-11-01 21:48:01,1118.3,Delivered,20328.43,12367.08
SHP_0000711,ORD_0000711,VEH_0070,DRV_0011,2025-10-19 20:20:00,2026-09-12 18:49:23,2026-09-12 16:18:08,131.6,Delivered,2962.86,3255.37
SHP_0000712,ORD_0000712,VEH_0043,DRV_0035,2025-10-16 14:22:32,2026-09-19 19:38:20,2026-09-19 22:41:42,1249.5,Delivered,45627.01,1561.88
SHP_0000713,ORD_0000713,VEH_0011,DRV_0043,2026-05-18 04:06:51,2025-10-19 21:17:20,2026-05-18 21:35:27,774.8,Delivered,26777.92,19166.11
SHP_0000714,ORD_0000714,VEH_0001,DRV_0088,2026-08-16 01:15:11,2026-08-15 10:32:05,2026-08-17 09:38:02,1380.1,Delivered,45435.96,34139.32
SHP_0000715,ORD_0000715,VEH_0076,DRV_0053,2026-08-17 04:58:40,2026-05-04 12:46:31,2026-08-18 10:38:13,1339.3,Delivered,45772.74,1674.12
SHP_0000716,ORD_0000716,VEH_0074,DRV_0024,2026-05-18 04:57:59,2026-03-15 19:16:52,2026-05-19 04:01:21,1089.7,Delivered,35732.63,26955.74
SHP_0000717,ORD_0000717,VEH_0074,DRV_0001,2026-03-03 01:27:11,2025-10-19 07:43:02,2026-03-04 02:58:10,1097.2,Delivered,20293.88,27141.26
SHP_0000718,ORD_0000718,VEH_0067,DRV_0088,2026-09-03 03:05:26,2026-02-12 20:05:12,2026-09-03 18:02:52,624.2,Delivered,25867.03,10668.15
SHP_0000719,ORD_0000719,VEH_0001,DRV_0056,2026-04-08 14:50:49,2026-02-17 07:26:57,,582.5,Cancelled,20463.04,14409.21
SHP_0000720,ORD_0000720,VEH_0061,DRV_0098,2026-01-18 19:57:02,2026-03-31 07:15:53,2026-03-31 05:32:50,1527.0,Delivered,51020.22,37773.16
SHP_0000721,ORD_0000721,VEH_0003,DRV_0100,2025-12-02 00:44:05,2025-12-19 07:25:48,2025-12-19 06:09:50,659.6,Delivered,24038.49,14762.48
SHP_0000722,ORD_0000722,VEH_0040,DRV_0096,2026-06-25 16:04:13,2026-06-07 14:10:41,2026-06-08 07:28:16,160.8,Delivered,9062.25,3977.68
SHP_0000723,ORD_0000723,VEH_0064,DRV_0068,2026-05-11 18:23:08,2026-08-13 05:19:52,2026-08-13 03:41:07,145.9,Delivered,11088.11,3609.11
SHP_0000724,ORD_0000724,VEH_0035,DRV_0076,2026-07-07 16:08:46,2026-05-12 04:04:45,2026-07-08 15:05:08,1050.0,Delivered,39095.44,25973.68
SHP_0000725,ORD_0000725,VEH_0069,DRV_0043,2026-08-29 21:10:25,2025-11-11 01:23:37,2026-08-31 23:29:32,2389.9,Delivered,78914.2,2987.38
SHP_0000726,ORD_0000726,VEH_0071,DRV_0057,2026-03-09 22:04:47,2026-05-09 05:32:29,2026-05-09 04:17:26,617.1,Delivered,21286.78,6824.4
SHP_0000727,ORD_0000727,VEH_0044,DRV_0031,2026-05-17 08:40:52,2026-01-10 19:15:45,2026-01-11 00:53:33,633.4,Delivered,22374.03,14176.1
SHP_0000728,ORD_0000728,VEH_0028,DRV_0053,2026-07-21 21:54:29,2026-07-25 18:35:51,2026-07-26 04:24:31,683.1,Delivered,23114.48,16897.74
SHP_0000729,ORD_0000729,VEH_0074,DRV_0003,2026-06-28 01:04:32,2025-10-05 03:43:09,2026-06-30 12:28:37,2624.8,Delivered,87387.9,64929.26
SHP_0000730,ORD_0000730,VEH_0005,DRV_0016,2025-10-24 13:45:18,2026-07-15 12:28:09,2026-07-15 10:41:09,1706.5,Delivered,56822.61,2133.12
SHP_0000731,ORD_0000731,VEH_0054,DRV_0014,2025-10-03 15:45:21,2026-03-21 11:24:01,2026-03-21 10:38:38,2081.6,Delivered,70165.75,2602.0
SHP_0000732,ORD_0000732,VEH_0075,DRV_0043,2026-09-09 00:59:27,2025-12-30 04:47:57,2026-09-09 13:30:25,525.6,Delivered,22172.97,13001.68
SHP_0000733,ORD_0000733,VEH_0003,DRV_0026,2026-01-17 03:46:21,2025-12-25 01:28:40,2026-01-18 16:22:36,1650.8,Delivered,58786.58,36946.48
SHP_0000734,ORD_0000734,VEH_0051,DRV_0084,2026-04-25 23:10:26,2025-11-17 15:29:27,,2197.4,Cancelled,75845.11,37555.56
SHP_0000735,ORD_0000735,VEH_0031,DRV_0069,2025-10-20 11:12:33,2026-04-22 07:15:48,2026-04-22 04:52:55,612.5,Delivered,21405.9,765.62
SHP_0000736,ORD_0000736,VEH_0012,DRV_0067,2025-12-19 10:26:01,2026-05-04 01:13:09,2026-05-03 23:14:30,235.1,Delivered,13900.48,2599.93
SHP_0000737,ORD_0000737,VEH_0004,DRV_0100,2026-02-08 21:51:58,2026-07-15 23:59:05,2026-07-16 14:50:35,923.7,Delivered,37004.06,15786.87
SHP_0000738,ORD_0000738,VEH_0069,DRV_0083,2026-04-05 10:45:35,2026-07-23 01:10:17,,226.9,Cancelled,12421.42,283.62
SHP_0000739,ORD_0000739,VEH_0038,DRV_0034,2025-11-14 10:16:33,2026-05-26 05:35:58,2026-05-26 04:34:54,683.1,Delivered,24703.9,853.88
SHP_0000740,ORD_0000740,VEH_0006,DRV_0041,2026-08-16 21:09:16,2026-04-07 03:28:45,2026-04-07 12:09:06,1486.6,Delivered,48703.08,33271.52
SHP_0000741,ORD_0000741,VEH_0020,DRV_0052,2025-11-04 04:13:21,2025-10-04 12:43:21,2025-10-04 21:02:12,2187.9,Delivered,74788.9,37393.2
SHP_0000742,ORD_0000742,VEH_0061,DRV_0007,2026-02-23 11:57:34,2026-02-22 11:44:59,2026-02-23 19:38:59,341.4,Delivered,16813.99,8445.16
SHP_0000743,ORD_0000743,VEH_0008,DRV_0035,2026-08-29 06:48:48,2026-05-31 11:41:37,2026-08-30 02:01:43,998.9,Delivered,37805.07,11046.66
SHP_0000744,ORD_0000744,VEH_0061,DRV_0064,2026-01-09 05:59:39,2026-09-12 22:34:55,,640.5,Cancelled,25188.96,15843.95
SHP_0000745,ORD_0000745,VEH_0052,DRV_0080,2026-01-02 20:12:24,2026-02-26 16:26:21,2026-02-26 14:06:47,1223.3,Delivered,42145.21,30260.58
SHP_0000746,ORD_0000746,VEH_0056,DRV_0028,2026-07-06 03:36:21,2026-02-01 01:43:21,2026-07-08 03:48:01,2019.5,Delivered,67774.24,2524.38
SHP_0000747,ORD_0000747,VEH_0024,DRV_0052,2026-02-22 21:37:40,2026-01-22 13:01:14,2026-02-23 01:03:05,162.9,Delivered,12309.03,2784.11
SHP_0000748,ORD_0000748,VEH_0038,DRV_0066,2026-04-01 05:19:52,2026-01-26 14:17:55,2026-04-03 01:27:17,2223.2,Delivered,76158.37,2779.0
SHP_0000749,ORD_0000749,VEH_0060,DRV_0079,2026-08-19 06:58:54,2026-07-14 02:46:55,,684.9,Cancelled,25808.85,7574.19
SHP_0000750,ORD_0000750,VEH_0046,DRV_0025,2026-01-01 12:52:27,2026-02-11 16:20:17,2026-02-11 14:44:07,25.0,Delivered,7197.68,276.47
SHP_0000751,ORD_0000751,VEH_0016,DRV_0070,2026-05-21 15:39:09,2026-07-13 04:16:18,2026-07-13 02:55:40,632.3,Delivered,12093.43,15641.11
SHP_0000752,ORD_0000752,VEH_0010,DRV_0011,2025-10-16 00:40:50,2025-12-20 05:39:10,2025-12-20 03:23:08,1697.9,Delivered,61828.63,18776.78
SHP_0000753,ORD_0000753,VEH_0027,DRV_0004,2026-09-01 08:39:19,2025-11-08 22:19:45,2025-11-09 01:35:26,301.1,Delivered,13780.66,7448.26
SHP_0000754,ORD_0000754,VEH_0037,DRV_0077,2026-04-02 02:42:52,2026-08-23 10:39:09,2026-08-23 08:41:53,625.0,Delivered,22831.55,13988.1
SHP_0000755,ORD_0000755,VEH_0068,DRV_0082,2025-10-30 09:29:13,2025-12-26 03:08:40,2025-12-26 00:45:26,1696.2,Delivered,60922.88,18757.98
SHP_0000756,ORD_0000756,VEH_0028,DRV_0078,2026-03-07 22:22:25,2026-04-26 21:28:42,2026-04-26 20:08:16,556.0,Delivered,23466.64,13753.68
SHP_0000757,ORD_0000757,VEH_0006,DRV_0047,2026-01-22 22:08:27,2025-11-01 15:14:23,2026-01-23 02:37:01,229.2,Delivered,13764.4,5129.71
SHP_0000758,ORD_0000758,VEH_0006,DRV_0025,2026-07-17 15:29:47,2026-03-18 23:45:53,2026-03-19 15:51:58,115.4,Delivered,2799.8,2582.76
SHP_0000759,ORD_0000759,VEH_0023,DRV_0099,2025-10-28 22:31:44,2025-11-06 08:24:17,2025-11-06 06:39:34,2221.4,Delivered,76222.56,2776.75
SHP_0000760,ORD_0000760,VEH_0080,DRV_0027,2026-03-14 15:47:03,2026-05-05 09:10:59,2026-05-05 07:39:59,1154.9,Delivered,43312.99,12771.84
SHP_0000761,ORD_0000761,VEH_0071,DRV_0095,2026-07-30 19:31:39,2026-01-05 05:46:37,2026-01-05 08:02:17,643.3,Delivered,27974.24,7114.14
SHP_0000762,ORD_0000762,VEH_0073,DRV_0075,2025-10-07 18:51:06,2026-07-12 22:19:35,2026-07-12 20:49:35,2145.4,Delivered,73837.04,36666.84
SHP_0000763,ORD_0000763,VEH_0080,DRV_0074,2026-07-02 00:46:46,2026-03-27 07:02:42,2026-07-03 13:06:02,1706.9,Delivered,60293.17,18876.31
SHP_0000764,ORD_0000764,VEH_0019,DRV_0069,2026-08-28 12:32:37,2026-05-25 11:48:43,2026-08-29 13:03:49,1200.3,Delivered,44118.45,1500.37
SHP_0000765,ORD_0000765,VEH_0023,DRV_0025,2026-05-09 20:43:47,2026-02-07 03:53:34,2026-05-10 02:02:59,231.6,Delivered,14066.58,289.5
SHP_0000766,ORD_0000766,VEH_0061,DRV_0020,2026-03-08 02:47:44,2026-07-29 12:27:44,2026-07-30 02:33:53,253.9,Delivered,15156.46,6280.68
SHP_0000767,ORD_0000767,VEH_0047,DRV_0084,2026-05-24 08:19:38,2026-07-21 01:54:09,2026-07-21 00:55:03,499.5,Delivered,17697.15,8536.91
SHP_0000768,ORD_0000768,VEH_0073,DRV_0079,2026-03-07 23:40:13,2026-08-22 21:18:34,2026-08-23 12:05:07,1130.6,Delivered,38766.29,19322.98
SHP_0000769,ORD_0000769,VEH_0010,DRV_0028,2026-02-26 05:02:20,2026-05-03 07:18:56,2026-05-03 05:19:29,2384.9,Delivered,82194.46,26374.19
SHP_0000770,ORD_0000770,VEH_0035,DRV_0052,2026-07-19 04:30:51,2026-07-29 07:31:08,2026-07-29 04:13:54,2217.6,Delivered,78316.82,54856.42
SHP_0000771,ORD_0000771,VEH_0056,DRV_0077,2026-07-19 21:52:28,2026-06-02 11:38:42,2026-07-21 02:56:23,1460.7,Delivered,47976.75,1825.88
SHP_0000772,ORD_0000772,VEH_0009,DRV_0049,2026-08-16 14:10:34,2026-04-16 23:26:01,,626.9,Cancelled,24651.15,783.62
SHP_0000773,ORD_0000773,VEH_0067,DRV_0026,2026-03-25 18:36:34,2025-11-04 20:30:52,2026-03-27 21:02:41,2384.5,Delivered,78716.48,40753.27
SHP_0000774,ORD_0000774,VEH_0008,DRV_0092,2026-03-20 22:25:56,2026-07-13 09:21:30,2026-07-13 06:19:02,287.5,Delivered,15918.2,3179.41
SHP_0000775,ORD_0000775,VEH_0050,DRV_0007,2026-09-04 15:12:21,2025-11-22 20:19:33,2026-09-06 08:07:26,1805.9,Delivered,33199.44,19971.13
SHP_0000776,ORD_0000776,VEH_0041,DRV_0046,2025-12-16 20:11:04,2026-03-04 21:02:40,2026-03-04 19:20:16,513.9,Delivered,23722.11,8783.02
SHP_0000777,ORD_0000777,VEH_0078,DRV_0021,2026-09-14 20:48:09,2026-04-02 17:08:06,2026-04-03 07:00:56,619.6,Delivered,26199.25,774.5
SHP_0000778,ORD_0000778,VEH_0070,DRV_0038,2025-11-16 19:38:15,2026-02-04 21:52:16,2026-02-04 18:49:49,2054.8,Delivered,68342.81,50829.26
SHP_0000779,ORD_0000779,VEH_0031,DRV_0058,2025-11-06 10:01:18,2025-10-23 12:38:47,2025-11-08 17:49:19,2496.9,Delivered,87198.98,3121.13
SHP_0000780,ORD_0000780,VEH_0012,DRV_0063,2025-12-12 06:49:23,2025-11-25 17:48:48,2025-12-12 19:45:44,632.6,Delivered,24095.1,6995.81
SHP_0000781,ORD_0000781,VEH_0078,DRV_0057,2026-07-12 23:38:12,2026-01-13 22:34:48,2026-07-14 21:09:06,2352.4,Delivered,79374.1,2940.5
SHP_0000782,ORD_0000782,VEH_0058,DRV_0095,2026-03-08 07:19:09,2026-09-09 06:56:05,2026-09-09 04:22:29,1319.8,Delivered,49702.97,29538.38
SHP_0000783,ORD_0000783,VEH_0067,DRV_0100,2026-03-06 03:55:54,2026-03-08 14:20:22,2026-03-08 13:47:07,1905.6,Delivered,66230.94,32568.44
SHP_0000784,ORD_0000784,VEH_0047,DRV_0002,2026-02-13 10:31:53,2026-04-30 17:30:12,2026-04-30 15:26:16,148.6,Delivered,6436.83,2539.71
SHP_0000785,ORD_0000785,VEH_0073,DRV_0051,2025-12-07 11:09:28,2026-03-09 19:21:04,2026-03-09 15:30:33,2226.5,Delivered,77024.37,38052.91
SHP_0000786,ORD_0000786,VEH_0017,DRV_0005,2026-08-01 00:20:58,2026-07-30 02:56:58,2026-08-02 10:57:51,1482.3,Delivered,51498.9,33175.29
SHP_0000787,ORD_0000787,VEH_0039,DRV_0078,2026-01-06 02:49:23,2026-06-17 02:21:23,2026-06-17 00:03:49,1884.5,Delivered,65680.48,42176.9
SHP_0000788,ORD_0000788,VEH_0057,DRV_0012,2026-08-11 09:41:15,2025-11-06 01:31:32,2026-08-13 04:41:34,1953.4,Delivered,65944.57,21602.31
SHP_0000789,ORD_0000789,VEH_0079,DRV_0009,2026-05-27 20:15:30,2026-04-06 05:03:19,2026-05-27 22:17:37,100.2,Delivered,2003.16,2242.57
SHP_0000790,ORD_0000790,VEH_0041,DRV_0067,2026-04-11 20:39:55,2026-03-01 01:54:38,2026-04-11 23:33:46,145.7,Delivered,7937.57,2490.15
SHP_0000791,ORD_0000791,VEH_0004,DRV_0085,2026-08-04 12:53:17,2026-02-03 11:48:34,2026-08-05 18:54:17,1200.9,Delivered,43547.3,20524.47
SHP_0000792,ORD_0000792,VEH_0044,DRV_0048,2026-01-17 07:17:26,2026-02-08 02:57:00,2026-02-08 00:37:03,664.1,Delivered,22190.02,14863.19
SHP_0000793,ORD_0000793,VEH_0074,DRV_0035,2026-01-04 13:31:48,2025-12-19 15:41:42,2026-01-06 09:55:16,2215.9,Delivered,72303.9,54814.37
SHP_0000794,ORD_0000794,VEH_0069,DRV_0098,2025-10-31 15:27:22,2026-09-17 06:06:11,2026-09-17 03:54:42,1223.8,Delivered,40397.27,1529.75
SHP_0000795,ORD_0000795,VEH_0048,DRV_0014,2026-06-27 11:14:32,2025-12-05 03:45:17,2026-06-27 16:39:37,227.9,Delivered,8957.53,5637.53
SHP_0000796,ORD_0000796,VEH_0079,DRV_0042,2026-02-27 19:06:07,2026-02-24 08:50:46,,1640.7,Cancelled,54475.98,36720.43
SHP_0000797,ORD_0000797,VEH_0010,DRV_0015,2026-09-06 16:25:01,2026-08-21 03:38:40,2026-09-08 20:20:19,2081.6,Delivered,71286.19,23020.05
SHP_0000798,ORD_0000798,VEH_0059,DRV_0014,2025-12-21 08:30:23,2026-02-08 19:49:17,2026-02-08 18:56:46,642.0,Delivered,26833.71,7099.76
SHP_0000799,ORD_0000799,VEH_0041,DRV_0006,2026-04-22 09:25:32,2026-05-29 20:12:35,2026-05-29 16:22:31,185.4,Delivered,12277.33,3168.65
SHP_0000800,ORD_0000800,VEH_0016,DRV_0090,2026-02-15 04:26:12,2026-08-11 14:59:10,2026-08-11 14:16:32,1685.4,Delivered,30604.03,41691.47
SHP_0000801,ORD_0000801,VEH_0043,DRV_0072,2026-08-29 09:36:13,2025-10-06 00:56:36,2026-08-30 04:23:57,781.1,Delivered,28947.49,976.38
SHP_0000802,ORD_0000802,VEH_0066,DRV_0044,2026-08-31 19:20:52,2026-04-19 10:42:47,2026-09-02 22:15:06,2496.9,Delivered,81999.5,27612.78
SHP_0000803,ORD_0000803,VEH_0039,DRV_0079,2026-08-23 15:14:37,2026-05-20 18:30:52,2026-08-25 06:45:17,1752.9,Delivered,62000.49,39231.57
SHP_0000804,ORD_0000804,VEH_0030,DRV_0010,2026-01-27 23:17:43,2025-11-23 08:56:06,2025-11-24 00:54:42,348.8,Delivered,12333.7,7806.48
SHP_0000805,ORD_0000805,VEH_0013,DRV_0037,2026-06-03 13:23:50,2025-12-22 20:55:02,2026-06-03 20:57:22,333.2,Delivered,12195.47,5694.69
SHP_0000806,ORD_0000806,VEH_0057,DRV_0093,2025-12-26 01:17:14,2026-05-31 14:05:20,2026-05-31 13:03:54,2210.4,Delivered,77110.82,24444.42
SHP_0000807,ORD_0000807,VEH_0023,DRV_0091,2025-12-20 23:30:32,2026-08-27 20:45:44,,799.5,Cancelled,28352.15,999.38
SHP_0000808,ORD_0000808,VEH_0012,DRV_0008,2026-08-23 09:49:43,2025-11-24 16:47:45,2025-11-24 19:46:42,1097.5,Delivered,36196.67,12137.06
SHP_0000809,ORD_0000809,VEH_0059,DRV_0023,2026-07-25 15:09:54,2025-12-05 03:25:06,2026-07-26 22:25:03,1457.4,Delivered,50632.05,16117.13
SHP_0000810,ORD_0000810,VEH_0012,DRV_0066,2026-05-10 15:02:49,2026-02-21 13:58:07,,1959.2,Cancelled,63857.61,21666.45
SHP_0000811,ORD_0000811,VEH_0016,DRV_0083,2025-10-21 08:45:11,2026-03-29 13:15:14,2026-03-30 02:05:51,2020.7,Delivered,65431.97,49985.74
SHP_0000812,ORD_0000812,VEH_0073,DRV_0079,2025-10-12 01:52:42,2025-12-24 13:04:36,2025-12-24 11:58:39,25.0,Delivered,7975.31,427.27
SHP_0000813,ORD_0000813,VEH_0042,DRV_0084,2026-05-03 13:08:52,2026-08-10 10:06:27,2026-08-10 06:50:41,1591.8,Delivered,53213.68,35626.0
SHP_0000814,ORD_0000814,VEH_0029,DRV_0021,2026-06-08 03:02:40,2026-02-04 04:22:01,2026-06-09 07:26:41,1241.0,Delivered,43381.81,13724.0
SHP_0000815,ORD_0000815,VEH_0075,DRV_0057,2026-07-09 06:13:38,2026-09-03 22:36:05,2026-09-03 20:33:39,235.1,Delivered,12108.46,5815.63
SHP_0000816,ORD_0000816,VEH_0018,DRV_0075,2026-07-06 22:40:39,2026-01-05 13:23:36,2026-07-07 03:10:17,211.9,Delivered,13611.05,4742.52
SHP_0000817,ORD_0000817,VEH_0025,DRV_0023,2026-07-10 21:13:49,2026-08-13 13:07:38,2026-08-14 03:11:01,532.0,Delivered,19758.22,11906.67
SHP_0000818,ORD_0000818,VEH_0066,DRV_0046,2026-06-26 23:12:47,2026-04-23 11:42:51,2026-06-28 09:32:58,1729.3,Delivered,60465.53,19124.02
SHP_0000819,ORD_0000819,VEH_0015,DRV_0059,2026-08-13 01:57:05,2025-10-10 01:08:10,2026-08-13 18:02:34,702.0,Delivered,27305.61,877.5
SHP_0000820,ORD_0000820,VEH_0045,DRV_0085,2025-12-04 17:33:05,2026-09-16 02:05:00,2026-09-15 23:54:38,971.9,Delivered,35923.71,21752.05
SHP_0000821,ORD_0000821,VEH_0012,DRV_0078,2026-04-01 08:58:19,2025-12-16 23:39:00,2026-04-01 19:39:57,533.4,Delivered,21394.18,5898.78
SHP_0000822,ORD_0000822,VEH_0007,DRV_0015,2026-03-28 12:59:36,2025-11-18 07:07:54,2026-03-30 07:34:47,1763.8,Delivered,61695.51,30144.95
SHP_0000823,ORD_0000823,VEH_0068,DRV_0098,2026-03-23 03:21:46,2025-11-12 06:06:25,2026-03-23 03:57:20,25.0,Delivered,6213.36,276.47
SHP_0000824,ORD_0000824,VEH_0039,DRV_0100,2025-10-05 22:59:47,2025-10-18 21:23:30,2025-10-18 18:08:39,1898.0,Delivered,62301.39,42479.05
SHP_0000825,ORD_0000825,VEH_0018,DRV_0020,2026-02-08 16:45:33,2026-01-21 15:59:22,2026-02-09 06:01:36,619.6,Delivered,23764.75,13867.24
SHP_0000826,ORD_0000826,VEH_0001,DRV_0028,2026-08-03 23:01:34,2026-07-02 07:54:50,2026-08-06 01:10:59,2604.9,Delivered,86212.38,64437.0
SHP_0000827,ORD_0000827,VEH_0071,DRV_0042,2025-11-24 20:28:44,2026-04-13 09:07:31,2026-04-13 05:57:23,1648.0,Delivered,56140.64,18224.94
SHP_0000828,ORD_0000828,VEH_0079,DRV_0021,2026-04-05 21:04:49,2026-01-10 10:44:10,2026-04-06 10:58:46,704.1,Delivered,12869.07,15758.43
SHP_0000829,ORD_0000829,VEH_0037,DRV_0068,2026-05-18 05:10:31,2025-10-26 19:14:39,2026-05-18 11:34:23,311.3,Delivered,13159.81,6967.19
SHP_0000830,ORD_0000830,VEH_0052,DRV_0064,2026-01-05 17:29:38,2026-06-06 03:23:34,2026-06-06 01:18:45,2207.6,Delivered,72786.26,54609.05
SHP_0000831,ORD_0000831,VEH_0033,DRV_0062,2026-01-19 11:46:32,2025-10-29 20:13:45,2025-10-30 11:05:44,2261.3,Delivered,74973.79,38647.67
SHP_0000832,ORD_0000832,VEH_0053,DRV_0071,2025-10-15 18:08:06,2025-10-19 07:43:05,2025-10-19 06:15:05,640.2,Delivered,24344.24,15836.53
SHP_0000833,ORD_0000833,VEH_0076,DRV_0004,2026-07-10 00:58:47,2025-12-05 14:24:29,2025-12-05 21:33:47,1060.5,Delivered,19822.42,1325.62
SHP_0000834,ORD_0000834,VEH_0047,DRV_0068,2025-12-28 19:30:35,2026-04-18 11:33:27,2026-04-18 10:21:34,446.1,Delivered,17741.42,7624.25
SHP_0000835,ORD_0000835,VEH_0055,DRV_0077,2026-08-30 11:26:39,2026-07-04 00:37:45,2026-07-04 04:07:02,917.5,Delivered,31978.96,22696.05
SHP_0000836,ORD_0000836,VEH_0056,DRV_0020,2026-03-20 08:54:15,2026-08-11 13:59:05,2026-08-11 11:38:55,2372.1,Delivered,82077.12,2965.12
SHP_0000837,ORD_0000837,VEH_0076,DRV_0004,2026-03-15 01:15:25,2026-08-31 17:17:17,2026-08-31 16:36:40,1466.5,Delivered,49952.18,1833.12
SHP_0000838,ORD_0000838,VEH_0009,DRV_0092,2026-05-16 03:59:54,2026-04-04 03:23:20,2026-05-18 03:50:14,2058.4,Delivered,70783.12,2573.0
SHP_0000839,ORD_0000839,VEH_0005,DRV_0076,2025-12-06 13:37:30,2025-10-06 02:20:01,2025-12-08 20:17:38,2624.8,Delivered,86370.65,3281.0
SHP_0000840,ORD_0000840,VEH_0049,DRV_0078,2026-05-18 00:16:34,2026-04-26 06:26:37,2026-05-19 22:52:44,2221.4,Delivered,72577.18,24566.07
SHP_0000841,ORD_0000841,VEH_0056,DRV_0024,2026-01-05 02:51:57,2025-12-26 08:43:20,2026-01-05 20:13:38,892.9,Delivered,32856.72,1116.12
SHP_0000842,ORD_0000842,VEH_0056,DRV_0085,2025-10-26 17:18:54,2026-05-18 12:35:20,2026-05-18 11:54:37,2500.7,Delivered,86075.57,3125.88
SHP_0000843,ORD_0000843,VEH_0013,DRV_0070,2025-10-11 10:56:37,2025-11-13 20:01:13,2025-11-13 18:41:49,1116.3,Delivered,40712.79,19078.58
SHP_0000844,ORD_0000844,VEH_0003,DRV_0094,2026-09-15 15:19:40,2026-05-14 03:36:50,2026-09-17 04:08:30,1695.4,Delivered,58639.4,37944.67
SHP_0000845,ORD_0000845,VEH_0016,DRV_0058,2026-09-13 01:30:04,2025-10-14 16:59:04,2026-09-14 18:25:11,2054.8,Delivered,72714.38,50829.26
SHP_0000846,ORD_0000846,VEH_0054,DRV_0061,2025-10-24 16:37:59,2026-03-23 06:33:38,2026-03-23 03:09:35,2612.0,Delivered,87628.63,3265.0
SHP_0000847,ORD_0000847,VEH_0076,DRV_0035,2025-11-02 10:03:58,2026-05-09 22:58:23,2026-05-09 20:59:27,564.9,Delivered,22937.49,706.12
SHP_0000848,ORD_0000848,VEH_0006,DRV_0076,2026-08-26 00:49:06,2026-03-31 18:00:31,2026-08-27 04:33:20,1240.0,Delivered,44708.06,27752.38
SHP_0000849,ORD_0000849,VEH_0071,DRV_0072,2026-01-05 01:41:29,2026-03-18 03:39:55,2026-03-18 01:55:34,2197.4,Delivered,74457.01,24300.66
SHP_0000850,ORD_0000850,VEH_0037,DRV_0079,2026-06-06 06:48:02,2026-08-08 20:29:42,2026-08-08 17:28:26,2127.4,Delivered,69442.19,47613.24
SHP_0000851,ORD_0000851,VEH_0021,DRV_0046,2025-11-29 03:46:56,2025-10-14 07:25:23,2025-11-30 20:56:53,1899.4,Delivered,64112.06,2374.25
SHP_0000852,ORD_0000852,VEH_0079,DRV_0006,2026-04-26 10:07:55,2025-10-03 08:17:20,2025-10-03 14:03:17,639.4,Delivered,22128.15,14310.38
SHP_0000853,ORD_0000853,VEH_0076,DRV_0097,2026-01-25 06:42:08,2026-05-24 08:33:17,2026-05-24 05:44:27,1018.9,Delivered,18818.58,1273.62
SHP_0000854,ORD_0000854,VEH_0032,DRV_0006,2026-07-07 07:25:55,2026-08-17 18:52:30,2026-08-17 16:35:11,2209.9,Delivered,72319.24,24438.89
SHP_0000855,ORD_0000855,VEH_0055,DRV_0041,2026-04-11 05:39:16,2025-10-11 13:36:35,2026-04-13 03:24:07,2027.7,Delivered,70515.72,50158.89
SHP_0000856,ORD_0000856,VEH_0034,DRV_0077,2026-07-18 01:28:29,2026-03-15 15:01:13,2026-07-20 07:59:56,2222.3,Delivered,74746.95,24576.02
SHP_0000857,ORD_0000857,VEH_0029,DRV_0042,2025-10-31 16:25:36,2025-10-02 20:27:33,2025-11-01 06:51:20,657.1,Delivered,12557.25,7266.75
SHP_0000858,ORD_0000858,VEH_0040,DRV_0065,2026-05-14 16:04:52,2026-03-15 19:04:37,2026-05-15 20:39:20,1327.6,Delivered,44352.77,32840.63
SHP_0000859,ORD_0000859,VEH_0008,DRV_0088,2026-05-27 02:52:00,2026-05-19 06:17:56,2026-05-27 05:52:25,131.6,Delivered,5043.72,1455.34
SHP_0000860,ORD_0000860,VEH_0072,DRV_0051,2025-10-24 17:43:00,2025-10-21 18:11:37,2025-10-26 13:47:46,1800.4,Delivered,62734.49,19910.31
SHP_0000861,ORD_0000861,VEH_0074,DRV_0039,2026-04-07 08:08:12,2025-11-11 19:29:25,2026-04-08 16:01:47,1375.2,Delivered,25175.03,34018.11
SHP_0000862,ORD_0000862,VEH_0064,DRV_0053,2026-07-15 07:07:19,2026-01-23 07:04:18,2026-07-15 12:49:33,296.5,Delivered,11544.97,7334.47
SHP_0000863,ORD_0000863,VEH_0041,DRV_0029,2025-10-12 01:02:43,2026-03-14 16:08:53,2026-03-14 13:31:04,25.0,Delivered,4832.77,427.27
SHP_0000864,ORD_0000864,VEH_0044,DRV_0090,2025-11-20 12:31:16,2026-08-31 11:24:00,2026-08-31 23:20:18,1024.9,Delivered,35658.11,22938.24
SHP_0000865,ORD_0000865,VEH_0058,DRV_0055,2025-12-12 07:52:11,2026-09-27 07:16:42,2026-09-27 04:28:48,334.4,Delivered,11905.3,7484.19
SHP_0000866,ORD_0000866,VEH_0065,DRV_0033,2026-01-17 20:30:54,2026-07-26 21:55:35,2026-07-26 20:04:03,622.7,Delivered,11804.35,778.38
SHP_0000867,ORD_0000867,VEH_0023,DRV_0074,2026-04-10 19:37:53,2025-10-09 11:29:35,,1134.3,Cancelled,39908.16,1417.87
SHP_0000868,ORD_0000868,VEH_0055,DRV_0010,2026-07-06 15:43:59,2026-08-02 12:10:34,2026-08-02 16:23:33,330.7,Delivered,11596.82,8180.47
SHP_0000869,ORD_0000869,VEH_0007,DRV_0060,2026-05-17 09:35:22,2026-07-14 11:44:48,2026-07-14 09:01:20,261.8,Delivered,10972.45,4474.4
SHP_0000870,ORD_0000870,VEH_0035,DRV_0007,2026-04-14 05:09:31,2025-12-11 00:12:49,2026-04-15 16:24:05,1461.9,Delivered,52415.39,36162.79
SHP_0000871,ORD_0000871,VEH_0058,DRV_0037,2025-10-30 13:41:33,2026-06-13 01:12:42,2026-06-12 22:08:03,134.4,Delivered,10642.59,3008.0
SHP_0000872,ORD_0000872,VEH_0022,DRV_0063,2026-07-24 11:25:23,2026-07-14 16:57:31,2026-07-26 04:46:31,1696.2,Delivered,60080.73,28989.6
SHP_0000873,ORD_0000873,VEH_0050,DRV_0032,2026-04-29 15:08:43,2025-12-07 13:11:48,2026-05-01 03:01:21,1821.6,Delivered,32886.37,20144.75
SHP_0000874,ORD_0000874,VEH_0043,DRV_0030,2026-08-19 00:51:55,2026-05-25 09:46:48,2026-05-26 01:26:04,162.9,Delivered,9304.05,203.63
SHP_0000875,ORD_0000875,VEH_0045,DRV_0023,2026-01-20 00:38:51,2025-11-12 13:20:36,2026-01-20 14:42:30,683.1,Delivered,25417.05,15288.43
SHP_0000876,ORD_0000876,VEH_0071,DRV_0014,2025-10-26 07:15:57,2025-10-22 10:47:03,2025-10-26 20:03:41,544.1,Delivered,20125.36,6017.11
SHP_0000877,ORD_0000877,VEH_0050,DRV_0080,2026-04-13 20:17:48,2026-02-05 21:32:50,2026-04-15 15:07:44,2019.5,Delivered,68049.32,22333.29
SHP_0000878,ORD_0000878,VEH_0018,DRV_0033,2025-11-21 07:47:12,2026-05-24 23:27:11,2026-05-25 02:25:50,2196.7,Delivered,74636.48,49164.24
SHP_0000879,ORD_0000879,VEH_0067,DRV_0031,2026-05-04 22:25:32,2026-02-27 09:01:28,2026-05-05 13:39:55,641.6,Delivered,22061.6,10965.53
SHP_0000880,ORD_0000880,VEH_0007,DRV_0092,2026-05-08 19:06:22,2026-05-05 16:47:36,2026-05-10 08:49:10,1685.9,Delivered,61026.73,28813.56
SHP_0000881,ORD_0000881,VEH_0006,DRV_0004,2026-04-21 11:34:09,2025-10-09 01:38:01,2026-04-22 02:50:46,643.3,Delivered,12054.94,14397.67
SHP_0000882,ORD_0000882,VEH_0031,DRV_0071,2026-02-22 10:52:07,2026-07-09 09:56:07,2026-07-09 08:34:53,2064.9,Delivered,68294.96,2581.13
SHP_0000883,ORD_0000883,VEH_0041,DRV_0040,2026-07-25 09:21:50,2026-04-19 16:34:04,2026-07-27 05:48:54,2197.4,Delivered,76190.24,37555.56
SHP_0000884,ORD_0000884,VEH_0043,DRV_0096,2026-03-06 18:21:29,2025-10-04 14:19:31,2026-03-07 07:12:43,633.4,Delivered,26534.04,791.75
SHP_0000885,ORD_0000885,VEH_0039,DRV_0012,2025-10-29 10:41:05,2026-03-22 07:30:32,2026-03-22 03:53:15,1678.5,Delivered,55729.25,37566.43
SHP_0000886,ORD_0000886,VEH_0067,DRV_0079,2026-05-18 09:30:08,2025-10-02 01:50:47,2026-05-18 17:07:02,354.1,Delivered,15938.24,6051.89
SHP_0000887,ORD_0000887,VEH_0002,DRV_0068,2026-05-30 05:01:50,2025-12-21 06:13:48,2026-05-31 06:13:00,1050.0,Delivered,37857.32,25973.68
SHP_0000888,ORD_0000888,VEH_0076,DRV_0055,2026-05-27 07:17:34,2025-11-17 20:03:03,2026-05-27 13:07:56,303.3,Delivered,13346.85,379.13
SHP_0000889,ORD_0000889,VEH_0067,DRV_0074,2026-09-07 23:19:03,2026-06-28 00:19:33,2026-09-08 02:58:26,151.8,Delivered,5855.46,2594.4
SHP_0000890,ORD_0000890,VEH_0043,DRV_0066,2025-11-23 18:50:05,2026-08-31 08:23:28,,913.9,Cancelled,32010.77,1142.38
SHP_0000891,ORD_0000891,VEH_0013,DRV_0070,2026-01-24 00:49:38,2026-04-10 02:42:24,2026-04-10 00:16:36,546.5,Delivered,18525.35,9340.18
SHP_0000892,ORD_0000892,VEH_0076,DRV_0010,2025-11-24 11:12:24,2026-07-07 05:54:47,2026-07-07 02:19:39,2203.1,Delivered,71829.37,2753.88
SHP_0000893,ORD_0000893,VEH_0041,DRV_0056,2026-06-22 06:18:46,2026-07-15 07:24:18,2026-07-15 22:50:46,1973.8,Delivered,67314.57,33734.04
SHP_0000894,ORD_0000894,VEH_0053,DRV_0036,2026-06-03 07:04:23,2026-08-22 07:00:57,2026-08-22 05:46:35,1252.1,Delivered,22914.01,30973.0
SHP_0000895,ORD_0000895,VEH_0063,DRV_0067,2026-09-09 15:40:06,2025-12-11 19:44:38,2026-09-10 20:22:21,1464.9,Delivered,53532.83,32785.86
SHP_0000896,ORD_0000896,VEH_0001,DRV_0062,2026-04-29 06:44:19,2026-07-10 08:45:49,2026-07-10 04:57:48,2204.9,Delivered,40234.64,54542.26
SHP_0000897,ORD_0000897,VEH_0012,DRV_0041,2026-03-29 20:08:33,2025-11-08 23:34:38,2025-11-09 15:35:57,1938.2,Delivered,63359.88,21434.21
SHP_0000898,ORD_0000898,VEH_0001,DRV_0062,2026-08-11 03:49:05,2025-10-22 11:31:43,2026-08-11 19:39:39,659.6,Delivered,24576.62,16316.42
SHP_0000899,ORD_0000899,VEH_0053,DRV_0076,2026-06-08 13:58:01,2026-08-04 19:45:31,2026-08-04 16:15:27,1438.7,Delivered,47743.24,35588.89
SHP_0000900,ORD_0000900,VEH_0019,DRV_0061,2025-11-03 22:07:26,2026-01-11 22:43:21,,1598.8,Cancelled,57434.58,1998.5
SHP_0000901,ORD_0000901,VEH_0079,DRV_0052,2025-10-18 08:18:46,2025-12-23 17:44:51,2025-12-23 15:36:31,923.7,Delivered,31494.26,20673.29
SHP_0000902,ORD_0000902,VEH_0052,DRV_0035,2026-09-04 05:01:33,2026-02-21 03:22:06,2026-09-05 22:01:47,1898.0,Delivered,62552.95,46950.53
SHP_0000903,ORD_0000903,VEH_0041,DRV_0030,2026-04-29 04:51:56,2026-05-05 16:20:05,2026-05-05 12:39:28,2604.9,Delivered,85605.72,44520.11
SHP_0000904,ORD_0000904,VEH_0047,DRV_0058,2026-03-22 07:48:00,2026-09-23 07:02:08,2026-09-23 05:15:39,289.0,Delivered,12591.03,4939.27
SHP_0000905,ORD_0000905,VEH_0064,DRV_0081,2026-02-07 05:11:36,2026-05-10 01:36:35,2026-05-09 22:46:42,198.3,Delivered,10403.3,4905.32
SHP_0000906,ORD_0000906,VEH_0019,DRV_0043,2026-02-28 10:21:38,2025-11-09 09:22:22,2026-03-01 06:43:53,1058.5,Delivered,37679.81,1323.12
SHP_0000907,ORD_0000907,VEH_0011,DRV_0088,2025-12-30 12:13:49,2026-07-04 06:12:23,2026-07-04 09:04:15,1958.6,Delivered,67333.71,48449.58
SHP_0000908,ORD_0000908,VEH_0007,DRV_0011,2025-12-01 01:13:33,2026-08-02 20:05:03,2026-08-02 16:33:51,398.7,Delivered,7625.83,6814.15
SHP_0000909,ORD_0000909,VEH_0064,DRV_0013,2026-05-28 15:31:27,2026-08-07 16:41:01,2026-08-07 13:13:40,184.3,Delivered,10651.58,4559.0
SHP_0000910,ORD_0000910,VEH_0007,DRV_0002,2025-10-11 16:50:51,2025-10-21 15:38:31,2025-10-21 12:46:14,1486.7,Delivered,50322.49,25409.05
SHP_0000911,ORD_0000911,VEH_0006,DRV_0065,2025-11-18 17:13:06,2025-10-08 22:20:07,2025-11-20 06:20:41,1884.8,Delivered,62396.53,42183.62
SHP_0000912,ORD_0000912,VEH_0046,DRV_0045,2026-09-07 17:35:16,2026-06-03 08:36:09,2026-09-08 23:58:13,1249.5,Delivered,44889.6,13818.0
SHP_0000913,ORD_0000913,VEH_0051,DRV_0074,2026-05-09 20:52:43,2025-10-20 13:59:01,,185.2,Cancelled,13154.66,3165.24
SHP_0000914,ORD_0000914,VEH_0035,DRV_0089,2026-06-27 20:34:25,2025-11-01 00:42:50,2026-06-28 15:00:57,896.4,Delivered,16468.74,22174.11
SHP_0000915,ORD_0000915,VEH_0049,DRV_0098,2025-12-27 04:24:42,2026-08-30 09:32:11,2026-08-30 07:53:17,2609.8,Delivered,86327.74,28861.32
SHP_0000916,ORD_0000916,VEH_0014,DRV_0059,2026-01-07 19:48:14,2026-02-15 12:32:33,2026-02-15 11:49:42,2209.9,Delivered,73564.79,49459.67
SHP_0000917,ORD_0000917,VEH_0074,DRV_0006,2025-11-06 18:09:56,2026-07-03 01:32:53,2026-07-02 22:06:43,1650.8,Delivered,55310.33,40835.58
SHP_0000918,ORD_0000918,VEH_0012,DRV_0050,2026-01-07 02:20:28,2025-10-04 00:12:10,2026-01-07 06:43:23,225.7,Delivered,10329.18,2495.98
SHP_0000919,ORD_0000919,VEH_0070,DRV_0058,2026-07-20 15:25:16,2026-09-15 01:35:56,2026-09-15 00:26:52,372.6,Delivered,15348.87,9216.95
SHP_0000920,ORD_0000920,VEH_0002,DRV_0089,2026-08-24 03:44:12,2026-05-21 02:38:27,2026-08-25 02:12:12,982.7,Delivered,33180.79,24308.89
SHP_0000921,ORD_0000921,VEH_0029,DRV_0092,2025-11-14 06:14:46,2026-03-30 13:21:36,2026-03-30 17:58:45,532.3,Delivered,23838.86,5886.61
SHP_0000922,ORD_0000922,VEH_0001,DRV_0088,2026-04-22 09:37:09,2026-06-10 16:31:01,2026-06-10 19:46:22,889.5,Delivered,31110.22,22003.42
SHP_0000923,ORD_0000923,VEH_0022,DRV_0091,2026-01-30 07:24:17,2026-04-29 05:40:43,2026-04-29 03:22:12,686.0,Delivered,26367.29,11724.36
SHP_0000924,ORD_0000924,VEH_0020,DRV_0066,2025-12-23 15:57:06,2026-09-24 00:38:27,2026-09-23 23:32:15,211.9,Delivered,11311.04,3621.56
SHP_0000925,ORD_0000925,VEH_0007,DRV_0023,2025-12-05 01:06:36,2026-09-10 10:47:12,2026-09-10 08:24:30,238.4,Delivered,11484.61,4074.47
SHP_0000926,ORD_0000926,VEH_0068,DRV_0096,2026-01-16 23:01:23,2026-06-16 12:25:25,2026-06-16 08:35:11,1065.0,Delivered,36172.75,11777.65
SHP_0000927,ORD_0000927,VEH_0036,DRV_0092,2025-10-05 20:08:06,2026-07-05 14:47:22,2026-07-05 13:49:49,25.0,Delivered,5505.89,276.47
SHP_0000928,ORD_0000928,VEH_0017,DRV_0065,2026-07-06 11:36:05,2026-02-18 19:10:15,2026-07-07 15:33:51,1161.2,Delivered,38988.42,25988.76
SHP_0000929,ORD_0000929,VEH_0046,DRV_0051,2025-12-29 10:27:29,2025-10-03 05:32:19,2025-10-03 15:54:12,558.3,Delivered,23814.07,6174.14
SHP_0000930,ORD_0000930,VEH_0039,DRV_0049,2026-08-12 12:20:03,2025-10-12 02:57:56,2025-10-12 20:03:23,1966.8,Delivered,68058.33,44018.86
SHP_0000931,ORD_0000931,VEH_0051,DRV_0021,2026-04-28 21:22:05,2025-11-17 18:26:40,2025-11-18 10:16:37,1240.4,Delivered,46933.11,21199.56
SHP_0000932,ORD_0000932,VEH_0006,DRV_0050,2026-03-11 22:15:03,2026-04-16 10:26:11,2026-04-16 09:24:04,1279.4,Delivered,48207.19,28634.19
SHP_0000933,ORD_0000933,VEH_0051,DRV_0026,2026-01-07 16:48:56,2026-02-21 09:23:55,2026-02-21 08:14:19,1195.2,Delivered,43970.12,20427.05
SHP_0000934,ORD_0000934,VEH_0016,DRV_0012,2025-11-20 00:08:24,2026-02-15 02:23:12,2026-02-15 01:07:45,2225.0,Delivered,74603.76,55039.47
SHP_0000935,ORD_0000935,VEH_0066,DRV_0082,2026-01-12 07:35:02,2026-09-24 16:27:10,2026-09-25 06:04:46,1472.8,Delivered,52346.21,16287.44
SHP_0000936,ORD_0000936,VEH_0077,DRV_0074,2026-01-29 14:29:14,2025-11-10 02:49:59,2026-01-30 23:38:23,1696.2,Delivered,56081.44,28989.6
SHP_0000937,ORD_0000937,VEH_0069,DRV_0031,2025-12-12 04:54:52,2026-07-08 07:38:18,2026-07-08 06:25:49,1024.9,Delivered,40102.69,1281.13
SHP_0000938,ORD_0000938,VEH_0035,DRV_0048,2026-04-12 18:47:49,2026-01-05 15:17:36,2026-04-14 05:25:18,1678.5,Delivered,58726.46,41520.79
SHP_0000939,ORD_0000939,VEH_0043,DRV_0026,2026-07-07 13:33:54,2026-01-16 07:54:21,2026-07-08 22:49:50,1648.4,Delivered,58090.47,2060.5
SHP_0000940,ORD_0000940,VEH_0011,DRV_0023,2025-10-25 10:06:36,2026-02-28 16:37:06,2026-02-28 14:14:39,435.6,Delivered,21156.38,10775.37
SHP_0000941,ORD_0000941,VEH_0077,DRV_0019,2025-11-03 17:20:16,2026-02-08 21:29:30,2026-02-08 18:58:36,2213.6,Delivered,73134.9,37832.44
SHP_0000942,ORD_0000942,VEH_0076,DRV_0016,2026-01-15 23:28:10,2025-12-12 12:55:13,2026-01-16 07:08:56,392.2,Delivered,19076.66,490.25
SHP_0000943,ORD_0000943,VEH_0040,DRV_0028,2026-03-11 02:56:19,2026-01-14 04:41:33,2026-01-14 15:32:27,1945.3,Delivered,68979.37,48120.58
SHP_0000944,ORD_0000944,VEH_0046,DRV_0022,2026-06-24 05:16:14,2025-11-10 20:43:07,2025-11-11 04:17:47,654.5,Delivered,24951.58,7238.0
SHP_0000945,ORD_0000945,VEH_0059,DRV_0034,2026-07-14 18:23:30,2026-01-20 14:40:29,2026-07-15 15:53:25,913.9,Delivered,34180.39,10106.66
SHP_0000946,ORD_0000946,VEH_0044,DRV_0095,2026-06-20 14:15:54,2026-04-14 05:55:57,2026-06-21 02:19:07,621.7,Delivered,26897.8,13914.24
SHP_0000947,ORD_0000947,VEH_0046,DRV_0020,2025-11-13 01:54:59,2026-03-20 03:31:30,2026-03-20 02:48:18,1598.3,Delivered,54657.43,17675.32
SHP_0000948,ORD_0000948,VEH_0009,DRV_0040,2026-04-06 14:46:20,2026-06-11 19:47:07,2026-06-11 16:19:19,129.3,Delivered,11043.65,161.62
SHP_0000949,ORD_0000949,VEH_0012,DRV_0064,2026-07-26 13:15:47,2025-10-12 10:44:33,2026-07-27 01:50:16,537.2,Delivered,23129.23,5940.8
SHP_0000950,ORD_0000950,VEH_0063,DRV_0032,2026-07-07 16:15:14,2026-02-15 22:35:09,2026-07-09 15:42:32,1986.0,Delivered,64874.55,44448.57
SHP_0000951,ORD_0000951,VEH_0067,DRV_0078,2026-08-13 03:39:30,2025-12-22 23:17:56,2025-12-23 06:47:54,25.0,Delivered,6000.11,427.27
SHP_0000952,ORD_0000952,VEH_0007,DRV_0071,2026-02-13 17:41:30,2026-08-04 15:46:00,,2362.7,Cancelled,43184.64,40380.69
SHP_0000953,ORD_0000953,VEH_0013,DRV_0002,2025-12-01 06:16:25,2026-03-02 19:19:29,2026-03-02 18:28:32,1250.8,Delivered,43819.58,21377.31
SHP_0000954,ORD_0000954,VEH_0056,DRV_0091,2025-11-04 14:14:55,2026-09-13 15:42:50,,1221.6,Cancelled,40465.29,1527.0
SHP_0000955,ORD_0000955,VEH_0021,DRV_0092,2025-12-23 21:40:59,2026-04-06 20:39:21,,429.6,Cancelled,14838.38,537.0
SHP_0000956,ORD_0000956,VEH_0024,DRV_0023,2026-07-15 09:14:12,2026-01-25 15:43:12,2026-07-16 23:31:24,1602.2,Delivered,56299.03,27383.05
SHP_0000957,ORD_0000957,VEH_0032,DRV_0009,2026-06-04 13:40:12,2025-12-25 19:29:27,2025-12-25 21:54:19,2142.6,Delivered,74812.07,23694.64
SHP_0000958,ORD_0000958,VEH_0072,DRV_0042,2026-05-05 18:08:04,2025-11-12 06:10:55,,1456.1,Cancelled,48315.88,16102.75
SHP_0000959,ORD_0000959,VEH_0061,DRV_0085,2026-01-20 02:56:22,2025-12-27 22:05:34,2025-12-28 11:38:45,1953.5,Delivered,66328.85,48323.42
SHP_0000960,ORD_0000960,VEH_0010,DRV_0010,2026-02-20 18:50:18,2026-01-07 09:31:46,2026-02-20 21:26:44,129.3,Delivered,9086.28,1429.91
SHP_0000961,ORD_0000961,VEH_0046,DRV_0024,2025-12-21 20:08:29,2026-05-10 20:58:37,2026-05-10 17:38:16,521.8,Delivered,21142.01,5770.49
SHP_0000962,ORD_0000962,VEH_0020,DRV_0040,2026-04-11 08:56:33,2026-03-18 18:56:38,2026-04-11 13:41:55,228.3,Delivered,13807.58,3901.85
SHP_0000963,ORD_0000963,VEH_0063,DRV_0062,2026-04-21 21:54:30,2026-03-10 01:14:43,2026-04-23 14:29:42,1899.4,Delivered,34464.62,42510.38
SHP_0000964,ORD_0000964,VEH_0070,DRV_0054,2026-05-12 17:26:51,2026-06-13 07:48:18,,538.6,Cancelled,19780.58,13323.26
SHP_0000965,ORD_0000965,VEH_0043,DRV_0040,2025-11-14 11:34:49,2026-06-05 15:09:13,2026-06-05 12:18:04,2371.4,Delivered,78202.63,2964.25
SHP_0000966,ORD_0000966,VEH_0063,DRV_0049,2025-10-27 14:45:15,2026-02-09 23:54:33,2026-02-09 21:10:08,300.1,Delivered,10513.72,6716.52
SHP_0000967,ORD_0000967,VEH_0056,DRV_0064,2026-03-03 09:19:00,2025-10-05 18:29:50,2026-03-04 20:09:51,1394.4,Delivered,48831.59,1743.0
SHP_0000968,ORD_0000968,VEH_0053,DRV_0032,2025-10-13 20:18:51,2026-03-13 11:29:42,2026-03-13 09:20:57,326.7,Delivered,15635.02,8081.53
SHP_0000969,ORD_0000969,VEH_0046,DRV_0018,2026-03-21 04:06:52,2026-02-28 15:21:59,2026-03-22 01:07:16,982.7,Delivered,38668.15,10867.51
SHP_0000970,ORD_0000970,VEH_0055,DRV_0039,2026-04-24 03:56:41,2026-05-23 06:30:10,2026-05-23 13:11:03,2030.0,Delivered,65788.59,50215.79
SHP_0000971,ORD_0000971,VEH_0043,DRV_0097,2026-01-18 02:48:21,2026-08-28 18:57:02,2026-08-28 15:13:08,1194.1,Delivered,41164.06,1492.62
SHP_0000972,ORD_0000972,VEH_0078,DRV_0032,2026-03-03 09:29:05,2026-07-05 08:48:04,2026-07-05 07:23:47,353.5,Delivered,15903.07,441.88
SHP_0000973,ORD_0000973,VEH_0022,DRV_0019,2026-07-22 12:10:30,2025-12-28 22:52:30,2026-07-22 21:15:28,392.7,Delivered,7200.37,6711.6
SHP_0000974,ORD_0000974,VEH_0013,DRV_0032,2026-06-07 05:52:50,2026-04-05 20:31:55,2026-06-08 04:44:14,974.2,Delivered,37306.75,16649.96
SHP_0000975,ORD_0000975,VEH_0045,DRV_0025,2026-04-04 17:15:58,2025-11-23 21:20:34,2026-04-06 19:57:44,2133.3,Delivered,73978.95,47745.29
SHP_0000976,ORD_0000976,VEH_0009,DRV_0019,2026-01-16 19:03:12,2025-11-22 19:28:27,2026-01-18 05:34:11,1432.7,Delivered,26113.31,1790.88
SHP_0000977,ORD_0000977,VEH_0068,DRV_0091,2026-03-28 23:27:27,2026-09-09 01:42:16,2026-09-08 23:09:58,1748.8,Delivered,61466.19,19339.67
SHP_0000978,ORD_0000978,VEH_0047,DRV_0071,2026-05-25 10:08:56,2025-10-04 10:46:02,2026-05-27 07:52:12,2064.9,Delivered,72997.26,35291.02
SHP_0000979,ORD_0000979,VEH_0021,DRV_0086,2026-01-23 23:24:18,2025-10-31 04:35:44,2025-10-31 10:11:54,446.0,Delivered,20909.98,557.5
SHP_0000980,ORD_0000980,VEH_0051,DRV_0070,2026-03-24 20:21:15,2026-01-13 19:47:33,2026-01-14 10:21:07,249.6,Delivered,9729.43,4265.89
SHP_0000981,ORD_0000981,VEH_0063,DRV_0057,2026-09-09 22:21:56,2026-05-11 18:53:07,2026-05-12 00:43:59,1748.1,Delivered,31844.56,39124.14
SHP_0000982,ORD_0000982,VEH_0036,DRV_0055,2025-10-18 23:03:33,2025-10-25 15:54:25,2025-10-25 12:46:34,357.8,Delivered,14201.1,3956.85
SHP_0000983,ORD_0000983,VEH_0014,DRV_0028,2025-11-22 15:24:01,2025-12-19 20:45:03,2025-12-19 22:36:47,179.3,Delivered,7493.2,4012.9
SHP_0000984,ORD_0000984,VEH_0055,DRV_0019,2026-03-26 23:45:01,2026-03-22 23:41:47,2026-03-27 01:49:36,100.3,Delivered,6419.65,2481.11
SHP_0000985,ORD_0000985,VEH_0075,DRV_0072,2025-10-31 04:01:41,2026-09-15 18:37:52,,134.7,Cancelled,5892.34,3332.05
SHP_0000986,ORD_0000986,VEH_0075,DRV_0095,2025-10-18 21:48:32,2026-01-03 02:24:24,2026-01-03 01:50:58,1241.7,Delivered,45678.04,30715.74
SHP_0000987,ORD_0000987,VEH_0070,DRV_0060,2026-03-20 09:38:53,2025-12-05 20:39:45,2026-03-22 03:47:55,1753.0,Delivered,58897.62,43363.68
SHP_0000988,ORD_0000988,VEH_0007,DRV_0050,2026-08-20 00:06:18,2026-06-28 00:23:20,2026-08-20 00:36:21,25.0,Delivered,5468.38,427.27
SHP_0000989,ORD_0000989,VEH_0075,DRV_0089,2025-10-25 14:50:04,2026-08-04 08:19:02,2026-08-04 05:56:56,494.3,Delivered,22359.55,12227.42
SHP_0000990,ORD_0000990,VEH_0024,DRV_0013,2026-03-24 23:54:38,2026-07-11 06:40:19,2026-07-11 08:57:00,1461.9,Delivered,51485.93,24985.2
SHP_0000991,ORD_0000991,VEH_0059,DRV_0007,2026-07-16 05:56:50,2026-01-02 05:19:20,2026-07-17 06:52:36,1291.1,Delivered,47370.85,14278.05
SHP_0000992,ORD_0000992,VEH_0015,DRV_0064,2026-06-27 09:27:14,2026-05-25 08:46:46,2026-06-29 18:33:17,2355.0,Delivered,79990.53,2943.75
SHP_0000993,ORD_0000993,VEH_0023,DRV_0049,2026-08-29 15:45:11,2026-01-10 22:55:29,2026-08-31 02:51:38,1639.2,Delivered,29669.52,2049.0
SHP_0000994,ORD_0000994,VEH_0038,DRV_0039,2026-04-28 07:00:58,2026-08-28 13:05:38,2026-08-28 12:31:45,1990.0,Delivered,35834.31,2487.5
SHP_0000995,ORD_0000995,VEH_0049,DRV_0099,2026-08-09 03:53:38,2026-04-17 06:30:24,2026-08-09 06:41:24,142.8,Delivered,8055.9,1579.2
SHP_0000996,ORD_0000996,VEH_0077,DRV_0095,2026-03-04 00:08:31,2026-08-03 23:53:15,2026-08-03 22:44:24,346.1,Delivered,17853.79,5915.16
SHP_0000997,ORD_0000997,VEH_0011,DRV_0019,2026-03-12 06:17:11,2026-02-02 12:28:29,2026-02-03 00:46:04,25.0,Delivered,1954.62,618.42
SHP_0000998,ORD_0000998,VEH_0041,DRV_0041,2026-07-26 06:38:29,2026-05-20 18:50:09,2026-07-26 07:15:12,25.0,Delivered,7963.01,427.27
SHP_0000999,ORD_0000999,VEH_0006,DRV_0056,2026-07-08 09:49:13,2026-06-18 17:46:57,2026-07-08 22:26:38,528.3,Delivered,23106.13,11823.86
SHP_0001000,ORD_0001000,VEH_0035,DRV_0074,2026-06-12 00:18:48,2026-06-20 10:11:51,2026-06-20 07:13:56,2011.4,Delivered,65169.75,49755.68
SHP_0001001,ORD_0001001,VEH_0015,DRV_0092,2025-10-30 08:27:07,2025-11-06 02:22:27,2025-11-06 00:21:00,1953.4,Delivered,63808.0,2441.75
SHP_0001002,ORD_0001002,VEH_0040,DRV_0040,2026-02-04 15:55:18,2026-03-07 16:59:43,2026-03-07 14:08:14,145.7,Delivered,5488.09,3604.16
SHP_0001003,ORD_0001003,VEH_0050,DRV_0082,2026-04-05 07:41:49,2026-05-10 20:19:46,2026-05-10 18:25:54,404.4,Delivered,17728.99,4472.19
SHP_0001004,ORD_0001004,VEH_0019,DRV_0023,2026-05-25 19:05:22,2026-05-23 02:56:36,2026-05-26 21:23:04,1092.6,Delivered,36317.85,1365.75
SHP_0001005,ORD_0001005,VEH_0015,DRV_0012,2026-07-12 07:29:13,2025-12-04 07:50:57,2026-07-12 15:43:37,382.2,Delivered,13078.81,477.75
SHP_0001006,ORD_0001006,VEH_0071,DRV_0003,2026-06-10 18:47:33,2026-05-28 06:26:51,2026-06-12 17:40:19,2220.0,Delivered,74992.77,24550.59
SHP_0001007,ORD_0001007,VEH_0051,DRV_0025,2026-07-18 06:53:47,2026-07-21 02:56:25,2026-07-21 14:51:55,2017.7,Delivered,71588.44,34484.33
SHP_0001008,ORD_0001008,VEH_0079,DRV_0022,2026-02-15 17:51:48,2026-01-04 04:40:19,2026-02-15 22:18:19,225.6,Delivered,4078.12,5049.14
SHP_0001009,ORD_0001009,VEH_0027,DRV_0065,2026-01-03 13:08:12,2026-04-27 03:04:24,2026-04-26 23:48:35,107.0,Delivered,6696.81,2646.84
SHP_0001010,ORD_0001010,VEH_0052,DRV_0023,2026-06-02 19:58:43,2026-03-09 19:00:34,,1365.2,Cancelled,44544.4,33770.74
SHP_0001011,ORD_0001011,VEH_0029,DRV_0092,2025-11-29 23:28:21,2026-05-05 12:48:46,2026-05-05 23:13:55,540.1,Delivered,10282.47,5972.87
SHP_0001012,ORD_0001012,VEH_0003,DRV_0052,2026-04-04 00:04:02,2026-09-16 13:34:32,2026-09-16 11:43:33,334.4,Delivered,6496.77,7484.19
SHP_0001013,ORD_0001013,VEH_0035,DRV_0032,2026-09-14 20:41:20,2026-07-22 04:29:39,2026-09-14 23:47:46,138.1,Delivered,2535.84,3416.16
SHP_0001014,ORD_0001014,VEH_0039,DRV_0045,2026-05-13 20:16:55,2026-03-29 14:08:24,2026-05-14 09:27:14,636.7,Delivered,24826.28,14249.95
SHP_0001015,ORD_0001015,VEH_0074,DRV_0013,2026-02-27 00:24:28,2026-07-03 17:33:55,2026-07-03 15:59:14,1763.8,Delivered,59437.81,43630.84
SHP_0001016,ORD_0001016,VEH_0039,DRV_0018,2026-03-18 18:07:53,2026-09-11 21:45:27,2026-09-11 19:41:59,25.0,Delivered,2848.4,559.52
SHP_0001017,ORD_0001017,VEH_0003,DRV_0072,2026-07-24 13:50:20,2026-07-26 19:48:23,2026-07-26 17:42:21,1244.2,Delivered,42100.33,27846.38
SHP_0001018,ORD_0001018,VEH_0078,DRV_0065,2026-01-15 21:37:54,2026-01-10 10:14:23,2026-01-10 19:21:49,2066.7,Delivered,68268.24,2583.38
SHP_0001019,ORD_0001019,VEH_0069,DRV_0004,2025-11-11 04:51:43,2026-06-05 05:18:16,,1013.5,Cancelled,38495.78,1266.88
SHP_0001020,ORD_0001020,VEH_0021,DRV_0052,2025-12-06 01:47:11,2025-12-07 08:49:43,2025-12-07 06:56:25,2213.9,Delivered,39927.51,2767.38
SHP_0001021,ORD_0001021,VEH_0001,DRV_0072,2026-01-06 22:04:14,2026-09-19 01:53:20,2026-09-19 00:43:27,1486.7,Delivered,51585.61,36776.26
SHP_0001022,ORD_0001022,VEH_0014,DRV_0071,2026-07-13 21:50:19,2026-04-08 07:39:44,2026-07-14 05:07:30,362.7,Delivered,16248.94,8117.57
SHP_0001023,ORD_0001023,VEH_0077,DRV_0046,2026-03-01 08:58:03,2026-09-23 09:57:43,2026-09-24 03:26:16,329.7,Delivered,13139.22,5634.87
SHP_0001024,ORD_0001024,VEH_0058,DRV_0073,2026-06-15 22:32:38,2026-05-08 03:13:39,2026-06-16 17:46:21,899.6,Delivered,36127.87,20133.9
SHP_0001025,ORD_0001025,VEH_0048,DRV_0089,2025-10-12 19:54:19,2025-11-19 14:11:00,2025-11-19 10:28:02,2011.4,Delivered,70392.73,49755.68
SHP_0001026,ORD_0001026,VEH_0022,DRV_0039,2026-03-13 16:01:58,2026-05-24 06:50:15,2026-05-24 03:34:53,1030.7,Delivered,37972.9,17615.6
SHP_0001027,ORD_0001027,VEH_0016,DRV_0078,2026-03-14 22:08:44,2026-09-21 22:10:49,2026-09-21 18:25:08,915.6,Delivered,30328.74,22649.05
SHP_0001028,ORD_0001028,VEH_0048,DRV_0077,2026-01-26 14:38:06,2026-03-23 08:34:23,2026-03-23 07:28:32,2067.6,Delivered,72919.24,51145.89
SHP_0001029,ORD_0001029,VEH_0077,DRV_0008,2026-02-07 00:24:17,2025-12-30 05:27:31,2026-02-08 03:10:12,1227.7,Delivered,40317.85,20982.51
SHP_0001030,ORD_0001030,VEH_0069,DRV_0083,2026-03-29 16:29:32,2026-07-07 04:10:56,2026-07-07 02:28:10,25.0,Delivered,1876.47,31.25
SHP_0001031,ORD_0001031,VEH_0013,DRV_0052,2026-06-22 06:40:31,2026-02-05 09:34:13,2026-06-24 06:43:24,2020.5,Delivered,66947.64,34532.18
SHP_0001032,ORD_0001032,VEH_0059,DRV_0040,2026-02-18 19:12:27,2025-10-28 17:04:51,2026-02-19 00:27:04,267.4,Delivered,13333.38,2957.13
SHP_0001033,ORD_0001033,VEH_0046,DRV_0075,2025-11-13 06:31:35,2026-01-26 08:52:59,2026-01-26 06:23:04,182.7,Delivered,11339.07,2020.45
SHP_0001034,ORD_0001034,VEH_0028,DRV_0054,2026-04-26 04:53:01,2026-08-26 09:16:50,2026-08-26 06:22:16,145.9,Delivered,8332.82,3609.11
SHP_0001035,ORD_0001035,VEH_0009,DRV_0046,2026-04-15 07:21:15,2026-09-24 12:30:34,2026-09-24 10:20:46,1203.9,Delivered,42373.61,1504.88
SHP_0001036,ORD_0001036,VEH_0028,DRV_0042,2026-06-26 07:58:28,2026-03-21 13:46:31,2026-06-27 09:42:55,1241.0,Delivered,40631.33,30698.42
SHP_0001037,ORD_0001037,VEH_0062,DRV_0057,2026-01-22 09:19:29,2026-04-19 01:14:56,2026-04-18 22:40:30,606.6,Delivered,23000.51,10367.35
SHP_0001038,ORD_0001038,VEH_0034,DRV_0044,2026-01-08 11:34:52,2026-02-02 00:34:19,2026-02-01 22:01:18,2192.6,Delivered,74698.9,24247.58
SHP_0001039,ORD_0001039,VEH_0044,DRV_0021,2025-10-07 06:50:01,2025-11-16 16:30:43,2025-11-17 03:49:13,1678.5,Delivered,55423.38,37566.43
SHP_0001040,ORD_0001040,VEH_0079,DRV_0093,2026-01-24 07:06:24,2026-06-12 12:32:31,2026-06-12 11:26:40,238.9,Delivered,13469.06,5346.81
SHP_0001041,ORD_0001041,VEH_0023,DRV_0019,2026-04-19 23:41:28,2026-02-07 08:53:20,2026-04-21 02:24:56,1252.1,Delivered,41017.96,1565.12
SHP_0001042,ORD_0001042,VEH_0011,DRV_0060,2026-04-24 01:25:12,2026-09-16 12:33:49,2026-09-16 10:01:53,1648.8,Delivered,53796.63,40786.11
SHP_0001043,ORD_0001043,VEH_0067,DRV_0014,2026-07-23 01:32:08,2026-08-13 18:53:34,2026-08-13 16:09:33,235.1,Delivered,10715.83,4018.07
SHP_0001044,ORD_0001044,VEH_0011,DRV_0036,2026-01-04 05:57:09,2026-02-11 11:23:43,2026-02-11 10:51:19,145.1,Delivered,3228.93,3589.32
SHP_0001045,ORD_0001045,VEH_0060,DRV_0074,2026-06-02 11:10:56,2026-08-07 18:13:07,2026-08-07 15:45:27,1709.2,Delivered,60096.26,18901.74
SHP_0001046,ORD_0001046,VEH_0060,DRV_0096,2026-01-30 06:36:50,2025-12-24 02:23:50,2026-02-01 01:24:50,2117.4,Delivered,73975.26,23415.95
SHP_0001047,ORD_0001047,VEH_0017,DRV_0074,2025-10-31 19:23:05,2025-10-11 05:43:53,2025-11-02 15:28:54,1828.2,Delivered,64407.53,40916.86
SHP_0001048,ORD_0001048,VEH_0016,DRV_0006,2026-08-17 15:27:32,2026-01-04 23:36:57,2026-01-05 03:21:14,809.5,Delivered,29888.79,20024.47
SHP_0001049,ORD_0001049,VEH_0057,DRV_0011,2026-04-11 09:55:22,2026-03-07 19:18:23,2026-04-12 01:12:40,674.5,Delivered,27487.26,7459.18
SHP_0001050,ORD_0001050,VEH_0056,DRV_0012,2026-02-07 09:23:04,2025-12-25 00:05:31,2026-02-09 14:08:08,2615.5,Delivered,47135.34,3269.38
SHP_0001051,ORD_0001051,VEH_0013,DRV_0049,2025-12-11 22:23:04,2026-02-09 14:46:11,2026-02-09 11:53:38,1959.0,Delivered,66344.61,33481.09
SHP_0001052,ORD_0001052,VEH_0049,DRV_0053,2026-08-28 20:04:12,2026-08-25 15:30:00,2026-08-30 06:25:02,1472.8,Delivered,50558.24,16287.44
SHP_0001053,ORD_0001053,VEH_0060,DRV_0042,2025-10-14 08:13:28,2026-08-12 08:29:01,2026-08-12 06:06:35,205.3,Delivered,9662.93,2270.38
SHP_0001054,ORD_0001054,VEH_0063,DRV_0028,2025-12-13 01:14:23,2026-03-11 13:07:28,2026-03-11 11:09:20,2267.7,Delivered,73502.32,50753.29
SHP_0001055,ORD_0001055,VEH_0028,DRV_0003,2026-04-24 03:35:24,2026-09-07 02:47:23,2026-09-07 02:07:57,777.4,Delivered,28278.1,19230.42
SHP_0001056,ORD_0001056,VEH_0065,DRV_0069,2026-06-26 13:09:59,2026-06-28 23:21:05,2026-06-28 20:42:13,429.6,Delivered,18448.55,537.0
SHP_0001057,ORD_0001057,VEH_0018,DRV_0063,2026-07-25 13:01:38,2026-07-20 22:27:48,2026-07-25 16:31:55,144.9,Delivered,10870.99,3243.0
SHP_0001058,ORD_0001058,VEH_0026,DRV_0040,2026-08-15 13:20:22,2026-05-07 02:41:14,2026-08-16 09:27:23,995.1,Delivered,38137.26,22271.29
SHP_0001059,ORD_0001059,VEH_0037,DRV_0098,2026-04-17 13:46:34,2026-04-13 05:32:59,2026-04-13 11:11:33,1054.8,Delivered,36449.1,23607.43
SHP_0001060,ORD_0001060,VEH_0024,DRV_0070,2026-08-17 10:49:28,2025-10-08 17:05:27,2025-10-08 22:57:19,2213.9,Delivered,72294.73,37837.56
SHP_0001061,ORD_0001061,VEH_0060,DRV_0018,2026-05-26 01:23:34,2025-10-28 12:08:03,2026-05-26 13:56:46,527.8,Delivered,23598.2,5836.85
SHP_0001062,ORD_0001062,VEH_0071,DRV_0083,2025-12-01 15:53:39,2026-04-13 11:02:15,2026-04-13 08:02:11,2012.7,Delivered,68645.4,22258.09
SHP_0001063,ORD_0001063,VEH_0050,DRV_0033,2026-05-16 21:50:34,2026-09-27 12:09:36,2026-09-27 10:56:37,1380.1,Delivered,47656.92,15262.28
SHP_0001064,ORD_0001064,VEH_0023,DRV_0054,2026-08-19 23:06:40,2026-04-11 22:34:13,2026-08-20 03:05:28,197.1,Delivered,3655.68,246.38
SHP_0001065,ORD_0001065,VEH_0022,DRV_0008,2025-10-05 11:05:43,2026-02-28 13:58:36,2026-02-28 13:21:14,358.2,Delivered,6827.4,6121.96
SHP_0001066,ORD_0001066,VEH_0002,DRV_0044,2025-12-16 02:14:03,2026-03-02 04:12:55,2026-03-02 03:36:37,228.9,Delivered,11610.39,5662.26
SHP_0001067,ORD_0001067,VEH_0005,DRV_0084,2026-03-28 22:19:05,2025-11-25 21:32:08,2026-03-30 03:33:23,1449.5,Delivered,26288.9,1811.88
SHP_0001068,ORD_0001068,VEH_0041,DRV_0091,2025-11-25 03:17:43,2025-10-19 16:29:58,2025-11-27 03:48:17,2215.5,Delivered,73821.69,37864.91
SHP_0001069,ORD_0001069,VEH_0019,DRV_0029,2026-03-26 09:39:49,2025-12-07 20:19:16,2026-03-27 16:15:58,1588.7,Delivered,57095.65,1985.88
SHP_0001070,ORD_0001070,VEH_0019,DRV_0094,2025-12-23 04:05:55,2026-02-20 10:59:51,2026-02-20 10:26:16,908.4,Delivered,31638.18,1135.5
SHP_0001071,ORD_0001071,VEH_0046,DRV_0041,2025-10-09 11:25:09,2026-08-19 22:25:43,2026-08-19 20:16:57,1870.7,Delivered,62682.99,20687.74
SHP_0001072,ORD_0001072,VEH_0046,DRV_0075,2025-11-21 18:27:04,2026-05-24 20:07:42,2026-05-24 22:14:23,1912.2,Delivered,68470.54,21146.68
SHP_0001073,ORD_0001073,VEH_0037,DRV_0094,2025-12-06 01:35:11,2025-11-15 21:05:41,2025-12-07 09:51:10,1650.8,Delivered,59138.03,36946.48
SHP_0001074,ORD_0001074,VEH_0065,DRV_0068,2026-03-29 18:24:30,2026-08-05 04:51:16,2026-08-05 04:16:18,995.1,Delivered,32797.57,1243.88
SHP_0001075,ORD_0001075,VEH_0017,DRV_0011,2025-10-13 08:57:21,2026-08-16 23:12:59,2026-08-17 07:22:36,659.6,Delivered,21931.39,14762.48
SHP_0001076,ORD_0001076,VEH_0066,DRV_0056,2026-02-04 08:07:59,2026-03-04 07:55:07,,1223.3,Cancelled,40628.36,13528.26
SHP_0001077,ORD_0001077,VEH_0022,DRV_0009,2026-03-17 11:07:12,2025-12-04 01:02:50,2026-03-18 14:39:19,1291.1,Delivered,43706.45,22066.07
SHP_0001078,ORD_0001078,VEH_0067,DRV_0049,2025-12-24 07:16:42,2026-09-05 11:36:37,2026-09-05 08:36:37,1748.8,Delivered,57525.0,29888.58
SHP_0001079,ORD_0001079,VEH_0016,DRV_0052,2026-07-29 23:40:59,2026-05-21 18:43:58,2026-05-22 11:59:21,528.3,Delivered,21194.91,13068.47
SHP_0001080,ORD_0001080,VEH_0074,DRV_0094,2026-03-27 03:00:56,2026-06-04 09:45:49,2026-06-04 09:06:25,985.7,Delivered,33056.35,24383.11
SHP_0001081,ORD_0001081,VEH_0050,DRV_0032,2026-09-02 05:52:42,2026-02-10 23:40:56,2026-02-11 11:01:41,657.1,Delivered,28098.4,7266.75
SHP_0001082,ORD_0001082,VEH_0041,DRV_0012,2026-03-22 20:22:36,2025-12-28 23:43:43,2026-03-25 02:19:29,2234.8,Delivered,77776.84,38194.76
SHP_0001083,ORD_0001083,VEH_0002,DRV_0009,2025-12-13 04:11:52,2025-11-26 14:51:17,2025-12-14 04:31:25,1254.1,Delivered,47427.12,31022.47
SHP_0001084,ORD_0001084,VEH_0056,DRV_0057,2026-05-14 17:34:24,2026-03-25 03:39:55,2026-03-25 06:07:53,140.6,Delivered,6379.32,175.75
SHP_0001085,ORD_0001085,VEH_0066,DRV_0058,2026-04-15 15:46:59,2025-10-07 22:51:39,2026-04-16 05:45:47,677.7,Delivered,12888.35,7494.56
SHP_0001086,ORD_0001086,VEH_0046,DRV_0082,2026-02-03 22:21:46,2025-10-16 01:55:53,2026-02-04 06:54:56,393.5,Delivered,14559.82,4351.65
SHP_0001087,ORD_0001087,VEH_0043,DRV_0014,2026-07-27 09:50:04,2026-03-28 10:45:47,2026-07-27 17:30:56,334.4,Delivered,6732.18,418.0
SHP_0001088,ORD_0001088,VEH_0023,DRV_0029,2025-11-14 03:06:38,2026-02-09 01:53:38,2026-02-09 01:18:42,2219.4,Delivered,77713.04,2774.25
SHP_0001089,ORD_0001089,VEH_0073,DRV_0095,2026-07-17 09:16:08,2026-01-05 07:36:56,2026-07-17 23:00:19,625.0,Delivered,25426.37,10681.82
SHP_0001090,ORD_0001090,VEH_0034,DRV_0040,2026-07-13 08:17:17,2026-06-12 23:41:24,2026-06-13 15:37:58,640.1,Delivered,11611.23,7078.75
SHP_0001091,ORD_0001091,VEH_0001,DRV_0047,2025-10-10 12:23:40,2026-03-12 22:18:06,2026-03-12 19:36:39,494.3,Delivered,22007.26,12227.42
SHP_0001092,ORD_0001092,VEH_0021,DRV_0041,2025-11-02 01:01:47,2026-04-11 23:14:44,2026-04-11 22:18:14,1884.8,Delivered,67521.99,2356.0
SHP_0001093,ORD_0001093,VEH_0052,DRV_0020,2026-08-11 01:40:53,2026-03-07 01:13:20,2026-08-13 08:51:31,2209.6,Delivered,73846.24,54658.53
SHP_0001094,ORD_0001094,VEH_0011,DRV_0085,2026-01-13 09:26:07,2026-09-10 15:47:20,2026-09-10 20:42:57,1910.3,Delivered,67551.97,47254.79
SHP_0001095,ORD_0001095,VEH_0027,DRV_0040,2025-11-26 05:27:54,2026-08-12 08:03:36,2026-08-12 04:29:04,624.2,Delivered,22236.52,15440.74
SHP_0001096,ORD_0001096,VEH_0021,DRV_0046,2026-08-24 06:59:40,2025-11-30 08:19:30,2026-08-25 07:45:58,1035.7,Delivered,37922.48,1294.62
SHP_0001097,ORD_0001097,VEH_0070,DRV_0071,2026-06-18 02:57:26,2026-01-16 12:19:30,2026-06-18 03:28:52,25.0,Delivered,1730.57,618.42
SHP_0001098,ORD_0001098,VEH_0009,DRV_0068,2026-09-05 08:17:41,2026-01-02 22:32:14,2026-09-06 22:59:11,1704.3,Delivered,56695.99,2130.38
SHP_0001099,ORD_0001099,VEH_0040,DRV_0026,2025-10-17 18:07:49,2026-09-03 10:28:50,2026-09-03 07:10:23,429.6,Delivered,14505.57,10626.95
SHP_0001100,ORD_0001100,VEH_0019,DRV_0013,2026-03-14 09:28:38,2025-11-17 04:12:54,2026-03-14 22:04:38,511.7,Delivered,23507.51,639.62
SHP_0001101,ORD_0001101,VEH_0011,DRV_0012,2026-08-18 09:03:53,2025-12-05 09:36:04,2025-12-05 11:19:09,456.2,Delivered,17950.48,11284.95
SHP_0001102,ORD_0001102,VEH_0014,DRV_0081,2026-03-31 00:04:34,2026-01-04 19:03:00,2026-03-31 16:10:13,777.0,Delivered,29287.93,17390.0
SHP_0001103,ORD_0001103,VEH_0060,DRV_0068,2025-11-07 23:43:52,2026-07-08 04:17:51,2026-07-08 03:45:52,2052.2,Delivered,69476.83,22694.92
SHP_0001104,ORD_0001104,VEH_0057,DRV_0067,2026-04-02 07:09:17,2026-03-22 00:16:58,2026-04-02 17:43:42,465.8,Delivered,15803.59,5151.2
SHP_0001105,ORD_0001105,VEH_0020,DRV_0017,2026-06-25 20:49:02,2025-12-30 22:08:27,2026-06-27 02:31:53,1525.7,Delivered,27671.7,26075.6
SHP_0001106,ORD_0001106,VEH_0072,DRV_0014,2026-08-22 01:13:43,2026-01-09 22:17:06,2026-01-10 12:57:23,1992.4,Delivered,67397.07,22033.6
SHP_0001107,ORD_0001107,VEH_0038,DRV_0025,2025-10-13 00:14:30,2026-07-09 12:59:14,2026-07-10 04:56:48,2024.3,Delivered,72054.79,2530.38
SHP_0001108,ORD_0001108,VEH_0061,DRV_0003,2026-05-02 21:50:28,2026-05-18 08:58:23,2026-05-18 06:05:01,632.3,Delivered,25959.94,15641.11
SHP_0001109,ORD_0001109,VEH_0012,DRV_0042,2026-06-28 08:57:16,2026-06-29 08:03:25,2026-06-29 16:15:56,1899.4,Delivered,67767.4,21005.13
SHP_0001110,ORD_0001110,VEH_0021,DRV_0037,2026-08-12 16:09:23,2025-10-31 04:52:56,2026-08-12 23:58:38,399.9,Delivered,15528.56,499.87
SHP_0001111,ORD_0001111,VEH_0055,DRV_0077,2025-10-09 22:42:32,2026-05-16 04:09:11,2026-05-16 05:54:30,1227.7,Delivered,22596.09,30369.42
SHP_0001112,ORD_0001112,VEH_0052,DRV_0092,2026-07-05 04:39:29,2026-02-22 00:19:11,2026-07-06 00:42:43,892.9,Delivered,34300.89,22087.53
SHP_0001113,ORD_0001113,VEH_0034,DRV_0099,2026-09-07 17:57:22,2026-01-31 07:44:49,2026-09-08 02:09:49,337.5,Delivered,16951.93,3732.35
SHP_0001114,ORD_0001114,VEH_0058,DRV_0064,2026-09-01 08:37:24,2026-02-04 10:07:28,2026-02-04 15:29:21,537.2,Delivered,22927.99,12023.05
SHP_0001115,ORD_0001115,VEH_0060,DRV_0021,2026-06-06 01:37:44,2026-04-18 18:43:56,2026-06-07 10:13:09,1445.3,Delivered,52655.65,15983.32
SHP_0001116,ORD_0001116,VEH_0057,DRV_0014,2026-03-29 08:03:16,2026-07-23 11:48:13,2026-07-23 08:24:34,402.3,Delivered,16046.72,4448.96
SHP_0001117,ORD_0001117,VEH_0028,DRV_0013,2026-07-20 01:00:39,2026-02-28 01:38:14,2026-07-20 17:30:08,809.0,Delivered,33349.82,20012.11
SHP_0001118,ORD_0001118,VEH_0073,DRV_0023,2026-03-27 23:48:49,2026-01-24 17:04:07,2026-03-28 09:47:11,499.5,Delivered,18418.41,8536.91
SHP_0001119,ORD_0001119,VEH_0058,DRV_0084,2026-03-24 01:16:06,2026-09-14 23:56:10,2026-09-14 22:55:58,393.5,Delivered,20069.74,8806.9
SHP_0001120,ORD_0001120,VEH_0017,DRV_0028,2026-04-03 14:43:44,2025-12-21 20:32:12,2026-04-05 02:50:25,1534.7,Delivered,56016.99,34348.05
SHP_0001121,ORD_0001121,VEH_0023,DRV_0008,2026-04-22 00:11:17,2026-03-09 20:59:24,,2187.9,Cancelled,73891.85,2734.88
SHP_0001122,ORD_0001122,VEH_0054,DRV_0096,2026-05-23 06:14:36,2026-01-11 16:40:47,2026-05-23 10:48:54,226.1,Delivered,14312.29,282.62
SHP_0001123,ORD_0001123,VEH_0060,DRV_0064,2026-03-24 15:02:56,2026-07-31 17:55:38,2026-07-31 16:52:18,544.1,Delivered,19825.75,6017.11
SHP_0001124,ORD_0001124,VEH_0017,DRV_0059,2026-08-24 23:20:16,2026-07-03 20:38:43,2026-08-27 02:27:12,2192.6,Delivered,72112.96,49072.48
SHP_0001125,ORD_0001125,VEH_0063,DRV_0014,2026-06-10 15:47:59,2026-04-09 18:18:58,2026-04-10 00:40:33,2208.5,Delivered,76898.5,49428.33
SHP_0001126,ORD_0001126,VEH_0075,DRV_0002,2025-10-13 06:53:43,2025-11-16 20:31:23,2025-11-16 19:23:46,1117.4,Delivered,39909.09,27640.95
SHP_0001127,ORD_0001127,VEH_0064,DRV_0010,2026-09-11 12:32:27,2026-03-11 16:48:08,2026-09-12 22:30:26,1759.7,Delivered,31781.91,43529.42
SHP_0001128,ORD_0001128,VEH_0002,DRV_0005,2026-09-10 05:38:25,2026-09-25 15:52:35,2026-09-25 14:43:47,133.7,Delivered,5735.95,3307.32
SHP_0001129,ORD_0001129,VEH_0057,DRV_0056,2026-08-10 17:39:45,2026-01-08 04:11:09,2026-08-11 04:45:39,494.1,Delivered,16662.36,5464.16
SHP_0001130,ORD_0001130,VEH_0042,DRV_0014,2026-02-13 14:51:55,2026-07-19 09:23:15,2026-07-19 06:46:16,2214.0,Delivered,72022.59,49551.43
SHP_0001131,ORD_0001131,VEH_0045,DRV_0084,2026-09-13 04:48:26,2025-12-02 17:21:19,2026-09-14 18:00:35,1708.3,Delivered,31404.69,38233.38
SHP_0001132,ORD_0001132,VEH_0039,DRV_0046,2025-12-06 11:14:07,2026-08-21 17:21:43,2026-08-21 15:56:06,612.5,Delivered,22085.47,13708.33
SHP_0001133,ORD_0001133,VEH_0047,DRV_0097,2026-01-25 18:30:01,2026-02-25 00:08:44,2026-02-24 23:03:07,300.1,Delivered,13700.56,5128.98
SHP_0001134,ORD_0001134,VEH_0039,DRV_0031,2025-10-18 19:19:33,2026-07-07 06:46:17,2026-07-07 04:22:25,1696.4,Delivered,55575.46,37967.05
SHP_0001135,ORD_0001135,VEH_0009,DRV_0006,2025-12-07 00:18:34,2025-12-31 06:56:03,2025-12-31 04:09:08,2208.9,Delivered,72541.56,2761.13
SHP_0001136,ORD_0001136,VEH_0052,DRV_0075,2026-08-05 23:13:23,2025-11-14 21:57:15,2026-08-06 03:37:22,214.5,Delivered,8993.74,5306.05
SHP_0001137,ORD_0001137,VEH_0017,DRV_0001,2026-01-04 10:28:28,2025-12-18 03:22:57,2025-12-18 14:11:38,2364.9,Delivered,77888.0,52928.71
SHP_0001138,ORD_0001138,VEH_0043,DRV_0097,2025-12-02 13:19:44,2025-11-21 02:24:26,2025-12-04 10:58:41,2355.1,Delivered,77392.05,2943.88
SHP_0001139,ORD_0001139,VEH_0021,DRV_0009,2026-04-05 15:33:16,2025-10-25 21:29:34,2026-04-06 23:31:09,1371.7,Delivered,45382.46,1714.62
SHP_0001140,ORD_0001140,VEH_0010,DRV_0090,2025-11-07 16:35:52,2025-11-08 16:19:33,2025-11-08 15:00:49,2384.5,Delivered,83698.93,26369.76
SHP_0001141,ORD_0001141,VEH_0019,DRV_0090,2026-06-02 04:24:32,2026-08-29 07:54:36,2026-08-29 06:59:18,527.7,Delivered,23284.69,659.62
SHP_0001142,ORD_0001142,VEH_0025,DRV_0022,2026-01-13 01:54:42,2025-10-04 01:49:45,2025-10-04 14:43:55,684.9,Delivered,25916.04,15328.71
SHP_0001143,ORD_0001143,VEH_0067,DRV_0057,2025-11-10 13:12:26,2025-11-08 12:15:20,2025-11-10 21:03:18,381.7,Delivered,16579.81,6523.6
SHP_0001144,ORD_0001144,VEH_0042,DRV_0090,2025-11-06 02:01:29,2025-11-22 17:24:00,2025-11-22 14:49:57,2132.9,Delivered,69405.28,47736.33
SHP_0001145,ORD_0001145,VEH_0022,DRV_0076,2026-08-18 21:51:33,2026-07-29 15:57:54,2026-08-19 05:58:21,372.5,Delivered,16676.46,6366.36
SHP_0001146,ORD_0001146,VEH_0065,DRV_0046,2026-01-15 13:15:26,2025-12-07 17:53:48,2026-01-17 05:07:48,1937.7,Delivered,69206.77,2422.12
SHP_0001147,ORD_0001147,VEH_0017,DRV_0085,2025-10-07 17:52:46,2026-07-01 11:34:24,2026-07-01 10:00:19,226.9,Delivered,13175.45,5078.24
SHP_0001148,ORD_0001148,VEH_0014,DRV_0069,2025-12-06 17:52:36,2026-07-17 19:45:40,2026-07-17 16:56:17,2269.3,Delivered,76784.8,50789.1
SHP_0001149,ORD_0001149,VEH_0002,DRV_0012,2026-05-17 12:43:08,2026-07-22 11:20:41,2026-07-22 10:16:33,382.2,Delivered,15316.08,9454.42
SHP_0001150,ORD_0001150,VEH_0057,DRV_0006,2026-06-30 09:30:48,2026-01-21 17:01:13,2026-06-30 19:38:04,426.1,Delivered,7773.6,4712.16
SHP_0001151,ORD_0001151,VEH_0010,DRV_0007,2026-06-09 01:17:21,2026-05-16 09:05:24,2026-05-16 14:12:49,211.9,Delivered,13050.95,2343.36
SHP_0001152,ORD_0001152,VEH_0006,DRV_0054,2026-05-18 16:07:36,2026-06-01 07:53:01,2026-06-01 06:52:52,1223.8,Delivered,22733.46,27389.81
SHP_0001153,ORD_0001153,VEH_0017,DRV_0051,2026-08-19 10:20:37,2026-02-05 15:09:21,2026-08-20 23:58:31,1686.0,Delivered,59565.46,37734.29
SHP_0001154,ORD_0001154,VEH_0015,DRV_0027,2026-08-17 15:47:32,2026-02-08 06:32:06,2026-08-19 20:23:41,2213.6,Delivered,40523.52,2767.0
SHP_0001155,ORD_0001155,VEH_0045,DRV_0036,2025-11-23 02:06:21,2026-08-07 08:49:44,2026-08-07 05:07:30,2002.5,Delivered,67346.24,44817.86
SHP_0001156,ORD_0001156,VEH_0027,DRV_0033,2026-03-12 23:01:47,2026-04-01 05:15:25,2026-04-01 01:20:44,494.1,Delivered,19387.33,12222.47
SHP_0001157,ORD_0001157,VEH_0080,DRV_0079,2026-03-21 04:06:30,2026-08-13 07:01:37,2026-08-13 04:05:11,550.4,Delivered,21451.24,6086.78
SHP_0001158,ORD_0001158,VEH_0043,DRV_0026,2026-04-11 10:58:11,2026-05-08 11:52:17,2026-05-08 10:28:37,238.9,Delivered,4886.23,298.62
SHP_0001159,ORD_0001159,VEH_0006,DRV_0036,2026-08-23 19:08:49,2026-02-17 23:31:26,2026-08-24 05:41:54,519.9,Delivered,18329.58,11635.86
SHP_0001160,ORD_0001160,VEH_0062,DRV_0095,2026-04-13 07:38:04,2025-10-27 18:32:06,2026-04-14 21:28:17,1958.1,Delivered,65202.96,33465.71
SHP_0001161,ORD_0001161,VEH_0055,DRV_0007,2025-12-25 07:24:19,2026-07-31 19:04:22,2026-07-31 16:21:00,134.7,Delivered,8673.28,3332.05
SHP_0001162,ORD_0001162,VEH_0070,DRV_0097,2026-03-27 05:41:39,2025-12-28 15:19:14,2026-03-27 23:10:15,899.6,Delivered,30857.94,22253.26
SHP_0001163,ORD_0001163,VEH_0009,DRV_0048,2025-12-30 13:58:36,2026-09-16 01:09:33,2026-09-16 00:21:15,432.1,Delivered,16736.78,540.12
SHP_0001164,ORD_0001164,VEH_0067,DRV_0040,2026-06-27 22:34:34,2026-05-26 15:36:34,2026-06-28 11:06:22,642.3,Delivered,24120.51,10977.49
SHP_0001165,ORD_0001165,VEH_0032,DRV_0057,2025-10-13 15:18:59,2025-10-11 14:05:19,2025-10-14 15:29:44,1035.7,Delivered,39760.03,11453.62
SHP_0001166,ORD_0001166,VEH_0018,DRV_0024,2026-06-29 22:59:14,2026-04-07 09:01:29,2026-06-30 02:14:09,155.9,Delivered,8024.73,3489.19
SHP_0001167,ORD_0001167,VEH_0043,DRV_0087,2026-06-09 01:07:14,2026-01-19 02:46:09,2026-06-09 07:22:39,296.4,Delivered,12877.36,370.5
SHP_0001168,ORD_0001168,VEH_0052,DRV_0004,2026-05-28 18:05:05,2026-03-14 23:25:34,2026-05-31 00:40:52,2629.2,Delivered,87998.64,65038.11
SHP_0001169,ORD_0001169,VEH_0010,DRV_0070,2025-10-23 14:00:26,2026-06-08 15:40:34,2026-06-08 13:37:35,1700.1,Delivered,59612.64,18801.11
SHP_0001170,ORD_0001170,VEH_0075,DRV_0075,2026-06-20 07:18:29,2025-12-13 04:26:55,2026-06-20 19:01:31,575.9,Delivered,19652.75,14245.95
SHP_0001171,ORD_0001171,VEH_0030,DRV_0060,2026-06-30 11:49:34,2026-08-17 08:11:13,2026-08-17 04:27:35,1648.4,Delivered,53905.72,36892.76
SHP_0001172,ORD_0001172,VEH_0031,DRV_0012,2026-07-06 14:22:43,2026-05-28 04:58:23,2026-07-06 23:20:05,401.8,Delivered,7461.86,502.25
SHP_0001173,ORD_0001173,VEH_0023,DRV_0009,2026-03-12 07:26:29,2026-06-28 19:28:09,2026-06-28 17:25:55,305.6,Delivered,14359.09,382.0
SHP_0001174,ORD_0001174,VEH_0032,DRV_0007,2026-04-17 20:35:56,2026-05-26 16:01:08,2026-05-26 13:05:27,232.3,Delivered,11645.49,2568.96
SHP_0001175,ORD_0001175,VEH_0035,DRV_0085,2025-10-02 21:07:49,2026-04-02 03:11:19,2026-04-02 19:15:31,1536.0,Delivered,55602.66,37995.79
SHP_0001176,ORD_0001176,VEH_0012,DRV_0043,2026-06-13 07:02:36,2026-02-26 15:48:17,2026-06-13 21:08:25,606.6,Delivered,26319.0,6708.28
SHP_0001177,ORD_0001177,VEH_0005,DRV_0067,2025-10-19 09:03:31,2026-05-22 10:38:40,2026-05-22 07:08:17,1051.3,Delivered,36990.26,1314.12
SHP_0001178,ORD_0001178,VEH_0042,DRV_0097,2026-09-03 17:23:11,2025-11-30 07:43:28,2026-09-04 01:28:57,382.2,Delivered,13536.78,8554.0
SHP_0001179,ORD_0001179,VEH_0070,DRV_0001,2026-03-31 01:47:35,2026-06-15 00:15:24,2026-06-14 23:21:49,145.1,Delivered,9456.17,3589.32
SHP_0001180,ORD_0001180,VEH_0016,DRV_0059,2026-04-24 16:09:27,2025-12-07 19:49:46,2026-04-25 06:07:40,626.9,Delivered,24243.15,15507.53
SHP_0001181,ORD_0001181,VEH_0033,DRV_0043,2026-05-19 19:57:49,2026-06-19 20:55:25,2026-06-19 17:21:39,567.8,Delivered,20617.1,9704.22
SHP_0001182,ORD_0001182,VEH_0028,DRV_0053,2025-11-25 03:24:33,2025-12-11 07:43:52,2025-12-11 03:56:43,352.9,Delivered,18271.35,8729.63
SHP_0001183,ORD_0001183,VEH_0032,DRV_0079,2026-03-07 01:05:57,2026-02-21 17:51:05,2026-03-07 16:36:42,654.5,Delivered,25219.36,7238.0
SHP_0001184,ORD_0001184,VEH_0033,DRV_0065,2026-02-14 10:56:39,2026-02-25 13:36:00,2026-02-25 10:14:49,143.5,Delivered,6906.62,2452.55
SHP_0001185,ORD_0001185,VEH_0016,DRV_0046,2026-08-23 04:10:19,2026-06-23 19:55:19,2026-08-23 09:39:41,235.6,Delivered,12802.74,5828.0
SHP_0001186,ORD_0001186,VEH_0060,DRV_0078,2025-11-19 04:07:03,2026-01-17 13:04:11,2026-01-17 11:08:33,1118.3,Delivered,37269.89,12367.08
SHP_0001187,ORD_0001187,VEH_0007,DRV_0033,2026-09-10 08:47:10,2026-02-23 23:49:13,2026-09-10 22:05:50,623.0,Delivered,26771.54,10647.64
SHP_0001188,ORD_0001188,VEH_0049,DRV_0079,2026-05-09 20:41:54,2026-06-02 11:03:28,2026-06-02 07:14:23,2225.0,Delivered,78448.84,24605.88
SHP_0001189,ORD_0001189,VEH_0072,DRV_0066,2026-02-02 06:12:14,2026-09-23 23:43:58,2026-09-23 21:05:41,2455.1,Delivered,80425.07,27150.52
SHP_0001190,ORD_0001190,VEH_0013,DRV_0042,2026-09-02 09:27:32,2026-01-27 16:56:47,2026-09-02 12:25:29,127.7,Delivered,8012.26,2182.51
SHP_0001191,ORD_0001191,VEH_0060,DRV_0052,2026-01-21 04:05:37,2025-12-01 23:02:39,2026-01-23 05:14:15,2203.1,Delivered,77225.54,24363.69
SHP_0001192,ORD_0001192,VEH_0027,DRV_0067,2026-05-07 19:57:43,2026-06-13 10:21:40,2026-06-13 09:19:41,1870.7,Delivered,65346.37,46275.21
SHP_0001193,ORD_0001193,VEH_0018,DRV_0038,2026-06-18 12:43:24,2025-11-23 04:40:37,2026-06-18 15:56:07,152.1,Delivered,7323.4,3404.14
SHP_0001194,ORD_0001194,VEH_0014,DRV_0080,2026-04-06 22:57:21,2026-04-22 07:35:27,,287.5,Cancelled,13478.0,6434.52
SHP_0001195,ORD_0001195,VEH_0052,DRV_0069,2026-08-13 18:45:13,2025-11-20 12:00:59,2025-11-20 21:20:07,1991.1,Delivered,69541.79,49253.53
SHP_0001196,ORD_0001196,VEH_0038,DRV_0001,2026-02-07 03:04:53,2026-03-26 17:05:26,,2005.8,Cancelled,67416.91,2507.25
SHP_0001197,ORD_0001197,VEH_0013,DRV_0002,2025-12-15 02:24:50,2026-01-12 01:43:09,2026-01-12 00:31:54,1384.9,Delivered,25475.06,23669.2
SHP_0001198,ORD_0001198,VEH_0080,DRV_0096,2025-12-09 10:31:00,2026-02-16 09:24:25,,1050.8,Cancelled,39339.77,11620.61
SHP_0001199,ORD_0001199,VEH_0036,DRV_0058,2026-01-24 13:23:22,2026-05-21 11:49:05,2026-05-21 08:35:20,1550.2,Delivered,28208.84,17143.39
SHP_0001200,ORD_0001200,VEH_0061,DRV_0053,2026-01-31 03:24:59,2026-03-23 04:07:23,,136.0,Cancelled,10161.18,3364.21
SHP_0001201,ORD_0001201,VEH_0031,DRV_0085,2026-07-31 02:43:03,2026-08-06 07:53:30,,2198.4,Cancelled,74530.35,2748.0
SHP_0001202,ORD_0001202,VEH_0001,DRV_0045,2026-08-12 19:59:24,2025-11-04 08:11:40,2026-08-15 01:27:37,2384.9,Delivered,43208.88,58994.89
SHP_0001203,ORD_0001203,VEH_0051,DRV_0007,2026-06-17 14:38:25,2026-09-14 16:12:37,2026-09-14 15:42:03,901.9,Delivered,33505.6,15414.29
SHP_0001204,ORD_0001204,VEH_0032,DRV_0078,2026-01-29 21:01:07,2026-01-06 11:16:01,2026-01-31 17:31:56,2208.5,Delivered,73066.04,24423.41
SHP_0001205,ORD_0001205,VEH_0070,DRV_0071,2026-07-14 12:10:56,2026-06-25 04:12:26,2026-07-15 13:48:46,1142.9,Delivered,42327.36,28271.74
SHP_0001206,ORD_0001206,VEH_0037,DRV_0089,2026-05-24 21:29:05,2026-06-17 12:31:56,2026-06-17 08:59:52,1709.2,Delivered,57109.16,38253.52
SHP_0001207,ORD_0001207,VEH_0065,DRV_0007,2026-03-31 16:45:17,2026-07-09 19:30:02,2026-07-09 17:17:41,228.9,Delivered,11862.75,286.12
SHP_0001208,ORD_0001208,VEH_0012,DRV_0070,2026-06-21 16:21:28,2026-05-08 06:53:11,2026-06-22 11:13:41,974.2,Delivered,17846.18,10773.51
SHP_0001209,ORD_0001209,VEH_0044,DRV_0072,2025-11-08 15:05:01,2025-11-07 16:39:54,2025-11-08 23:57:18,446.0,Delivered,17197.31,9981.9
SHP_0001210,ORD_0001210,VEH_0041,DRV_0029,2026-06-23 07:12:41,2025-11-15 06:53:15,2026-06-24 15:57:58,1468.7,Delivered,50411.2,25101.42
SHP_0001211,ORD_0001211,VEH_0018,DRV_0082,2026-09-01 03:56:39,2026-07-06 01:10:03,2026-07-06 15:03:16,235.6,Delivered,13464.53,5272.95
SHP_0001212,ORD_0001212,VEH_0017,DRV_0053,2026-09-06 01:37:27,2026-08-18 16:03:06,2026-09-07 12:28:47,1536.0,Delivered,51196.43,34377.14
SHP_0001213,ORD_0001213,VEH_0058,DRV_0001,2026-01-25 16:33:06,2025-12-30 07:07:39,2026-01-26 00:59:59,351.9,Delivered,16810.56,7875.86
SHP_0001214,ORD_0001214,VEH_0012,DRV_0083,2025-10-17 20:37:05,2026-01-02 16:33:44,2026-01-02 16:02:03,211.8,Delivered,3878.1,2342.26
SHP_0001215,ORD_0001215,VEH_0019,DRV_0047,2025-10-23 12:00:08,2025-10-06 19:10:09,2025-10-24 21:40:03,1583.6,Delivered,58088.51,1979.5
SHP_0001216,ORD_0001216,VEH_0006,DRV_0007,2025-11-13 07:17:57,2026-07-24 05:22:29,2026-07-24 04:43:27,656.5,Delivered,22744.79,14693.1
SHP_0001217,ORD_0001217,VEH_0006,DRV_0041,2026-08-11 19:21:44,2026-09-22 15:46:38,2026-09-22 13:09:36,326.4,Delivered,12859.44,7305.14
SHP_0001218,ORD_0001218,VEH_0045,DRV_0068,2026-07-06 16:44:41,2025-12-29 05:05:47,2026-07-06 20:02:04,136.5,Delivered,8577.27,3055.0
SHP_0001219,ORD_0001219,VEH_0053,DRV_0049,2025-11-17 14:10:29,2026-03-09 14:15:17,2026-03-09 12:19:32,221.1,Delivered,9859.55,5469.32
SHP_0001220,ORD_0001220,VEH_0003,DRV_0017,2026-06-06 09:30:31,2026-01-31 12:38:32,2026-06-07 01:02:48,627.2,Delivered,23438.88,14037.33
SHP_0001221,ORD_0001221,VEH_0064,DRV_0013,2026-06-21 13:46:50,2025-10-30 13:33:06,2025-10-30 23:44:23,350.7,Delivered,14533.22,8675.21
SHP_0001222,ORD_0001222,VEH_0034,DRV_0094,2026-03-21 13:34:25,2025-12-12 01:39:46,2026-03-22 09:07:15,799.5,Delivered,28033.99,8841.53
SHP_0001223,ORD_0001223,VEH_0074,DRV_0069,2025-10-31 18:51:05,2026-05-18 17:23:37,2026-05-18 13:36:55,1708.3,Delivered,61667.61,42257.95
SHP_0001224,ORD_0001224,VEH_0034,DRV_0081,2025-12-15 10:12:30,2026-05-17 17:37:46,2026-05-17 15:12:55,1640.7,Delivered,56656.71,18144.21
SHP_0001225,ORD_0001225,VEH_0070,DRV_0034,2026-04-04 10:58:20,2026-04-04 16:41:43,2026-04-05 04:47:41,2051.2,Delivered,71234.85,50740.21
SHP_0001226,ORD_0001226,VEH_0028,DRV_0088,2025-11-25 11:49:37,2026-05-25 11:31:11,2026-05-25 08:00:27,519.2,Delivered,22992.16,12843.37
SHP_0001227,ORD_0001227,VEH_0049,DRV_0080,2026-08-13 11:49:42,2025-12-12 19:50:18,2026-08-13 22:09:55,527.8,Delivered,22613.46,5836.85
SHP_0001228,ORD_0001228,VEH_0024,DRV_0003,2026-06-10 20:30:50,2026-06-01 03:14:11,2026-06-12 07:18:34,1458.4,Delivered,53175.2,24925.38
SHP_0001229,ORD_0001229,VEH_0078,DRV_0076,2025-12-22 05:54:19,2025-12-16 14:25:35,,1899.4,Cancelled,62982.94,2374.25
SHP_0001230,ORD_0001230,VEH_0008,DRV_0057,2026-08-24 00:20:21,2026-08-10 07:29:45,2026-08-26 02:40:54,2213.9,Delivered,40483.73,24483.13
SHP_0001231,ORD_0001231,VEH_0056,DRV_0081,2026-01-04 06:09:35,2025-12-28 19:00:30,2026-01-05 12:34:04,1217.7,Delivered,44881.54,1522.13
SHP_0001232,ORD_0001232,VEH_0062,DRV_0004,2025-10-13 21:59:13,2025-12-19 21:33:26,,674.5,Cancelled,26833.73,11527.82
SHP_0001233,ORD_0001233,VEH_0018,DRV_0081,2026-01-30 08:28:31,2026-05-08 05:37:46,2026-05-08 04:59:52,705.9,Delivered,25103.73,15798.71
SHP_0001234,ORD_0001234,VEH_0065,DRV_0022,2026-09-03 01:08:08,2026-07-13 21:01:01,2026-09-04 13:57:07,1869.3,Delivered,64884.06,2336.62
SHP_0001235,ORD_0001235,VEH_0052,DRV_0034,2026-08-09 09:02:16,2026-08-21 05:56:58,2026-08-21 04:27:36,127.7,Delivered,7124.47,3158.89
SHP_0001236,ORD_0001236,VEH_0074,DRV_0070,2026-05-16 18:30:28,2026-05-21 20:27:08,2026-05-21 17:51:31,144.9,Delivered,11576.87,3584.37
SHP_0001237,ORD_0001237,VEH_0077,DRV_0090,2026-01-31 02:48:38,2026-09-23 23:40:58,2026-09-23 20:18:01,2622.5,Delivered,88572.79,44820.91
SHP_0001238,ORD_0001238,VEH_0071,DRV_0075,2026-02-25 17:47:49,2025-12-26 01:23:42,2026-02-26 02:01:00,402.3,Delivered,14805.28,4448.96
SHP_0001239,ORD_0001239,VEH_0056,DRV_0095,2025-10-02 08:36:45,2026-02-07 22:43:51,2026-02-07 21:39:33,1482.1,Delivered,49315.53,1852.62
SHP_0001240,ORD_0001240,VEH_0060,DRV_0096,2026-09-11 04:44:22,2026-04-28 08:54:56,2026-09-13 16:24:58,2604.9,Delivered,84653.97,28807.13
SHP_0001241,ORD_0001241,VEH_0038,DRV_0009,2026-06-09 18:05:46,2025-11-25 04:21:52,2025-11-25 17:22:25,145.1,Delivered,9466.47,181.38
SHP_0001242,ORD_0001242,VEH_0051,DRV_0004,2026-05-12 01:40:28,2026-01-10 17:29:45,2026-05-13 23:03:06,2016.6,Delivered,70138.9,34465.53
SHP_0001243,ORD_0001243,VEH_0020,DRV_0026,2025-10-02 04:11:29,2026-05-12 05:00:34,2026-05-12 20:21:35,2379.2,Delivered,80197.6,40662.69
SHP_0001244,ORD_0001244,VEH_0053,DRV_0036,2026-09-15 14:08:43,2025-11-04 13:04:18,2026-09-15 23:52:00,404.3,Delivered,15359.51,10001.11
SHP_0001245,ORD_0001245,VEH_0068,DRV_0058,2026-03-17 02:14:29,2026-09-12 19:42:44,2026-09-12 17:45:36,129.5,Delivered,6056.98,1432.12
SHP_0001246,ORD_0001246,VEH_0034,DRV_0009,2025-11-11 03:31:10,2026-06-25 22:19:20,2026-06-25 20:10:09,903.5,Delivered,30829.39,9991.65
SHP_0001247,ORD_0001247,VEH_0061,DRV_0006,2026-03-15 03:23:30,2026-08-09 00:09:51,2026-08-08 20:18:36,532.6,Delivered,23884.58,13174.84
SHP_0001248,ORD_0001248,VEH_0043,DRV_0094,2026-04-17 19:15:25,2026-09-09 17:26:46,2026-09-09 15:04:29,702.0,Delivered,29336.55,877.5
SHP_0001249,ORD_0001249,VEH_0077,DRV_0063,2026-03-18 01:19:00,2026-07-22 04:00:18,2026-07-22 00:22:17,2625.5,Delivered,88396.36,44872.18
SHP_0001250,ORD_0001250,VEH_0039,DRV_0041,2026-02-18 14:40:20,2026-08-25 18:19:22,2026-08-25 16:35:03,777.3,Delivered,25697.64,17396.71
SHP_0001251,ORD_0001251,VEH_0033,DRV_0087,2026-04-12 04:40:42,2026-04-13 09:36:00,2026-04-13 06:12:02,1800.4,Delivered,61911.86,30770.47
SHP_0001252,ORD_0001252,VEH_0030,DRV_0012,2026-01-13 16:33:51,2025-11-26 04:41:33,2026-01-14 17:35:38,1131.0,Delivered,40820.58,25312.86
SHP_0001253,ORD_0001253,VEH_0057,DRV_0086,2025-11-29 09:09:35,2026-01-19 10:46:43,2026-01-19 08:45:00,1116.0,Delivered,42045.35,12341.65
SHP_0001254,ORD_0001254,VEH_0065,DRV_0067,2026-06-24 11:33:27,2025-11-16 23:35:53,2025-11-17 11:06:11,2145.4,Delivered,74187.18,2681.75
SHP_0001255,ORD_0001255,VEH_0004,DRV_0095,2026-06-08 22:05:16,2026-04-20 14:49:14,2026-06-10 15:48:19,1807.1,Delivered,59023.52,30884.98
SHP_0001256,ORD_0001256,VEH_0050,DRV_0052,2026-08-26 13:06:29,2026-03-30 04:50:30,,224.3,Cancelled,8753.38,2480.49
SHP_0001257,ORD_0001257,VEH_0065,DRV_0020,2026-09-12 17:34:12,2026-06-09 23:49:00,2026-09-15 03:48:35,2390.0,Delivered,82570.29,2987.5
SHP_0001258,ORD_0001258,VEH_0029,DRV_0084,2025-11-29 01:43:24,2026-02-03 02:33:01,2026-02-03 00:17:29,2386.7,Delivered,83376.32,26394.09
SHP_0001259,ORD_0001259,VEH_0041,DRV_0035,2026-07-02 22:06:42,2026-09-11 09:40:52,2026-09-11 06:59:03,532.0,Delivered,10003.44,9092.36
SHP_0001260,ORD_0001260,VEH_0054,DRV_0064,2026-06-30 20:19:00,2026-09-13 08:40:08,2026-09-13 06:19:56,1945.3,Delivered,66607.79,2431.62
SHP_0001261,ORD_0001261,VEH_0008,DRV_0072,2026-02-14 17:59:31,2026-06-26 22:54:34,2026-06-26 18:57:11,1191.2,Delivered,41976.26,13173.27
SHP_0001262,ORD_0001262,VEH_0020,DRV_0003,2026-04-17 12:08:37,2026-03-03 21:46:42,2026-04-18 01:45:11,679.4,Delivered,23719.83,11611.56
SHP_0001263,ORD_0001263,VEH_0070,DRV_0013,2026-06-03 03:54:27,2025-11-15 08:59:19,2026-06-04 15:35:42,1828.2,Delivered,63023.29,45223.89
SHP_0001264,ORD_0001264,VEH_0052,DRV_0050,2026-08-10 17:37:55,2026-08-28 09:40:16,2026-08-28 07:05:07,1990.0,Delivered,64686.21,49226.32
SHP_0001265,ORD_0001265,VEH_0029,DRV_0036,2025-11-25 17:08:41,2026-03-27 19:58:26,2026-03-27 16:13:12,621.7,Delivered,24316.73,6875.27
SHP_0001266,ORD_0001266,VEH_0053,DRV_0067,2026-03-13 04:13:28,2026-05-26 17:59:51,2026-05-26 14:00:34,2067.6,Delivered,68536.62,51145.89
SHP_0001267,ORD_0001267,VEH_0013,DRV_0042,2026-07-25 04:32:17,2026-06-27 20:02:27,2026-07-25 05:02:32,25.0,Delivered,6348.8,427.27
SHP_0001268,ORD_0001268,VEH_0067,DRV_0036,2026-05-28 17:31:31,2026-06-21 02:20:28,2026-06-21 01:41:04,398.7,Delivered,16695.81,6814.15
SHP_0001269,ORD_0001269,VEH_0020,DRV_0030,2025-10-20 18:31:34,2025-12-23 01:17:34,2025-12-22 21:48:54,147.9,Delivered,11391.36,2527.75
SHP_0001270,ORD_0001270,VEH_0057,DRV_0058,2026-04-26 01:49:20,2026-03-24 23:37:17,2026-04-26 23:53:42,1049.2,Delivered,40582.55,11602.92
SHP_0001271,ORD_0001271,VEH_0038,DRV_0004,2026-01-11 02:18:20,2026-01-28 16:59:55,2026-01-28 13:37:51,2355.0,Delivered,79204.3,2943.75
SHP_0001272,ORD_0001272,VEH_0027,DRV_0016,2026-02-01 17:35:25,2026-01-26 13:33:06,2026-02-03 08:36:29,1591.8,Delivered,51950.53,39376.11
SHP_0001273,ORD_0001273,VEH_0005,DRV_0018,2026-03-02 13:51:32,2026-09-22 12:17:52,,2460.9,Cancelled,79534.93,3076.13
SHP_0001274,ORD_0001274,VEH_0048,DRV_0009,2025-12-27 19:44:20,2026-02-22 03:12:46,2026-02-22 01:49:22,1105.6,Delivered,42848.69,27349.05
SHP_0001275,ORD_0001275,VEH_0050,DRV_0023,2026-08-05 09:51:35,2026-08-09 22:09:37,2026-08-09 19:26:51,2117.4,Delivered,70008.09,23415.95
SHP_0001276,ORD_0001276,VEH_0044,DRV_0002,2026-05-25 14:39:57,2026-06-13 07:01:04,2026-06-13 06:14:55,1250.6,Delivered,47008.58,27989.62
SHP_0001277,ORD_0001277,VEH_0062,DRV_0050,2025-11-08 04:11:42,2026-05-09 10:21:39,2026-05-09 21:36:33,619.6,Delivered,26511.83,10589.53
SHP_0001278,ORD_0001278,VEH_0031,DRV_0026,2026-07-07 00:00:30,2026-08-15 16:10:20,2026-08-15 20:10:23,2053.6,Delivered,70152.6,2567.0
SHP_0001279,ORD_0001279,VEH_0059,DRV_0016,2026-05-05 09:36:22,2026-05-14 12:28:31,2026-05-14 10:31:16,1709.2,Delivered,56100.58,18901.74
SHP_0001280,ORD_0001280,VEH_0017,DRV_0018,2026-08-11 20:25:41,2025-11-24 07:33:39,,362.8,Cancelled,13695.91,8119.81
SHP_0001281,ORD_0001281,VEH_0046,DRV_0080,2026-03-14 04:49:48,2026-05-21 13:47:45,2026-05-22 05:33:21,2379.2,Delivered,81574.21,26311.15
SHP_0001282,ORD_0001282,VEH_0009,DRV_0059,2026-05-28 06:11:00,2026-06-06 17:08:12,2026-06-06 15:22:30,241.9,Delivered,9946.16,302.38
SHP_0001283,ORD_0001283,VEH_0073,DRV_0075,2026-04-08 22:21:11,2026-09-04 05:06:05,2026-09-04 01:26:07,902.8,Delivered,31769.42,15429.67
SHP_0001284,ORD_0001284,VEH_0012,DRV_0039,2026-03-20 02:59:29,2026-02-09 17:02:12,2026-02-10 09:50:14,25.0,Delivered,4446.31,276.47
SHP_0001285,ORD_0001285,VEH_0037,DRV_0088,2026-08-19 17:37:50,2026-07-17 04:23:44,2026-08-20 05:46:05,535.5,Delivered,24476.83,11985.0
SHP_0001286,ORD_0001286,VEH_0011,DRV_0048,2026-01-06 21:45:43,2026-05-14 03:57:54,2026-05-14 00:33:43,1227.7,Delivered,41039.39,30369.42
SHP_0001287,ORD_0001287,VEH_0002,DRV_0038,2026-05-17 16:23:15,2025-11-16 06:15:33,2026-05-17 20:22:52,197.2,Delivered,10189.79,4878.11
SHP_0001288,ORD_0001288,VEH_0069,DRV_0062,2026-04-13 18:46:40,2026-03-18 13:00:00,2026-03-18 17:54:05,1902.9,Delivered,66926.32,2378.63
SHP_0001289,ORD_0001289,VEH_0071,DRV_0059,2026-08-07 11:02:03,2026-01-07 19:45:26,2026-08-07 11:34:49,25.0,Delivered,5535.9,276.47
SHP_0001290,ORD_0001290,VEH_0075,DRV_0085,2026-05-01 11:59:32,2026-01-27 23:04:33,2026-05-01 20:18:02,408.2,Delivered,16113.28,10097.58
SHP_0001291,ORD_0001291,VEH_0043,DRV_0090,2025-10-21 17:58:02,2026-07-03 08:22:39,2026-07-03 04:58:10,230.3,Delivered,8757.19,287.88
SHP_0001292,ORD_0001292,VEH_0076,DRV_0073,2025-10-14 22:38:57,2025-11-10 08:07:56,2025-11-10 23:49:15,1871.7,Delivered,62962.61,2339.62
SHP_0001293,ORD_0001293,VEH_0017,DRV_0024,2025-10-15 06:39:03,2026-08-27 13:18:36,2026-08-27 21:02:36,267.9,Delivered,9600.12,5995.86
SHP_0001294,ORD_0001294,VEH_0013,DRV_0025,2026-01-08 03:28:14,2026-07-17 05:28:07,2026-07-17 04:19:59,1482.1,Delivered,53114.16,25330.44
SHP_0001295,ORD_0001295,VEH_0024,DRV_0065,2026-06-21 12:57:07,2025-12-04 02:18:35,2026-06-22 12:07:28,1093.1,Delivered,41429.0,18682.07
SHP_0001296,ORD_0001296,VEH_0032,DRV_0056,2026-07-17 06:33:00,2025-12-09 01:08:39,2026-07-17 09:19:03,127.7,Delivered,6095.77,1412.21
SHP_0001297,ORD_0001297,VEH_0012,DRV_0043,2026-08-19 06:11:47,2026-06-15 17:03:41,2026-08-19 06:43:16,25.0,Delivered,5464.86,276.47
SHP_0001298,ORD_0001298,VEH_0066,DRV_0008,2025-12-01 00:14:16,2026-05-07 16:57:58,2026-05-07 15:24:56,25.0,Delivered,3727.48,276.47
SHP_0001299,ORD_0001299,VEH_0051,DRV_0056,2026-09-06 19:37:37,2025-12-27 19:26:00,2026-09-07 20:44:40,1260.6,Delivered,41536.12,21544.8
SHP_0001300,ORD_0001300,VEH_0020,DRV_0038,2026-05-12 15:14:15,2026-06-27 21:50:00,2026-06-27 18:41:27,1648.0,Delivered,59341.58,28165.82
SHP_0001301,ORD_0001301,VEH_0071,DRV_0029,2026-09-01 01:00:01,2025-12-01 13:06:38,2026-09-02 09:42:40,1441.4,Delivered,50933.04,15940.19
SHP_0001302,ORD_0001302,VEH_0073,DRV_0061,2025-11-09 02:06:35,2026-04-14 23:29:49,2026-04-14 20:52:02,1105.6,Delivered,38478.15,18895.71
SHP_0001303,ORD_0001303,VEH_0026,DRV_0089,2025-11-02 02:16:21,2025-11-03 11:10:03,2025-11-03 13:02:57,1969.1,Delivered,70108.91,44070.33
SHP_0001304,ORD_0001304,VEH_0071,DRV_0092,2025-11-06 17:52:38,2025-10-26 03:25:35,2025-11-07 08:34:38,617.3,Delivered,11144.9,6826.61
SHP_0001305,ORD_0001305,VEH_0051,DRV_0024,2026-05-18 16:41:25,2025-11-20 01:03:26,2026-05-21 08:05:26,2629.2,Delivered,90013.2,44935.42
SHP_0001306,ORD_0001306,VEH_0075,DRV_0076,2026-08-13 15:29:59,2026-03-03 04:12:16,2026-08-15 18:14:02,2209.9,Delivered,72257.54,54665.95
SHP_0001307,ORD_0001307,VEH_0073,DRV_0059,2026-03-10 07:51:19,2026-04-18 04:14:54,2026-04-18 00:17:05,2621.8,Delivered,85261.48,44808.95
SHP_0001308,ORD_0001308,VEH_0074,DRV_0004,2025-11-10 10:20:17,2026-09-13 16:17:25,,1819.7,Cancelled,59065.11,45013.63
SHP_0001309,ORD_0001309,VEH_0028,DRV_0061,2025-12-15 09:49:23,2026-05-11 18:39:50,2026-05-11 16:28:37,1950.6,Delivered,68077.56,48251.68
SHP_0001310,ORD_0001310,VEH_0010,DRV_0056,2026-08-06 07:50:19,2026-01-19 08:13:20,2026-08-08 18:10:28,2403.7,Delivered,81144.85,26582.09
SHP_0001311,ORD_0001311,VEH_0040,DRV_0084,2026-06-15 05:58:51,2025-11-12 16:08:46,2026-06-15 23:50:46,923.7,Delivered,34887.11,22849.42
SHP_0001312,ORD_0001312,VEH_0080,DRV_0078,2026-04-30 01:43:58,2026-08-19 19:30:29,,25.0,Cancelled,3833.27,276.47
SHP_0001313,ORD_0001313,VEH_0027,DRV_0041,2026-01-26 03:16:32,2026-08-26 22:23:14,2026-08-26 19:27:12,908.1,Delivered,36068.42,22463.53
SHP_0001314,ORD_0001314,VEH_0013,DRV_0090,2026-02-26 05:04:12,2026-04-08 23:08:45,2026-04-08 22:14:24,1482.1,Delivered,54333.29,25330.44
SHP_0001315,ORD_0001315,VEH_0021,DRV_0067,2025-11-22 07:45:14,2025-11-09 15:45:03,2025-11-23 08:51:14,1097.2,Delivered,19874.24,1371.5
SHP_0001316,ORD_0001316,VEH_0056,DRV_0061,2026-06-28 13:22:40,2026-03-29 03:49:14,2026-06-29 04:02:48,639.4,Delivered,24096.69,799.25
SHP_0001317,ORD_0001317,VEH_0049,DRV_0016,2026-06-05 05:29:16,2026-05-26 06:36:28,2026-06-05 19:48:19,667.9,Delivered,12306.4,7386.19
SHP_0001318,ORD_0001318,VEH_0056,DRV_0085,2026-02-08 00:14:20,2026-02-15 20:42:02,2026-02-16 07:14:25,908.1,Delivered,16966.56,1135.12
SHP_0001319,ORD_0001319,VEH_0009,DRV_0091,2025-11-23 16:46:46,2025-12-09 00:10:13,2025-12-08 21:12:13,226.9,Delivered,4649.86,283.62
SHP_0001320,ORD_0001320,VEH_0076,DRV_0081,2025-12-25 13:32:40,2026-03-18 03:04:31,,1118.2,Cancelled,42904.83,1397.75
SHP_0001321,ORD_0001321,VEH_0058,DRV_0082,2026-04-14 20:18:55,2026-02-13 06:18:28,2026-04-14 20:48:20,25.0,Delivered,3532.37,559.52
SHP_0001322,ORD_0001322,VEH_0036,DRV_0015,2026-06-15 09:42:57,2026-03-11 01:05:05,2026-03-11 16:05:18,2150.5,Delivered,72390.65,23782.0
SHP_0001323,ORD_0001323,VEH_0053,DRV_0070,2026-09-06 08:00:20,2026-01-12 05:34:30,2026-09-06 16:26:34,408.4,Delivered,19129.58,10102.53
SHP_0001324,ORD_0001324,VEH_0021,DRV_0018,2026-07-07 09:05:55,2025-11-25 02:20:10,2026-07-08 04:19:36,770.9,Delivered,26112.53,963.62
SHP_0001325,ORD_0001325,VEH_0005,DRV_0001,2026-02-16 17:17:18,2025-10-07 23:46:33,,253.9,Cancelled,12071.28,317.38
SHP_0001326,ORD_0001326,VEH_0004,DRV_0100,2025-11-09 06:03:07,2026-01-15 06:32:01,2026-01-15 03:18:16,663.0,Delivered,27890.62,11331.27
SHP_0001327,ORD_0001327,VEH_0047,DRV_0063,2026-03-19 08:16:49,2026-07-26 04:57:26,2026-07-26 18:59:01,25.0,Delivered,510.39,427.27
SHP_0001328,ORD_0001328,VEH_0032,DRV_0039,2026-05-30 06:42:00,2026-09-28 01:03:20,2026-09-27 21:53:56,640.1,Delivered,22736.07,7078.75
SHP_0001329,ORD_0001329,VEH_0023,DRV_0011,2026-07-12 08:13:52,2026-06-15 00:43:13,2026-07-13 01:07:35,771.0,Delivered,28079.62,963.75
SHP_0001330,ORD_0001330,VEH_0075,DRV_0099,2025-10-10 09:13:57,2025-12-27 00:03:54,2025-12-26 22:47:18,151.8,Delivered,9677.24,3755.05
SHP_0001331,ORD_0001331,VEH_0043,DRV_0071,2026-07-07 12:56:10,2026-09-18 17:10:54,2026-09-18 14:57:23,664.1,Delivered,23050.1,830.12
SHP_0001332,ORD_0001332,VEH_0056,DRV_0073,2026-09-13 06:26:16,2026-01-28 12:46:07,2026-09-13 07:03:32,25.0,Delivered,2201.74,31.25
SHP_0001333,ORD_0001333,VEH_0035,DRV_0048,2026-02-06 12:08:32,2026-08-11 06:27:29,2026-08-11 14:32:34,1491.4,Delivered,27211.59,36892.53
SHP_0001334,ORD_0001334,VEH_0003,DRV_0066,2026-05-03 00:47:14,2026-09-27 15:04:18,2026-09-27 13:10:37,217.8,Delivered,11378.93,4874.57
SHP_0001335,ORD_0001335,VEH_0002,DRV_0069,2026-04-12 11:21:23,2026-05-29 06:33:20,2026-05-29 03:27:07,2209.9,Delivered,76521.51,54665.95
SHP_0001336,ORD_0001336,VEH_0044,DRV_0032,2026-07-03 07:43:14,2025-12-24 10:42:04,2026-07-03 13:28:12,230.3,Delivered,4748.28,5154.33
SHP_0001337,ORD_0001337,VEH_0021,DRV_0036,2026-08-20 15:17:13,2026-03-29 19:52:21,2026-08-20 17:50:36,131.6,Delivered,7094.35,164.5
SHP_0001338,ORD_0001338,VEH_0069,DRV_0018,2025-12-10 03:42:33,2026-06-14 21:07:20,2026-06-14 19:38:38,25.0,Delivered,2985.5,31.25
SHP_0001339,ORD_0001339,VEH_0077,DRV_0018,2026-03-21 16:28:28,2026-03-21 22:09:33,2026-03-22 01:05:42,1598.8,Delivered,55663.5,27324.95
SHP_0001340,ORD_0001340,VEH_0051,DRV_0029,2025-12-21 07:58:12,2026-02-18 22:45:46,2026-02-18 19:37:57,917.5,Delivered,32230.22,15680.91
SHP_0001341,ORD_0001341,VEH_0054,DRV_0013,2026-08-15 17:45:26,2026-08-25 13:36:43,2026-08-26 00:37:24,1093.1,Delivered,38967.89,1366.37
SHP_0001342,ORD_0001342,VEH_0044,DRV_0056,2025-10-23 06:36:22,2026-05-31 08:24:58,2026-05-31 04:58:13,354.9,Delivered,6854.47,7943.0
SHP_0001343,ORD_0001343,VEH_0080,DRV_0019,2026-05-21 14:45:41,2026-01-20 18:00:24,2026-05-23 16:19:21,2020.5,Delivered,67312.17,22344.35
SHP_0001344,ORD_0001344,VEH_0049,DRV_0038,2026-07-31 09:03:06,2026-07-19 00:48:47,2026-08-01 06:05:04,1084.2,Delivered,38211.42,11989.98
SHP_0001345,ORD_0001345,VEH_0055,DRV_0054,2025-11-10 07:45:32,2026-05-30 09:21:24,2026-05-30 07:39:02,1092.6,Delivered,39571.45,27027.47
SHP_0001346,ORD_0001346,VEH_0062,DRV_0071,2026-05-03 18:10:03,2026-09-15 21:53:59,2026-09-15 18:36:35,1144.1,Delivered,40928.71,19553.71
SHP_0001347,ORD_0001347,VEH_0062,DRV_0081,2026-06-21 17:29:19,2025-11-23 04:10:53,2026-06-21 23:27:56,287.5,Delivered,13896.6,4913.64
SHP_0001348,ORD_0001348,VEH_0066,DRV_0048,2026-08-14 16:51:41,2025-11-21 06:48:40,2026-08-16 12:48:23,2066.7,Delivered,67172.43,22855.27
SHP_0001349,ORD_0001349,VEH_0069,DRV_0073,2026-08-19 04:59:46,2026-02-03 04:16:41,2026-08-21 17:47:18,2460.9,Delivered,80587.38,3076.13
SHP_0001350,ORD_0001350,VEH_0069,DRV_0092,2026-02-25 08:00:11,2025-11-27 16:44:17,2026-02-25 18:33:26,465.8,Delivered,18673.63,582.25
SHP_0001351,ORD_0001351,VEH_0036,DRV_0086,2026-04-22 05:10:05,2026-03-14 00:59:53,2026-04-24 07:44:58,2066.7,Delivered,72851.08,22855.27
SHP_0001352,ORD_0001352,VEH_0063,DRV_0024,2026-09-04 06:26:35,2026-03-05 19:17:32,2026-09-05 20:00:35,1697.0,Delivered,60880.56,37980.48
SHP_0001353,ORD_0001353,VEH_0066,DRV_0038,2026-04-01 00:03:13,2026-08-24 01:15:28,,1449.5,Cancelled,49280.11,16029.76
SHP_0001354,ORD_0001354,VEH_0053,DRV_0075,2026-01-27 20:40:34,2026-08-13 13:00:12,2026-08-13 11:21:32,224.3,Delivered,8082.6,5548.47
SHP_0001355,ORD_0001355,VEH_0077,DRV_0030,2026-03-23 11:54:11,2025-11-26 12:05:24,2026-03-24 07:44:07,806.2,Delivered,26748.82,13778.69
SHP_0001356,ORD_0001356,VEH_0001,DRV_0024,2026-01-25 15:55:31,2026-06-24 07:48:20,2026-06-24 04:10:49,273.0,Delivered,13053.74,6753.16
SHP_0001357,ORD_0001357,VEH_0048,DRV_0015,2026-04-10 03:46:32,2026-08-31 04:56:05,2026-08-31 02:08:26,1951.3,Delivered,69272.18,48269.0
SHP_0001358,ORD_0001358,VEH_0032,DRV_0025,2026-06-22 01:45:27,2025-12-30 16:03:27,2026-06-22 16:56:47,704.1,Delivered,25928.72,7786.52
SHP_0001359,ORD_0001359,VEH_0053,DRV_0081,2026-07-25 04:09:50,2026-07-04 09:53:40,2026-07-26 20:40:41,1651.7,Delivered,56517.72,40857.84
SHP_0001360,ORD_0001360,VEH_0067,DRV_0038,2025-11-28 14:29:54,2025-12-20 12:37:52,2025-12-20 10:46:27,1009.8,Delivered,38267.53,17258.4
SHP_0001361,ORD_0001361,VEH_0070,DRV_0078,2026-02-25 17:05:05,2025-12-20 11:33:36,2026-02-26 22:15:01,1241.0,Delivered,44780.68,30698.42
SHP_0001362,ORD_0001362,VEH_0004,DRV_0072,2026-09-11 16:53:29,2025-10-05 01:00:38,2026-09-12 05:06:29,582.5,Delivered,25520.41,9955.45
SHP_0001363,ORD_0001363,VEH_0001,DRV_0010,2026-05-07 16:56:33,2026-09-04 23:41:59,2026-09-04 21:49:46,621.7,Delivered,26398.54,15378.89
SHP_0001364,ORD_0001364,VEH_0005,DRV_0037,2025-12-23 21:21:15,2026-07-07 10:28:24,,1118.2,Cancelled,42366.08,1397.75
SHP_0001365,ORD_0001365,VEH_0025,DRV_0067,2026-02-09 18:44:11,2025-10-26 20:32:35,2025-10-27 06:32:29,345.2,Delivered,17748.91,7725.9
SHP_0001366,ORD_0001366,VEH_0049,DRV_0037,2025-11-09 18:50:32,2026-02-04 05:03:29,2026-02-04 01:42:12,390.2,Delivered,17281.19,4315.15
SHP_0001367,ORD_0001367,VEH_0072,DRV_0083,2026-06-12 22:47:09,2025-11-05 16:45:15,2026-06-13 09:56:41,527.8,Delivered,20360.63,5836.85
SHP_0001368,ORD_0001368,VEH_0057,DRV_0046,2025-11-13 13:46:25,2026-04-20 06:08:34,2026-04-20 04:56:10,794.7,Delivered,32763.71,8788.45
SHP_0001369,ORD_0001369,VEH_0070,DRV_0009,2026-04-27 00:59:06,2025-10-28 13:15:50,2026-04-27 10:40:53,392.7,Delivered,7282.14,9714.16
SHP_0001370,ORD_0001370,VEH_0050,DRV_0052,2026-07-26 23:40:21,2026-01-07 14:55:04,2026-01-08 07:21:26,1117.4,Delivered,40678.84,12357.13
SHP_0001371,ORD_0001371,VEH_0001,DRV_0100,2026-03-15 20:02:35,2025-10-20 12:19:10,2026-03-16 21:11:29,1105.6,Delivered,42347.13,27349.05
SHP_0001372,ORD_0001372,VEH_0008,DRV_0022,2025-12-25 22:24:07,2025-12-11 12:25:50,2025-12-26 09:07:40,478.5,Delivered,21395.96,5291.65
SHP_0001373,ORD_0001373,VEH_0017,DRV_0093,2025-10-03 18:19:12,2026-01-03 18:13:27,2026-01-03 15:02:41,525.6,Delivered,23879.7,11763.43
SHP_0001374,ORD_0001374,VEH_0065,DRV_0038,2026-07-17 18:26:35,2026-08-27 05:55:39,,647.2,Cancelled,24131.14,809.0
SHP_0001375,ORD_0001375,VEH_0010,DRV_0007,2025-10-24 15:57:18,2026-04-07 23:41:23,2026-04-07 22:12:52,2016.6,Delivered,70383.6,22301.22
SHP_0001376,ORD_0001376,VEH_0058,DRV_0061,2026-06-13 11:46:02,2026-01-25 02:01:43,2026-06-15 04:51:20,2081.6,Delivered,69229.15,46588.19
SHP_0001377,ORD_0001377,VEH_0059,DRV_0053,2026-05-25 14:08:58,2026-06-22 08:49:04,2026-06-22 05:47:09,537.2,Delivered,19928.03,5940.8
SHP_0001378,ORD_0001378,VEH_0018,DRV_0087,2025-11-28 21:29:43,2025-12-18 13:25:23,2025-12-18 12:14:10,1320.4,Delivered,47604.16,29551.81
SHP_0001379,ORD_0001379,VEH_0003,DRV_0047,2026-01-03 11:37:57,2026-07-01 08:03:49,,2345.8,Cancelled,80768.11,52501.24
SHP_0001380,ORD_0001380,VEH_0013,DRV_0006,2025-11-14 01:54:50,2026-03-17 12:00:23,2026-03-17 08:19:22,2210.8,Delivered,75550.73,37784.58
SHP_0001381,ORD_0001381,VEH_0077,DRV_0059,2026-06-17 18:31:56,2026-04-16 08:52:44,2026-06-17 19:05:25,25.0,Delivered,6184.1,427.27
SHP_0001382,ORD_0001382,VEH_0012,DRV_0033,2025-11-11 14:20:44,2026-04-15 06:50:23,2026-04-15 03:51:06,1390.1,Delivered,48985.31,15372.87
SHP_0001383,ORD_0001383,VEH_0018,DRV_0085,2026-09-06 04:08:44,2026-03-02 07:18:46,2026-09-07 21:44:56,2003.0,Delivered,65266.78,44829.05
SHP_0001384,ORD_0001384,VEH_0006,DRV_0005,2026-07-07 15:02:16,2026-04-30 02:29:17,2026-07-07 20:47:00,289.0,Delivered,10498.85,6468.1
SHP_0001385,ORD_0001385,VEH_0044,DRV_0036,2026-02-01 20:14:26,2026-06-18 13:04:38,2026-06-18 09:30:22,1049.2,Delivered,39499.36,23482.1
SHP_0001386,ORD_0001386,VEH_0049,DRV_0077,2026-02-02 03:42:24,2026-07-15 01:24:12,2026-07-15 00:12:03,2352.5,Delivered,82692.67,26015.88
SHP_0001387,ORD_0001387,VEH_0001,DRV_0040,2025-12-30 23:28:17,2025-10-23 17:59:52,2025-12-31 00:00:09,25.0,Delivered,5265.12,618.42
SHP_0001388,ORD_0001388,VEH_0080,DRV_0095,2026-05-21 18:49:18,2026-02-11 08:48:35,2026-05-24 01:09:23,2355.1,Delivered,81969.41,26044.64
SHP_0001389,ORD_0001389,VEH_0018,DRV_0018,2026-06-07 08:50:50,2026-03-16 16:00:27,2026-06-07 10:56:05,102.8,Delivered,7294.42,2300.76
SHP_0001390,ORD_0001390,VEH_0010,DRV_0012,2025-10-02 03:28:30,2026-08-03 15:28:47,2026-08-03 13:03:36,2499.4,Delivered,83417.42,27640.42
SHP_0001391,ORD_0001391,VEH_0013,DRV_0072,2026-03-23 16:36:22,2026-01-07 09:11:47,2026-01-07 15:47:08,2025.6,Delivered,66342.61,34619.35
SHP_0001392,ORD_0001392,VEH_0062,DRV_0089,2026-07-10 16:54:55,2026-04-05 06:27:00,2026-07-12 22:27:25,2612.9,Delivered,47250.98,44656.84
SHP_0001393,ORD_0001393,VEH_0004,DRV_0012,2026-04-30 08:02:51,2026-04-27 23:11:22,2026-05-01 12:38:48,1472.8,Delivered,48903.31,25171.49
SHP_0001394,ORD_0001394,VEH_0073,DRV_0090,2026-03-22 03:31:37,2026-09-27 00:52:55,2026-09-26 22:59:32,478.5,Delivered,18555.61,8178.0
SHP_0001395,ORD_0001395,VEH_0075,DRV_0075,2026-04-27 13:36:36,2025-12-07 12:29:52,,294.6,Cancelled,16117.46,7287.47
SHP_0001396,ORD_0001396,VEH_0049,DRV_0038,2026-03-18 04:09:14,2025-11-14 06:45:48,2026-03-19 13:51:58,1486.6,Delivered,51059.21,16440.05
SHP_0001397,ORD_0001397,VEH_0050,DRV_0043,2026-01-21 17:22:01,2025-10-12 17:38:27,2026-01-22 05:55:30,641.6,Delivered,27590.31,7095.34
SHP_0001398,ORD_0001398,VEH_0068,DRV_0055,2026-03-21 02:43:39,2026-09-04 06:31:56,2026-09-04 04:46:07,1593.2,Delivered,54991.68,17618.92
SHP_0001399,ORD_0001399,VEH_0060,DRV_0007,2026-03-23 10:35:27,2026-05-26 15:27:30,2026-05-26 12:14:58,1697.8,Delivered,55689.15,18775.67
SHP_0001400,ORD_0001400,VEH_0064,DRV_0036,2026-06-07 17:06:44,2025-11-20 04:05:23,2026-06-08 06:43:44,688.0,Delivered,12485.91,17018.95
SHP_0001401,ORD_0001401,VEH_0003,DRV_0050,2026-05-23 13:25:51,2026-02-13 18:42:44,2026-02-14 09:07:22,298.6,Delivered,10975.37,6682.95
SHP_0001402,ORD_0001402,VEH_0058,DRV_0047,2026-03-14 04:14:18,2025-11-23 13:55:47,2026-03-14 18:09:29,688.0,Delivered,26901.11,15398.1
SHP_0001403,ORD_0001403,VEH_0077,DRV_0048,2026-07-23 23:28:38,2026-08-14 05:03:58,2026-08-14 01:23:13,1692.6,Delivered,60214.47,28928.07
SHP_0001404,ORD_0001404,VEH_0009,DRV_0036,2026-01-07 01:08:32,2026-02-28 18:52:37,2026-02-28 16:27:20,1541.2,Delivered,54164.01,1926.5
SHP_0001405,ORD_0001405,VEH_0030,DRV_0085,2026-04-15 13:50:19,2026-02-17 05:29:15,2026-04-17 04:57:12,1805.9,Delivered,64333.54,40417.76
SHP_0001406,ORD_0001406,VEH_0059,DRV_0061,2026-01-25 03:04:45,2026-09-01 13:43:10,2026-09-01 09:59:04,2209.9,Delivered,73655.9,24438.89
SHP_0001407,ORD_0001407,VEH_0039,DRV_0032,2026-05-06 14:35:29,2026-01-07 08:20:44,2026-05-08 16:00:24,2500.7,Delivered,86054.35,55968.05
SHP_0001408,ORD_0001408,VEH_0023,DRV_0069,2025-10-23 20:31:25,2025-10-15 21:21:18,2025-10-24 19:12:20,1115.0,Delivered,38075.5,1393.75
SHP_0001409,ORD_0001409,VEH_0063,DRV_0019,2026-05-09 01:09:21,2025-12-18 09:29:15,2026-05-09 06:19:52,264.0,Delivered,14137.38,5908.57
SHP_0001410,ORD_0001410,VEH_0015,DRV_0046,2026-03-13 11:11:26,2026-06-04 03:58:46,2026-06-04 16:59:00,2038.4,Delivered,36908.45,2548.0
SHP_0001411,ORD_0001411,VEH_0034,DRV_0099,2026-09-09 08:40:33,2026-06-15 11:17:57,2026-09-09 16:08:14,348.8,Delivered,13739.2,3857.32
SHP_0001412,ORD_0001412,VEH_0074,DRV_0004,2025-11-08 18:39:36,2026-08-31 14:58:01,2026-08-31 13:03:47,1141.9,Delivered,41953.26,28247.0
SHP_0001413,ORD_0001413,VEH_0047,DRV_0064,2026-06-17 01:49:23,2025-11-28 22:44:25,2026-06-17 12:27:02,532.3,Delivered,18409.89,9097.49
SHP_0001414,ORD_0001414,VEH_0075,DRV_0030,2026-08-06 17:03:36,2026-02-10 20:18:43,2026-02-11 08:47:37,134.7,Delivered,11636.46,3332.05
SHP_0001415,ORD_0001415,VEH_0054,DRV_0059,2026-03-11 23:57:58,2026-07-22 06:41:29,2026-07-22 04:50:34,129.5,Delivered,11072.77,161.88
SHP_0001416,ORD_0001416,VEH_0033,DRV_0013,2026-07-23 19:57:20,2026-06-19 13:29:19,2026-07-24 09:38:18,625.4,Delivered,25407.2,10688.65
SHP_0001417,ORD_0001417,VEH_0056,DRV_0031,2025-10-23 16:23:48,2026-08-02 15:50:06,2026-08-02 12:06:17,773.3,Delivered,29407.51,966.62
SHP_0001418,ORD_0001418,VEH_0019,DRV_0017,2026-02-05 22:22:01,2026-03-20 01:36:07,2026-03-19 23:38:10,202.7,Delivered,3895.15,253.38
SHP_0001419,ORD_0001419,VEH_0040,DRV_0065,2026-04-24 22:54:36,2025-12-08 13:16:18,2026-04-26 09:59:04,1493.6,Delivered,54004.1,36946.95
SHP_0001420,ORD_0001420,VEH_0031,DRV_0014,2026-08-30 07:50:50,2025-11-28 07:03:04,2025-11-28 14:31:16,287.5,Delivered,11948.92,359.38
SHP_0001421,ORD_0001421,VEH_0011,DRV_0067,2025-10-10 05:20:13,2025-12-12 12:20:13,2025-12-12 10:47:24,96.8,Delivered,5295.76,2394.53
SHP_0001422,ORD_0001422,VEH_0016,DRV_0087,2025-11-30 15:42:15,2025-12-29 17:08:03,2025-12-29 15:12:23,2145.4,Delivered,73552.64,53070.42
SHP_0001423,ORD_0001423,VEH_0021,DRV_0066,2026-02-09 15:19:07,2026-06-20 23:08:29,2026-06-20 20:14:34,1583.6,Delivered,56542.79,1979.5
SHP_0001424,ORD_0001424,VEH_0042,DRV_0057,2026-05-19 06:49:38,2026-07-15 02:01:44,2026-07-14 22:48:21,1527.0,Delivered,50042.01,34175.71
SHP_0001425,ORD_0001425,VEH_0011,DRV_0048,2026-01-22 04:50:33,2025-11-24 02:50:04,2025-11-24 08:51:30,351.7,Delivered,14571.6,8699.95
SHP_0001426,ORD_0001426,VEH_0040,DRV_0082,2026-04-10 17:19:38,2025-11-21 23:51:15,2025-11-22 11:09:45,535.5,Delivered,18968.53,13246.58
SHP_0001427,ORD_0001427,VEH_0059,DRV_0087,2026-07-06 21:26:43,2025-10-21 01:50:38,2026-07-06 23:36:48,107.0,Delivered,7959.6,1183.29
SHP_0001428,ORD_0001428,VEH_0010,DRV_0007,2026-08-19 04:12:03,2026-08-05 04:42:02,2026-08-19 09:13:45,231.6,Delivered,14076.53,2561.22
SHP_0001429,ORD_0001429,VEH_0023,DRV_0005,2026-06-13 03:25:31,2025-11-10 21:46:06,2026-06-13 08:32:50,214.7,Delivered,8635.36,268.38
SHP_0001430,ORD_0001430,VEH_0012,DRV_0084,2025-10-04 07:30:13,2026-04-25 06:48:36,2026-04-25 05:27:02,1821.6,Delivered,61407.97,20144.75
SHP_0001431,ORD_0001431,VEH_0017,DRV_0011,2026-04-05 23:07:08,2026-04-02 12:32:40,2026-04-07 22:06:47,2213.9,Delivered,74492.04,49549.19
SHP_0001432,ORD_0001432,VEH_0042,DRV_0014,2025-10-11 10:05:58,2026-03-30 06:40:21,2026-03-30 04:19:14,1286.2,Delivered,47693.99,28786.38
SHP_0001433,ORD_0001433,VEH_0051,DRV_0045,2026-02-18 20:18:29,2026-07-23 19:01:21,2026-07-23 16:25:21,1583.6,Delivered,53390.66,27065.16
SHP_0001434,ORD_0001434,VEH_0019,DRV_0055,2026-07-21 00:36:07,2025-11-03 02:10:29,2026-07-22 02:00:24,1152.2,Delivered,37745.51,1440.25
SHP_0001435,ORD_0001435,VEH_0068,DRV_0062,2026-04-10 19:00:44,2026-09-25 09:11:10,2026-09-25 08:31:23,25.0,Delivered,3593.8,276.47
SHP_0001436,ORD_0001436,VEH_0023,DRV_0064,2025-10-27 11:25:49,2026-06-26 12:42:04,2026-06-26 12:11:53,1084.2,Delivered,39699.53,1355.25
SHP_0001437,ORD_0001437,VEH_0066,DRV_0030,2026-05-31 21:29:06,2025-10-30 07:52:46,2026-06-02 06:22:52,1480.1,Delivered,49601.74,16368.16
SHP_0001438,ORD_0001438,VEH_0003,DRV_0028,2026-05-08 07:16:33,2026-01-12 20:30:52,2026-05-08 18:57:23,585.2,Delivered,21556.57,13097.33
SHP_0001439,ORD_0001439,VEH_0045,DRV_0074,2026-07-10 21:33:33,2026-05-01 07:24:31,2026-07-11 08:23:10,521.8,Delivered,18408.69,11678.38
SHP_0001440,ORD_0001440,VEH_0007,DRV_0049,2026-05-21 03:20:06,2025-11-15 17:51:00,2026-05-22 02:45:59,984.4,Delivered,34377.41,16824.29
SHP_0001441,ORD_0001441,VEH_0075,DRV_0099,2025-10-08 17:46:04,2025-12-08 19:23:36,2025-12-08 18:42:22,1016.4,Delivered,36415.69,25142.53
SHP_0001442,ORD_0001442,VEH_0075,DRV_0079,2026-06-12 13:44:08,2026-06-23 17:28:37,2026-06-23 15:52:19,1258.4,Delivered,45723.46,31128.84
SHP_0001443,ORD_0001443,VEH_0080,DRV_0069,2026-03-11 21:54:21,2026-04-11 02:15:32,2026-04-10 22:38:21,25.0,Delivered,6729.59,276.47
SHP_0001444,ORD_0001444,VEH_0026,DRV_0013,2026-01-30 09:53:54,2026-04-12 03:36:42,2026-04-11 23:46:07,276.7,Delivered,15344.24,6192.81
SHP_0001445,ORD_0001445,VEH_0065,DRV_0010,2026-01-27 04:20:49,2026-08-16 14:06:11,2026-08-16 12:51:49,330.7,Delivered,13723.28,413.38
SHP_0001446,ORD_0001446,VEH_0002,DRV_0064,2025-12-04 10:20:33,2026-05-20 10:10:54,2026-05-20 08:27:48,2012.7,Delivered,68385.82,49787.84
SHP_0001447,ORD_0001447,VEH_0079,DRV_0068,2025-11-16 12:54:06,2025-12-08 08:46:33,2025-12-08 05:38:09,25.0,Delivered,2260.94,559.52
SHP_0001448,ORD_0001448,VEH_0065,DRV_0029,2026-07-18 21:30:52,2026-05-24 22:58:55,2026-07-20 21:31:11,2060.0,Delivered,70431.52,2575.0
SHP_0001449,ORD_0001449,VEH_0020,DRV_0019,2026-08-27 03:27:26,2026-05-23 06:12:11,2026-08-29 03:13:20,2224.8,Delivered,72344.76,38023.85
SHP_0001450,ORD_0001450,VEH_0064,DRV_0054,2026-09-06 20:15:36,2025-10-28 16:39:16,2026-09-07 07:26:25,541.2,Delivered,21502.11,13387.58
SHP_0001451,ORD_0001451,VEH_0027,DRV_0093,2026-05-10 17:03:14,2025-12-16 10:00:42,2026-05-12 12:32:31,1759.0,Delivered,59253.54,43512.11
SHP_0001452,ORD_0001452,VEH_0080,DRV_0006,2026-05-20 22:27:03,2026-07-31 13:41:36,2026-07-31 10:52:40,582.5,Delivered,24647.95,6441.76
SHP_0001453,ORD_0001453,VEH_0014,DRV_0059,2026-07-18 17:29:46,2026-04-02 14:02:25,2026-07-20 03:42:18,1482.3,Delivered,51652.93,33175.29
SHP_0001454,ORD_0001454,VEH_0062,DRV_0089,2026-04-01 09:56:41,2026-03-07 09:20:56,2026-04-01 15:16:59,217.8,Delivered,14192.15,3722.4
SHP_0001455,ORD_0001455,VEH_0068,DRV_0093,2026-08-27 04:53:09,2026-09-26 14:11:28,,1697.8,Cancelled,55612.61,18775.67
SHP_0001456,ORD_0001456,VEH_0040,DRV_0038,2025-10-06 07:37:28,2026-06-20 00:16:26,2026-06-19 20:22:19,227.8,Delivered,9636.69,5635.05
SHP_0001457,ORD_0001457,VEH_0040,DRV_0057,2026-08-21 17:04:43,2026-06-18 00:33:17,2026-08-21 22:54:08,235.1,Delivered,9360.34,5815.63
SHP_0001458,ORD_0001458,VEH_0040,DRV_0064,2025-10-03 20:40:19,2026-04-22 14:51:17,2026-04-22 12:11:05,2020.7,Delivered,72085.13,49985.74
SHP_0001459,ORD_0001459,VEH_0023,DRV_0050,2025-11-06 01:00:43,2025-10-18 07:27:25,2025-11-06 14:09:00,656.5,Delivered,27299.27,820.62
SHP_0001460,ORD_0001460,VEH_0031,DRV_0062,2026-05-19 06:39:09,2025-12-21 02:03:44,,2011.4,Cancelled,69985.68,2514.25
SHP_0001461,ORD_0001461,VEH_0073,DRV_0033,2026-02-12 10:45:49,2026-06-17 23:01:25,2026-06-18 14:05:54,2117.4,Delivered,69018.4,36188.29
SHP_0001462,ORD_0001462,VEH_0049,DRV_0055,2026-06-11 15:26:39,2026-08-23 21:31:02,2026-08-23 20:21:35,1714.1,Delivered,55804.94,18955.93
SHP_0001463,ORD_0001463,VEH_0068,DRV_0049,2026-04-02 07:04:58,2026-06-21 22:15:17,2026-06-21 19:11:39,358.2,Delivered,13394.79,3961.27
SHP_0001464,ORD_0001464,VEH_0003,DRV_0058,2026-05-29 14:08:54,2026-08-14 07:00:21,,337.2,Cancelled,12117.33,7546.86
SHP_0001465,ORD_0001465,VEH_0035,DRV_0062,2026-04-21 22:16:17,2026-09-04 04:34:39,2026-09-04 03:12:25,2222.3,Delivered,75866.71,54972.68
SHP_0001466,ORD_0001466,VEH_0071,DRV_0067,2026-03-06 22:36:09,2026-01-22 17:07:33,2026-01-23 04:23:32,2122.9,Delivered,74397.37,23476.78
SHP_0001467,ORD_0001467,VEH_0049,DRV_0067,2026-07-15 00:39:00,2026-05-05 09:02:33,2026-07-15 23:24:24,1034.6,Delivered,40501.9,11441.46
SHP_0001468,ORD_0001468,VEH_0075,DRV_0007,2026-06-07 05:02:01,2026-03-31 08:55:04,2026-06-09 11:05:21,2616.8,Delivered,90138.19,64731.37
SHP_0001469,ORD_0001469,VEH_0054,DRV_0056,2026-03-23 18:35:10,2026-07-24 14:55:07,2026-07-24 22:00:26,356.7,Delivered,18547.72,445.87
SHP_0001470,ORD_0001470,VEH_0027,DRV_0048,2026-09-10 04:01:51,2025-10-10 11:46:44,2026-09-11 05:55:06,1154.9,Delivered,38914.72,28568.58
SHP_0001471,ORD_0001471,VEH_0074,DRV_0030,2026-06-08 12:23:13,2026-09-09 00:27:58,2026-09-08 23:29:28,377.5,Delivered,18900.26,9338.16
SHP_0001472,ORD_0001472,VEH_0058,DRV_0016,2026-04-27 07:06:36,2026-09-19 09:33:06,2026-09-19 13:11:51,1959.2,Delivered,68930.7,43848.76
SHP_0001473,ORD_0001473,VEH_0010,DRV_0081,2026-07-21 04:06:27,2026-05-01 20:25:37,2026-07-23 02:00:33,2224.8,Delivered,76778.62,24603.67
SHP_0001474,ORD_0001474,VEH_0011,DRV_0003,2025-12-15 20:19:50,2026-07-25 11:24:50,2026-07-25 10:25:10,2615.5,Delivered,88730.78,64699.21
SHP_0001475,ORD_0001475,VEH_0019,DRV_0091,2026-07-22 13:10:17,2026-05-25 20:52:42,2026-07-24 08:06:21,2215.5,Delivered,72461.34,2769.38
SHP_0001476,ORD_0001476,VEH_0077,DRV_0034,2025-12-23 11:29:46,2026-03-02 12:40:00,2026-03-02 10:50:43,476.0,Delivered,20837.93,8135.27
SHP_0001477,ORD_0001477,VEH_0007,DRV_0058,2026-02-21 19:03:21,2026-01-02 23:26:52,2026-02-23 18:47:26,1950.6,Delivered,63892.93,33337.53
SHP_0001478,ORD_0001478,VEH_0041,DRV_0090,2026-02-28 10:09:18,2026-03-30 21:20:38,2026-03-30 17:39:38,235.1,Delivered,14199.97,4018.07
SHP_0001479,ORD_0001479,VEH_0037,DRV_0065,2026-05-26 22:44:04,2026-08-15 21:08:28,2026-08-16 04:29:04,1447.2,Delivered,52751.0,32389.71
SHP_0001480,ORD_0001480,VEH_0061,DRV_0037,2026-01-01 21:43:58,2026-08-05 16:33:29,2026-08-05 15:58:45,1585.3,Delivered,56379.62,39215.32
SHP_0001481,ORD_0001481,VEH_0027,DRV_0084,2025-11-04 01:29:23,2026-04-03 06:13:59,2026-04-03 17:26:28,1211.9,Delivered,40281.12,29978.58
SHP_0001482,ORD_0001482,VEH_0038,DRV_0093,2026-02-16 09:21:37,2026-05-12 08:12:22,2026-05-12 04:15:54,1704.2,Delivered,57330.79,2130.25
SHP_0001483,ORD_0001483,VEH_0005,DRV_0081,2026-09-01 16:08:02,2026-06-16 23:14:10,2026-09-03 18:08:10,2147.7,Delivered,75580.06,2684.62
SHP_0001484,ORD_0001484,VEH_0047,DRV_0054,2026-07-13 09:05:20,2026-04-02 04:54:23,2026-07-13 19:14:23,527.8,Delivered,10029.24,9020.58
SHP_0001485,ORD_0001485,VEH_0058,DRV_0036,2026-06-22 22:15:19,2026-07-15 08:17:45,2026-07-15 21:50:37,25.0,Delivered,4908.5,559.52
SHP_0001486,ORD_0001486,VEH_0052,DRV_0086,2026-01-17 18:23:02,2026-04-18 05:23:39,2026-04-18 03:33:08,268.7,Delivered,13616.36,6646.79
SHP_0001487,ORD_0001487,VEH_0080,DRV_0009,2026-05-21 21:24:14,2026-05-30 18:40:43,2026-05-30 17:21:51,1748.1,Delivered,58971.85,19331.93
SHP_0001488,ORD_0001488,VEH_0031,DRV_0080,2025-10-07 11:45:44,2025-12-12 10:12:06,2025-12-12 09:09:26,1712.4,Delivered,56942.24,2140.5
SHP_0001489,ORD_0001489,VEH_0071,DRV_0076,2026-04-06 23:19:54,2025-10-28 23:19:49,2026-04-07 04:33:21,214.5,Delivered,4105.64,2372.12
SHP_0001490,ORD_0001490,VEH_0022,DRV_0093,2026-02-04 19:55:14,2026-01-12 04:57:15,2026-02-04 23:19:37,171.6,Delivered,3111.76,2932.8
SHP_0001491,ORD_0001491,VEH_0039,DRV_0013,2026-01-29 03:20:49,2026-04-27 23:16:09,2026-04-27 19:33:14,197.2,Delivered,9359.33,4413.52
SHP_0001492,ORD_0001492,VEH_0045,DRV_0027,2026-03-12 07:09:03,2025-12-16 13:24:06,2026-03-14 05:45:35,2063.1,Delivered,68027.91,46174.14
SHP_0001493,ORD_0001493,VEH_0039,DRV_0091,2026-08-10 02:23:23,2026-07-01 01:14:32,2026-08-12 01:48:28,2209.9,Delivered,77293.36,49459.67
SHP_0001494,ORD_0001494,VEH_0028,DRV_0069,2026-02-24 01:00:14,2026-02-08 20:24:09,2026-02-24 23:24:33,1035.7,Delivered,39632.93,25619.95
SHP_0001495,ORD_0001495,VEH_0050,DRV_0025,2025-12-15 20:48:31,2025-11-08 12:44:47,,1486.6,Cancelled,27177.78,16440.05
SHP_0001496,ORD_0001496,VEH_0007,DRV_0076,2026-03-29 17:01:24,2026-02-01 17:10:10,2026-02-01 19:42:51,2471.3,Delivered,81858.31,42236.76
SHP_0001497,ORD_0001497,VEH_0047,DRV_0026,2026-01-05 16:07:17,2026-01-26 15:41:57,2026-01-26 14:04:36,1348.7,Delivered,24940.25,23050.51
SHP_0001498,ORD_0001498,VEH_0053,DRV_0047,2026-07-04 08:34:21,2026-08-13 02:17:01,2026-08-12 23:05:44,456.2,Delivered,8873.97,11284.95
SHP_0001499,ORD_0001499,VEH_0024,DRV_0077,2026-09-09 23:33:40,2026-07-16 04:13:43,2026-09-10 01:46:51,100.3,Delivered,5502.38,1714.22
SHP_0001500,ORD_0001500,VEH_0049,DRV_0083,2026-07-12 16:34:12,2026-02-14 14:24:31,2026-07-15 02:54:35,2625.5,Delivered,91028.21,29034.94
SHP_0001501,ORD_0001501,VEH_0017,DRV_0020,2025-11-17 17:35:48,2026-04-26 02:17:57,2026-04-26 00:03:07,2016.6,Delivered,70532.26,45133.43
SHP_0001502,ORD_0001502,VEH_0064,DRV_0074,2025-11-26 11:46:05,2025-12-08 17:25:56,2025-12-08 14:19:20,1997.4,Delivered,69760.7,49409.37
SHP_0001503,ORD_0001503,VEH_0071,DRV_0081,2026-06-03 18:56:32,2026-01-02 03:04:20,2026-06-05 19:07:47,2389.9,Delivered,83504.36,26429.48
SHP_0001504,ORD_0001504,VEH_0060,DRV_0016,2026-07-13 03:43:57,2026-06-18 00:27:57,2026-07-14 19:42:13,2004.3,Delivered,68756.38,22165.2
SHP_0001505,ORD_0001505,VEH_0052,DRV_0003,2026-07-02 03:53:58,2026-02-08 19:13:59,2026-02-09 05:50:53,1704.2,Delivered,59354.37,42156.53
SHP_0001506,ORD_0001506,VEH_0044,DRV_0006,2026-03-24 23:40:37,2025-10-07 19:53:47,,230.3,Cancelled,10949.47,5154.33
SHP_0001507,ORD_0001507,VEH_0043,DRV_0081,2026-06-24 21:50:07,2026-06-06 10:43:29,2026-06-25 06:32:24,424.3,Delivered,16846.69,530.38
SHP_0001508,ORD_0001508,VEH_0080,DRV_0031,2026-03-14 23:15:18,2026-04-26 22:42:48,2026-04-26 18:51:25,158.9,Delivered,7943.53,1757.25
SHP_0001509,ORD_0001509,VEH_0049,DRV_0002,2025-11-07 17:43:34,2026-09-11 00:08:43,2026-09-10 21:35:00,1375.2,Delivered,25417.71,15208.09
SHP_0001510,ORD_0001510,VEH_0076,DRV_0098,2025-11-16 19:34:54,2026-07-21 14:46:34,2026-07-21 13:41:12,267.4,Delivered,10114.04,334.25
SHP_0001511,ORD_0001511,VEH_0040,DRV_0057,2026-05-07 11:42:41,2026-02-01 10:06:10,2026-05-09 15:13:27,2500.2,Delivered,83455.03,61847.05
SHP_0001512,ORD_0001512,VEH_0072,DRV_0033,2025-11-18 18:19:55,2026-04-06 12:14:40,2026-04-06 10:19:50,1652.6,Delivered,58349.36,18275.81
SHP_0001513,ORD_0001513,VEH_0069,DRV_0085,2026-05-19 00:10:48,2026-07-29 07:23:55,2026-07-29 05:03:33,642.3,Delivered,25510.84,802.88
SHP_0001514,ORD_0001514,VEH_0066,DRV_0044,2026-02-22 19:09:37,2026-09-18 03:04:40,2026-09-18 00:11:33,641.3,Delivered,21681.1,7092.02
SHP_0001515,ORD_0001515,VEH_0035,DRV_0094,2026-01-16 21:29:33,2026-09-20 19:06:07,2026-09-20 16:35:24,1152.2,Delivered,43988.73,28501.79
SHP_0001516,ORD_0001516,VEH_0021,DRV_0065,2026-02-11 14:34:38,2025-12-31 15:31:16,2026-02-11 21:05:41,276.4,Delivered,11264.66,345.5
SHP_0001517,ORD_0001517,VEH_0042,DRV_0098,2026-09-10 07:15:32,2026-06-26 08:48:28,,426.1,Cancelled,16530.33,9536.52
SHP_0001518,ORD_0001518,VEH_0046,DRV_0100,2026-05-26 21:08:54,2026-08-05 15:40:48,2026-08-05 14:47:22,1365.7,Delivered,45384.88,15103.04
SHP_0001519,ORD_0001519,VEH_0024,DRV_0008,2026-05-08 11:53:31,2026-05-24 01:02:45,,1018.9,Cancelled,38672.45,17413.93
SHP_0001520,ORD_0001520,VEH_0036,DRV_0098,2025-12-06 18:22:37,2025-11-04 15:43:12,2025-12-07 10:21:28,702.0,Delivered,27259.85,7763.29
SHP_0001521,ORD_0001521,VEH_0065,DRV_0005,2026-01-07 09:05:53,2026-04-09 02:23:14,2026-04-09 01:11:58,2460.9,Delivered,82649.49,3076.13
SHP_0001522,ORD_0001522,VEH_0063,DRV_0014,2026-02-23 07:57:19,2025-10-30 03:56:25,2026-02-24 09:27:11,1122.0,Delivered,41512.89,25111.43
SHP_0001523,ORD_0001523,VEH_0018,DRV_0064,2026-04-06 21:14:48,2026-01-05 02:24:14,2026-04-07 04:10:56,351.7,Delivered,17933.71,7871.38
SHP_0001524,ORD_0001524,VEH_0020,DRV_0065,2026-08-15 13:55:42,2026-06-03 01:55:29,,2060.0,Cancelled,71250.35,35207.27
SHP_0001525,ORD_0001525,VEH_0032,DRV_0003,2026-08-01 12:06:23,2026-09-07 22:55:11,2026-09-07 19:21:29,271.5,Delivered,15333.84,3002.47
SHP_0001526,ORD_0001526,VEH_0037,DRV_0096,2026-02-21 17:33:47,2026-09-23 07:06:19,2026-09-23 04:28:19,625.4,Delivered,27080.92,13997.05
SHP_0001527,ORD_0001527,VEH_0048,DRV_0048,2025-11-08 13:14:12,2026-08-22 03:51:36,2026-08-22 00:57:07,1294.9,Delivered,46664.96,32031.74
SHP_0001528,ORD_0001528,VEH_0032,DRV_0067,2026-01-15 19:30:12,2026-05-25 01:40:41,2026-05-24 23:10:54,898.8,Delivered,31984.14,9939.67
SHP_0001529,ORD_0001529,VEH_0027,DRV_0082,2026-02-18 05:43:53,2026-02-15 18:57:55,2026-02-18 06:18:06,25.0,Delivered,4412.12,618.42
SHP_0001530,ORD_0001530,VEH_0079,DRV_0007,2025-11-24 10:51:38,2026-04-13 15:57:39,2026-04-13 13:01:55,2056.6,Delivered,67124.09,46028.67
SHP_0001531,ORD_0001531,VEH_0033,DRV_0060,2025-10-19 06:46:24,2025-12-24 03:18:14,2025-12-24 01:47:49,809.5,Delivered,14955.99,13835.09
SHP_0001532,ORD_0001532,VEH_0065,DRV_0044,2025-11-21 13:53:25,2026-06-17 05:31:53,2026-06-17 12:41:04,25.0,Delivered,4825.58,31.25
SHP_0001533,ORD_0001533,VEH_0031,DRV_0019,2026-03-31 08:20:38,2026-04-10 17:01:44,2026-04-10 15:18:20,669.5,Delivered,26290.32,836.88
SHP_0001534,ORD_0001534,VEH_0053,DRV_0052,2026-08-20 03:26:36,2026-05-17 09:14:43,2026-08-21 19:55:22,2025.6,Delivered,69303.94,50106.95
SHP_0001535,ORD_0001535,VEH_0057,DRV_0001,2026-07-13 13:56:57,2026-06-10 15:33:54,2026-07-15 22:15:59,2383.4,Delivered,77871.7,26357.6
SHP_0001536,ORD_0001536,VEH_0032,DRV_0038,2026-04-08 15:56:19,2026-06-06 18:26:57,2026-06-06 16:49:54,2128.2,Delivered,73124.2,23535.39
SHP_0001537,ORD_0001537,VEH_0050,DRV_0013,2025-10-15 02:07:01,2026-07-07 10:12:59,2026-07-07 07:33:40,1146.0,Delivered,42422.07,12673.41
SHP_0001538,ORD_0001538,VEH_0070,DRV_0056,2026-08-03 19:16:18,2026-07-25 10:44:03,2026-08-05 05:40:57,1686.0,Delivered,57403.71,41706.32
SHP_0001539,ORD_0001539,VEH_0075,DRV_0055,2026-08-11 11:28:14,2026-03-06 03:31:28,2026-08-12 23:08:25,1493.6,Delivered,50535.85,36946.95
SHP_0001540,ORD_0001540,VEH_0018,DRV_0069,2026-03-08 00:25:17,2026-01-04 21:47:57,2026-03-09 00:22:58,1152.2,Delivered,40825.74,25787.33
SHP_0001541,ORD_0001541,VEH_0022,DRV_0064,2025-10-19 01:37:32,2026-08-17 12:50:58,2026-08-17 11:33:22,334.4,Delivered,12743.77,5715.2
SHP_0001542,ORD_0001542,VEH_0067,DRV_0003,2026-08-15 05:42:20,2026-02-03 11:15:10,2026-08-17 06:05:35,2383.7,Delivered,79592.29,40739.6
SHP_0001543,ORD_0001543,VEH_0050,DRV_0004,2026-06-01 23:40:32,2025-10-22 15:12:36,2026-06-03 10:57:24,1696.4,Delivered,57018.25,18760.19
SHP_0001544,ORD_0001544,VEH_0067,DRV_0050,2026-07-30 00:59:17,2026-01-02 22:39:50,2026-07-31 16:32:51,1805.9,Delivered,59774.12,30864.47
SHP_0001545,ORD_0001545,VEH_0014,DRV_0075,2026-02-02 21:42:22,2025-12-18 06:48:19,2026-02-04 09:03:03,1484.3,Delivered,52431.19,33220.05
SHP_0001546,ORD_0001546,VEH_0028,DRV_0024,2026-01-11 07:13:19,2026-09-05 08:37:52,2026-09-05 07:09:02,2142.6,Delivered,71951.13,53001.16
SHP_0001547,ORD_0001547,VEH_0025,DRV_0066,2026-06-28 05:10:44,2026-04-23 10:13:46,2026-06-28 18:00:37,632.2,Delivered,26605.87,14149.24
SHP_0001548,ORD_0001548,VEH_0069,DRV_0100,2026-07-08 07:15:19,2026-06-10 13:52:18,2026-07-09 08:06:59,1200.3,Delivered,44691.35,1500.37
SHP_0001549,ORD_0001549,VEH_0013,DRV_0015,2025-12-16 17:32:26,2025-11-25 09:01:23,2025-12-18 04:44:37,1807.8,Delivered,61767.74,30896.95
SHP_0001550,ORD_0001550,VEH_0062,DRV_0056,2026-04-06 05:46:27,2025-10-03 20:11:26,2026-04-06 19:25:06,689.6,Delivered,24252.43,11785.89
SHP_0001551,ORD_0001551,VEH_0064,DRV_0019,2025-10-26 04:45:48,2026-05-26 16:31:47,2026-05-26 13:04:13,1748.8,Delivered,61130.36,43259.79
SHP_0001552,ORD_0001552,VEH_0039,DRV_0084,2025-12-27 13:39:51,2026-06-15 12:28:49,2026-06-15 09:49:43,896.4,Delivered,30354.92,20062.29
SHP_0001553,ORD_0001553,VEH_0033,DRV_0073,2026-07-20 00:31:04,2026-05-19 03:43:46,2026-07-20 20:34:24,898.8,Delivered,35558.43,15361.31
SHP_0001554,ORD_0001554,VEH_0009,DRV_0095,2026-05-20 07:52:15,2026-01-01 15:43:26,2026-05-22 05:20:44,2002.5,Delivered,64941.35,2503.12
SHP_0001555,ORD_0001555,VEH_0051,DRV_0094,2026-02-06 16:23:35,2026-05-16 15:05:13,2026-05-16 11:15:10,1110.6,Delivered,36855.31,18981.16
SHP_0001556,ORD_0001556,VEH_0066,DRV_0002,2026-07-02 14:24:51,2025-12-09 20:52:50,2026-07-03 03:52:51,631.0,Delivered,11549.06,6978.12
SHP_0001557,ORD_0001557,VEH_0031,DRV_0042,2026-06-05 20:51:05,2025-12-31 04:57:13,2026-06-06 19:13:50,1117.4,Delivered,42051.25,1396.75
SHP_0001558,ORD_0001558,VEH_0012,DRV_0020,2026-07-13 00:19:55,2025-12-27 02:00:36,2026-07-14 22:02:19,2215.5,Delivered,77466.99,24500.82
SHP_0001559,ORD_0001559,VEH_0013,DRV_0064,2026-02-09 09:46:50,2026-06-06 07:31:28,2026-06-06 17:02:33,1256.3,Delivered,47189.8,21471.31
SHP_0001560,ORD_0001560,VEH_0001,DRV_0043,2025-11-20 00:24:24,2026-03-11 11:37:22,2026-03-11 09:13:47,365.7,Delivered,13980.48,9046.26
SHP_0001561,ORD_0001561,VEH_0059,DRV_0060,2026-07-21 09:59:05,2026-05-21 04:08:20,2026-07-22 13:54:42,1197.2,Delivered,40254.13,13239.62
SHP_0001562,ORD_0001562,VEH_0030,DRV_0011,2026-08-07 01:56:38,2026-01-31 07:18:06,2026-08-07 06:51:20,252.7,Delivered,15070.76,5655.67
SHP_0001563,ORD_0001563,VEH_0044,DRV_0015,2026-02-07 05:39:38,2026-01-12 09:33:51,2026-02-07 09:16:53,163.1,Delivered,10659.73,3650.33
SHP_0001564,ORD_0001564,VEH_0003,DRV_0044,2025-11-15 06:08:13,2026-01-29 06:38:48,2026-01-29 05:57:59,2208.9,Delivered,72316.28,49437.29
SHP_0001565,ORD_0001565,VEH_0061,DRV_0051,2025-11-15 07:18:42,2026-08-17 03:21:15,2026-08-17 01:50:22,2384.5,Delivered,79407.44,58985.0
SHP_0001566,ORD_0001566,VEH_0044,DRV_0035,2026-02-28 06:07:20,2026-02-12 10:45:37,2026-02-28 11:09:40,232.5,Delivered,8580.3,5203.57
SHP_0001567,ORD_0001567,VEH_0076,DRV_0094,2026-03-11 15:40:59,2026-04-19 15:19:49,2026-04-19 11:29:30,2213.9,Delivered,73463.32,2767.38
SHP_0001568,ORD_0001568,VEH_0059,DRV_0057,2026-05-31 09:45:31,2025-12-26 16:19:49,2026-05-31 14:13:10,228.3,Delivered,10879.86,2524.73
SHP_0001569,ORD_0001569,VEH_0011,DRV_0008,2026-08-10 13:26:15,2025-11-29 16:58:24,2026-08-12 13:50:42,2225.0,Delivered,77795.43,55039.47
SHP_0001570,ORD_0001570,VEH_0021,DRV_0030,2026-09-15 15:00:58,2026-05-23 03:22:39,2026-09-16 05:48:34,625.0,Delivered,23053.28,781.25
SHP_0001571,ORD_0001571,VEH_0073,DRV_0034,2026-03-05 13:25:47,2026-05-29 08:44:24,2026-05-29 08:13:55,190.6,Delivered,3602.91,3257.53
SHP_0001572,ORD_0001572,VEH_0044,DRV_0032,2025-11-24 08:09:04,2025-11-24 07:28:02,2025-11-26 07:40:51,2150.8,Delivered,71251.03,48136.95
SHP_0001573,ORD_0001573,VEH_0067,DRV_0002,2026-02-10 00:14:23,2026-09-11 09:41:27,2026-09-11 05:49:12,1328.1,Delivered,48348.9,22698.44
SHP_0001574,ORD_0001574,VEH_0004,DRV_0062,2026-01-26 07:20:10,2026-08-11 05:59:04,,1110.7,Cancelled,41244.11,18982.87
SHP_0001575,ORD_0001575,VEH_0022,DRV_0016,2025-10-17 01:04:14,2026-04-26 09:39:52,2026-04-26 19:05:36,995.1,Delivered,36934.68,17007.16
SHP_0001576,ORD_0001576,VEH_0073,DRV_0068,2026-05-12 17:55:14,2026-05-09 22:15:23,2026-05-14 11:26:40,1867.6,Delivered,64203.42,31918.98
SHP_0001577,ORD_0001577,VEH_0074,DRV_0051,2026-03-08 10:39:54,2025-11-03 14:57:50,2025-11-03 16:36:05,2364.7,Delivered,78389.51,58495.21
SHP_0001578,ORD_0001578,VEH_0011,DRV_0020,2025-10-16 20:28:07,2026-05-07 20:54:42,2026-05-07 19:51:16,1121.5,Delivered,20779.12,27742.37
SHP_0001579,ORD_0001579,VEH_0018,DRV_0085,2025-10-26 17:53:03,2025-11-04 09:54:43,2025-11-05 01:44:28,2002.5,Delivered,71183.52,44817.86
SHP_0001580,ORD_0001580,VEH_0033,DRV_0036,2025-12-06 03:53:35,2026-09-07 19:00:04,2026-09-08 10:49:07,627.2,Delivered,12024.87,10719.42
SHP_0001581,ORD_0001581,VEH_0065,DRV_0064,2025-12-12 23:07:22,2026-09-19 15:13:33,2026-09-19 12:46:55,152.1,Delivered,11908.77,190.12
SHP_0001582,ORD_0001582,VEH_0052,DRV_0063,2026-03-22 16:25:34,2026-06-10 12:13:46,,641.3,Cancelled,22470.94,15863.74
SHP_0001583,ORD_0001583,VEH_0064,DRV_0078,2026-02-19 13:16:47,2026-02-14 13:09:51,2026-02-21 13:04:39,1969.1,Delivered,35499.03,48709.32
SHP_0001584,ORD_0001584,VEH_0030,DRV_0091,2026-05-02 04:33:23,2026-02-17 02:23:34,2026-05-03 13:33:18,1371.7,Delivered,48113.35,30699.95
SHP_0001585,ORD_0001585,VEH_0048,DRV_0042,2026-05-19 05:40:38,2026-06-11 19:35:39,2026-06-12 10:59:33,2624.8,Delivered,87786.49,64929.26
SHP_0001586,ORD_0001586,VEH_0040,DRV_0024,2026-08-19 06:04:35,2026-01-19 12:59:36,2026-08-19 11:15:01,267.4,Delivered,12058.23,6614.63
SHP_0001587,ORD_0001587,VEH_0061,DRV_0094,2026-06-26 21:57:59,2026-03-01 16:41:32,2026-06-27 06:17:01,392.7,Delivered,16658.37,9714.16
SHP_0001588,ORD_0001588,VEH_0060,DRV_0067,2026-06-02 06:50:15,2025-12-08 00:12:01,2026-06-03 09:49:03,1162.7,Delivered,39501.36,12858.09
SHP_0001589,ORD_0001589,VEH_0079,DRV_0074,2026-04-20 01:37:05,2026-02-09 21:34:17,2026-04-20 17:27:53,777.0,Delivered,26537.34,17390.0
SHP_0001590,ORD_0001590,VEH_0037,DRV_0002,2025-10-20 09:33:11,2026-06-10 09:29:59,2026-06-10 07:45:35,2011.4,Delivered,67507.26,45017.05
SHP_0001591,ORD_0001591,VEH_0077,DRV_0020,2026-06-27 06:34:21,2025-11-22 08:10:08,2026-06-28 11:25:05,1211.9,Delivered,44625.51,20712.47
SHP_0001592,ORD_0001592,VEH_0060,DRV_0031,2025-10-23 11:24:42,2026-07-26 18:04:54,2026-07-26 14:56:57,2187.9,Delivered,74735.39,24195.6
SHP_0001593,ORD_0001593,VEH_0009,DRV_0067,2026-05-10 16:44:30,2026-01-30 04:59:02,,398.0,Cancelled,15199.96,497.5
SHP_0001594,ORD_0001594,VEH_0032,DRV_0098,2026-08-07 21:26:32,2025-12-26 07:38:32,2026-08-09 23:03:36,2348.4,Delivered,77197.71,25970.54
SHP_0001595,ORD_0001595,VEH_0021,DRV_0095,2026-05-19 20:21:18,2026-08-06 03:42:24,2026-08-06 02:22:47,2051.9,Delivered,67532.02,2564.88
SHP_0001596,ORD_0001596,VEH_0053,DRV_0009,2026-06-04 20:26:24,2026-07-09 04:05:54,2026-07-09 02:32:40,25.0,Delivered,737.4,618.42
SHP_0001597,ORD_0001597,VEH_0032,DRV_0016,2025-10-21 02:57:56,2026-01-06 00:43:35,2026-01-05 23:43:26,25.0,Delivered,5740.97,276.47
SHP_0001598,ORD_0001598,VEH_0074,DRV_0052,2026-05-10 11:25:42,2026-07-16 05:07:36,2026-07-16 01:38:19,1527.0,Delivered,50873.49,37773.16
SHP_0001599,ORD_0001599,VEH_0032,DRV_0066,2026-05-05 09:05:14,2026-09-04 22:45:11,2026-09-04 22:11:02,1647.1,Delivered,56559.03,18214.99
SHP_0001600,ORD_0001600,VEH_0020,DRV_0038,2025-12-29 02:30:27,2026-02-12 01:03:52,2026-02-12 00:29:19,252.7,Delivered,4930.0,4318.87
SHP_0001601,ORD_0001601,VEH_0017,DRV_0032,2025-10-18 04:41:29,2025-12-15 19:06:53,2025-12-15 15:44:55,1117.4,Delivered,37485.25,25008.48
SHP_0001602,ORD_0001602,VEH_0007,DRV_0035,2026-05-16 23:12:54,2026-02-21 14:35:53,,1543.1,Cancelled,28184.68,26372.98
SHP_0001603,ORD_0001603,VEH_0017,DRV_0042,2026-05-29 18:01:31,2026-06-23 10:06:56,2026-06-23 09:29:28,1686.1,Delivered,30942.78,37736.52
SHP_0001604,ORD_0001604,VEH_0029,DRV_0094,2026-02-11 20:34:04,2026-05-19 06:13:30,2026-05-19 04:50:10,915.4,Delivered,36595.76,10123.25
SHP_0001605,ORD_0001605,VEH_0056,DRV_0030,2026-01-30 16:12:53,2026-07-06 23:46:26,2026-07-06 21:00:01,1947.9,Delivered,68770.64,2434.88
SHP_0001606,ORD_0001606,VEH_0047,DRV_0092,2026-08-27 15:39:22,2025-10-08 07:34:22,2026-08-28 01:08:11,428.2,Delivered,14710.95,7318.33
SHP_0001607,ORD_0001607,VEH_0046,DRV_0086,2026-05-24 13:06:55,2026-03-19 12:26:57,2026-05-24 15:59:26,125.8,Delivered,2677.76,1391.2
SHP_0001608,ORD_0001608,VEH_0006,DRV_0011,2025-10-17 02:58:33,2026-06-26 06:52:36,2026-06-26 04:54:55,358.2,Delivered,18462.13,8016.86
SHP_0001609,ORD_0001609,VEH_0051,DRV_0085,2025-11-07 19:44:35,2025-12-26 03:27:58,2025-12-26 01:01:27,1541.2,Delivered,53076.17,26340.51
SHP_0001610,ORD_0001610,VEH_0045,DRV_0081,2026-02-14 20:49:01,2026-04-04 10:06:22,2026-04-04 08:26:13,1207.6,Delivered,44773.5,27027.24
SHP_0001611,ORD_0001611,VEH_0071,DRV_0015,2025-11-30 09:15:54,2026-07-24 07:15:15,2026-07-24 05:44:16,25.0,Delivered,543.2,276.47
SHP_0001612,ORD_0001612,VEH_0029,DRV_0007,2026-07-10 04:18:12,2026-03-31 17:29:45,2026-07-12 08:31:58,2352.4,Delivered,79146.49,26014.78
SHP_0001613,ORD_0001613,VEH_0011,DRV_0034,2026-01-19 01:12:17,2026-06-02 00:57:23,2026-06-02 00:19:58,25.0,Delivered,3402.05,618.42
SHP_0001614,ORD_0001614,VEH_0039,DRV_0046,2026-07-24 00:07:46,2026-04-20 15:39:48,2026-07-24 23:14:27,1049.1,Delivered,37781.41,23479.86
SHP_0001615,ORD_0001615,VEH_0003,DRV_0093,2026-06-12 09:14:41,2026-01-29 01:36:54,2026-06-12 20:59:47,575.9,Delivered,25299.83,12889.19
SHP_0001616,ORD_0001616,VEH_0049,DRV_0064,2026-08-05 08:44:27,2026-07-23 12:15:35,2026-08-05 16:32:45,334.7,Delivered,14288.09,3701.39
SHP_0001617,ORD_0001617,VEH_0038,DRV_0044,2025-11-25 11:39:12,2026-02-24 08:42:29,2026-02-24 04:43:09,624.2,Delivered,26365.71,780.25
SHP_0001618,ORD_0001618,VEH_0052,DRV_0081,2026-05-02 13:25:53,2026-04-17 17:03:57,2026-05-04 10:50:44,2208.9,Delivered,75082.15,54641.21
SHP_0001619,ORD_0001619,VEH_0004,DRV_0075,2026-04-23 00:46:54,2026-03-04 09:05:47,2026-04-23 15:15:30,614.2,Delivered,21772.3,10497.24
SHP_0001620,ORD_0001620,VEH_0035,DRV_0053,2026-05-09 10:09:13,2025-10-11 10:25:34,2026-05-11 07:35:29,2348.4,Delivered,78433.11,58092.0
SHP_0001621,ORD_0001621,VEH_0001,DRV_0022,2026-03-25 08:57:49,2025-11-10 16:13:53,2025-11-10 21:26:06,337.1,Delivered,13315.38,8338.79
SHP_0001622,ORD_0001622,VEH_0006,DRV_0034,2026-02-17 06:50:58,2026-07-18 14:29:59,2026-07-18 11:47:53,230.3,Delivered,8137.93,5154.33
SHP_0001623,ORD_0001623,VEH_0063,DRV_0068,2025-11-14 07:44:18,2026-02-11 15:23:05,2026-02-11 13:11:02,1282.0,Delivered,45092.36,28692.38
SHP_0001624,ORD_0001624,VEH_0037,DRV_0039,2026-03-01 12:53:16,2026-05-09 02:04:54,2026-05-09 06:13:23,2208.9,Delivered,71741.39,49437.29
SHP_0001625,ORD_0001625,VEH_0047,DRV_0006,2026-09-02 22:19:58,2026-01-09 01:34:05,2026-01-09 16:51:19,1103.2,Delivered,20389.11,18854.69
SHP_0001626,ORD_0001626,VEH_0074,DRV_0053,2026-01-11 01:07:25,2026-06-30 17:15:51,2026-06-30 23:06:54,1143.4,Delivered,42680.66,28284.11
SHP_0001627,ORD_0001627,VEH_0077,DRV_0019,2026-05-27 21:17:05,2026-08-22 11:16:42,2026-08-22 09:20:46,1438.7,Delivered,52070.77,24588.69
SHP_0001628,ORD_0001628,VEH_0072,DRV_0082,2025-12-16 14:17:42,2026-01-25 12:25:13,2026-01-26 06:08:40,2390.0,Delivered,78588.94,26430.59
SHP_0001629,ORD_0001629,VEH_0054,DRV_0001,2026-01-29 00:56:53,2025-12-04 07:57:47,2026-01-30 22:05:56,1868.8,Delivered,64816.47,2336.0
SHP_0001630,ORD_0001630,VEH_0046,DRV_0098,2025-10-09 06:11:47,2025-11-10 14:16:42,2025-11-10 12:07:13,96.8,Delivered,4695.07,1070.49
SHP_0001631,ORD_0001631,VEH_0034,DRV_0034,2026-07-09 13:47:53,2026-02-06 12:28:34,2026-07-10 00:30:05,488.8,Delivered,9211.12,5405.55
SHP_0001632,ORD_0001632,VEH_0024,DRV_0081,2026-07-18 03:36:37,2026-05-23 22:25:30,,119.5,Cancelled,5542.01,2042.36
SHP_0001633,ORD_0001633,VEH_0072,DRV_0006,2026-02-13 21:15:27,2026-08-22 16:19:13,2026-08-22 14:25:56,362.8,Delivered,17678.17,4012.14
SHP_0001634,ORD_0001634,VEH_0051,DRV_0005,2026-03-07 19:10:00,2025-11-04 17:03:23,2026-03-09 07:48:00,1700.0,Delivered,56894.15,29054.55
SHP_0001635,ORD_0001635,VEH_0066,DRV_0033,2026-06-04 19:20:49,2026-03-08 04:28:46,2026-06-06 00:03:04,1251.6,Delivered,45863.61,13841.22
SHP_0001636,ORD_0001636,VEH_0029,DRV_0084,2026-07-20 08:57:44,2025-10-11 03:53:46,2026-07-20 21:05:53,619.6,Delivered,23342.81,6852.05
SHP_0001637,ORD_0001637,VEH_0005,DRV_0036,2026-05-11 13:53:33,2026-03-24 20:13:38,2026-05-12 06:52:43,702.0,Delivered,25783.29,877.5
SHP_0001638,ORD_0001638,VEH_0073,DRV_0094,2025-12-29 23:26:43,2026-08-13 13:09:39,2026-08-13 11:27:44,327.7,Delivered,12583.43,5600.69
SHP_0001639,ORD_0001639,VEH_0008,DRV_0040,2026-07-10 01:26:05,2026-05-09 09:15:53,2026-07-10 05:19:36,178.1,Delivered,11838.82,1969.58
SHP_0001640,ORD_0001640,VEH_0059,DRV_0028,2026-04-04 07:06:04,2026-02-16 15:38:53,2026-04-06 03:51:17,1997.4,Delivered,69465.33,22088.89
SHP_0001641,ORD_0001641,VEH_0049,DRV_0043,2026-07-17 14:53:57,2026-04-17 13:49:36,2026-07-17 19:43:45,235.1,Delivered,8996.18,2599.93
SHP_0001642,ORD_0001642,VEH_0062,DRV_0078,2026-01-02 11:52:38,2026-08-15 21:45:17,2026-08-15 19:44:54,2056.6,Delivered,71071.8,35149.16
SHP_0001643,ORD_0001643,VEH_0018,DRV_0044,2025-11-18 08:21:47,2026-06-09 12:44:22,2026-06-09 10:11:01,1108.0,Delivered,38926.42,24798.1
SHP_0001644,ORD_0001644,VEH_0042,DRV_0047,2026-06-27 06:06:05,2026-07-21 06:47:10,2026-07-21 05:28:42,338.2,Delivered,15267.59,7569.24
SHP_0001645,ORD_0001645,VEH_0047,DRV_0042,2026-03-03 03:36:47,2026-06-16 12:46:32,2026-06-16 10:00:21,25.0,Delivered,6233.06,427.27
SHP_0001646,ORD_0001646,VEH_0008,DRV_0011,2026-08-01 04:11:12,2026-09-28 01:44:25,,2008.6,Cancelled,69277.26,22212.75
SHP_0001647,ORD_0001647,VEH_0018,DRV_0012,2026-07-27 08:12:18,2025-10-28 16:45:58,2025-10-29 05:21:50,228.3,Delivered,13214.6,5109.57
SHP_0001648,ORD_0001648,VEH_0072,DRV_0052,2026-05-11 06:16:01,2026-07-27 09:46:54,2026-07-27 06:01:09,1375.2,Delivered,46824.29,15208.09
SHP_0001649,ORD_0001649,VEH_0047,DRV_0041,2026-03-30 19:57:38,2026-06-18 11:13:03,,440.8,Cancelled,21185.28,7533.67
SHP_0001650,ORD_0001650,VEH_0068,DRV_0094,2025-11-24 01:35:15,2025-11-20 06:27:34,2025-11-25 10:02:26,1598.8,Delivered,52185.78,17680.85
SHP_0001651,ORD_0001651,VEH_0056,DRV_0078,2026-03-10 06:53:41,2026-06-04 20:49:12,2026-06-04 19:12:39,1954.4,Delivered,63709.89,2443.0
SHP_0001652,ORD_0001652,VEH_0074,DRV_0094,2025-11-26 22:27:45,2025-10-28 14:25:34,2025-11-27 05:10:34,305.8,Delivered,16060.6,7564.53
SHP_0001653,ORD_0001653,VEH_0075,DRV_0034,2025-12-07 15:33:59,2026-09-10 23:22:41,2026-09-10 21:45:18,1110.6,Delivered,42375.78,27472.74
SHP_0001654,ORD_0001654,VEH_0055,DRV_0099,2026-06-23 07:59:08,2026-02-01 05:32:59,2026-06-23 08:30:47,25.0,Delivered,2738.26,618.42
SHP_0001655,ORD_0001655,VEH_0064,DRV_0062,2026-05-23 15:42:51,2026-01-30 07:23:02,2026-05-24 06:31:48,632.2,Delivered,22163.9,15638.63
SHP_0001656,ORD_0001656,VEH_0007,DRV_0022,2025-12-04 14:50:04,2026-08-01 06:15:35,2026-08-01 03:21:05,25.0,Delivered,6040.4,427.27
SHP_0001657,ORD_0001657,VEH_0003,DRV_0028,2025-12-09 01:21:09,2026-01-12 07:24:02,2026-01-12 05:51:40,25.0,Delivered,1674.38,559.52
SHP_0001658,ORD_0001658,VEH_0074,DRV_0026,2026-03-31 16:07:39,2026-06-01 20:38:54,2026-06-01 18:26:14,535.5,Delivered,24271.56,13246.58
SHP_0001659,ORD_0001659,VEH_0028,DRV_0051,2026-01-13 10:37:59,2025-10-27 22:49:36,2026-01-13 13:20:48,129.5,Delivered,9543.43,3203.42
SHP_0001660,ORD_0001660,VEH_0021,DRV_0027,2025-12-01 23:17:54,2026-02-18 00:06:30,2026-02-17 21:42:28,500.0,Delivered,16783.24,625.0
SHP_0001661,ORD_0001661,VEH_0066,DRV_0060,2026-06-01 17:06:10,2025-10-14 11:37:24,2026-06-02 02:19:43,425.3,Delivered,20839.76,4703.32
SHP_0001662,ORD_0001662,VEH_0038,DRV_0070,2026-06-04 23:45:21,2026-09-13 01:13:37,2026-09-12 23:04:30,643.3,Delivered,12206.34,804.12
SHP_0001663,ORD_0001663,VEH_0021,DRV_0063,2026-08-18 22:45:53,2026-03-26 07:59:38,2026-08-20 16:33:39,1947.9,Delivered,65859.09,2434.88
SHP_0001664,ORD_0001664,VEH_0011,DRV_0005,2026-06-23 13:21:12,2025-10-28 14:43:46,2026-06-23 19:23:35,294.6,Delivered,11919.33,7287.47
SHP_0001665,ORD_0001665,VEH_0017,DRV_0031,2025-12-21 04:55:59,2025-11-23 07:37:29,2025-12-22 19:41:24,1958.2,Delivered,35607.89,43826.38
SHP_0001666,ORD_0001666,VEH_0027,DRV_0074,2026-01-15 08:47:40,2026-09-20 12:27:10,2026-09-20 09:56:49,1697.8,Delivered,60474.71,41998.21
SHP_0001667,ORD_0001667,VEH_0050,DRV_0072,2026-03-13 15:26:28,2026-09-03 07:17:36,2026-09-03 06:45:40,1130.6,Delivered,37839.89,12503.11
SHP_0001668,ORD_0001668,VEH_0004,DRV_0088,2026-03-19 00:55:10,2026-02-25 07:43:09,2026-03-19 12:57:58,518.4,Delivered,19512.13,8859.93
SHP_0001669,ORD_0001669,VEH_0076,DRV_0017,2026-03-10 01:36:18,2026-02-07 03:19:59,2026-02-07 04:55:59,639.1,Delivered,21524.03,798.88
SHP_0001670,ORD_0001670,VEH_0043,DRV_0048,2025-12-15 11:47:11,2026-05-30 07:25:19,2026-05-30 06:21:10,1996.7,Delivered,69286.52,2495.88
SHP_0001671,ORD_0001671,VEH_0008,DRV_0090,2026-06-04 18:35:26,2026-02-06 10:06:40,2026-06-05 13:50:07,896.4,Delivered,33545.26,9913.13
SHP_0001672,ORD_0001672,VEH_0041,DRV_0065,2025-11-14 17:57:02,2026-09-06 04:43:39,2026-09-06 02:36:25,1738.7,Delivered,56439.88,29715.96
SHP_0001673,ORD_0001673,VEH_0033,DRV_0046,2026-04-25 05:01:26,2026-04-29 17:24:58,2026-04-29 14:07:29,25.0,Delivered,4140.23,427.27
SHP_0001674,ORD_0001674,VEH_0078,DRV_0029,2026-08-24 06:33:49,2026-04-04 09:29:18,2026-08-25 03:36:26,979.0,Delivered,37994.69,1223.75
SHP_0001675,ORD_0001675,VEH_0064,DRV_0077,2026-02-14 16:58:18,2026-07-15 04:15:04,2026-07-15 03:22:36,2067.6,Delivered,71687.38,51145.89
SHP_0001676,ORD_0001676,VEH_0042,DRV_0099,2026-03-09 16:09:55,2026-08-10 13:25:39,,2128.2,Cancelled,70589.6,47631.14
SHP_0001677,ORD_0001677,VEH_0014,DRV_0045,2026-05-10 07:19:02,2025-10-03 00:39:39,2026-05-10 11:17:04,205.3,Delivered,13829.54,4594.81
SHP_0001678,ORD_0001678,VEH_0010,DRV_0017,2026-04-18 09:27:39,2026-02-25 19:43:56,2026-04-18 09:59:28,25.0,Delivered,511.2,276.47
SHP_0001679,ORD_0001679,VEH_0074,DRV_0078,2025-11-10 21:05:59,2025-12-30 10:40:21,2025-12-30 07:04:44,664.1,Delivered,24181.15,16427.74
SHP_0001680,ORD_0001680,VEH_0028,DRV_0067,2025-10-19 15:49:37,2026-04-03 03:22:00,2026-04-02 23:46:48,1598.8,Delivered,54118.03,39549.26
SHP_0001681,ORD_0001681,VEH_0034,DRV_0100,2026-04-17 14:17:29,2026-04-20 04:10:49,2026-04-20 02:17:41,182.7,Delivered,12302.67,2020.45
SHP_0001682,ORD_0001682,VEH_0039,DRV_0036,2026-05-16 20:13:11,2026-09-20 21:25:05,2026-09-20 18:40:09,1525.7,Delivered,50603.79,34146.62
SHP_0001683,ORD_0001683,VEH_0044,DRV_0037,2025-12-05 22:15:04,2025-11-13 03:29:54,2025-12-06 02:02:48,153.8,Delivered,11714.08,3442.19
SHP_0001684,ORD_0001684,VEH_0067,DRV_0043,2026-05-13 22:52:34,2026-06-28 16:05:53,2026-06-28 12:34:49,1601.7,Delivered,53127.79,27374.51
SHP_0001685,ORD_0001685,VEH_0064,DRV_0043,2026-08-28 19:33:03,2026-08-13 08:40:49,2026-08-29 00:53:44,264.0,Delivered,11178.96,6530.53
SHP_0001686,ORD_0001686,VEH_0013,DRV_0088,2026-08-23 09:44:16,2026-01-29 03:03:16,,149.4,Cancelled,2984.16,2553.38
SHP_0001687,ORD_0001687,VEH_0028,DRV_0050,2026-06-07 01:19:07,2026-09-08 12:02:35,2026-09-08 10:51:08,614.2,Delivered,24587.35,15193.37
SHP_0001688,ORD_0001688,VEH_0006,DRV_0094,2026-02-09 18:40:23,2026-01-21 11:59:20,2026-01-22 05:59:01,1385.6,Delivered,48749.45,31011.05
SHP_0001689,ORD_0001689,VEH_0020,DRV_0034,2026-02-06 07:30:50,2026-02-03 16:12:39,2026-02-03 20:00:54,1828.2,Delivered,63535.68,31245.6
SHP_0001690,ORD_0001690,VEH_0045,DRV_0089,2026-05-15 23:53:36,2026-04-11 05:53:50,2026-05-17 08:23:03,1464.9,Delivered,53523.87,32785.86
SHP_0001691,ORD_0001691,VEH_0051,DRV_0015,2026-08-04 17:44:14,2025-11-15 21:30:14,2025-11-16 08:18:19,152.3,Delivered,7194.43,2602.95
SHP_0001692,ORD_0001692,VEH_0020,DRV_0022,2026-02-03 23:36:21,2025-11-30 14:11:34,2026-02-05 15:46:51,1960.1,Delivered,69044.21,33499.89
SHP_0001693,ORD_0001693,VEH_0048,DRV_0048,2026-02-14 16:50:11,2026-06-05 20:30:22,2026-06-05 17:58:26,687.4,Delivered,26179.06,17004.11
SHP_0001694,ORD_0001694,VEH_0028,DRV_0030,2026-04-28 01:36:55,2025-12-23 15:37:16,2026-04-28 15:30:30,627.2,Delivered,23726.61,15514.95
SHP_0001695,ORD_0001695,VEH_0073,DRV_0049,2025-12-08 21:09:56,2026-05-24 17:41:41,2026-05-24 14:16:18,971.9,Delivered,17716.35,16610.65
SHP_0001696,ORD_0001696,VEH_0014,DRV_0059,2026-02-23 05:35:43,2025-10-11 05:22:50,,2122.5,Cancelled,72153.06,47503.57
SHP_0001697,ORD_0001697,VEH_0027,DRV_0033,2025-11-11 14:16:56,2026-09-24 22:34:03,2026-09-25 07:16:07,1902.9,Delivered,63450.48,47071.74
SHP_0001698,ORD_0001698,VEH_0010,DRV_0095,2026-07-20 22:30:16,2026-03-01 01:44:09,2026-07-21 20:37:53,904.7,Delivered,34095.34,10004.92
SHP_0001699,ORD_0001699,VEH_0072,DRV_0017,2025-12-07 02:43:00,2025-11-17 09:47:30,2025-12-09 04:42:52,2202.2,Delivered,40280.14,24353.74
SHP_0001700,ORD_0001700,VEH_0022,DRV_0071,2026-04-09 11:39:45,2025-12-14 06:26:06,2025-12-14 11:07:41,1959.1,Delivered,66889.97,33482.8
SHP_0001701,ORD_0001701,VEH_0038,DRV_0034,2025-12-04 18:05:02,2026-08-21 21:31:28,2026-08-21 19:15:47,1974.4,Delivered,70537.24,2468.0
SHP_0001702,ORD_0001702,VEH_0057,DRV_0020,2026-06-26 18:07:59,2026-09-10 19:50:01,2026-09-10 16:28:32,1100.1,Delivered,38332.12,12165.81
SHP_0001703,ORD_0001703,VEH_0001,DRV_0090,2026-05-01 09:11:57,2026-03-30 20:33:34,2026-05-01 13:10:40,185.4,Delivered,9453.94,4586.21
SHP_0001704,ORD_0001704,VEH_0008,DRV_0077,2025-11-29 04:21:07,2026-03-20 09:35:43,2026-03-20 08:34:56,264.0,Delivered,12999.17,2919.53
SHP_0001705,ORD_0001705,VEH_0067,DRV_0055,2025-10-01 04:45:36,2025-10-31 00:20:39,2025-10-30 21:20:02,2024.3,Delivered,68060.89,34597.13
SHP_0001706,ORD_0001706,VEH_0048,DRV_0082,2026-01-27 09:10:36,2026-08-08 10:59:47,,1282.0,Cancelled,44036.43,31712.63
SHP_0001707,ORD_0001707,VEH_0035,DRV_0011,2025-11-21 15:36:52,2025-12-15 12:13:30,2025-12-15 11:25:42,1485.5,Delivered,55011.32,36746.58
SHP_0001708,ORD_0001708,VEH_0052,DRV_0063,2026-06-30 14:23:20,2026-05-07 11:01:25,2026-05-07 15:20:16,1953.6,Delivered,35188.51,48325.89
SHP_0001709,ORD_0001709,VEH_0057,DRV_0077,2025-12-27 02:08:23,2026-07-10 18:44:27,2026-07-10 15:58:21,1377.4,Delivered,46216.31,15232.42
SHP_0001710,ORD_0001710,VEH_0007,DRV_0014,2026-05-10 08:47:01,2026-06-19 21:38:12,2026-06-19 21:02:18,217.8,Delivered,13917.62,3722.4
SHP_0001711,ORD_0001711,VEH_0080,DRV_0023,2026-07-23 20:30:31,2025-10-21 14:47:11,2025-10-22 03:25:01,351.9,Delivered,12489.34,3891.6
SHP_0001712,ORD_0001712,VEH_0030,DRV_0077,2026-06-26 19:15:28,2026-09-19 00:23:01,2026-09-18 21:15:51,1260.6,Delivered,43796.16,28213.43
SHP_0001713,ORD_0001713,VEH_0022,DRV_0008,2026-06-21 23:36:49,2026-01-09 19:12:50,2026-06-23 20:09:00,1870.7,Delivered,64836.72,31971.96
SHP_0001714,ORD_0001714,VEH_0059,DRV_0100,2025-11-05 21:26:19,2026-03-24 09:05:13,2026-03-24 05:32:51,1898.0,Delivered,67117.36,20989.65
SHP_0001715,ORD_0001715,VEH_0001,DRV_0068,2025-11-14 11:16:08,2026-07-16 17:36:54,2026-07-16 16:48:20,115.4,Delivered,6539.56,2854.63
SHP_0001716,ORD_0001716,VEH_0076,DRV_0079,2026-03-01 12:48:19,2026-05-22 11:42:59,2026-05-23 04:59:25,390.2,Delivered,17102.88,487.75
SHP_0001717,ORD_0001717,VEH_0027,DRV_0024,2025-10-11 03:06:25,2026-01-19 23:24:07,2026-01-19 21:47:29,382.2,Delivered,14224.11,9454.42
SHP_0001718,ORD_0001718,VEH_0069,DRV_0033,2026-06-30 00:43:50,2026-05-21 12:45:46,2026-07-01 08:00:29,1589.4,Delivered,58081.89,1986.75
SHP_0001719,ORD_0001719,VEH_0007,DRV_0085,2026-05-12 18:40:42,2026-02-05 04:38:56,2026-05-14 11:12:45,2019.5,Delivered,67303.18,34515.09
SHP_0001720,ORD_0001720,VEH_0018,DRV_0002,2026-01-11 12:36:50,2026-09-08 09:32:27,2026-09-08 07:07:40,1134.3,Delivered,42736.21,25386.71
SHP_0001721,ORD_0001721,VEH_0037,DRV_0061,2026-07-06 18:03:03,2026-09-05 06:31:43,2026-09-05 03:28:39,1489.8,Delivered,54157.49,33343.14
SHP_0001722,ORD_0001722,VEH_0061,DRV_0024,2025-11-09 23:11:19,2026-03-02 04:06:33,2026-03-02 02:00:22,392.2,Delivered,15969.53,9701.79
SHP_0001723,ORD_0001723,VEH_0080,DRV_0065,2025-12-10 00:23:23,2025-10-20 14:41:54,2025-12-11 01:39:22,1115.0,Delivered,41921.85,12330.59
SHP_0001724,ORD_0001724,VEH_0001,DRV_0015,2026-07-22 08:51:40,2026-04-04 09:29:23,2026-07-23 08:14:36,1013.5,Delivered,39058.43,25070.79
SHP_0001725,ORD_0001725,VEH_0009,DRV_0090,2026-05-22 13:52:00,2025-12-25 17:32:16,2026-05-23 22:22:49,1648.0,Delivered,55200.21,2060.0
SHP_0001726,ORD_0001726,VEH_0045,DRV_0053,2026-01-23 02:44:06,2025-11-16 20:12:14,2026-01-25 06:00:40,2222.6,Delivered,73272.91,49743.9
SHP_0001727,ORD_0001727,VEH_0079,DRV_0033,2026-08-11 20:42:36,2025-11-24 09:27:46,2026-08-12 18:08:51,1037.9,Delivered,39935.05,23229.19
SHP_0001728,ORD_0001728,VEH_0023,DRV_0084,2025-10-21 07:15:58,2025-11-21 19:01:42,2025-11-21 18:17:33,162.9,Delivered,7024.62,203.63
SHP_0001729,ORD_0001729,VEH_0010,DRV_0027,2026-08-31 08:33:59,2025-12-04 13:29:42,2025-12-04 23:58:47,25.0,Delivered,3939.52,276.47
SHP_0001730,ORD_0001730,VEH_0043,DRV_0066,2026-09-08 06:32:01,2026-07-23 06:08:53,2026-09-08 09:23:51,145.7,Delivered,7056.56,182.12
SHP_0001731,ORD_0001731,VEH_0067,DRV_0091,2025-12-08 02:42:12,2026-04-22 12:54:07,2026-04-22 12:15:24,327.7,Delivered,15592.32,5600.69
SHP_0001732,ORD_0001732,VEH_0069,DRV_0037,2025-12-07 22:32:19,2026-01-18 07:43:42,2026-01-18 11:46:17,2262.8,Delivered,78119.17,2828.5
SHP_0001733,ORD_0001733,VEH_0027,DRV_0096,2026-03-28 10:58:19,2026-08-25 17:58:03,2026-08-26 09:46:50,2370.1,Delivered,82346.45,58628.79
SHP_0001734,ORD_0001734,VEH_0044,DRV_0024,2025-11-22 15:11:33,2025-11-20 04:57:17,2025-11-22 23:03:26,402.3,Delivered,16963.51,9003.86
SHP_0001735,ORD_0001735,VEH_0001,DRV_0053,2026-08-19 11:59:16,2025-12-01 07:09:37,2026-08-21 01:51:08,1966.2,Delivered,67127.51,48637.58
SHP_0001736,ORD_0001736,VEH_0025,DRV_0084,2026-04-05 05:55:11,2026-08-14 19:29:19,2026-08-14 16:03:05,2152.2,Delivered,74153.04,48168.29
SHP_0001737,ORD_0001737,VEH_0060,DRV_0029,2026-07-01 20:27:54,2026-07-28 05:20:22,2026-07-28 04:23:47,687.4,Delivered,25978.76,7601.84
SHP_0001738,ORD_0001738,VEH_0044,DRV_0038,2026-07-24 05:40:07,2026-09-24 19:57:10,2026-09-24 16:54:36,330.7,Delivered,12493.94,7401.38
SHP_0001739,ORD_0001739,VEH_0069,DRV_0009,2026-01-22 14:05:21,2026-05-16 09:42:27,2026-05-16 06:58:33,2383.7,Delivered,81148.75,2979.62
SHP_0001740,ORD_0001740,VEH_0036,DRV_0066,2026-09-05 02:26:19,2026-09-04 14:01:54,2026-09-05 09:12:13,289.5,Delivered,15165.42,3201.53
SHP_0001741,ORD_0001741,VEH_0046,DRV_0069,2026-06-25 15:05:50,2025-12-30 18:08:32,2026-06-26 02:12:42,539.5,Delivered,10242.93,5966.24
SHP_0001742,ORD_0001742,VEH_0036,DRV_0005,2026-06-20 20:34:24,2026-01-02 23:51:37,2026-01-03 10:31:14,489.7,Delivered,21973.17,5415.51
SHP_0001743,ORD_0001743,VEH_0065,DRV_0064,2026-04-17 09:40:10,2025-11-20 04:19:28,2026-04-17 10:17:09,25.0,Delivered,2639.32,31.25
SHP_0001744,ORD_0001744,VEH_0047,DRV_0028,2025-10-30 02:36:49,2026-03-16 15:45:10,2026-03-16 12:25:28,225.7,Delivered,11334.62,3857.42
SHP_0001745,ORD_0001745,VEH_0047,DRV_0078,2026-03-28 16:46:54,2025-10-10 22:59:14,2026-03-28 18:56:38,103.5,Delivered,7149.67,1768.91
SHP_0001746,ORD_0001746,VEH_0042,DRV_0084,2026-05-10 02:21:06,2026-09-17 17:08:26,2026-09-17 16:10:17,1647.1,Delivered,55283.61,36863.67
SHP_0001747,ORD_0001747,VEH_0045,DRV_0021,2026-01-19 22:19:52,2026-03-25 11:59:49,2026-03-26 03:34:32,1960.1,Delivered,69901.35,43868.9
SHP_0001748,ORD_0001748,VEH_0009,DRV_0079,2026-07-22 15:35:52,2026-09-14 03:52:56,2026-09-14 02:20:04,264.0,Delivered,9680.7,330.0
SHP_0001749,ORD_0001749,VEH_0050,DRV_0098,2026-08-03 08:55:10,2026-01-25 13:18:27,2026-08-04 13:28:58,1252.1,Delivered,41603.41,13846.75
SHP_0001750,ORD_0001750,VEH_0022,DRV_0095,2026-08-30 02:49:58,2025-11-27 06:35:36,2026-08-30 19:07:50,663.0,Delivered,23935.74,11331.27
SHP_0001751,ORD_0001751,VEH_0023,DRV_0092,2026-08-05 04:07:11,2026-05-18 19:45:56,2026-08-07 00:48:50,2202.3,Delivered,75304.56,2752.88
SHP_0001752,ORD_0001752,VEH_0012,DRV_0018,2026-01-18 10:12:08,2026-02-19 01:09:40,2026-02-18 21:29:47,2194.0,Delivered,75514.4,24263.06
SHP_0001753,ORD_0001753,VEH_0030,DRV_0034,2025-11-14 00:02:41,2025-10-06 01:13:31,2025-11-14 05:45:04,289.9,Delivered,16525.92,6488.24
SHP_0001754,ORD_0001754,VEH_0038,DRV_0017,2026-05-01 01:56:55,2026-07-28 23:53:34,2026-07-29 01:49:14,2630.2,Delivered,87630.62,3287.75
SHP_0001755,ORD_0001755,VEH_0080,DRV_0068,2026-05-18 17:43:54,2026-07-06 11:31:19,2026-07-06 22:00:55,1942.2,Delivered,35654.32,21478.45
SHP_0001756,ORD_0001756,VEH_0005,DRV_0066,2026-08-16 21:49:33,2026-02-28 06:08:08,2026-08-19 00:05:13,2192.6,Delivered,71577.55,2740.75
SHP_0001757,ORD_0001757,VEH_0007,DRV_0039,2026-03-17 04:56:23,2026-08-15 11:12:53,2026-08-15 08:16:46,663.0,Delivered,22969.59,11331.27
SHP_0001758,ORD_0001758,VEH_0062,DRV_0038,2026-05-28 20:17:05,2025-10-06 14:16:36,2026-05-29 21:21:52,1068.7,Delivered,38423.6,18265.05
SHP_0001759,ORD_0001759,VEH_0064,DRV_0010,2026-08-07 00:33:40,2026-08-03 20:13:57,2026-08-08 15:10:08,1898.0,Delivered,62781.42,46950.53
SHP_0001760,ORD_0001760,VEH_0027,DRV_0016,2026-06-11 08:12:41,2026-04-14 12:59:48,2026-06-12 15:20:22,1525.7,Delivered,54129.43,37741.0
SHP_0001761,ORD_0001761,VEH_0057,DRV_0004,2026-07-26 12:31:38,2026-07-13 09:42:12,2026-07-27 12:29:40,1146.3,Delivered,42265.02,12676.73
SHP_0001762,ORD_0001762,VEH_0051,DRV_0088,2026-01-17 20:46:25,2026-03-16 22:46:09,2026-03-16 21:47:24,476.0,Delivered,19686.78,8135.27
SHP_0001763,ORD_0001763,VEH_0064,DRV_0009,2026-04-21 19:11:44,2026-06-27 21:33:37,2026-06-28 06:00:16,267.9,Delivered,13682.65,6627.0
SHP_0001764,ORD_0001764,VEH_0070,DRV_0089,2026-07-30 00:27:47,2025-12-24 03:26:51,2026-07-30 07:55:20,369.9,Delivered,18508.77,9150.16
SHP_0001765,ORD_0001765,VEH_0019,DRV_0088,2026-04-22 11:11:23,2026-02-09 07:33:58,2026-04-23 00:22:36,528.3,Delivered,18306.82,660.38
SHP_0001766,ORD_0001766,VEH_0022,DRV_0100,2025-10-10 01:42:49,2025-12-23 17:35:08,,915.6,Cancelled,32457.17,15648.44
SHP_0001767,ORD_0001767,VEH_0069,DRV_0003,2026-05-07 04:17:23,2026-05-07 01:33:23,2026-05-07 07:25:05,145.7,Delivered,7637.05,182.12
SHP_0001768,ORD_0001768,VEH_0030,DRV_0063,2026-04-05 01:01:23,2026-02-01 10:04:33,,1118.3,Cancelled,39017.77,25028.62
SHP_0001769,ORD_0001769,VEH_0066,DRV_0039,2026-04-05 09:42:57,2025-12-30 08:13:34,2025-12-30 22:05:22,167.2,Delivered,9664.83,1849.04
SHP_0001770,ORD_0001770,VEH_0049,DRV_0016,2026-02-24 23:34:27,2026-03-22 11:50:18,2026-03-22 11:13:47,197.1,Delivered,7915.88,2179.69
SHP_0001771,ORD_0001771,VEH_0049,DRV_0045,2026-02-07 01:32:43,2025-11-06 13:09:50,2026-02-07 06:40:44,215.6,Delivered,4049.74,2384.28
SHP_0001772,ORD_0001772,VEH_0004,DRV_0026,2025-12-29 14:49:02,2026-04-16 17:21:40,2026-04-16 15:54:25,432.0,Delivered,21106.26,7383.27
SHP_0001773,ORD_0001773,VEH_0012,DRV_0077,2025-10-04 05:57:41,2026-02-09 12:45:56,2026-02-09 11:47:01,144.9,Delivered,7818.47,1602.42
SHP_0001774,ORD_0001774,VEH_0057,DRV_0096,2026-06-25 22:40:27,2026-04-23 18:36:52,2026-06-26 02:17:54,170.5,Delivered,10609.35,1885.53
SHP_0001775,ORD_0001775,VEH_0025,DRV_0034,2026-06-02 17:42:30,2026-06-15 09:03:20,2026-06-15 06:32:52,1117.4,Delivered,42040.29,25008.48
SHP_0001776,ORD_0001776,VEH_0031,DRV_0036,2026-01-09 14:45:00,2025-10-17 14:37:43,2026-01-11 16:58:50,2051.2,Delivered,70838.12,2564.0
SHP_0001777,ORD_0001777,VEH_0016,DRV_0040,2026-05-10 07:30:55,2026-08-14 21:53:58,2026-08-14 20:09:20,529.9,Delivered,23035.9,13108.05
SHP_0001778,ORD_0001778,VEH_0046,DRV_0056,2026-07-15 19:39:16,2026-03-02 15:49:04,2026-07-16 11:04:25,677.7,Delivered,12835.43,7494.56
SHP_0001779,ORD_0001779,VEH_0035,DRV_0040,2026-09-01 10:06:11,2026-03-11 11:44:44,2026-09-01 23:11:32,640.2,Delivered,27467.93,15836.53
SHP_0001780,ORD_0001780,VEH_0066,DRV_0078,2026-05-02 15:45:56,2025-12-15 07:32:20,2025-12-16 00:48:19,2496.9,Delivered,85238.65,27612.78
SHP_0001781,ORD_0001781,VEH_0052,DRV_0010,2026-05-30 17:05:46,2025-10-07 19:33:34,2026-05-30 22:16:45,267.4,Delivered,13680.9,6614.63
SHP_0001782,ORD_0001782,VEH_0032,DRV_0041,2026-07-01 19:23:29,2026-05-10 01:26:24,2026-07-03 23:02:47,2499.4,Delivered,81286.25,27640.42
SHP_0001783,ORD_0001783,VEH_0072,DRV_0016,2026-02-17 06:25:03,2026-06-09 08:56:02,2026-06-09 12:43:10,1223.8,Delivered,42702.23,13533.79
SHP_0001784,ORD_0001784,VEH_0068,DRV_0060,2026-05-06 10:20:10,2026-03-29 05:07:57,2026-05-08 14:34:33,2385.7,Delivered,78906.75,26383.04
SHP_0001785,ORD_0001785,VEH_0033,DRV_0033,2026-03-11 11:51:45,2026-07-08 18:03:23,2026-07-08 14:10:08,432.4,Delivered,14709.41,7390.11
SHP_0001786,ORD_0001786,VEH_0067,DRV_0070,2026-07-25 20:08:40,2025-10-26 09:55:34,2026-07-27 04:06:36,1454.1,Delivered,47827.14,24851.89
SHP_0001787,ORD_0001787,VEH_0072,DRV_0072,2026-07-10 12:38:59,2026-07-10 01:25:46,2026-07-11 16:42:57,1449.5,Delivered,52675.35,16029.76
SHP_0001788,ORD_0001788,VEH_0062,DRV_0074,2026-05-02 15:20:36,2025-12-03 05:43:35,,791.9,Cancelled,31553.65,13534.29
SHP_0001789,ORD_0001789,VEH_0074,DRV_0083,2026-07-07 00:18:21,2026-06-19 22:32:22,2026-07-08 17:16:31,1996.7,Delivered,67123.95,49392.05
SHP_0001790,ORD_0001790,VEH_0076,DRV_0003,2026-06-22 22:33:42,2025-11-23 08:46:48,,1974.4,Cancelled,35646.2,2468.0
SHP_0001791,ORD_0001791,VEH_0075,DRV_0029,2026-07-04 20:07:31,2026-04-22 23:13:55,2026-07-06 03:24:35,1449.5,Delivered,51883.61,35856.05
SHP_0001792,ORD_0001792,VEH_0063,DRV_0093,2026-05-19 08:36:53,2026-05-11 19:49:07,2026-05-20 18:14:25,1704.2,Delivered,58320.44,38141.62
SHP_0001793,ORD_0001793,VEH_0018,DRV_0055,2026-01-13 05:19:34,2026-03-12 15:32:54,2026-03-12 14:04:54,2212.9,Delivered,75862.76,49526.81
SHP_0001794,ORD_0001794,VEH_0006,DRV_0025,2026-05-12 23:05:00,2025-12-05 04:00:25,2026-05-14 06:50:31,1440.6,Delivered,49838.79,32242.0
SHP_0001795,ORD_0001795,VEH_0045,DRV_0022,2026-08-25 00:44:31,2025-12-11 18:43:43,2026-08-25 10:28:47,505.4,Delivered,17800.45,11311.33
SHP_0001796,ORD_0001796,VEH_0049,DRV_0030,2026-08-15 04:34:27,2026-09-22 07:37:04,2026-09-22 05:55:04,1999.6,Delivered,69639.08,22113.22
SHP_0001797,ORD_0001797,VEH_0076,DRV_0004,2026-05-05 09:23:16,2026-04-01 10:33:34,2026-05-05 14:31:39,235.1,Delivered,10094.65,293.88
SHP_0001798,ORD_0001798,VEH_0017,DRV_0020,2026-04-10 01:06:24,2026-07-09 14:12:01,2026-07-09 12:17:58,575.9,Delivered,19887.13,12889.19
SHP_0001799,ORD_0001799,VEH_0027,DRV_0014,2026-06-19 12:16:20,2026-04-02 09:40:47,2026-06-20 13:05:42,1227.2,Delivered,40916.11,30357.05
SHP_0001800,ORD_0001800,VEH_0027,DRV_0096,2026-06-12 02:38:44,2026-07-07 16:16:30,2026-07-07 15:06:22,2016.6,Delivered,66874.72,49884.32
SHP_0001801,ORD_0001801,VEH_0017,DRV_0047,2026-01-17 20:51:13,2025-11-20 20:36:57,2026-01-20 00:12:55,2385.7,Delivered,77923.83,53394.24
SHP_0001802,ORD_0001802,VEH_0062,DRV_0054,2026-02-22 02:31:00,2025-12-27 05:14:02,2026-02-22 13:56:51,538.5,Delivered,22045.95,9203.45
SHP_0001803,ORD_0001803,VEH_0070,DRV_0029,2026-06-26 03:55:43,2026-01-27 05:32:26,2026-06-27 21:01:57,1992.4,Delivered,69216.92,49285.68
SHP_0001804,ORD_0001804,VEH_0027,DRV_0034,2026-05-22 18:39:38,2026-07-06 22:57:16,2026-07-07 16:49:24,357.8,Delivered,18722.6,8850.84
SHP_0001805,ORD_0001805,VEH_0028,DRV_0011,2026-06-20 16:03:23,2025-12-28 09:35:07,2025-12-28 13:48:27,2214.0,Delivered,77701.05,54767.37
SHP_0001806,ORD_0001806,VEH_0002,DRV_0051,2026-06-22 04:32:13,2026-08-19 16:29:27,2026-08-19 13:24:48,2384.5,Delivered,82149.99,58985.0
SHP_0001807,ORD_0001807,VEH_0073,DRV_0074,2026-04-10 16:52:48,2026-06-21 03:03:03,2026-06-21 02:03:10,1997.4,Delivered,71345.32,34137.38
SHP_0001808,ORD_0001808,VEH_0020,DRV_0014,2026-01-29 06:44:51,2026-05-31 05:36:25,2026-05-31 03:42:19,1755.4,Delivered,58686.92,30001.38
SHP_0001809,ORD_0001809,VEH_0001,DRV_0026,2026-01-08 15:07:44,2026-01-26 16:28:26,2026-01-26 13:12:59,1724.1,Delivered,59646.69,42648.79
SHP_0001810,ORD_0001810,VEH_0012,DRV_0003,2026-04-18 05:03:00,2026-03-19 23:15:25,2026-04-18 09:53:22,231.5,Delivered,10934.07,2560.12
SHP_0001811,ORD_0001811,VEH_0024,DRV_0022,2026-03-01 11:13:04,2026-06-20 22:11:40,2026-06-20 18:28:52,582.5,Delivered,21273.88,9955.45
SHP_0001812,ORD_0001812,VEH_0039,DRV_0071,2025-11-07 01:09:04,2025-12-26 08:49:26,2025-12-26 04:55:41,2624.8,Delivered,47287.54,58745.52
SHP_0001813,ORD_0001813,VEH_0026,DRV_0086,2026-07-21 03:12:29,2025-12-21 21:26:07,2026-07-22 11:40:39,1589.4,Delivered,53144.44,35572.29
SHP_0001814,ORD_0001814,VEH_0038,DRV_0099,2025-10-09 18:53:47,2026-04-07 06:27:54,2026-04-07 03:43:49,426.1,Delivered,18259.06,532.62
SHP_0001815,ORD_0001815,VEH_0064,DRV_0028,2026-03-18 20:04:44,2026-01-22 02:49:52,,630.0,Cancelled,22201.44,15584.21
SHP_0001816,ORD_0001816,VEH_0004,DRV_0085,2026-07-04 01:28:31,2026-03-22 17:17:31,2026-07-05 01:44:41,1227.7,Delivered,45184.88,20982.51
SHP_0001817,ORD_0001817,VEH_0031,DRV_0057,2026-05-19 04:18:03,2026-03-24 11:52:30,2026-05-20 04:18:21,1217.7,Delivered,42287.15,1522.13
SHP_0001818,ORD_0001818,VEH_0076,DRV_0087,2025-10-23 03:57:50,2026-02-03 13:52:52,2026-02-03 11:15:08,1195.2,Delivered,43848.96,1494.0
SHP_0001819,ORD_0001819,VEH_0014,DRV_0088,2026-05-19 18:03:33,2025-12-28 03:52:42,2025-12-28 09:15:29,228.3,Delivered,11269.94,5109.57
SHP_0001820,ORD_0001820,VEH_0008,DRV_0028,2026-02-26 00:09:05,2026-05-03 17:29:07,2026-05-03 16:01:07,1136.9,Delivered,41046.18,12572.78
SHP_0001821,ORD_0001821,VEH_0031,DRV_0094,2025-11-14 17:26:18,2025-11-19 00:54:15,2025-11-18 21:57:31,982.7,Delivered,32845.81,1228.38
SHP_0001822,ORD_0001822,VEH_0016,DRV_0041,2026-06-05 20:20:50,2026-07-06 07:10:16,2026-07-06 05:54:46,1050.0,Delivered,37824.03,25973.68
SHP_0001823,ORD_0001823,VEH_0022,DRV_0076,2026-01-30 14:15:10,2026-07-07 04:08:54,2026-07-07 02:58:22,1061.5,Delivered,35646.02,18142.0
SHP_0001824,ORD_0001824,VEH_0048,DRV_0072,2026-08-29 04:31:06,2026-09-06 23:31:39,2026-09-06 20:44:18,630.0,Delivered,26240.42,15584.21
SHP_0001825,ORD_0001825,VEH_0044,DRV_0016,2026-08-01 09:24:45,2026-05-27 19:49:57,2026-08-03 14:41:09,2500.7,Delivered,83032.99,55968.05
SHP_0001826,ORD_0001826,VEH_0040,DRV_0079,2025-10-30 15:09:03,2026-03-14 05:18:03,2026-03-14 04:05:12,2612.0,Delivered,88537.0,64612.63
SHP_0001827,ORD_0001827,VEH_0076,DRV_0029,2026-06-30 08:08:22,2026-08-01 03:13:44,2026-08-01 00:03:38,647.2,Delivered,27598.72,809.0
SHP_0001828,ORD_0001828,VEH_0062,DRV_0087,2026-08-10 15:12:46,2025-12-05 15:31:37,2026-08-13 02:12:55,2389.9,Delivered,82924.26,40845.56
SHP_0001829,ORD_0001829,VEH_0054,DRV_0095,2025-11-10 22:51:29,2026-03-02 07:38:52,2026-03-02 12:56:08,1107.9,Delivered,38369.58,1384.88
SHP_0001830,ORD_0001830,VEH_0070,DRV_0011,2026-05-04 02:13:39,2025-11-02 07:51:20,2026-05-06 06:11:41,2384.5,Delivered,77132.93,58985.0
SHP_0001831,ORD_0001831,VEH_0066,DRV_0099,2025-12-15 17:41:14,2026-08-02 03:02:52,2026-08-02 02:04:23,687.4,Delivered,28943.25,7601.84
SHP_0001832,ORD_0001832,VEH_0003,DRV_0075,2026-06-13 08:33:01,2025-11-15 10:57:36,2026-06-13 11:58:29,170.5,Delivered,8686.26,3815.95
SHP_0001833,ORD_0001833,VEH_0067,DRV_0016,2025-10-19 17:56:37,2026-01-23 10:03:11,2026-01-23 09:11:30,896.4,Delivered,29744.74,15320.29
SHP_0001834,ORD_0001834,VEH_0014,DRV_0033,2026-04-28 20:07:37,2026-01-09 21:49:59,2026-04-29 18:46:07,1122.0,Delivered,20517.63,25111.43
SHP_0001835,ORD_0001835,VEH_0043,DRV_0065,2025-10-05 04:15:19,2026-02-08 00:24:00,2026-02-07 21:28:37,2122.5,Delivered,74072.24,2653.12
SHP_0001836,ORD_0001836,VEH_0034,DRV_0019,2026-08-20 07:14:34,2026-03-06 13:36:33,2026-08-20 12:16:41,235.1,Delivered,12306.88,2599.93
SHP_0001837,ORD_0001837,VEH_0069,DRV_0037,2026-03-21 19:27:25,2025-10-10 11:34:10,2026-03-23 09:44:01,1696.0,Delivered,61748.1,2120.0
SHP_0001838,ORD_0001838,VEH_0061,DRV_0038,2025-11-23 17:53:35,2025-12-19 16:49:05,2025-12-19 14:30:09,2390.6,Delivered,78644.02,59135.89
SHP_0001839,ORD_0001839,VEH_0018,DRV_0099,2026-02-28 11:49:08,2026-08-01 05:18:58,2026-08-01 04:47:19,631.0,Delivered,23538.59,14122.38
SHP_0001840,ORD_0001840,VEH_0006,DRV_0016,2026-06-02 22:01:47,2026-04-25 12:01:19,,2500.0,Cancelled,84114.29,55952.38
SHP_0001841,ORD_0001841,VEH_0027,DRV_0012,2026-02-19 02:36:35,2026-07-20 10:32:29,2026-07-20 09:31:25,1241.7,Delivered,22825.2,30715.74
SHP_0001842,ORD_0001842,VEH_0040,DRV_0077,2026-02-02 09:49:52,2025-11-30 17:17:32,2025-11-30 21:45:29,340.2,Delivered,6131.76,8415.47
SHP_0001843,ORD_0001843,VEH_0016,DRV_0066,2026-02-06 01:21:35,2026-07-29 22:08:04,2026-07-29 21:34:34,211.9,Delivered,13509.32,5241.74
SHP_0001844,ORD_0001844,VEH_0075,DRV_0035,2025-11-17 19:02:46,2026-01-23 19:59:03,2026-01-23 18:41:33,2348.4,Delivered,80533.37,58092.0
SHP_0001845,ORD_0001845,VEH_0026,DRV_0088,2026-08-03 14:28:58,2026-06-09 14:00:20,2026-08-05 17:30:38,2213.2,Delivered,77597.79,49533.52
SHP_0001846,ORD_0001846,VEH_0028,DRV_0063,2026-03-15 15:01:57,2026-06-26 22:25:11,2026-06-26 19:32:05,1110.6,Delivered,42499.2,27472.74
SHP_0001847,ORD_0001847,VEH_0045,DRV_0060,2026-02-26 10:34:58,2026-04-16 15:45:28,2026-04-16 12:26:19,924.8,Delivered,34702.56,20697.9
SHP_0001848,ORD_0001848,VEH_0039,DRV_0065,2026-09-03 23:47:56,2026-02-10 23:09:30,2026-09-06 04:25:03,2403.7,Delivered,82741.34,53797.1
SHP_0001849,ORD_0001849,VEH_0068,DRV_0087,2025-12-18 10:29:01,2025-11-30 15:28:37,2025-12-19 12:51:14,1148.3,Delivered,41542.13,12698.85
SHP_0001850,ORD_0001850,VEH_0051,DRV_0061,2026-04-01 22:34:21,2026-02-10 07:33:04,2026-04-01 23:06:30,25.0,Delivered,4632.35,427.27
SHP_0001851,ORD_0001851,VEH_0061,DRV_0041,2026-03-23 05:03:00,2026-05-01 11:02:27,2026-05-01 07:39:55,639.4,Delivered,26669.78,15816.74
SHP_0001852,ORD_0001852,VEH_0062,DRV_0038,2026-03-03 14:48:35,2026-02-19 11:09:13,2026-03-04 15:55:41,1035.7,Delivered,38463.38,17701.05
SHP_0001853,ORD_0001853,VEH_0049,DRV_0040,2026-01-19 20:40:33,2025-10-03 09:06:59,2026-01-20 02:59:24,261.8,Delivered,5327.3,2895.2
SHP_0001854,ORD_0001854,VEH_0036,DRV_0075,2026-08-27 09:52:44,2026-05-21 04:00:58,2026-08-27 19:09:26,465.8,Delivered,15826.84,5151.2
SHP_0001855,ORD_0001855,VEH_0047,DRV_0095,2025-12-27 15:43:49,2025-11-07 14:26:27,2025-12-27 19:01:39,133.7,Delivered,9028.36,2285.05
SHP_0001856,ORD_0001856,VEH_0017,DRV_0015,2026-04-17 11:16:13,2025-10-30 04:10:20,2026-04-19 06:32:55,2003.0,Delivered,71090.63,44829.05
SHP_0001857,ORD_0001857,VEH_0028,DRV_0016,2026-05-15 06:20:56,2026-03-20 05:23:07,2026-05-15 22:10:09,674.5,Delivered,28356.97,16685.0
SHP_0001858,ORD_0001858,VEH_0068,DRV_0028,2025-11-15 11:30:34,2025-10-18 06:20:27,,1319.1,Cancelled,43764.12,14587.69
SHP_0001859,ORD_0001859,VEH_0046,DRV_0052,2025-12-25 14:02:14,2026-03-30 13:09:04,2026-03-30 11:04:43,390.2,Delivered,15930.83,4315.15
SHP_0001860,ORD_0001860,VEH_0016,DRV_0075,2025-12-10 01:50:42,2025-12-04 01:27:15,2025-12-11 01:23:33,1097.2,Delivered,41601.73,27141.26
SHP_0001861,ORD_0001861,VEH_0002,DRV_0039,2026-07-02 20:35:28,2026-04-07 10:20:58,2026-07-03 22:28:04,1116.3,Delivered,38923.29,27613.74
SHP_0001862,ORD_0001862,VEH_0030,DRV_0013,2026-03-03 22:10:06,2025-12-07 08:05:55,2026-03-06 02:39:11,2122.5,Delivered,72872.01,47503.57
SHP_0001863,ORD_0001863,VEH_0056,DRV_0045,2026-04-20 23:27:52,2026-08-13 17:46:01,2026-08-13 16:37:56,1116.0,Delivered,20777.52,1395.0
SHP_0001864,ORD_0001864,VEH_0049,DRV_0033,2026-01-27 23:07:19,2026-01-03 08:11:29,2026-01-29 09:08:23,1639.2,Delivered,57761.68,18127.62
SHP_0001865,ORD_0001865,VEH_0022,DRV_0010,2026-05-31 15:41:32,2026-05-17 07:14:23,2026-06-02 07:13:41,1752.9,Delivered,60237.78,29958.65
SHP_0001866,ORD_0001866,VEH_0067,DRV_0064,2026-04-11 14:00:47,2026-07-25 13:10:25,2026-07-25 11:56:24,1077.7,Delivered,37011.8,18418.87
SHP_0001867,ORD_0001867,VEH_0072,DRV_0004,2026-05-20 02:52:08,2025-10-31 09:48:53,2026-05-20 23:03:02,995.1,Delivered,33771.72,11004.64
SHP_0001868,ORD_0001868,VEH_0005,DRV_0013,2026-04-08 23:53:14,2026-08-31 19:28:37,2026-08-31 18:36:18,1152.2,Delivered,41968.19,1440.25
SHP_0001869,ORD_0001869,VEH_0078,DRV_0002,2026-05-28 21:18:50,2026-01-31 03:43:34,2026-05-29 20:31:10,1136.9,Delivered,38266.41,1421.12
SHP_0001870,ORD_0001870,VEH_0078,DRV_0074,2025-10-08 00:12:02,2026-07-30 13:04:30,2026-07-30 09:24:18,614.2,Delivered,24935.56,767.75
SHP_0001871,ORD_0001871,VEH_0075,DRV_0087,2026-06-16 12:03:50,2026-09-27 13:50:14,2026-09-27 18:19:39,1974.4,Delivered,66039.34,48840.42
SHP_0001872,ORD_0001872,VEH_0047,DRV_0080,2026-05-09 05:56:55,2026-01-29 19:25:09,2026-01-30 10:50:57,505.4,Delivered,22161.7,8637.75
SHP_0001873,ORD_0001873,VEH_0080,DRV_0013,2025-11-15 19:52:19,2026-03-25 02:10:00,2026-03-24 23:55:10,2051.2,Delivered,69141.78,22683.86
SHP_0001874,ORD_0001874,VEH_0071,DRV_0054,2026-02-09 22:50:11,2026-08-23 22:18:09,2026-08-24 12:16:47,1774.7,Delivered,59972.2,19626.09
SHP_0001875,ORD_0001875,VEH_0028,DRV_0090,2026-08-19 02:55:30,2025-12-19 07:11:59,2026-08-20 10:11:20,1438.5,Delivered,49624.93,35583.95
SHP_0001876,ORD_0001876,VEH_0077,DRV_0051,2026-03-14 13:36:46,2025-12-08 00:17:24,2026-03-15 14:33:44,1043.0,Delivered,37073.49,17825.82
SHP_0001877,ORD_0001877,VEH_0031,DRV_0036,2026-03-21 16:31:06,2026-07-19 06:18:24,2026-07-19 02:47:03,1913.8,Delivered,65990.3,2392.25
SHP_0001878,ORD_0001878,VEH_0035,DRV_0087,2025-12-05 16:13:42,2026-06-09 09:15:12,2026-06-09 07:21:32,1704.2,Delivered,57856.19,42156.53
SHP_0001879,ORD_0001879,VEH_0062,DRV_0068,2026-02-13 09:05:45,2026-06-03 19:46:12,2026-06-03 18:30:51,2355.1,Delivered,81399.26,40250.8
SHP_0001880,ORD_0001880,VEH_0068,DRV_0006,2026-03-07 20:49:07,2026-09-27 22:42:16,2026-09-27 19:28:18,1117.4,Delivered,36665.94,12357.13
SHP_0001881,ORD_0001881,VEH_0033,DRV_0004,2026-07-08 00:13:34,2025-12-23 08:57:24,2025-12-23 22:38:06,654.5,Delivered,23584.06,11186.0
SHP_0001882,ORD_0001882,VEH_0055,DRV_0035,2026-09-11 17:52:31,2025-12-30 16:07:24,2026-09-12 18:29:41,1118.3,Delivered,37332.81,27663.21
SHP_0001883,ORD_0001883,VEH_0034,DRV_0015,2025-12-16 01:35:13,2025-10-18 10:57:49,2025-12-17 09:02:21,1579.2,Delivered,57310.41,17464.09
SHP_0001884,ORD_0001884,VEH_0015,DRV_0088,2026-04-08 19:03:21,2026-08-17 10:47:32,2026-08-17 08:55:16,2500.2,Delivered,81351.66,3125.25
SHP_0001885,ORD_0001885,VEH_0034,DRV_0033,2025-12-31 09:19:34,2026-09-12 04:18:47,2026-09-12 00:47:43,2616.8,Delivered,87626.82,28938.73
SHP_0001886,ORD_0001886,VEH_0024,DRV_0053,2026-02-11 06:17:05,2026-04-06 06:43:20,2026-04-06 06:07:15,1958.1,Delivered,69753.13,33465.71
SHP_0001887,ORD_0001887,VEH_0077,DRV_0024,2026-06-29 09:53:53,2026-02-09 12:57:01,2026-06-29 13:10:16,149.4,Delivered,9555.7,2553.38
SHP_0001888,ORD_0001888,VEH_0014,DRV_0090,2026-05-17 05:32:45,2025-11-16 16:01:15,2026-05-19 14:49:19,2629.2,Delivered,88622.26,58844.0
SHP_0001889,ORD_0001889,VEH_0052,DRV_0083,2026-04-08 17:57:04,2026-03-25 19:09:58,2026-04-09 17:37:46,1207.6,Delivered,45987.35,29872.21
SHP_0001890,ORD_0001890,VEH_0026,DRV_0002,2026-01-25 18:18:04,2025-10-15 21:03:43,2026-01-26 22:06:47,1288.6,Delivered,46341.63,28840.1
SHP_0001891,ORD_0001891,VEH_0066,DRV_0008,2026-09-06 14:30:04,2026-09-04 15:36:05,2026-09-07 06:18:05,686.0,Delivered,28462.22,7586.35
SHP_0001892,ORD_0001892,VEH_0080,DRV_0065,2025-11-01 21:49:26,2026-08-06 12:40:25,2026-08-06 08:41:42,1454.1,Delivered,48376.24,16080.64
SHP_0001893,ORD_0001893,VEH_0005,DRV_0060,2025-10-10 01:36:27,2026-05-08 19:38:02,2026-05-08 19:06:58,1131.0,Delivered,40600.41,1413.75
SHP_0001894,ORD_0001894,VEH_0078,DRV_0077,2025-12-20 01:13:18,2026-03-15 04:52:58,2026-03-15 03:41:50,185.2,Delivered,8640.33,231.5
SHP_0001895,ORD_0001895,VEH_0076,DRV_0016,2025-10-02 00:50:48,2026-09-23 04:39:51,,2460.9,Cancelled,80736.54,3076.13
SHP_0001896,ORD_0001896,VEH_0042,DRV_0001,2026-06-01 13:29:14,2026-06-24 23:42:35,2026-06-25 02:30:11,296.5,Delivered,10585.34,6635.95
SHP_0001897,ORD_0001897,VEH_0005,DRV_0073,2025-10-22 06:08:59,2026-07-23 14:31:04,2026-07-23 10:50:03,1678.5,Delivered,54661.98,2098.12
SHP_0001898,ORD_0001898,VEH_0076,DRV_0068,2026-08-17 00:40:53,2026-01-22 16:05:03,2026-08-18 06:01:52,1250.6,Delivered,43346.86,1563.25
SHP_0001899,ORD_0001899,VEH_0066,DRV_0018,2025-11-30 15:22:28,2026-02-08 05:11:21,2026-02-08 04:13:44,1697.9,Delivered,31199.79,18776.78
SHP_0001900,ORD_0001900,VEH_0011,DRV_0044,2026-07-28 09:25:09,2026-02-13 16:34:48,2026-07-29 02:48:16,771.0,Delivered,29814.65,19072.11
SHP_0001901,ORD_0001901,VEH_0014,DRV_0087,2026-01-26 14:06:11,2026-05-14 16:27:37,2026-05-15 05:39:08,773.3,Delivered,27210.2,17307.19
SHP_0001902,ORD_0001902,VEH_0053,DRV_0092,2026-04-16 22:47:32,2026-05-17 22:27:44,2026-05-17 20:47:55,1241.0,Delivered,45241.0,30698.42
SHP_0001903,ORD_0001903,VEH_0010,DRV_0008,2025-12-21 10:23:37,2026-02-21 23:34:40,2026-02-21 20:45:13,2225.5,Delivered,77018.6,24611.41
SHP_0001904,ORD_0001904,VEH_0037,DRV_0091,2026-01-14 03:27:19,2026-01-27 10:25:40,2026-01-27 08:21:43,327.2,Delivered,17473.88,7323.05
SHP_0001905,ORD_0001905,VEH_0047,DRV_0077,2025-10-07 10:06:13,2026-05-18 20:19:21,2026-05-18 18:44:09,1871.7,Delivered,64513.26,31989.05
SHP_0001906,ORD_0001906,VEH_0054,DRV_0085,2026-03-15 09:03:33,2026-03-30 20:31:25,2026-03-31 03:28:00,1652.6,Delivered,53677.3,2065.75
SHP_0001907,ORD_0001907,VEH_0020,DRV_0063,2025-10-08 18:57:57,2025-12-06 12:05:37,2025-12-06 10:19:55,348.8,Delivered,16669.18,5961.31
SHP_0001908,ORD_0001908,VEH_0008,DRV_0044,2026-04-11 12:25:24,2026-08-16 06:55:00,2026-08-16 04:28:18,336.6,Delivered,12845.66,3722.4
SHP_0001909,ORD_0001909,VEH_0028,DRV_0027,2026-08-07 23:20:52,2026-02-16 21:22:33,2026-08-08 02:24:24,134.7,Delivered,11237.86,3332.05
SHP_0001910,ORD_0001910,VEH_0054,DRV_0098,2026-08-08 20:04:26,2025-10-23 14:55:34,2026-08-09 20:31:31,1207.6,Delivered,21798.12,1509.5
SHP_0001911,ORD_0001911,VEH_0072,DRV_0050,2026-05-13 16:34:41,2026-06-23 22:40:20,2026-06-23 20:00:57,25.0,Delivered,5494.22,276.47
SHP_0001912,ORD_0001912,VEH_0004,DRV_0012,2026-04-19 17:25:50,2026-06-18 14:17:07,,423.8,Cancelled,20788.09,7243.13
SHP_0001913,ORD_0001913,VEH_0025,DRV_0088,2025-12-02 14:13:47,2026-05-23 19:24:26,2026-05-23 18:08:50,1217.7,Delivered,40267.97,27253.29
SHP_0001914,ORD_0001914,VEH_0022,DRV_0084,2025-12-31 13:01:01,2026-04-14 06:28:41,2026-04-14 16:45:40,540.1,Delivered,22302.53,9230.8
SHP_0001915,ORD_0001915,VEH_0018,DRV_0095,2026-03-06 15:42:46,2026-03-26 08:21:08,2026-03-26 06:03:30,25.0,Delivered,4197.68,559.52
SHP_0001916,ORD_0001916,VEH_0033,DRV_0060,2026-07-10 11:12:09,2025-12-13 05:54:17,2026-07-10 16:46:01,249.6,Delivered,10075.07,4265.89
SHP_0001917,ORD_0001917,VEH_0057,DRV_0039,2026-04-20 00:01:09,2026-08-18 16:10:34,2026-08-18 14:35:14,1447.2,Delivered,51195.48,16004.33
SHP_0001918,ORD_0001918,VEH_0012,DRV_0042,2026-08-04 18:19:07,2025-11-07 07:51:34,2026-08-06 03:35:52,1710.5,Delivered,59311.12,18916.12
SHP_0001919,ORD_0001919,VEH_0049,DRV_0035,2026-07-22 13:10:58,2026-01-21 09:23:04,2026-07-24 21:15:38,2345.8,Delivered,81020.66,25941.79
SHP_0001920,ORD_0001920,VEH_0018,DRV_0035,2026-07-31 05:43:56,2026-09-16 21:14:50,2026-09-16 20:05:50,915.4,Delivered,30338.67,20487.52
SHP_0001921,ORD_0001921,VEH_0053,DRV_0063,2026-02-28 00:30:21,2025-12-22 21:40:58,2026-02-28 14:00:19,654.5,Delivered,12183.09,16190.26
SHP_0001922,ORD_0001922,VEH_0058,DRV_0085,2026-02-27 06:30:12,2026-04-16 12:15:17,2026-04-16 08:32:55,1381.5,Delivered,46668.94,30919.29
SHP_0001923,ORD_0001923,VEH_0062,DRV_0084,2026-08-26 17:46:42,2026-03-01 12:19:58,2026-08-27 22:43:21,1158.5,Delivered,39603.93,19799.82
SHP_0001924,ORD_0001924,VEH_0033,DRV_0023,2026-03-18 09:24:56,2026-09-23 17:15:19,2026-09-23 16:26:53,585.2,Delivered,19534.36,10001.6
SHP_0001925,ORD_0001925,VEH_0074,DRV_0068,2026-01-05 15:33:55,2026-03-24 16:59:53,2026-03-24 16:25:20,1154.9,Delivered,37989.06,28568.58
SHP_0001926,ORD_0001926,VEH_0024,DRV_0024,2025-10-20 01:27:53,2026-06-03 12:11:47,2026-06-03 08:26:40,231.5,Delivered,11514.34,3956.55
SHP_0001927,ORD_0001927,VEH_0027,DRV_0071,2026-07-06 00:32:11,2026-07-03 17:48:48,2026-07-06 03:11:26,112.1,Delivered,8021.26,2773.0
SHP_0001928,ORD_0001928,VEH_0038,DRV_0075,2026-05-23 00:36:34,2025-11-01 17:47:56,2026-05-24 01:20:51,1135.3,Delivered,37465.4,1419.12
SHP_0001929,ORD_0001929,VEH_0025,DRV_0006,2025-11-13 15:13:24,2026-04-05 03:47:15,2026-04-05 01:05:28,796.7,Delivered,28715.22,17830.9
SHP_0001930,ORD_0001930,VEH_0014,DRV_0052,2026-07-19 11:31:08,2026-07-09 02:40:46,2026-07-19 12:06:18,25.0,Delivered,534.27,559.52
SHP_0001931,ORD_0001931,VEH_0037,DRV_0032,2026-01-18 20:30:13,2025-11-15 01:21:07,2026-01-19 10:58:31,656.5,Delivered,22173.02,14693.1
SHP_0001932,ORD_0001932,VEH_0033,DRV_0059,2026-02-09 16:09:11,2025-12-09 23:16:34,2026-02-09 19:53:00,167.2,Delivered,12610.65,2857.6
SHP_0001933,ORD_0001933,VEH_0046,DRV_0096,2026-03-26 09:02:57,2026-06-22 02:41:00,2026-06-21 22:57:06,612.5,Delivered,11458.65,6773.53
SHP_0001934,ORD_0001934,VEH_0059,DRV_0089,2025-12-08 19:45:03,2026-03-17 09:56:17,2026-03-17 06:02:12,1288.6,Delivered,47030.39,14250.4
SHP_0001935,ORD_0001935,VEH_0041,DRV_0011,2026-02-21 17:04:40,2026-08-12 22:14:24,2026-08-12 20:05:03,2609.8,Delivered,88237.04,44603.85
SHP_0001936,ORD_0001936,VEH_0053,DRV_0096,2025-11-27 04:37:03,2026-01-27 16:06:53,2026-01-27 12:21:50,2128.2,Delivered,69808.74,52644.95
SHP_0001937,ORD_0001937,VEH_0070,DRV_0065,2026-06-11 01:47:01,2026-05-14 07:39:49,2026-06-12 00:14:33,1092.6,Delivered,41385.09,27027.47
SHP_0001938,ORD_0001938,VEH_0048,DRV_0090,2026-07-24 09:55:03,2026-03-02 22:28:32,2026-07-24 17:17:17,358.8,Delivered,14608.2,8875.58
SHP_0001939,ORD_0001939,VEH_0060,DRV_0002,2026-03-24 03:40:19,2026-09-18 10:28:26,2026-09-18 08:25:51,1486.6,Delivered,49323.15,16440.05
SHP_0001940,ORD_0001940,VEH_0073,DRV_0096,2026-08-09 08:56:39,2026-07-02 02:56:32,2026-08-09 12:52:53,186.9,Delivered,11081.47,3194.29
SHP_0001941,ORD_0001941,VEH_0073,DRV_0031,2026-05-23 09:05:17,2026-04-26 08:59:39,2026-05-23 14:15:30,230.3,Delivered,4424.37,3936.04
SHP_0001942,ORD_0001942,VEH_0063,DRV_0076,2026-05-01 14:38:49,2026-02-20 16:55:33,2026-05-03 03:56:08,1755.4,Delivered,60723.29,39287.52
SHP_0001943,ORD_0001943,VEH_0020,DRV_0095,2026-07-01 05:08:32,2026-05-24 14:33:19,2026-07-02 07:43:29,1145.5,Delivered,39550.64,19577.64
SHP_0001944,ORD_0001944,VEH_0069,DRV_0083,2026-01-10 01:44:02,2026-04-13 16:54:33,2026-04-13 13:06:46,1700.1,Delivered,30655.08,2125.12
SHP_0001945,ORD_0001945,VEH_0009,DRV_0016,2026-08-19 04:06:40,2026-05-15 19:31:42,2026-08-19 17:11:08,548.1,Delivered,18506.83,685.13
SHP_0001946,ORD_0001946,VEH_0001,DRV_0072,2026-06-09 21:03:47,2026-05-25 04:18:09,2026-06-10 10:11:31,649.3,Delivered,11714.59,16061.63
SHP_0001947,ORD_0001947,VEH_0060,DRV_0063,2026-08-08 08:40:10,2026-06-28 11:57:52,2026-08-09 03:10:08,777.3,Delivered,31841.82,8596.02
SHP_0001948,ORD_0001948,VEH_0077,DRV_0052,2026-05-07 10:28:38,2025-11-24 15:49:08,2025-11-25 01:25:05,2127.4,Delivered,68833.67,36359.2
SHP_0001949,ORD_0001949,VEH_0027,DRV_0048,2026-08-14 04:42:23,2026-02-22 08:10:15,2026-08-16 07:10:57,2502.5,Delivered,87508.69,61903.95
SHP_0001950,ORD_0001950,VEH_0055,DRV_0060,2026-02-14 08:49:44,2026-03-30 20:19:52,2026-03-30 17:18:09,2020.7,Delivered,69237.16,49985.74
SHP_0001951,ORD_0001951,VEH_0064,DRV_0058,2026-07-10 01:49:47,2025-12-16 05:49:26,2026-07-11 05:19:11,1139.4,Delivered,37311.0,28185.16
SHP_0001952,ORD_0001952,VEH_0016,DRV_0023,2026-02-22 12:39:33,2026-06-22 23:11:14,2026-06-22 19:44:20,1696.0,Delivered,58301.24,41953.68
SHP_0001953,ORD_0001953,VEH_0073,DRV_0054,2026-02-25 23:23:47,2026-06-30 18:49:24,2026-06-30 17:35:08,456.2,Delivered,15524.2,7796.87
SHP_0001954,ORD_0001954,VEH_0066,DRV_0095,2025-10-16 03:46:24,2025-12-24 23:17:38,2025-12-24 21:58:53,1700.0,Delivered,58577.41,18800.0
SHP_0001955,ORD_0001955,VEH_0016,DRV_0015,2026-05-01 20:45:44,2026-03-15 07:35:47,,186.9,Cancelled,8058.72,4623.32
SHP_0001956,ORD_0001956,VEH_0018,DRV_0075,2025-12-29 07:56:16,2026-08-31 16:12:59,2026-08-31 14:06:22,2215.9,Delivered,71828.09,49593.95
SHP_0001957,ORD_0001957,VEH_0008,DRV_0041,2026-03-20 08:43:12,2026-08-07 00:04:45,2026-08-06 21:16:07,350.0,Delivered,17283.94,3870.59
SHP_0001958,ORD_0001958,VEH_0032,DRV_0065,2025-12-22 00:15:16,2025-11-03 16:29:32,2025-11-04 05:22:34,1436.7,Delivered,50995.28,15888.21
SHP_0001959,ORD_0001959,VEH_0048,DRV_0058,2025-10-14 05:14:45,2025-11-26 19:36:51,2025-11-26 18:27:42,2208.9,Delivered,72724.54,54641.21
SHP_0001960,ORD_0001960,VEH_0041,DRV_0042,2026-03-28 13:42:55,2025-12-18 08:35:09,,267.7,Cancelled,14767.79,4575.24
SHP_0001961,ORD_0001961,VEH_0019,DRV_0063,2025-10-24 06:09:47,2026-07-28 23:03:02,2026-07-28 21:38:20,252.7,Delivered,14100.98,315.88
SHP_0001962,ORD_0001962,VEH_0079,DRV_0054,2026-04-22 11:38:47,2026-08-24 16:25:19,2026-08-24 13:40:36,235.1,Delivered,8326.91,5261.76
SHP_0001963,ORD_0001963,VEH_0013,DRV_0012,2026-01-27 19:56:59,2026-05-20 08:07:34,2026-05-20 04:38:00,2208.8,Delivered,72260.01,37750.4
SHP_0001964,ORD_0001964,VEH_0024,DRV_0039,2026-08-23 14:52:53,2026-03-05 14:49:40,2026-08-23 22:47:48,325.4,Delivered,13504.84,5561.38
SHP_0001965,ORD_0001965,VEH_0019,DRV_0085,2026-08-04 16:55:58,2026-09-22 08:44:43,2026-09-22 06:31:47,519.9,Delivered,21955.54,649.87
SHP_0001966,ORD_0001966,VEH_0061,DRV_0088,2026-08-07 22:32:48,2026-01-05 11:42:45,2026-08-08 04:48:06,267.4,Delivered,15405.08,6614.63
SHP_0001967,ORD_0001967,VEH_0010,DRV_0034,2026-02-16 14:12:52,2026-04-25 21:16:48,2026-04-25 18:11:21,2615.5,Delivered,91160.1,28924.35
SHP_0001968,ORD_0001968,VEH_0068,DRV_0094,2026-05-24 16:26:21,2026-06-05 17:52:08,2026-06-05 16:56:33,238.9,Delivered,11505.73,2641.95
SHP_0001969,ORD_0001969,VEH_0041,DRV_0071,2026-05-20 15:52:33,2026-03-22 12:32:17,2026-05-22 16:47:36,2385.7,Delivered,80228.01,40773.78
SHP_0001970,ORD_0001970,VEH_0015,DRV_0083,2026-01-26 20:09:34,2026-05-04 08:05:11,2026-05-04 07:01:35,545.9,Delivered,23002.53,682.38
SHP_0001971,ORD_0001971,VEH_0051,DRV_0074,2026-08-13 11:50:04,2026-04-18 22:31:59,2026-08-16 03:22:20,2625.5,Delivered,47892.43,44872.18
SHP_0001972,ORD_0001972,VEH_0007,DRV_0080,2025-11-11 18:28:06,2025-12-01 16:27:12,2025-12-01 13:29:49,296.1,Delivered,14805.59,5060.62
SHP_0001973,ORD_0001973,VEH_0077,DRV_0016,2025-10-29 11:52:57,2026-04-19 06:55:34,2026-04-19 03:19:19,1135.3,Delivered,38561.42,19403.31
SHP_0001974,ORD_0001974,VEH_0072,DRV_0084,2026-01-30 09:12:25,2026-09-23 13:39:54,2026-09-23 18:18:41,1602.2,Delivered,55597.03,17718.45
SHP_0001975,ORD_0001975,VEH_0002,DRV_0094,2025-12-31 06:51:13,2025-11-12 07:02:48,2026-01-01 04:33:40,1084.2,Delivered,35978.08,26819.68
SHP_0001976,ORD_0001976,VEH_0032,DRV_0097,2026-07-30 20:33:47,2025-12-08 04:05:39,2026-07-31 05:57:34,429.6,Delivered,15569.7,4750.87
SHP_0001977,ORD_0001977,VEH_0076,DRV_0097,2025-12-16 14:38:51,2026-04-04 21:14:38,2026-04-04 17:33:33,130.4,Delivered,11063.41,163.0
SHP_0001978,ORD_0001978,VEH_0006,DRV_0058,2026-09-01 18:17:22,2026-09-22 17:14:14,2026-09-22 15:42:54,1640.7,Delivered,59076.62,36720.43
SHP_0001979,ORD_0001979,VEH_0077,DRV_0092,2025-10-29 03:50:49,2026-01-03 02:14:04,2026-01-03 01:13:42,365.3,Delivered,14469.26,6243.31
SHP_0001980,ORD_0001980,VEH_0027,DRV_0076,2026-07-17 00:20:33,2026-02-13 23:50:57,2026-07-17 12:13:36,537.0,Delivered,10154.3,13283.68
SHP_0001981,ORD_0001981,VEH_0074,DRV_0025,2026-08-09 09:44:24,2026-05-16 20:43:52,2026-08-11 00:21:29,1868.8,Delivered,64734.36,46228.21
SHP_0001982,ORD_0001982,VEH_0046,DRV_0059,2025-10-16 05:05:50,2026-05-03 09:28:40,2026-05-03 07:09:14,478.5,Delivered,22690.54,5291.65
SHP_0001983,ORD_0001983,VEH_0032,DRV_0040,2025-12-12 10:20:40,2026-01-04 10:28:55,2026-01-04 08:46:13,2384.5,Delivered,80644.74,26369.76
SHP_0001984,ORD_0001984,VEH_0074,DRV_0079,2026-07-28 11:32:05,2025-10-04 23:53:17,2026-07-29 13:14:43,1144.1,Delivered,40749.38,28301.42
SHP_0001985,ORD_0001985,VEH_0046,DRV_0010,2026-05-01 03:08:50,2026-04-16 16:15:12,2026-05-01 05:01:37,96.8,Delivered,2275.38,1070.49
SHP_0001986,ORD_0001986,VEH_0005,DRV_0096,2025-12-15 21:37:59,2026-07-20 10:17:56,2026-07-20 16:39:08,235.1,Delivered,10050.04,293.88
SHP_0001987,ORD_0001987,VEH_0014,DRV_0087,2025-10-10 18:38:20,2026-06-29 02:01:14,2026-06-28 22:15:35,2390.0,Delivered,83355.73,53490.48
SHP_0001988,ORD_0001988,VEH_0019,DRV_0031,2025-10-25 22:00:40,2026-07-13 22:27:28,2026-07-13 19:30:02,224.5,Delivered,4272.19,280.62
SHP_0001989,ORD_0001989,VEH_0015,DRV_0018,2026-08-17 13:25:45,2026-09-04 05:55:05,2026-09-04 02:18:51,1158.5,Delivered,43698.75,1448.12
SHP_0001990,ORD_0001990,VEH_0041,DRV_0018,2026-06-19 20:23:56,2026-06-13 14:03:43,2026-06-14 06:27:50,1194.1,Delivered,44667.02,20408.25
SHP_0001991,ORD_0001991,VEH_0031,DRV_0014,2025-11-03 20:22:38,2026-03-18 00:47:54,2026-03-17 22:32:05,2496.9,Delivered,81534.07,3121.13
SHP_0001992,ORD_0001992,VEH_0069,DRV_0013,2026-01-09 11:54:40,2026-08-16 01:46:23,2026-08-16 14:54:19,433.8,Delivered,18243.84,542.25
SHP_0001993,ORD_0001993,VEH_0012,DRV_0058,2026-01-26 23:12:53,2025-11-08 01:23:43,2026-01-28 09:19:20,1739.9,Delivered,59434.3,19241.25
SHP_0001994,ORD_0001994,VEH_0062,DRV_0002,2026-07-22 16:01:29,2026-05-06 01:16:11,2026-05-06 03:06:35,1905.6,Delivered,62418.33,32568.44
SHP_0001995,ORD_0001995,VEH_0003,DRV_0038,2025-10-17 15:23:06,2026-04-14 21:00:53,2026-04-14 22:42:45,2067.6,Delivered,67138.63,46274.86
SHP_0001996,ORD_0001996,VEH_0017,DRV_0087,2025-11-21 10:16:13,2026-01-02 16:43:23,2026-01-02 14:44:30,1073.1,Delivered,38624.67,24017.0
SHP_0001997,ORD_0001997,VEH_0072,DRV_0075,2026-04-21 18:21:17,2025-11-22 20:49:38,2026-04-23 07:35:50,1708.3,Delivered,31327.83,18891.79
SHP_0001998,ORD_0001998,VEH_0028,DRV_0078,2026-04-12 23:20:34,2026-03-17 04:28:39,2026-04-14 00:52:56,1155.8,Delivered,21283.96,28590.84
SHP_0001999,ORD_0001999,VEH_0044,DRV_0095,2026-01-15 12:18:34,2026-06-07 13:19:14,2026-06-07 09:59:27,1912.2,Delivered,62878.9,42796.86
SHP_0002000,ORD_0002000,VEH_0052,DRV_0100,2026-09-14 19:04:28,2026-08-06 04:23:26,2026-09-15 09:16:13,691.2,Delivered,26158.92,17098.11
SHP_0002001,ORD_0002001,VEH_0042,DRV_0031,2026-05-09 15:21:54,2026-09-08 17:58:54,2026-09-08 17:21:59,795.2,Delivered,26894.11,17797.33
SHP_0002002,ORD_0002002,VEH_0030,DRV_0067,2026-05-07 13:58:30,2026-05-24 04:18:34,2026-05-24 02:12:47,153.8,Delivered,3379.78,3442.19
SHP_0002003,ORD_0002003,VEH_0046,DRV_0088,2026-06-12 19:34:06,2026-04-02 05:17:51,2026-06-14 08:54:24,1527.0,Delivered,52305.39,16886.82
SHP_0002004,ORD_0002004,VEH_0060,DRV_0090,2026-04-19 06:12:30,2026-01-18 22:38:32,2026-04-19 09:05:43,144.9,Delivered,11679.96,1602.42
SHP_0002005,ORD_0002005,VEH_0018,DRV_0087,2026-07-23 19:28:14,2026-06-10 23:31:45,2026-07-25 21:49:20,2455.1,Delivered,84556.74,54947.48
SHP_0002006,ORD_0002006,VEH_0063,DRV_0069,2026-03-06 02:24:17,2026-04-13 23:50:02,2026-04-13 22:21:20,2261.3,Delivered,73667.49,50610.05
SHP_0002007,ORD_0002007,VEH_0038,DRV_0039,2026-01-14 23:23:44,2026-01-31 20:22:48,2026-01-31 19:40:21,1692.6,Delivered,57303.24,2115.75
SHP_0002008,ORD_0002008,VEH_0021,DRV_0042,2026-03-29 15:02:49,2026-03-14 02:05:28,2026-03-14 08:17:52,1485.1,Delivered,48406.88,1856.38
SHP_0002009,ORD_0002009,VEH_0033,DRV_0077,2026-05-08 17:08:05,2026-01-05 14:55:11,,133.7,Cancelled,10074.16,2285.05
SHP_0002010,ORD_0002010,VEH_0065,DRV_0076,2025-11-09 00:30:00,2026-06-07 07:12:47,2026-06-07 03:46:04,476.0,Delivered,19084.17,595.0
SHP_0002011,ORD_0002011,VEH_0037,DRV_0032,2025-12-14 03:09:38,2025-10-11 16:01:31,2025-10-11 21:53:10,390.6,Delivered,19511.11,8742.0
SHP_0002012,ORD_0002012,VEH_0035,DRV_0031,2026-09-14 08:48:37,2025-11-09 12:09:02,2026-09-14 14:21:37,230.3,Delivered,11830.9,5696.89
SHP_0002013,ORD_0002013,VEH_0049,DRV_0018,2026-08-05 01:31:33,2026-09-12 18:47:37,,182.7,Cancelled,13140.27,2020.45
SHP_0002014,ORD_0002014,VEH_0018,DRV_0004,2025-10-26 13:03:18,2025-12-03 11:52:12,2025-12-03 10:30:09,1685.9,Delivered,54770.64,37732.05
SHP_0002015,ORD_0002015,VEH_0057,DRV_0084,2026-06-19 21:54:19,2025-12-21 03:13:01,2026-06-20 05:09:30,293.0,Delivered,10702.5,3240.24
SHP_0002016,ORD_0002016,VEH_0080,DRV_0074,2026-03-08 18:05:01,2026-01-13 22:01:49,2026-03-09 21:53:25,1217.7,Delivered,39896.73,13466.33
SHP_0002017,ORD_0002017,VEH_0052,DRV_0068,2026-07-28 06:50:27,2026-04-29 15:01:18,,1942.2,Cancelled,65441.49,48043.89
SHP_0002018,ORD_0002018,VEH_0025,DRV_0018,2026-06-12 19:52:07,2025-10-28 00:33:29,2026-06-14 21:29:19,2145.4,Delivered,74781.05,48016.1
SHP_0002019,ORD_0002019,VEH_0044,DRV_0004,2026-09-05 23:09:53,2025-10-24 09:30:46,2026-09-06 23:36:29,1256.1,Delivered,44910.67,28112.71
SHP_0002020,ORD_0002020,VEH_0038,DRV_0017,2026-08-10 15:23:01,2026-04-19 20:37:11,2026-08-12 09:10:19,2015.6,Delivered,70659.32,2519.5
SHP_0002021,ORD_0002021,VEH_0007,DRV_0007,2026-05-16 19:47:37,2026-01-08 23:07:04,2026-05-16 20:17:04,25.0,Delivered,2786.28,427.27
SHP_0002022,ORD_0002022,VEH_0076,DRV_0030,2026-08-09 21:23:30,2026-01-26 20:38:05,2026-08-10 12:15:45,617.3,Delivered,23186.29,771.62
SHP_0002023,ORD_0002023,VEH_0047,DRV_0033,2026-09-09 20:33:41,2026-06-14 04:16:02,2026-09-12 04:52:54,2266.8,Delivered,73449.86,38741.67
SHP_0002024,ORD_0002024,VEH_0033,DRV_0060,2026-08-12 21:59:32,2026-07-23 10:36:02,2026-08-13 05:49:21,367.1,Delivered,18155.89,6274.07
SHP_0002025,ORD_0002025,VEH_0008,DRV_0084,2026-03-02 21:31:41,2026-09-15 02:33:54,2026-09-14 22:38:24,2037.4,Delivered,66132.25,22531.25
SHP_0002026,ORD_0002026,VEH_0046,DRV_0020,2026-01-12 15:12:28,2026-01-07 14:06:47,2026-01-14 20:05:13,2494.3,Delivered,81759.76,27584.02
SHP_0002027,ORD_0002027,VEH_0080,DRV_0046,2026-01-27 17:50:57,2026-09-22 12:22:14,2026-09-22 08:48:18,1441.4,Delivered,53073.45,15940.19
SHP_0002028,ORD_0002028,VEH_0014,DRV_0068,2026-08-31 22:26:21,2025-12-17 01:39:27,2026-09-02 09:19:44,1602.0,Delivered,56372.86,35854.29
SHP_0002029,ORD_0002029,VEH_0004,DRV_0099,2026-04-03 13:12:02,2025-12-23 23:33:19,2026-04-04 01:24:57,519.2,Delivered,23471.35,8873.6
SHP_0002030,ORD_0002030,VEH_0001,DRV_0018,2025-10-31 15:08:57,2026-06-17 15:53:34,,227.9,Cancelled,9030.66,5637.53
SHP_0002031,ORD_0002031,VEH_0068,DRV_0092,2026-06-04 23:15:36,2026-07-08 07:46:34,2026-07-08 04:01:00,639.4,Delivered,22652.57,7071.01
SHP_0002032,ORD_0002032,VEH_0059,DRV_0025,2025-12-24 01:26:49,2026-08-07 06:09:04,2026-08-07 14:55:08,25.0,Delivered,6044.99,276.47
SHP_0002033,ORD_0002033,VEH_0022,DRV_0009,2025-11-23 07:02:36,2026-05-16 16:16:57,2026-05-16 13:35:21,1652.6,Delivered,30057.66,28244.44
SHP_0002034,ORD_0002034,VEH_0047,DRV_0046,2026-08-19 14:18:20,2026-03-01 05:22:34,2026-03-01 07:18:39,1969.3,Delivered,70302.07,33657.13
SHP_0002035,ORD_0002035,VEH_0027,DRV_0030,2026-05-09 11:12:29,2026-05-09 05:33:27,,1485.1,Cancelled,52513.7,36736.68
SHP_0002036,ORD_0002036,VEH_0021,DRV_0088,2025-11-03 00:41:55,2025-11-22 01:12:51,2025-11-21 21:13:20,1058.5,Delivered,35937.86,1323.12
SHP_0002037,ORD_0002037,VEH_0062,DRV_0011,2025-10-23 15:02:56,2025-10-14 15:00:43,2025-10-25 04:48:42,1697.2,Delivered,30554.54,29006.69
SHP_0002038,ORD_0002038,VEH_0042,DRV_0080,2026-07-27 18:42:08,2025-12-11 17:35:03,2026-07-27 23:13:40,235.1,Delivered,11801.24,5261.76
SHP_0002039,ORD_0002039,VEH_0008,DRV_0056,2025-10-06 03:18:05,2026-03-31 01:35:56,2026-03-31 00:06:30,809.5,Delivered,27161.62,8952.12
SHP_0002040,ORD_0002040,VEH_0055,DRV_0064,2025-10-10 02:16:17,2025-10-07 11:50:04,2025-10-10 08:47:20,322.9,Delivered,17434.08,7987.53
SHP_0002041,ORD_0002041,VEH_0057,DRV_0023,2025-11-07 10:56:40,2026-05-02 11:22:38,2026-05-02 08:42:01,2048.9,Delivered,69878.88,22658.42
SHP_0002042,ORD_0002042,VEH_0040,DRV_0029,2025-11-18 05:59:55,2026-03-25 03:51:42,2026-03-25 01:02:39,622.7,Delivered,23979.1,15403.63
SHP_0002043,ORD_0002043,VEH_0026,DRV_0074,2026-01-10 01:54:24,2026-06-28 17:13:51,2026-06-29 07:40:08,1700.0,Delivered,60975.94,38047.62
SHP_0002044,ORD_0002044,VEH_0047,DRV_0069,2026-09-06 07:44:58,2026-01-08 11:34:30,2026-09-06 09:57:41,100.2,Delivered,7405.8,1712.51
SHP_0002045,ORD_0002045,VEH_0080,DRV_0031,2026-03-16 07:02:15,2026-03-04 04:19:31,2026-03-16 07:31:31,25.0,Delivered,1936.82,276.47
SHP_0002046,ORD_0002046,VEH_0077,DRV_0067,2026-08-24 09:31:58,2026-04-04 18:29:44,2026-08-24 22:36:13,674.5,Delivered,23182.07,11527.82
SHP_0002047,ORD_0002047,VEH_0058,DRV_0048,2025-12-17 18:12:50,2025-10-09 08:49:45,2025-12-18 19:36:10,1016.4,Delivered,37237.9,22748.0
SHP_0002048,ORD_0002048,VEH_0061,DRV_0027,2025-12-25 11:15:37,2025-11-26 05:13:08,2025-12-26 20:13:04,1648.0,Delivered,59789.74,40766.32
SHP_0002049,ORD_0002049,VEH_0045,DRV_0076,2026-07-30 18:55:05,2025-12-12 16:34:41,2026-07-31 23:31:43,1197.4,Delivered,21757.6,26798.95
SHP_0002050,ORD_0002050,VEH_0069,DRV_0028,2026-09-05 17:34:06,2026-02-27 16:17:21,2026-09-05 22:25:15,227.9,Delivered,13698.79,284.88
SHP_0002051,ORD_0002051,VEH_0076,DRV_0066,2026-06-05 01:30:15,2026-09-17 02:21:31,2026-09-16 23:58:56,688.0,Delivered,23862.44,860.0
SHP_0002052,ORD_0002052,VEH_0004,DRV_0064,2026-07-13 16:42:26,2026-09-02 16:50:08,2026-09-02 13:25:30,1646.4,Delivered,59924.49,28138.47
SHP_0002053,ORD_0002053,VEH_0026,DRV_0050,2026-09-02 17:32:15,2025-10-13 10:44:37,2025-10-14 00:15:32,530.9,Delivered,10154.05,11882.05
SHP_0002054,ORD_0002054,VEH_0042,DRV_0033,2026-07-02 17:13:19,2026-03-31 08:56:26,2026-07-04 09:49:06,2050.1,Delivered,72293.79,45883.19
SHP_0002055,ORD_0002055,VEH_0009,DRV_0033,2026-04-08 14:53:41,2026-01-23 09:38:18,2026-04-09 13:42:17,1110.7,Delivered,37599.98,1388.38
SHP_0002056,ORD_0002056,VEH_0068,DRV_0021,2025-11-22 15:43:18,2025-12-21 11:32:07,2025-12-21 10:57:07,408.4,Delivered,17817.35,4516.42
SHP_0002057,ORD_0002057,VEH_0045,DRV_0054,2026-01-14 19:19:45,2025-12-23 19:00:38,,1462.4,Cancelled,48969.94,32729.9
SHP_0002058,ORD_0002058,VEH_0041,DRV_0054,2026-06-10 03:38:09,2026-02-20 04:26:59,2026-06-11 01:42:00,1059.1,Delivered,41020.95,18100.98
SHP_0002059,ORD_0002059,VEH_0052,DRV_0048,2026-08-02 09:26:15,2026-06-25 00:05:08,2026-08-02 23:36:32,619.6,Delivered,22834.04,15326.95
SHP_0002060,ORD_0002060,VEH_0040,DRV_0043,2026-02-10 14:58:41,2026-03-06 01:24:03,2026-03-06 00:39:13,1466.2,Delivered,51953.5,36269.16
SHP_0002061,ORD_0002061,VEH_0039,DRV_0095,2026-04-13 09:32:27,2026-05-12 13:46:30,2026-05-12 11:45:58,345.2,Delivered,15497.26,7725.9
SHP_0002062,ORD_0002062,VEH_0068,DRV_0056,2026-04-27 00:38:40,2026-02-20 23:12:25,2026-04-28 20:02:08,1951.3,Delivered,66904.65,21579.08
SHP_0002063,ORD_0002063,VEH_0008,DRV_0025,2025-12-02 16:47:06,2026-01-29 20:07:16,2026-01-29 16:07:18,781.1,Delivered,14343.36,8638.05
SHP_0002064,ORD_0002064,VEH_0069,DRV_0042,2026-06-17 09:08:06,2026-09-16 08:36:25,2026-09-16 06:48:24,511.7,Delivered,20188.19,639.62
SHP_0002065,ORD_0002065,VEH_0067,DRV_0028,2026-05-25 02:05:11,2025-11-30 09:15:06,2026-05-25 05:21:06,134.7,Delivered,5759.25,2302.15
SHP_0002066,ORD_0002066,VEH_0056,DRV_0032,2026-02-13 08:14:51,2026-06-13 04:39:11,,1223.8,Cancelled,40975.4,1529.75
SHP_0002067,ORD_0002067,VEH_0042,DRV_0088,2026-01-05 22:54:51,2026-08-11 01:31:57,2026-08-11 05:03:24,641.3,Delivered,23803.51,14352.9
SHP_0002068,ORD_0002068,VEH_0022,DRV_0076,2026-05-22 19:08:41,2026-07-30 10:36:24,2026-07-30 07:42:46,1583.6,Delivered,57130.96,27065.16
SHP_0002069,ORD_0002069,VEH_0078,DRV_0007,2026-03-27 09:37:29,2026-03-20 02:45:48,2026-03-28 06:00:01,903.5,Delivered,36157.87,1129.38
SHP_0002070,ORD_0002070,VEH_0025,DRV_0070,2026-07-07 12:58:51,2026-05-26 04:17:23,2026-07-08 10:48:06,1050.8,Delivered,35973.71,23517.9
SHP_0002071,ORD_0002071,VEH_0035,DRV_0054,2026-08-06 02:31:35,2026-06-07 20:09:21,2026-08-06 22:30:11,809.0,Delivered,28528.76,20012.11
SHP_0002072,ORD_0002072,VEH_0017,DRV_0050,2025-10-14 20:45:27,2025-12-25 01:16:24,2025-12-24 22:53:19,112.1,Delivered,8674.01,2508.9
SHP_0002073,ORD_0002073,VEH_0036,DRV_0021,2026-07-21 13:45:16,2026-01-02 09:25:48,2026-07-22 01:12:36,526.2,Delivered,23252.28,5819.15
SHP_0002074,ORD_0002074,VEH_0007,DRV_0075,2026-07-14 04:22:51,2026-04-10 07:58:06,2026-07-14 09:43:12,214.5,Delivered,11367.06,3666.0
SHP_0002075,ORD_0002075,VEH_0072,DRV_0023,2026-05-29 09:30:51,2026-01-14 04:05:10,2026-05-30 00:11:10,640.1,Delivered,12169.83,7078.75
SHP_0002076,ORD_0002076,VEH_0046,DRV_0061,2026-03-21 00:10:57,2026-04-04 18:20:38,2026-04-04 16:45:32,777.3,Delivered,27449.17,8596.02
SHP_0002077,ORD_0002077,VEH_0074,DRV_0096,2026-02-09 16:13:46,2026-04-01 20:17:27,2026-04-01 19:09:49,899.6,Delivered,31998.85,22253.26
SHP_0002078,ORD_0002078,VEH_0007,DRV_0056,2026-08-19 05:48:23,2025-10-29 22:17:57,2026-08-19 17:46:06,612.5,Delivered,26235.61,10468.18
SHP_0002079,ORD_0002079,VEH_0009,DRV_0017,2025-12-13 03:20:42,2026-09-11 11:46:51,2026-09-11 11:07:45,25.0,Delivered,4150.13,31.25
SHP_0002080,ORD_0002080,VEH_0012,DRV_0037,2026-06-28 09:40:05,2026-05-25 00:51:41,2026-05-25 14:33:41,1462.4,Delivered,48617.23,16172.42
SHP_0002081,ORD_0002081,VEH_0036,DRV_0033,2026-06-19 01:35:55,2025-12-12 07:16:23,2026-06-20 21:05:38,2223.2,Delivered,76044.28,24585.98
SHP_0002082,ORD_0002082,VEH_0001,DRV_0081,2026-05-17 03:24:37,2025-12-21 22:14:42,2026-05-17 06:23:20,145.9,Delivered,10627.28,3609.11
SHP_0002083,ORD_0002083,VEH_0070,DRV_0041,2026-06-01 08:23:04,2026-07-08 12:18:12,2026-07-08 23:43:46,107.0,Delivered,2281.03,2646.84
SHP_0002084,ORD_0002084,VEH_0066,DRV_0094,2026-03-14 01:38:17,2025-12-27 11:22:29,2026-03-15 05:12:45,1117.4,Delivered,20566.01,12357.13
SHP_0002085,ORD_0002085,VEH_0038,DRV_0036,2026-01-28 19:34:04,2026-03-08 01:56:27,,136.5,Cancelled,8514.89,170.62
SHP_0002086,ORD_0002086,VEH_0037,DRV_0099,2026-07-23 03:02:22,2025-12-12 01:11:29,2026-07-23 03:32:28,25.0,Delivered,6717.77,559.52
SHP_0002087,ORD_0002087,VEH_0064,DRV_0051,2026-08-14 06:58:58,2026-04-02 05:35:10,,806.2,Cancelled,31471.37,19942.84
SHP_0002088,ORD_0002088,VEH_0030,DRV_0091,2025-10-05 14:36:54,2026-08-16 08:42:26,2026-08-16 07:40:13,1739.9,Delivered,61595.46,38940.62
SHP_0002089,ORD_0002089,VEH_0034,DRV_0044,2025-12-11 04:37:25,2026-01-17 17:35:16,,1642.5,Cancelled,56790.96,18164.12
SHP_0002090,ORD_0002090,VEH_0019,DRV_0055,2026-03-03 17:00:35,2026-02-21 11:01:22,2026-02-21 22:44:01,300.1,Delivered,11329.4,375.13
SHP_0002091,ORD_0002091,VEH_0020,DRV_0040,2025-10-07 01:34:27,2025-12-27 06:10:18,2025-12-27 03:33:01,914.3,Delivered,30330.74,15626.22
SHP_0002092,ORD_0002092,VEH_0034,DRV_0004,2026-01-27 10:20:41,2026-02-23 07:41:09,2026-02-23 04:55:25,305.6,Delivered,16860.81,3379.58
SHP_0002093,ORD_0002093,VEH_0080,DRV_0004,2026-06-12 13:29:32,2026-05-25 07:23:26,2026-06-12 20:48:02,340.2,Delivered,12481.89,3762.21
SHP_0002094,ORD_0002094,VEH_0073,DRV_0082,2026-03-17 06:35:43,2026-03-17 10:36:33,2026-03-17 08:20:23,289.0,Delivered,13464.38,4939.27
SHP_0002095,ORD_0002095,VEH_0062,DRV_0024,2026-02-07 12:31:58,2026-02-18 11:49:39,2026-02-18 08:21:05,2025.6,Delivered,69165.07,34619.35
SHP_0002096,ORD_0002096,VEH_0078,DRV_0092,2026-07-06 11:42:11,2026-03-24 20:11:47,2026-07-06 17:28:32,241.9,Delivered,14832.07,302.38
SHP_0002097,ORD_0002097,VEH_0006,DRV_0046,2026-09-06 14:27:27,2025-12-15 19:21:15,,494.1,Cancelled,17698.98,11058.43
SHP_0002098,ORD_0002098,VEH_0050,DRV_0097,2026-04-18 02:03:26,2026-07-14 05:54:08,2026-07-14 03:34:34,2500.0,Delivered,82840.09,27647.06
SHP_0002099,ORD_0002099,VEH_0080,DRV_0047,2026-07-20 11:40:01,2026-01-16 07:48:29,2026-07-22 10:17:55,2203.3,Delivered,77177.14,24365.91
SHP_0002100,ORD_0002100,VEH_0070,DRV_0032,2025-12-28 05:52:36,2025-12-30 00:01:35,2025-12-30 11:05:06,217.8,Delivered,14282.3,5387.68
SHP_0002101,ORD_0002101,VEH_0032,DRV_0081,2026-04-10 15:23:53,2026-05-19 06:54:51,,1211.9,Cancelled,45669.28,13402.19
SHP_0002102,ORD_0002102,VEH_0024,DRV_0004,2026-02-27 10:06:35,2026-07-30 07:44:49,2026-07-30 05:13:02,352.9,Delivered,6563.64,6031.38
SHP_0002103,ORD_0002103,VEH_0001,DRV_0076,2026-06-24 01:36:33,2025-10-29 18:07:54,2025-10-30 03:38:05,190.6,Delivered,10878.98,4714.84
SHP_0002104,ORD_0002104,VEH_0013,DRV_0085,2026-05-30 12:11:41,2026-05-20 17:00:07,2026-05-31 01:46:01,621.7,Delivered,20740.04,10625.42
SHP_0002105,ORD_0002105,VEH_0049,DRV_0044,2026-06-05 21:32:02,2026-06-28 17:56:07,,1651.7,Cancelled,57776.62,18265.86
SHP_0002106,ORD_0002106,VEH_0048,DRV_0010,2026-09-01 05:13:37,2026-01-23 11:55:26,2026-09-01 09:10:44,183.2,Delivered,7505.14,4531.79
SHP_0002107,ORD_0002107,VEH_0033,DRV_0007,2026-04-06 03:03:16,2026-06-03 08:45:43,2026-06-03 04:47:33,546.5,Delivered,9920.92,9340.18
SHP_0002108,ORD_0002108,VEH_0022,DRV_0015,2026-05-09 06:49:11,2026-09-01 11:12:11,2026-09-01 10:36:56,1136.9,Delivered,41085.16,19430.65
SHP_0002109,ORD_0002109,VEH_0050,DRV_0021,2026-07-13 13:48:28,2025-12-25 20:54:12,2026-07-14 10:09:26,984.4,Delivered,32544.62,10886.31
SHP_0002110,ORD_0002110,VEH_0050,DRV_0064,2026-04-24 06:21:35,2025-11-15 10:22:48,,446.0,Cancelled,16450.13,4932.24
SHP_0002111,ORD_0002111,VEH_0018,DRV_0077,2026-03-31 13:10:15,2026-03-08 21:23:52,2026-04-02 02:32:18,1544.4,Delivered,56824.97,34565.14
SHP_0002112,ORD_0002112,VEH_0044,DRV_0027,2025-10-16 14:37:09,2026-07-22 20:50:19,2026-07-23 13:56:17,429.6,Delivered,15029.43,9614.86
SHP_0002113,ORD_0002113,VEH_0034,DRV_0065,2026-03-23 11:05:49,2026-05-27 06:34:42,2026-05-27 04:38:00,446.1,Delivered,16847.55,4933.34
SHP_0002114,ORD_0002114,VEH_0030,DRV_0004,2025-10-19 23:52:46,2025-12-31 06:07:32,2025-12-31 03:18:58,271.4,Delivered,13260.76,6074.19
SHP_0002115,ORD_0002115,VEH_0057,DRV_0032,2025-12-03 06:25:54,2026-04-19 00:39:52,2026-04-19 05:15:23,362.7,Delivered,7162.93,4011.04
SHP_0002116,ORD_0002116,VEH_0026,DRV_0050,2025-10-25 07:13:22,2026-09-22 05:09:05,2026-09-22 16:50:51,1951.3,Delivered,68077.9,43671.95
SHP_0002117,ORD_0002117,VEH_0010,DRV_0093,2026-07-04 16:45:23,2026-01-28 18:25:27,2026-01-29 02:24:24,534.8,Delivered,20633.17,5914.26
SHP_0002118,ORD_0002118,VEH_0033,DRV_0008,2025-11-04 12:36:02,2026-03-21 05:31:34,2026-03-21 04:56:16,2133.3,Delivered,72997.37,36460.04
SHP_0002119,ORD_0002119,VEH_0036,DRV_0043,2026-05-13 01:41:50,2026-06-26 18:46:41,2026-06-26 15:50:42,1249.5,Delivered,43894.56,13818.0
SHP_0002120,ORD_0002120,VEH_0020,DRV_0013,2026-07-14 06:32:07,2026-09-18 01:51:18,2026-09-18 01:05:32,102.8,Delivered,7524.61,1756.95
SHP_0002121,ORD_0002121,VEH_0040,DRV_0058,2025-10-02 09:04:47,2026-07-24 08:04:23,2026-07-24 05:57:42,1162.7,Delivered,38751.06,28761.53
SHP_0002122,ORD_0002122,VEH_0072,DRV_0061,2026-06-25 15:27:51,2026-07-12 21:07:43,2026-07-12 18:52:18,346.1,Delivered,15486.85,3827.46
SHP_0002123,ORD_0002123,VEH_0021,DRV_0090,2026-06-29 21:06:09,2026-05-30 13:58:50,2026-05-31 04:56:15,478.5,Delivered,20748.48,598.12
SHP_0002124,ORD_0002124,VEH_0059,DRV_0032,2026-02-26 22:30:21,2026-06-19 07:25:42,2026-06-19 04:23:54,1195.2,Delivered,40560.99,13217.51
SHP_0002125,ORD_0002125,VEH_0061,DRV_0032,2026-06-14 15:12:16,2025-11-23 06:42:12,2026-06-16 10:39:08,2052.2,Delivered,69818.17,50764.95
SHP_0002126,ORD_0002126,VEH_0018,DRV_0012,2026-01-04 05:00:00,2026-03-02 15:40:18,2026-03-02 14:16:40,372.5,Delivered,15102.68,8336.9
SHP_0002127,ORD_0002127,VEH_0059,DRV_0005,2026-03-12 16:09:54,2026-09-07 02:47:08,2026-09-07 01:00:54,186.9,Delivered,9943.56,2066.89
SHP_0002128,ORD_0002128,VEH_0034,DRV_0074,2025-11-26 22:09:55,2026-09-19 13:40:47,2026-09-19 12:00:58,1092.6,Delivered,41498.05,12082.87
SHP_0002129,ORD_0002129,VEH_0065,DRV_0015,2026-08-29 08:22:59,2026-07-25 13:40:18,2026-07-26 01:28:06,238.9,Delivered,9891.51,298.62
SHP_0002130,ORD_0002130,VEH_0057,DRV_0023,2026-01-20 16:06:51,2026-07-22 05:52:54,2026-07-22 04:15:02,438.4,Delivered,18984.53,4848.19
SHP_0002131,ORD_0002131,VEH_0016,DRV_0034,2026-01-01 21:15:57,2026-09-11 05:59:26,2026-09-11 05:13:37,1194.1,Delivered,39100.76,29538.26
SHP_0002132,ORD_0002132,VEH_0022,DRV_0034,2026-02-09 14:46:00,2026-04-05 20:22:18,,252.7,Cancelled,9848.25,4318.87
SHP_0002133,ORD_0002133,VEH_0050,DRV_0022,2026-01-01 09:24:08,2026-07-11 06:27:12,2026-07-11 02:29:46,366.8,Delivered,13988.65,4056.38
SHP_0002134,ORD_0002134,VEH_0053,DRV_0032,2025-11-14 03:25:12,2026-06-05 10:48:47,2026-06-05 08:11:17,432.4,Delivered,18265.56,10696.21
SHP_0002135,ORD_0002135,VEH_0035,DRV_0057,2026-02-09 00:37:55,2026-04-20 21:34:21,2026-04-20 20:42:51,277.2,Delivered,5269.8,6857.05
SHP_0002136,ORD_0002136,VEH_0022,DRV_0072,2026-01-07 13:39:57,2025-10-03 16:34:03,2026-01-07 18:02:18,226.9,Delivered,4417.82,3877.93
SHP_0002137,ORD_0002137,VEH_0038,DRV_0019,2025-10-31 18:44:25,2026-06-08 20:33:43,2026-06-08 17:53:50,1348.9,Delivered,46099.96,1686.13
SHP_0002138,ORD_0002138,VEH_0037,DRV_0011,2025-12-03 09:11:39,2026-05-25 14:24:29,2026-05-25 13:00:26,1986.0,Delivered,70115.6,44448.57
SHP_0002139,ORD_0002139,VEH_0048,DRV_0022,2026-03-14 01:56:26,2025-12-27 19:40:12,2026-03-15 05:09:30,1144.1,Delivered,40612.04,28301.42
SHP_0002140,ORD_0002140,VEH_0078,DRV_0065,2026-09-13 10:36:47,2026-01-17 16:51:24,2026-09-14 09:02:42,984.4,Delivered,34778.61,1230.5
SHP_0002141,ORD_0002141,VEH_0013,DRV_0006,2026-03-01 04:10:52,2026-04-03 03:24:51,2026-04-03 01:57:37,1436.7,Delivered,52213.53,24554.51
SHP_0002142,ORD_0002142,VEH_0004,DRV_0018,2025-12-31 13:17:00,2026-02-03 03:39:01,2026-02-03 00:56:09,632.6,Delivered,24517.99,10811.71
SHP_0002143,ORD_0002143,VEH_0063,DRV_0042,2026-06-20 12:32:53,2026-03-17 13:22:13,2026-06-22 04:11:38,1992.4,Delivered,66437.93,44591.81
SHP_0002144,ORD_0002144,VEH_0017,DRV_0036,2026-01-19 16:31:08,2025-11-23 03:44:59,2026-01-20 21:30:14,1390.1,Delivered,50772.13,31111.76
SHP_0002145,ORD_0002145,VEH_0076,DRV_0043,2026-06-06 14:16:41,2026-01-01 20:35:57,2026-06-06 21:08:54,305.6,Delivered,15788.07,382.0
SHP_0002146,ORD_0002146,VEH_0046,DRV_0094,2026-01-06 16:05:29,2026-07-30 21:31:18,2026-07-30 20:45:20,2051.2,Delivered,72204.9,22683.86
SHP_0002147,ORD_0002147,VEH_0022,DRV_0021,2025-10-20 17:53:23,2026-05-04 15:58:39,2026-05-04 13:15:24,1738.7,Delivered,61981.63,29715.96
SHP_0002148,ORD_0002148,VEH_0075,DRV_0073,2025-12-20 22:33:40,2026-05-10 02:45:36,2026-05-09 23:23:25,2379.2,Delivered,82715.05,58853.89
SHP_0002149,ORD_0002149,VEH_0037,DRV_0019,2026-02-10 17:55:20,2026-01-16 08:30:59,2026-02-11 21:48:52,1116.0,Delivered,41409.78,24977.14
SHP_0002150,ORD_0002150,VEH_0021,DRV_0079,2026-09-03 21:15:17,2026-05-03 16:38:35,2026-05-03 20:18:07,2362.7,Delivered,82668.49,2953.38
SHP_0002151,ORD_0002151,VEH_0068,DRV_0077,2025-12-19 03:57:38,2026-01-16 10:12:10,2026-01-16 08:07:55,519.2,Delivered,22544.56,5741.74
SHP_0002152,ORD_0002152,VEH_0079,DRV_0009,2025-12-24 14:34:29,2026-02-28 10:21:48,2026-02-28 07:02:40,2219.1,Delivered,72428.08,49665.57
SHP_0002153,ORD_0002153,VEH_0032,DRV_0054,2026-01-22 02:53:11,2026-08-19 12:57:17,2026-08-19 12:15:54,262.2,Delivered,14504.97,2899.62
SHP_0002154,ORD_0002154,VEH_0005,DRV_0075,2026-04-28 13:00:56,2026-06-05 04:12:42,2026-06-05 01:10:29,1714.1,Delivered,61680.92,2142.62
SHP_0002155,ORD_0002155,VEH_0043,DRV_0080,2026-03-26 22:38:39,2026-03-29 11:52:53,2026-03-29 08:13:59,1204.4,Delivered,41108.29,1505.5
SHP_0002156,ORD_0002156,VEH_0049,DRV_0080,2026-07-08 01:49:02,2026-02-07 19:07:32,2026-07-09 05:59:28,1362.2,Delivered,49377.48,15064.33
SHP_0002157,ORD_0002157,VEH_0009,DRV_0040,2026-09-07 02:10:46,2026-05-30 15:54:23,2026-09-07 23:57:03,906.2,Delivered,30415.27,1132.75
SHP_0002158,ORD_0002158,VEH_0014,DRV_0041,2026-03-13 21:08:15,2025-10-11 15:25:36,2025-10-12 06:32:15,133.7,Delivered,10281.1,2992.33
SHP_0002159,ORD_0002159,VEH_0018,DRV_0059,2026-01-19 16:59:14,2026-03-21 08:53:01,2026-03-21 06:21:27,25.0,Delivered,3952.23,559.52
SHP_0002160,ORD_0002160,VEH_0030,DRV_0095,2025-12-05 08:52:20,2026-05-17 09:11:34,2026-05-17 06:55:02,296.5,Delivered,13074.45,6635.95
SHP_0002161,ORD_0002161,VEH_0076,DRV_0039,2026-05-06 00:21:46,2025-12-04 15:15:05,2026-05-06 13:19:21,546.5,Delivered,24885.78,683.12
SHP_0002162,ORD_0002162,VEH_0039,DRV_0056,2026-08-21 11:15:24,2026-06-02 20:06:10,2026-08-22 23:02:15,1752.9,Delivered,58167.21,39231.57
SHP_0002163,ORD_0002163,VEH_0064,DRV_0069,2026-09-05 22:53:28,2026-01-10 19:08:28,2026-09-05 23:27:13,25.0,Delivered,1974.11,618.42
SHP_0002164,ORD_0002164,VEH_0006,DRV_0096,2025-11-18 07:43:50,2026-05-19 22:17:18,2026-05-19 20:59:18,1054.8,Delivered,39488.04,23607.43
SHP_0002165,ORD_0002165,VEH_0060,DRV_0062,2025-10-23 01:11:17,2026-02-13 12:13:52,2026-02-14 00:12:46,2208.5,Delivered,75905.5,24423.41
SHP_0002166,ORD_0002166,VEH_0012,DRV_0050,2025-10-05 16:19:57,2025-10-20 00:21:44,2025-10-19 22:43:46,1697.0,Delivered,59282.18,18766.82
SHP_0002167,ORD_0002167,VEH_0052,DRV_0063,2025-12-17 22:00:27,2026-01-22 18:58:48,2026-01-22 15:15:30,1252.0,Delivered,45064.81,30970.53
SHP_0002168,ORD_0002168,VEH_0042,DRV_0047,2026-02-12 18:08:17,2025-10-24 14:48:40,2026-02-14 10:41:02,2052.2,Delivered,69482.56,45930.19
SHP_0002169,ORD_0002169,VEH_0002,DRV_0044,2026-07-17 13:53:18,2026-05-16 02:51:33,2026-07-18 10:10:21,1050.0,Delivered,36756.07,25973.68
SHP_0002170,ORD_0002170,VEH_0020,DRV_0048,2026-01-10 00:27:38,2025-12-27 07:49:23,2026-01-10 14:49:30,632.2,Delivered,21638.08,10804.87
SHP_0002171,ORD_0002171,VEH_0075,DRV_0063,2026-05-05 11:27:00,2026-07-06 23:12:09,2026-07-06 20:42:14,2208.5,Delivered,77362.18,54631.32
SHP_0002172,ORD_0002172,VEH_0007,DRV_0034,2025-12-26 22:45:38,2026-05-25 07:57:26,2026-05-25 04:23:40,1141.6,Delivered,39719.36,19510.98
SHP_0002173,ORD_0002173,VEH_0002,DRV_0015,2025-11-16 13:04:11,2026-08-13 20:13:14,2026-08-13 19:20:35,184.3,Delivered,7662.85,4559.0
SHP_0002174,ORD_0002174,VEH_0029,DRV_0050,2025-10-07 06:43:25,2026-08-21 06:27:24,2026-08-21 05:20:54,2202.4,Delivered,75594.07,24355.95
SHP_0002175,ORD_0002175,VEH_0078,DRV_0067,2026-02-22 20:38:31,2026-02-15 11:11:35,2026-02-16 01:52:51,567.8,Delivered,21848.62,709.75
SHP_0002176,ORD_0002176,VEH_0057,DRV_0039,2025-11-19 07:04:09,2025-12-26 03:31:11,2025-12-26 02:17:42,1704.2,Delivered,56171.76,18846.45
SHP_0002177,ORD_0002177,VEH_0032,DRV_0070,2026-05-04 22:06:53,2026-06-24 20:33:24,2026-06-24 17:03:27,906.0,Delivered,16917.24,10019.29
SHP_0002178,ORD_0002178,VEH_0009,DRV_0091,2025-10-26 18:14:48,2026-05-16 23:03:10,2026-05-16 21:58:48,25.0,Delivered,1843.13,31.25
SHP_0002179,ORD_0002179,VEH_0079,DRV_0039,2026-03-14 08:54:54,2026-04-08 01:04:56,2026-04-07 22:18:26,260.2,Delivered,13109.09,5823.52
SHP_0002180,ORD_0002180,VEH_0077,DRV_0036,2026-04-09 14:59:44,2026-05-16 18:15:55,2026-05-16 23:28:35,296.1,Delivered,16804.1,5060.62
SHP_0002181,ORD_0002181,VEH_0058,DRV_0089,2026-01-06 04:18:43,2026-06-28 20:41:51,2026-06-28 19:51:15,2152.2,Delivered,70037.68,48168.29
SHP_0002182,ORD_0002182,VEH_0009,DRV_0017,2026-04-13 11:14:41,2026-08-13 04:10:04,2026-08-13 02:30:49,211.9,Delivered,9551.35,264.88
SHP_0002183,ORD_0002183,VEH_0022,DRV_0001,2026-05-21 13:55:22,2026-08-09 21:14:43,,2262.1,Cancelled,78382.71,38661.35
SHP_0002184,ORD_0002184,VEH_0057,DRV_0053,2026-01-04 08:42:43,2026-01-17 21:10:34,2026-01-18 13:33:46,915.6,Delivered,33608.06,10125.46
SHP_0002185,ORD_0002185,VEH_0017,DRV_0073,2026-01-13 03:38:11,2026-08-11 08:45:17,2026-08-11 06:13:24,1097.2,Delivered,37570.83,24556.38
SHP_0002186,ORD_0002186,VEH_0010,DRV_0093,2026-08-20 13:19:52,2026-08-31 00:00:04,2026-08-30 21:37:30,2372.1,Delivered,79343.97,26232.64
SHP_0002187,ORD_0002187,VEH_0077,DRV_0045,2026-09-13 06:41:12,2026-02-13 11:53:25,2026-09-15 02:41:17,2149.1,Delivered,38941.41,36730.07
SHP_0002188,ORD_0002188,VEH_0002,DRV_0015,2026-07-21 16:00:31,2026-07-01 13:25:05,2026-07-23 21:46:52,2629.2,Delivered,91329.07,65038.11
SHP_0002189,ORD_0002189,VEH_0018,DRV_0001,2026-07-01 17:56:45,2026-02-28 10:49:57,2026-03-01 02:29:17,140.6,Delivered,7574.18,3146.76
SHP_0002190,ORD_0002190,VEH_0062,DRV_0055,2026-07-22 07:44:16,2025-12-24 14:50:57,2026-07-22 22:19:14,679.4,Delivered,22927.9,11611.56
SHP_0002191,ORD_0002191,VEH_0013,DRV_0075,2026-02-18 04:40:09,2025-12-30 07:32:55,2025-12-30 15:44:29,1913.8,Delivered,67960.54,32708.58
SHP_0002192,ORD_0002192,VEH_0033,DRV_0093,2026-03-24 18:03:32,2026-05-19 16:44:18,2026-05-19 13:38:20,358.8,Delivered,14416.64,6132.22
SHP_0002193,ORD_0002193,VEH_0055,DRV_0069,2026-06-14 10:33:02,2026-09-15 10:28:30,2026-09-15 08:49:05,550.4,Delivered,19423.22,13615.16
SHP_0002194,ORD_0002194,VEH_0005,DRV_0073,2026-04-11 02:19:06,2026-08-10 23:18:26,2026-08-11 01:02:25,1593.2,Delivered,53356.22,1991.5
SHP_0002195,ORD_0002195,VEH_0008,DRV_0005,2025-10-16 14:52:58,2025-11-17 20:13:48,2025-11-17 16:26:47,295.9,Delivered,14969.47,3272.31
SHP_0002196,ORD_0002196,VEH_0074,DRV_0082,2026-01-03 13:42:47,2026-09-23 03:18:07,2026-09-23 01:50:06,107.0,Delivered,7146.61,2646.84
SHP_0002197,ORD_0002197,VEH_0038,DRV_0017,2025-11-25 12:18:54,2026-04-28 08:05:04,2026-04-28 06:41:54,1601.7,Delivered,55183.4,2002.12
SHP_0002198,ORD_0002198,VEH_0002,DRV_0074,2025-10-16 23:23:59,2026-02-19 15:12:32,2026-02-19 13:43:10,1759.0,Delivered,60661.19,43512.11
SHP_0002199,ORD_0002199,VEH_0072,DRV_0070,2026-06-23 02:51:09,2026-05-10 03:59:47,2026-06-23 07:51:10,237.5,Delivered,4550.52,2626.47
SHP_0002200,ORD_0002200,VEH_0040,DRV_0003,2026-02-02 02:42:01,2026-06-05 12:27:32,2026-06-05 09:05:44,138.1,Delivered,8749.76,3416.16
SHP_0002201,ORD_0002201,VEH_0021,DRV_0089,2026-04-23 20:28:46,2026-04-29 02:47:46,2026-04-29 00:04:42,1235.1,Delivered,40983.79,1543.88
SHP_0002202,ORD_0002202,VEH_0072,DRV_0011,2026-09-06 12:36:05,2026-07-05 07:10:18,2026-07-05 12:21:20,1724.1,Delivered,58996.17,19066.52
SHP_0002203,ORD_0002203,VEH_0072,DRV_0071,2026-04-10 08:05:44,2026-03-12 19:43:28,2026-04-10 08:38:53,25.0,Delivered,7117.1,276.47
SHP_0002204,ORD_0002204,VEH_0027,DRV_0054,2026-07-19 21:22:52,2026-03-25 01:32:45,2026-07-20 21:55:29,1110.7,Delivered,39320.0,27475.21
SHP_0002205,ORD_0002205,VEH_0025,DRV_0052,2026-02-03 09:44:24,2025-12-07 19:56:46,2026-02-03 16:04:15,298.6,Delivered,10869.94,6682.95
SHP_0002206,ORD_0002206,VEH_0039,DRV_0087,2025-12-08 19:09:03,2025-11-09 08:58:44,2025-12-10 17:35:35,2030.0,Delivered,67634.92,45433.33
SHP_0002207,ORD_0002207,VEH_0014,DRV_0015,2026-07-02 08:56:31,2026-07-10 03:12:58,2026-07-09 23:35:25,906.0,Delivered,36245.65,20277.14
SHP_0002208,ORD_0002208,VEH_0053,DRV_0097,2026-04-10 19:36:51,2026-09-04 14:07:26,,1227.7,Cancelled,44807.4,30369.42
SHP_0002209,ORD_0002209,VEH_0023,DRV_0098,2025-12-26 11:34:50,2026-05-04 00:48:06,2026-05-03 22:48:09,2213.9,Delivered,77291.34,2767.38
SHP_0002210,ORD_0002210,VEH_0039,DRV_0080,2025-12-20 00:43:36,2026-07-20 17:13:42,2026-07-20 15:45:08,2267.7,Delivered,74376.51,50753.29
SHP_0002211,ORD_0002211,VEH_0052,DRV_0025,2026-08-28 02:44:15,2026-02-11 12:33:59,2026-02-12 00:37:26,271.4,Delivered,14104.13,6713.58
SHP_0002212,ORD_0002212,VEH_0066,DRV_0081,2026-04-22 18:03:36,2026-07-17 08:49:58,2026-07-17 04:58:40,2234.8,Delivered,72342.04,24714.26
SHP_0002213,ORD_0002213,VEH_0036,DRV_0061,2025-10-10 07:17:09,2026-07-10 01:01:26,2026-07-09 21:28:40,1211.9,Delivered,43526.37,13402.19
SHP_0002214,ORD_0002214,VEH_0012,DRV_0099,2025-11-29 23:41:52,2025-11-08 19:10:17,2025-11-30 20:47:35,1063.5,Delivered,40006.54,11761.06
SHP_0002215,ORD_0002215,VEH_0033,DRV_0094,2026-03-01 20:10:53,2026-04-18 23:36:34,2026-04-18 22:08:55,1065.0,Delivered,41571.42,18201.82
SHP_0002216,ORD_0002216,VEH_0030,DRV_0045,2026-01-01 13:38:26,2026-08-26 13:59:45,2026-08-27 06:25:17,432.4,Delivered,17811.99,9677.52
SHP_0002217,ORD_0002217,VEH_0047,DRV_0057,2026-03-23 05:01:04,2026-04-05 11:43:39,2026-04-05 09:27:52,500.0,Delivered,9071.01,8545.45
SHP_0002218,ORD_0002218,VEH_0069,DRV_0041,2026-04-22 10:23:18,2025-11-27 15:12:18,2026-04-24 07:56:30,1902.9,Delivered,63644.85,2378.63
SHP_0002219,ORD_0002219,VEH_0057,DRV_0023,2025-10-08 15:04:52,2026-06-24 22:29:32,2026-06-24 19:45:10,214.7,Delivered,8184.17,2374.33
SHP_0002220,ORD_0002220,VEH_0021,DRV_0096,2026-05-03 22:18:22,2025-12-26 07:01:59,2026-05-05 16:13:03,1715.7,Delivered,31008.9,2144.62
SHP_0002221,ORD_0002221,VEH_0074,DRV_0011,2026-01-19 01:14:56,2026-06-30 15:21:31,2026-06-30 11:21:47,267.9,Delivered,14763.61,6627.0
SHP_0002222,ORD_0002222,VEH_0031,DRV_0099,2026-07-04 18:17:30,2025-12-27 04:13:31,,687.4,Cancelled,13088.55,859.25
SHP_0002223,ORD_0002223,VEH_0020,DRV_0021,2026-04-25 22:59:20,2026-01-18 03:47:53,2026-04-27 00:20:13,1110.7,Delivered,41169.12,18982.87
SHP_0002224,ORD_0002224,VEH_0008,DRV_0024,2026-07-28 10:32:03,2026-04-21 02:57:49,2026-07-30 06:59:07,2005.8,Delivered,69669.76,22181.79
SHP_0002225,ORD_0002225,VEH_0049,DRV_0018,2026-06-04 02:21:11,2025-11-13 18:27:20,2026-06-05 20:54:08,2014.7,Delivered,68305.21,22280.21
SHP_0002226,ORD_0002226,VEH_0056,DRV_0045,2025-12-25 11:04:50,2026-04-13 11:24:24,2026-04-13 08:30:54,1992.4,Delivered,70309.48,2490.5
SHP_0002227,ORD_0002227,VEH_0060,DRV_0097,2026-03-28 17:00:21,2026-05-14 01:47:27,2026-05-14 01:12:25,1240.4,Delivered,45959.23,13717.36
SHP_0002228,ORD_0002228,VEH_0026,DRV_0100,2025-11-06 07:37:36,2026-02-14 11:38:25,2026-02-14 10:14:56,1700.1,Delivered,57657.81,38049.86
SHP_0002229,ORD_0002229,VEH_0075,DRV_0023,2026-05-03 05:41:36,2026-01-08 23:45:29,2026-05-03 08:52:04,129.5,Delivered,10141.9,3203.42
SHP_0002230,ORD_0002230,VEH_0051,DRV_0071,2026-06-21 19:07:48,2025-11-01 09:31:45,2026-06-23 12:01:20,1956.4,Delivered,67004.87,33436.65
SHP_0002231,ORD_0002231,VEH_0077,DRV_0009,2025-12-28 06:00:35,2026-02-07 23:50:33,,489.7,Cancelled,19251.17,8369.42
SHP_0002232,ORD_0002232,VEH_0051,DRV_0020,2026-07-15 21:32:17,2025-10-23 19:12:01,2026-07-16 00:19:15,143.5,Delivered,7334.21,2452.55
SHP_0002233,ORD_0002233,VEH_0077,DRV_0075,2026-04-05 21:13:15,2026-07-23 01:36:15,2026-07-22 22:32:41,345.2,Delivered,17345.29,5899.78
SHP_0002234,ORD_0002234,VEH_0032,DRV_0017,2026-01-07 15:49:45,2026-04-26 01:20:49,2026-04-26 08:06:57,1741.2,Delivered,58801.82,19255.62
SHP_0002235,ORD_0002235,VEH_0060,DRV_0063,2026-08-21 11:32:36,2026-06-20 15:54:50,2026-06-20 18:16:18,442.5,Delivered,18545.39,4893.53
SHP_0002236,ORD_0002236,VEH_0004,DRV_0026,2026-04-06 21:45:05,2026-05-13 05:48:42,2026-05-13 03:27:51,1466.2,Delivered,50457.47,25058.69
SHP_0002237,ORD_0002237,VEH_0077,DRV_0049,2026-07-20 16:21:53,2026-01-18 13:53:02,2026-07-22 12:35:11,2050.1,Delivered,72604.13,35038.07
SHP_0002238,ORD_0002238,VEH_0001,DRV_0025,2025-11-09 22:47:42,2026-07-13 00:29:46,2026-07-12 22:14:32,25.0,Delivered,4326.32,618.42
SHP_0002239,ORD_0002239,VEH_0052,DRV_0003,2025-12-23 13:36:56,2026-08-06 07:11:33,2026-08-06 04:12:45,800.1,Delivered,14440.4,19791.95
SHP_0002240,ORD_0002240,VEH_0026,DRV_0052,2025-10-20 16:11:46,2025-11-22 08:47:47,2025-11-22 15:29:44,329.7,Delivered,17654.17,7379.0
SHP_0002241,ORD_0002241,VEH_0079,DRV_0029,2026-05-25 12:21:58,2025-10-29 20:25:05,2026-05-26 16:19:34,1200.3,Delivered,40419.03,26863.86
SHP_0002242,ORD_0002242,VEH_0077,DRV_0072,2026-06-11 13:40:56,2026-02-24 07:22:28,2026-06-13 19:45:37,2616.2,Delivered,47407.72,44713.24
SHP_0002243,ORD_0002243,VEH_0026,DRV_0087,2026-03-26 14:44:15,2025-11-04 14:22:35,,356.7,Cancelled,16813.8,7983.29
SHP_0002244,ORD_0002244,VEH_0050,DRV_0044,2026-03-27 22:41:54,2026-01-16 17:35:01,2026-03-28 01:21:43,137.0,Delivered,11756.03,1515.06
SHP_0002245,ORD_0002245,VEH_0075,DRV_0013,2026-09-14 04:01:25,2026-06-17 19:12:15,2026-09-14 17:09:08,633.4,Delivered,23796.45,15668.32
SHP_0002246,ORD_0002246,VEH_0021,DRV_0014,2026-09-11 14:20:29,2026-06-22 11:06:48,2026-09-12 11:52:31,1089.7,Delivered,39664.94,1362.12
SHP_0002247,ORD_0002247,VEH_0030,DRV_0053,2025-11-08 21:20:54,2026-08-11 12:45:58,2026-08-11 11:51:02,1715.7,Delivered,59224.97,38399.0
SHP_0002248,ORD_0002248,VEH_0062,DRV_0089,2025-11-12 13:42:51,2026-03-21 11:10:53,,1115.0,Cancelled,42678.04,19056.36
SHP_0002249,ORD_0002249,VEH_0066,DRV_0047,2026-07-22 05:33:48,2025-11-26 16:51:25,2026-07-23 00:47:34,904.6,Delivered,35318.87,10003.81
SHP_0002250,ORD_0002250,VEH_0043,DRV_0048,2026-06-27 21:19:06,2026-06-02 22:47:58,2026-06-30 03:42:42,2192.6,Delivered,70915.3,2740.75
SHP_0002251,ORD_0002251,VEH_0056,DRV_0097,2026-03-06 11:45:58,2026-03-27 09:24:23,,263.7,Cancelled,11203.36,329.62
SHP_0002252,ORD_0002252,VEH_0057,DRV_0048,2025-10-23 16:37:35,2026-07-05 05:03:49,2026-07-05 01:51:14,1319.1,Delivered,23763.79,14587.69
SHP_0002253,ORD_0002253,VEH_0021,DRV_0023,2026-04-07 14:59:27,2026-03-17 03:34:23,2026-04-08 22:14:56,1541.2,Delivered,56757.31,1926.5
SHP_0002254,ORD_0002254,VEH_0048,DRV_0015,2026-04-07 07:19:00,2026-03-26 11:06:09,2026-04-07 12:29:13,252.9,Delivered,12509.2,6255.95
SHP_0002255,ORD_0002255,VEH_0032,DRV_0086,2026-02-19 23:22:17,2026-03-09 12:16:18,2026-03-09 14:45:32,567.8,Delivered,21511.43,6279.2
SHP_0002256,ORD_0002256,VEH_0072,DRV_0042,2026-03-16 18:27:32,2026-07-20 08:52:28,2026-07-20 05:41:13,2604.9,Delivered,47304.62,28807.13
SHP_0002257,ORD_0002257,VEH_0016,DRV_0026,2026-02-24 05:14:24,2025-12-29 03:22:01,,1394.4,Cancelled,45806.87,34493.05
SHP_0002258,ORD_0002258,VEH_0074,DRV_0091,2026-03-19 19:25:17,2026-08-29 04:48:54,2026-08-29 02:46:41,1828.2,Delivered,65999.87,45223.89
SHP_0002259,ORD_0002259,VEH_0038,DRV_0027,2026-03-27 19:41:44,2025-10-07 19:34:09,2026-03-29 09:24:16,1868.9,Delivered,67301.67,2336.12
SHP_0002260,ORD_0002260,VEH_0051,DRV_0082,2025-11-25 16:03:30,2026-03-06 03:42:35,2026-03-06 02:58:34,100.3,Delivered,6499.31,1714.22
SHP_0002261,ORD_0002261,VEH_0021,DRV_0084,2026-02-26 19:15:38,2026-01-15 08:16:07,2026-02-27 02:14:38,289.9,Delivered,15473.52,362.38
SHP_0002262,ORD_0002262,VEH_0080,DRV_0061,2026-03-02 06:57:16,2026-02-04 07:04:38,2026-03-03 13:25:26,1475.8,Delivered,53324.72,16320.61
SHP_0002263,ORD_0002263,VEH_0023,DRV_0036,2026-02-03 03:14:09,2026-08-15 16:09:28,2026-08-15 15:15:33,1958.6,Delivered,65721.57,2448.25
SHP_0002264,ORD_0002264,VEH_0002,DRV_0047,2026-07-17 05:52:37,2026-01-20 14:26:55,2026-01-21 08:03:09,2225.0,Delivered,78447.48,55039.47
SHP_0002265,ORD_0002265,VEH_0050,DRV_0038,2026-05-05 09:44:04,2025-12-29 02:13:26,2026-05-05 17:24:01,327.2,Delivered,13798.93,3618.45
SHP_0002266,ORD_0002266,VEH_0080,DRV_0048,2026-04-11 23:42:08,2025-10-15 02:18:55,2026-04-12 17:20:20,915.6,Delivered,32041.58,10125.46
SHP_0002267,ORD_0002267,VEH_0056,DRV_0084,2026-08-21 21:50:09,2025-11-07 18:16:13,2026-08-22 01:28:04,153.6,Delivered,9316.53,192.0
SHP_0002268,ORD_0002268,VEH_0076,DRV_0097,2026-06-16 04:48:51,2026-01-06 18:50:54,2026-06-16 14:34:43,393.5,Delivered,13997.59,491.87
SHP_0002269,ORD_0002269,VEH_0033,DRV_0043,2025-12-06 19:20:00,2026-09-09 14:57:24,2026-09-09 17:32:53,1348.7,Delivered,49422.22,23050.51
SHP_0002270,ORD_0002270,VEH_0056,DRV_0099,2026-06-23 01:44:45,2025-11-17 05:56:28,2026-06-25 04:20:00,2186.7,Delivered,72951.54,2733.38
SHP_0002271,ORD_0002271,VEH_0022,DRV_0075,2025-10-01 17:05:11,2026-09-18 20:34:48,2026-09-19 07:17:35,2226.5,Delivered,75074.9,38052.91
SHP_0002272,ORD_0002272,VEH_0016,DRV_0018,2026-01-26 02:21:31,2026-09-08 21:37:00,2026-09-08 19:24:37,1486.7,Delivered,53506.98,36776.26
SHP_0002273,ORD_0002273,VEH_0066,DRV_0006,2026-08-09 22:33:00,2025-10-07 05:14:39,2026-08-12 07:06:40,2616.2,Delivered,87582.25,28932.09
SHP_0002274,ORD_0002274,VEH_0029,DRV_0044,2026-09-12 16:24:18,2026-02-11 08:18:10,2026-09-14 05:00:24,1706.9,Delivered,59833.3,18876.31
SHP_0002275,ORD_0002275,VEH_0003,DRV_0018,2026-03-09 09:29:58,2026-06-08 09:24:14,2026-06-09 01:57:42,2208.9,Delivered,40276.65,49437.29
SHP_0002276,ORD_0002276,VEH_0025,DRV_0051,2026-06-23 23:22:44,2026-08-20 19:09:37,2026-08-21 10:09:40,25.0,Delivered,1920.29,559.52
SHP_0002277,ORD_0002277,VEH_0020,DRV_0001,2025-10-29 18:51:15,2026-08-01 12:53:15,2026-08-02 04:18:15,160.8,Delivered,7555.38,2748.22
SHP_0002278,ORD_0002278,VEH_0013,DRV_0028,2026-03-01 10:30:35,2026-06-26 14:06:31,2026-06-26 11:25:33,231.5,Delivered,13101.31,3956.55
SHP_0002279,ORD_0002279,VEH_0050,DRV_0019,2025-11-08 19:07:33,2025-12-31 18:17:02,2025-12-31 15:48:42,344.1,Delivered,13193.6,3805.34
SHP_0002280,ORD_0002280,VEH_0063,DRV_0050,2026-01-14 01:07:52,2026-07-29 06:41:41,2026-07-29 04:44:54,1064.3,Delivered,35168.28,23820.05
SHP_0002281,ORD_0002281,VEH_0002,DRV_0089,2026-01-06 07:39:50,2026-09-05 02:57:56,2026-09-05 00:26:50,2390.0,Delivered,79204.71,59121.05
SHP_0002282,ORD_0002282,VEH_0073,DRV_0070,2026-06-20 01:45:25,2025-12-27 19:03:50,2025-12-27 23:24:06,1146.0,Delivered,42975.48,19586.18
SHP_0002283,ORD_0002283,VEH_0021,DRV_0018,2026-08-11 09:06:45,2026-02-26 19:04:28,2026-08-11 14:34:43,230.3,Delivered,11855.08,287.88
SHP_0002284,ORD_0002284,VEH_0061,DRV_0072,2026-07-01 02:02:20,2025-12-31 00:02:11,2026-07-02 08:22:53,1258.4,Delivered,45816.06,31128.84
SHP_0002285,ORD_0002285,VEH_0018,DRV_0096,2026-03-13 00:54:25,2025-10-10 05:58:42,2026-03-13 18:00:39,777.4,Delivered,32175.58,17398.95
SHP_0002286,ORD_0002286,VEH_0028,DRV_0024,2026-06-28 07:18:47,2026-06-18 23:59:27,2026-06-28 15:27:52,335.4,Delivered,15552.91,8296.74
SHP_0002287,ORD_0002287,VEH_0033,DRV_0061,2026-03-14 14:59:50,2026-07-21 20:32:17,2026-07-21 17:24:32,1704.3,Delivered,31054.78,29128.04
SHP_0002288,ORD_0002288,VEH_0051,DRV_0003,2026-01-04 16:06:01,2026-06-15 18:44:01,2026-06-15 16:40:09,619.6,Delivered,23648.4,10589.53
SHP_0002289,ORD_0002289,VEH_0029,DRV_0079,2026-01-18 09:56:39,2026-07-23 03:52:37,2026-07-23 02:07:00,1133.1,Delivered,41862.27,12530.75
SHP_0002290,ORD_0002290,VEH_0067,DRV_0068,2026-02-09 11:30:37,2026-03-25 19:44:20,2026-03-25 18:53:22,25.0,Delivered,4145.91,427.27
SHP_0002291,ORD_0002291,VEH_0069,DRV_0063,2025-12-29 04:33:49,2026-01-31 22:37:03,2026-01-31 21:04:32,1251.6,Delivered,41475.66,1564.5
SHP_0002292,ORD_0002292,VEH_0065,DRV_0077,2026-09-09 04:43:47,2026-08-08 06:34:26,2026-09-10 18:15:25,1709.2,Delivered,59389.43,2136.5
SHP_0002293,ORD_0002293,VEH_0040,DRV_0053,2025-11-20 11:51:39,2026-07-10 01:44:27,2026-07-09 22:54:46,1651.7,Delivered,55408.87,40857.84
SHP_0002294,ORD_0002294,VEH_0067,DRV_0056,2026-08-04 17:23:00,2026-01-24 08:19:17,2026-08-05 21:01:02,1432.7,Delivered,49787.88,24486.15
SHP_0002295,ORD_0002295,VEH_0072,DRV_0043,2026-05-16 06:31:06,2026-02-07 14:01:52,2026-05-18 18:34:57,2612.0,Delivered,90920.12,28885.65
SHP_0002296,ORD_0002296,VEH_0075,DRV_0049,2025-11-23 05:59:37,2025-11-06 08:38:21,2025-11-25 00:41:51,1944.2,Delivered,66497.79,48093.37
SHP_0002297,ORD_0002297,VEH_0006,DRV_0071,2025-11-29 11:12:10,2026-06-24 11:42:27,2026-06-25 02:13:33,1141.9,Delivered,41244.76,25556.81
SHP_0002298,ORD_0002298,VEH_0044,DRV_0014,2026-02-01 21:22:31,2026-04-15 07:33:08,2026-04-15 04:24:38,230.3,Delivered,10334.76,5154.33
SHP_0002299,ORD_0002299,VEH_0034,DRV_0081,2025-10-06 05:56:59,2026-03-07 11:29:11,2026-03-07 09:17:36,1651.7,Delivered,60286.11,18265.86
SHP_0002300,ORD_0002300,VEH_0045,DRV_0091,2026-07-07 15:48:22,2026-06-15 17:50:45,2026-07-07 20:15:57,224.3,Delivered,9377.2,5020.05
SHP_0002301,ORD_0002301,VEH_0027,DRV_0098,2025-12-09 17:23:18,2025-11-16 14:47:50,2025-12-10 01:09:47,365.7,Delivered,14193.56,9046.26
SHP_0002302,ORD_0002302,VEH_0043,DRV_0069,2026-08-02 10:32:13,2026-03-26 07:01:51,2026-08-04 07:09:18,2051.2,Delivered,72412.7,2564.0
SHP_0002303,ORD_0002303,VEH_0024,DRV_0066,2026-04-04 02:04:27,2026-07-04 06:43:55,2026-07-04 05:56:00,372.5,Delivered,6715.57,6366.36
SHP_0002304,ORD_0002304,VEH_0035,DRV_0061,2026-03-09 19:50:34,2025-10-16 08:24:08,2026-03-09 20:25:19,25.0,Delivered,7455.76,618.42
SHP_0002305,ORD_0002305,VEH_0007,DRV_0028,2026-04-13 01:27:49,2026-07-20 05:02:25,2026-07-20 03:11:10,546.5,Delivered,20415.19,9340.18
SHP_0002306,ORD_0002306,VEH_0002,DRV_0061,2026-09-11 05:40:09,2026-07-09 14:48:47,2026-09-13 11:32:55,2389.5,Delivered,81922.17,59108.68
SHP_0002307,ORD_0002307,VEH_0010,DRV_0024,2026-02-27 16:20:15,2026-04-23 16:24:37,2026-04-24 03:57:55,1245.9,Delivered,43329.81,13778.19
SHP_0002308,ORD_0002308,VEH_0051,DRV_0090,2025-12-08 02:17:42,2026-06-16 15:37:58,2026-06-16 12:05:47,2630.2,Delivered,88466.01,44952.51
SHP_0002309,ORD_0002309,VEH_0026,DRV_0050,2025-12-24 06:06:38,2025-10-28 10:27:03,,2496.9,Cancelled,87341.78,55883.0
SHP_0002310,ORD_0002310,VEH_0008,DRV_0039,2026-09-03 17:08:27,2026-02-18 12:43:30,2026-09-04 07:03:35,621.7,Delivered,23724.01,6875.27
SHP_0002311,ORD_0002311,VEH_0032,DRV_0078,2026-04-03 18:14:52,2026-07-27 02:59:38,2026-07-27 00:48:15,2150.5,Delivered,73975.64,23782.0
SHP_0002312,ORD_0002312,VEH_0075,DRV_0092,2025-10-24 13:05:14,2026-02-03 22:05:23,2026-02-03 18:08:23,2460.9,Delivered,82266.5,60874.89
SHP_0002313,ORD_0002313,VEH_0002,DRV_0007,2026-05-02 00:20:23,2026-02-27 20:48:15,2026-05-02 00:52:10,25.0,Delivered,2995.43,618.42
SHP_0002314,ORD_0002314,VEH_0070,DRV_0069,2025-10-08 09:02:14,2025-11-22 13:56:01,2025-11-22 11:44:47,1077.7,Delivered,36452.27,26658.89
SHP_0002315,ORD_0002315,VEH_0053,DRV_0097,2026-02-23 02:27:42,2026-05-25 17:46:37,2026-05-25 13:49:12,1100.1,Delivered,39894.85,27213.0
SHP_0002316,ORD_0002316,VEH_0004,DRV_0056,2026-06-25 23:47:27,2026-05-24 18:06:19,2026-06-27 01:43:07,1105.6,Delivered,42001.37,18895.71
SHP_0002317,ORD_0002317,VEH_0014,DRV_0048,2026-04-29 17:19:18,2025-12-10 03:30:29,2026-04-30 08:29:17,647.2,Delivered,27839.48,14484.95
SHP_0002318,ORD_0002318,VEH_0047,DRV_0042,2026-07-14 02:44:03,2026-01-29 06:24:52,2026-07-16 02:30:15,2000.6,Delivered,66344.79,34192.07
SHP_0002319,ORD_0002319,VEH_0062,DRV_0041,2025-10-19 20:59:12,2026-09-24 21:21:46,2026-09-24 17:35:18,630.0,Delivered,25605.63,10767.27
SHP_0002320,ORD_0002320,VEH_0054,DRV_0063,2025-11-12 00:59:56,2026-06-24 12:57:06,2026-06-24 11:32:30,1709.2,Delivered,58669.16,2136.5
SHP_0002321,ORD_0002321,VEH_0038,DRV_0050,2026-03-15 12:30:41,2026-05-19 08:20:19,2026-05-19 07:04:17,268.7,Delivered,12710.15,335.88
SHP_0002322,ORD_0002322,VEH_0056,DRV_0022,2026-09-13 00:10:36,2026-07-17 22:12:16,2026-09-13 10:38:49,541.2,Delivered,20916.3,676.5
SHP_0002323,ORD_0002323,VEH_0077,DRV_0038,2026-01-30 07:55:27,2026-04-09 03:11:47,2026-04-09 02:40:58,183.2,Delivered,7701.22,3131.05
SHP_0002324,ORD_0002324,VEH_0063,DRV_0058,2026-05-19 20:34:10,2025-10-12 10:09:42,2026-05-20 09:01:15,627.2,Delivered,23275.12,14037.33
SHP_0002325,ORD_0002325,VEH_0047,DRV_0027,2026-04-06 23:55:35,2026-02-02 08:27:26,,641.6,Cancelled,26167.27,10965.53
SHP_0002326,ORD_0002326,VEH_0015,DRV_0032,2026-02-12 05:03:23,2026-04-25 04:52:56,2026-04-25 02:30:32,1118.2,Delivered,40906.0,1397.75
SHP_0002327,ORD_0002327,VEH_0062,DRV_0062,2026-02-02 01:08:21,2026-05-24 12:54:15,2026-05-24 11:51:07,1973.8,Delivered,69493.99,33734.04
SHP_0002328,ORD_0002328,VEH_0073,DRV_0067,2026-08-01 18:46:56,2026-01-18 08:36:37,2026-08-03 00:32:17,1348.9,Delivered,49276.51,23053.93
SHP_0002329,ORD_0002329,VEH_0045,DRV_0095,2025-10-23 21:34:12,2025-11-20 22:17:20,2025-11-20 20:39:42,1227.7,Delivered,45129.35,27477.1
SHP_0002330,ORD_0002330,VEH_0061,DRV_0014,2025-12-11 14:49:42,2026-02-04 06:55:11,2026-02-04 05:35:59,382.2,Delivered,14504.37,9454.42
SHP_0002331,ORD_0002331,VEH_0070,DRV_0003,2026-02-20 20:09:19,2026-02-10 10:30:37,2026-02-21 01:16:43,227.8,Delivered,13865.84,5635.05
SHP_0002332,ORD_0002332,VEH_0071,DRV_0019,2026-07-24 10:55:02,2025-11-17 06:46:46,2026-07-24 11:24:26,25.0,Delivered,5002.37,276.47
SHP_0002333,ORD_0002333,VEH_0053,DRV_0004,2026-04-18 22:42:06,2025-10-20 13:06:32,2026-04-19 10:32:21,540.1,Delivered,22093.47,13360.37
SHP_0002334,ORD_0002334,VEH_0077,DRV_0052,2026-02-18 23:47:00,2025-10-06 01:55:20,2026-02-19 02:27:59,131.6,Delivered,6405.85,2249.16
SHP_0002335,ORD_0002335,VEH_0058,DRV_0067,2026-06-25 13:43:58,2026-06-27 13:21:20,,1709.2,Cancelled,60025.29,38253.52
SHP_0002336,ORD_0002336,VEH_0027,DRV_0075,2026-04-12 21:16:48,2025-10-09 03:40:48,2026-04-13 07:10:35,432.0,Delivered,16460.16,10686.32
SHP_0002337,ORD_0002337,VEH_0005,DRV_0065,2026-08-02 05:24:12,2026-01-17 13:16:58,2026-08-02 16:27:06,483.8,Delivered,22076.49,604.75
SHP_0002338,ORD_0002338,VEH_0028,DRV_0080,2026-05-29 00:56:36,2026-06-27 05:43:37,2026-06-27 14:42:31,346.1,Delivered,14016.15,8561.42
SHP_0002339,ORD_0002339,VEH_0041,DRV_0050,2025-12-10 07:24:22,2025-11-02 19:24:49,2025-12-10 14:24:32,351.7,Delivered,14371.72,6010.87
SHP_0002340,ORD_0002340,VEH_0074,DRV_0022,2026-08-12 22:28:55,2026-09-03 02:49:03,2026-09-03 01:57:20,1255.0,Delivered,44430.0,31044.74
SHP_0002341,ORD_0002341,VEH_0065,DRV_0027,2025-12-23 14:19:43,2026-06-27 03:48:06,2026-06-27 00:02:05,127.7,Delivered,6878.12,159.62
SHP_0002342,ORD_0002342,VEH_0045,DRV_0073,2025-10-18 13:35:53,2026-03-24 04:30:19,2026-03-24 01:25:58,537.2,Delivered,22191.72,12023.05
SHP_0002343,ORD_0002343,VEH_0046,DRV_0002,2026-09-10 17:14:00,2025-11-09 04:35:47,2026-09-10 17:48:14,25.0,Delivered,5592.11,276.47
SHP_0002344,ORD_0002344,VEH_0028,DRV_0044,2026-02-02 01:58:57,2026-06-12 01:01:30,2026-06-11 23:15:56,641.6,Delivered,25243.69,15871.16
SHP_0002345,ORD_0002345,VEH_0039,DRV_0075,2026-01-19 21:18:26,2025-10-22 21:20:07,2026-01-22 02:06:18,2208.8,Delivered,39884.47,49435.05
SHP_0002346,ORD_0002346,VEH_0037,DRV_0003,2026-02-26 06:51:16,2026-07-26 20:58:58,,537.2,Cancelled,19942.74,12023.05
SHP_0002347,ORD_0002347,VEH_0018,DRV_0017,2026-01-25 14:38:00,2026-02-19 17:58:55,2026-02-20 09:54:18,1685.9,Delivered,56468.65,37732.05
SHP_0002348,ORD_0002348,VEH_0065,DRV_0006,2026-02-06 17:59:24,2026-09-28 05:13:42,2026-09-28 02:26:03,1700.0,Delivered,59079.75,2125.0
SHP_0002349,ORD_0002349,VEH_0005,DRV_0068,2026-07-27 06:53:22,2026-03-09 13:30:36,2026-07-28 12:31:18,1235.1,Delivered,42246.25,1543.88
SHP_0002350,ORD_0002350,VEH_0032,DRV_0086,2026-06-02 16:33:52,2026-06-21 04:57:50,2026-06-21 01:54:37,2266.8,Delivered,78413.96,25068.14
SHP_0002351,ORD_0002351,VEH_0070,DRV_0095,2026-09-04 18:29:57,2026-05-19 05:46:06,2026-09-05 01:47:35,353.9,Delivered,16586.77,8754.37
SHP_0002352,ORD_0002352,VEH_0002,DRV_0076,2026-04-13 16:34:41,2026-06-25 23:43:53,,372.5,Cancelled,16156.03,9214.47
SHP_0002353,ORD_0002353,VEH_0024,DRV_0071,2026-06-01 02:04:11,2026-04-26 06:48:47,2026-04-26 14:36:00,25.0,Delivered,2525.98,427.27
SHP_0002354,ORD_0002354,VEH_0065,DRV_0058,2026-03-13 12:11:59,2025-12-01 06:25:51,2026-03-13 12:47:02,25.0,Delivered,3420.82,31.25
SHP_0002355,ORD_0002355,VEH_0065,DRV_0079,2026-02-19 02:13:25,2026-04-15 04:46:49,2026-04-15 21:11:32,2384.9,Delivered,79980.46,2981.12
SHP_0002356,ORD_0002356,VEH_0033,DRV_0058,2026-02-26 07:18:48,2026-07-30 09:31:01,2026-07-30 08:53:16,194.6,Delivered,8312.45,3325.89
SHP_0002357,ORD_0002357,VEH_0054,DRV_0095,2026-04-13 00:40:42,2026-02-24 07:41:42,2026-04-14 00:27:59,1026.1,Delivered,37952.56,1282.62
SHP_0002358,ORD_0002358,VEH_0065,DRV_0063,2026-08-14 09:23:48,2026-08-23 14:35:58,2026-08-24 02:02:53,25.0,Delivered,7790.41,31.25
SHP_0002359,ORD_0002359,VEH_0063,DRV_0037,2025-12-07 04:40:49,2026-01-05 22:12:44,2026-01-06 06:54:55,661.6,Delivered,23516.71,14807.24
SHP_0002360,ORD_0002360,VEH_0056,DRV_0093,2026-02-10 07:47:42,2026-06-29 13:07:33,2026-06-29 23:25:35,489.7,Delivered,18114.05,612.12
SHP_0002361,ORD_0002361,VEH_0019,DRV_0062,2025-11-21 04:40:58,2026-02-15 14:41:39,2026-02-15 11:02:06,2030.0,Delivered,67010.96,2537.5
SHP_0002362,ORD_0002362,VEH_0051,DRV_0025,2025-10-05 20:30:48,2026-04-19 02:51:33,2026-04-19 15:18:52,1944.2,Delivered,63506.31,33228.15
SHP_0002363,ORD_0002363,VEH_0017,DRV_0058,2025-12-01 05:47:27,2026-04-25 22:30:47,2026-04-25 20:28:36,1355.8,Delivered,46437.69,30344.1
SHP_0002364,ORD_0002364,VEH_0059,DRV_0097,2026-01-22 11:19:49,2026-09-23 13:54:54,2026-09-23 10:00:02,2142.6,Delivered,73323.48,23694.64
SHP_0002365,ORD_0002365,VEH_0052,DRV_0053,2026-09-09 09:08:20,2026-05-30 10:39:16,2026-09-12 01:22:17,2625.5,Delivered,86617.3,64946.58
SHP_0002366,ORD_0002366,VEH_0051,DRV_0016,2025-12-21 01:23:28,2026-02-09 10:10:45,2026-02-09 08:57:24,1710.4,Delivered,59580.11,29232.29
SHP_0002367,ORD_0002367,VEH_0041,DRV_0086,2026-06-22 02:49:11,2026-05-23 13:55:46,2026-06-23 06:02:17,1168.2,Delivered,38940.08,19965.6
SHP_0002368,ORD_0002368,VEH_0068,DRV_0089,2026-09-03 03:40:33,2026-04-29 12:08:59,2026-09-03 14:04:28,435.6,Delivered,17973.68,4817.22
SHP_0002369,ORD_0002369,VEH_0032,DRV_0034,2026-04-06 18:18:41,2025-11-14 21:01:29,2026-04-07 03:21:37,446.1,Delivered,16084.76,4933.34
SHP_0002370,ORD_0002370,VEH_0005,DRV_0019,2026-07-05 16:43:06,2026-02-27 01:26:51,2026-07-07 11:24:47,1714.1,Delivered,56228.77,2142.62
SHP_0002371,ORD_0002371,VEH_0019,DRV_0055,2025-11-10 11:49:17,2026-05-05 11:35:07,2026-05-06 02:09:16,1384.9,Delivered,51510.92,1731.13
SHP_0002372,ORD_0002372,VEH_0003,DRV_0051,2026-04-05 03:24:48,2025-11-20 11:17:42,2026-04-05 06:41:56,152.3,Delivered,7298.71,3408.62
SHP_0002373,ORD_0002373,VEH_0028,DRV_0054,2026-03-12 05:52:28,2026-04-05 10:27:33,2026-04-05 08:00:32,309.1,Delivered,13874.92,7646.16
SHP_0002374,ORD_0002374,VEH_0036,DRV_0097,2025-10-21 15:35:12,2025-11-17 20:02:02,2025-11-18 07:44:58,2207.6,Delivered,78035.53,24413.46
SHP_0002375,ORD_0002375,VEH_0023,DRV_0084,2026-03-04 07:03:40,2026-09-22 19:40:01,2026-09-22 17:22:08,532.0,Delivered,19959.47,665.0
SHP_0002376,ORD_0002376,VEH_0043,DRV_0023,2025-12-29 10:19:35,2026-06-03 14:00:19,2026-06-03 12:46:48,1913.8,Delivered,62532.46,2392.25
SHP_0002377,ORD_0002377,VEH_0071,DRV_0088,2026-01-24 00:53:19,2026-06-20 19:26:43,2026-06-20 17:13:58,2132.5,Delivered,38666.68,23582.94
SHP_0002378,ORD_0002378,VEH_0061,DRV_0081,2026-05-21 20:47:10,2025-12-31 22:09:35,2026-05-21 23:42:12,134.4,Delivered,6637.52,3324.63
SHP_0002379,ORD_0002379,VEH_0003,DRV_0036,2026-02-13 20:47:02,2026-03-07 12:14:26,2026-03-07 10:53:12,686.0,Delivered,25538.88,15353.33
SHP_0002380,ORD_0002380,VEH_0019,DRV_0013,2026-05-14 10:11:17,2025-10-06 18:14:31,2025-10-06 23:29:16,364.6,Delivered,6800.82,455.75
SHP_0002381,ORD_0002381,VEH_0015,DRV_0007,2026-06-19 04:35:20,2025-10-04 02:03:13,2026-06-19 17:08:58,534.0,Delivered,22768.95,667.5
SHP_0002382,ORD_0002382,VEH_0007,DRV_0088,2025-12-04 08:56:14,2026-09-26 04:45:56,,2385.7,Cancelled,83362.17,40773.78
SHP_0002383,ORD_0002383,VEH_0020,DRV_0025,2025-11-15 03:01:14,2026-01-19 11:44:07,2026-01-19 14:38:58,1639.2,Delivered,54157.08,28015.42
SHP_0002384,ORD_0002384,VEH_0004,DRV_0071,2025-11-12 11:11:52,2026-01-25 06:30:11,2026-01-25 05:57:45,25.0,Delivered,3310.37,427.27
SHP_0002385,ORD_0002385,VEH_0012,DRV_0061,2026-03-11 19:23:51,2026-07-29 09:35:47,,229.2,Cancelled,8516.65,2534.68
SHP_0002386,ORD_0002386,VEH_0049,DRV_0062,2026-08-09 22:33:51,2026-01-13 05:29:51,2026-01-13 13:49:55,185.4,Delivered,11217.63,2050.31
SHP_0002387,ORD_0002387,VEH_0006,DRV_0048,2026-03-22 02:19:50,2026-01-24 13:44:26,2026-03-22 12:23:32,519.2,Delivered,19959.19,11620.19
SHP_0002388,ORD_0002388,VEH_0016,DRV_0041,2026-08-04 11:32:56,2026-09-02 12:40:45,2026-09-02 10:21:00,540.1,Delivered,20983.73,13360.37
SHP_0002389,ORD_0002389,VEH_0012,DRV_0009,2025-11-08 00:33:33,2026-08-12 12:30:30,2026-08-12 11:36:09,1491.4,Delivered,54189.22,16493.13
SHP_0002390,ORD_0002390,VEH_0010,DRV_0095,2025-10-29 14:58:32,2026-01-31 13:41:29,2026-01-31 10:41:33,2050.1,Delivered,68901.88,22671.69
SHP_0002391,ORD_0002391,VEH_0001,DRV_0025,2026-06-11 23:01:57,2026-06-26 14:45:00,2026-06-26 11:58:36,2213.6,Delivered,77914.85,54757.47
SHP_0002392,ORD_0002392,VEH_0017,DRV_0058,2026-06-10 05:52:22,2026-03-07 20:27:33,2026-06-11 07:41:36,1060.5,Delivered,34720.68,23735.0
SHP_0002393,ORD_0002393,VEH_0034,DRV_0002,2026-02-01 03:35:44,2026-08-20 09:43:12,2026-08-20 06:53:25,1200.6,Delivered,40254.39,13277.22
SHP_0002394,ORD_0002394,VEH_0038,DRV_0010,2026-07-03 06:50:35,2026-09-21 23:45:54,2026-09-21 22:32:41,691.2,Delivered,27540.23,864.0
SHP_0002395,ORD_0002395,VEH_0051,DRV_0056,2026-01-07 03:28:48,2026-01-28 08:38:01,2026-01-28 06:17:06,2202.3,Delivered,76745.72,37639.31
SHP_0002396,ORD_0002396,VEH_0052,DRV_0008,2026-08-06 01:55:25,2026-06-10 04:48:45,2026-08-06 10:42:41,456.2,Delivered,20166.74,11284.95
SHP_0002397,ORD_0002397,VEH_0064,DRV_0037,2026-03-13 20:21:32,2026-06-03 04:49:14,2026-06-03 01:39:22,795.2,Delivered,32341.76,19670.74
SHP_0002398,ORD_0002398,VEH_0013,DRV_0089,2026-07-30 09:05:51,2026-07-20 16:22:41,2026-07-30 20:17:19,525.6,Delivered,20047.02,8982.98
SHP_0002399,ORD_0002399,VEH_0070,DRV_0077,2026-06-03 12:31:36,2026-06-08 20:13:23,2026-06-09 05:42:05,1058.5,Delivered,39795.8,26183.95
SHP_0002400,ORD_0002400,VEH_0042,DRV_0082,2026-04-23 09:58:48,2026-02-06 07:02:23,2026-04-25 07:29:24,2025.6,Delivered,70825.26,45334.86
SHP_0002401,ORD_0002401,VEH_0078,DRV_0062,2026-08-29 08:11:57,2026-01-04 12:50:17,2026-08-30 18:09:56,1449.5,Delivered,52607.86,1811.88
SHP_0002402,ORD_0002402,VEH_0073,DRV_0028,2026-08-31 17:51:50,2026-08-23 17:44:00,2026-08-24 07:34:10,183.8,Delivered,9510.81,3141.31
SHP_0002403,ORD_0002403,VEH_0046,DRV_0005,2026-02-16 23:25:18,2026-05-07 19:02:03,2026-05-07 16:32:15,1991.1,Delivered,69249.12,22019.22
SHP_0002404,ORD_0002404,VEH_0023,DRV_0037,2025-12-19 11:59:10,2026-01-15 05:01:52,2026-01-15 04:11:56,915.4,Delivered,16852.26,1144.25
SHP_0002405,ORD_0002405,VEH_0079,DRV_0004,2026-08-03 06:14:48,2025-10-15 00:41:10,2026-08-03 11:04:44,235.1,Delivered,12296.23,5261.76
SHP_0002406,ORD_0002406,VEH_0078,DRV_0018,2026-08-15 21:41:55,2026-04-14 22:24:23,2026-08-16 02:51:21,211.8,Delivered,13977.92,264.75
SHP_0002407,ORD_0002407,VEH_0045,DRV_0097,2026-08-17 00:37:16,2025-11-03 11:19:09,2025-11-03 15:42:16,267.9,Delivered,11171.38,5995.86
SHP_0002408,ORD_0002408,VEH_0030,DRV_0090,2025-12-13 00:04:17,2025-11-08 05:18:31,2025-12-13 21:05:17,1040.2,Delivered,38600.21,23280.67
SHP_0002409,ORD_0002409,VEH_0066,DRV_0059,2026-01-01 07:15:20,2026-07-12 00:58:48,2026-07-11 23:28:26,2081.6,Delivered,69907.54,23020.05
SHP_0002410,ORD_0002410,VEH_0001,DRV_0099,2025-12-27 14:44:45,2026-02-07 15:21:02,,1945.3,Cancelled,68202.12,48120.58
SHP_0002411,ORD_0002411,VEH_0063,DRV_0027,2025-12-26 15:13:01,2026-06-27 01:33:08,2026-06-27 00:31:51,2017.7,Delivered,69863.27,45158.05
SHP_0002412,ORD_0002412,VEH_0010,DRV_0031,2025-11-27 11:21:37,2025-11-10 21:10:35,2025-11-10 23:09:41,669.5,Delivered,22384.06,7403.88
SHP_0002413,ORD_0002413,VEH_0014,DRV_0022,2026-04-22 16:57:56,2025-10-21 20:24:13,2026-04-24 16:32:00,2051.2,Delivered,67732.46,45907.81
SHP_0002414,ORD_0002414,VEH_0074,DRV_0039,2026-08-30 17:50:47,2026-05-07 18:08:20,2026-08-31 06:14:39,533.0,Delivered,23704.97,13184.74
SHP_0002415,ORD_0002415,VEH_0055,DRV_0095,2025-12-05 13:33:28,2026-02-16 21:10:05,2026-02-16 18:23:42,1136.9,Delivered,39980.31,28123.32
SHP_0002416,ORD_0002416,VEH_0035,DRV_0092,2025-10-29 16:45:34,2026-08-13 22:33:55,2026-08-13 19:21:40,1999.6,Delivered,68672.79,49463.79
SHP_0002417,ORD_0002417,VEH_0027,DRV_0058,2026-08-08 21:59:08,2025-12-19 08:59:17,2026-08-10 00:09:29,1134.3,Delivered,42957.17,28059.0
SHP_0002418,ORD_0002418,VEH_0042,DRV_0084,2025-10-06 19:53:28,2026-02-01 09:15:21,2026-02-01 05:46:00,133.3,Delivered,11643.4,2983.38
SHP_0002419,ORD_0002419,VEH_0067,DRV_0042,2026-08-11 16:51:54,2026-07-11 23:09:15,2026-08-13 00:39:25,1319.1,Delivered,47220.31,22544.62
SHP_0002420,ORD_0002420,VEH_0048,DRV_0055,2026-04-07 15:39:54,2026-04-07 20:11:54,2026-04-08 12:17:19,1456.1,Delivered,49151.75,36019.32
SHP_0002421,ORD_0002421,VEH_0028,DRV_0098,2025-10-24 10:22:05,2026-03-25 13:04:10,2026-03-26 00:01:31,1706.5,Delivered,61296.1,42213.42
SHP_0002422,ORD_0002422,VEH_0015,DRV_0025,2025-12-25 05:48:17,2025-11-07 09:46:35,2025-11-07 19:19:23,1697.0,Delivered,56833.18,2121.25
SHP_0002423,ORD_0002423,VEH_0007,DRV_0002,2026-03-10 13:38:39,2026-07-28 19:59:58,2026-07-28 17:41:19,125.8,Delivered,5612.01,2150.04
SHP_0002424,ORD_0002424,VEH_0062,DRV_0032,2026-01-24 15:45:26,2026-08-13 01:36:35,2026-08-12 21:53:11,1244.2,Delivered,47117.78,21264.51
SHP_0002425,ORD_0002425,VEH_0080,DRV_0082,2025-12-24 16:34:43,2026-08-23 00:20:03,2026-08-23 09:15:51,334.7,Delivered,16085.03,3701.39
SHP_0002426,ORD_0002426,VEH_0042,DRV_0002,2025-10-09 14:44:13,2025-10-14 22:49:19,2025-10-14 20:19:57,25.0,Delivered,8072.8,559.52
SHP_0002427,ORD_0002427,VEH_0069,DRV_0100,2026-02-04 13:12:50,2026-08-31 21:09:26,,1061.5,Cancelled,36383.78,1326.88
SHP_0002428,ORD_0002428,VEH_0042,DRV_0054,2026-06-04 16:23:04,2026-01-23 16:55:10,2026-06-05 05:37:25,534.9,Delivered,10047.52,11971.57
SHP_0002429,ORD_0002429,VEH_0010,DRV_0029,2026-05-20 13:14:31,2025-11-16 08:35:00,2026-05-20 19:27:04,296.5,Delivered,13999.83,3278.94
SHP_0002430,ORD_0002430,VEH_0056,DRV_0046,2025-10-28 17:58:06,2026-07-15 12:33:57,2026-07-15 08:38:56,365.7,Delivered,6728.83,457.12
SHP_0002431,ORD_0002431,VEH_0038,DRV_0094,2026-05-30 20:39:13,2025-10-17 12:00:37,2026-05-31 04:31:29,382.2,Delivered,14923.22,477.75
SHP_0002432,ORD_0002432,VEH_0008,DRV_0011,2026-03-03 17:16:40,2026-01-18 11:24:05,2026-03-03 20:17:37,140.6,Delivered,10947.2,1554.87
SHP_0002433,ORD_0002433,VEH_0048,DRV_0008,2026-08-04 13:52:28,2025-11-03 22:37:48,2025-11-04 09:28:17,1738.7,Delivered,62332.11,43009.95
SHP_0002434,ORD_0002434,VEH_0056,DRV_0088,2025-10-28 03:40:16,2025-11-14 01:34:10,2025-11-13 23:22:30,143.6,Delivered,11568.01,179.5
SHP_0002435,ORD_0002435,VEH_0021,DRV_0090,2025-10-16 04:48:18,2026-03-02 05:41:22,2026-03-02 03:46:57,2019.5,Delivered,65388.11,2524.38
SHP_0002436,ORD_0002436,VEH_0065,DRV_0078,2026-01-16 18:54:03,2026-01-28 07:43:25,2026-01-28 04:49:57,170.1,Delivered,12348.17,212.62
SHP_0002437,ORD_0002437,VEH_0017,DRV_0035,2026-08-07 02:47:02,2025-12-31 18:43:35,2026-08-08 17:35:38,1969.1,Delivered,36106.68,44070.33
SHP_0002438,ORD_0002438,VEH_0068,DRV_0074,2026-05-11 23:58:24,2026-08-15 18:34:29,2026-08-15 20:09:24,984.4,Delivered,36879.44,10886.31
SHP_0002439,ORD_0002439,VEH_0072,DRV_0095,2026-08-05 18:07:01,2026-08-28 05:46:50,2026-08-28 03:19:12,227.9,Delivered,9054.81,2520.31
SHP_0002440,ORD_0002440,VEH_0058,DRV_0068,2026-01-07 14:02:09,2026-04-07 17:14:03,2026-04-07 13:44:12,1458.4,Delivered,49806.01,32640.38
SHP_0002441,ORD_0002441,VEH_0059,DRV_0056,2026-05-10 17:53:22,2025-11-10 06:53:22,2026-05-12 04:50:26,1588.7,Delivered,57188.97,17569.15
SHP_0002442,ORD_0002442,VEH_0079,DRV_0027,2026-01-07 00:01:32,2026-05-21 01:16:16,2026-05-20 22:44:36,1953.6,Delivered,65371.17,43723.43
SHP_0002443,ORD_0002443,VEH_0028,DRV_0094,2025-10-10 22:02:06,2026-08-07 19:03:46,2026-08-07 15:07:55,1136.9,Delivered,40695.79,28123.32
SHP_0002444,ORD_0002444,VEH_0058,DRV_0060,2026-08-17 03:45:16,2026-01-28 05:50:01,,1686.0,Cancelled,57563.44,37734.29
SHP_0002445,ORD_0002445,VEH_0080,DRV_0089,2026-05-28 15:43:17,2026-07-21 16:13:00,2026-07-21 14:06:45,799.5,Delivered,27701.9,8841.53
SHP_0002446,ORD_0002446,VEH_0044,DRV_0091,2026-07-17 14:37:45,2026-03-01 20:05:22,2026-07-18 09:23:52,799.5,Delivered,32382.69,17893.57
SHP_0002447,ORD_0002447,VEH_0044,DRV_0028,2026-07-02 23:15:32,2025-12-25 02:57:27,2026-07-04 16:33:37,1819.7,Delivered,59610.93,40726.62
SHP_0002448,ORD_0002448,VEH_0064,DRV_0008,2026-05-10 20:42:39,2025-11-22 21:18:24,2026-05-11 07:58:15,545.9,Delivered,21031.39,13503.84
SHP_0002449,ORD_0002449,VEH_0024,DRV_0100,2026-03-14 06:43:42,2026-09-10 13:35:26,2026-09-10 12:01:07,1753.8,Delivered,57884.56,29974.04
SHP_0002450,ORD_0002450,VEH_0078,DRV_0051,2026-06-26 12:25:42,2026-09-19 16:45:30,2026-09-19 15:28:29,2219.1,Delivered,73154.37,2773.87
SHP_0002451,ORD_0002451,VEH_0025,DRV_0088,2026-05-07 20:56:24,2026-04-26 09:23:50,,1729.3,Cancelled,62790.74,38703.38
SHP_0002452,ORD_0002452,VEH_0061,DRV_0068,2026-02-28 10:53:51,2026-04-03 13:53:04,2026-04-03 12:53:16,1714.1,Delivered,31127.25,42401.42
SHP_0002453,ORD_0002453,VEH_0027,DRV_0099,2026-01-28 07:29:08,2025-10-22 15:24:54,2026-01-30 09:56:32,2056.6,Delivered,72186.41,50873.79
SHP_0002454,ORD_0002454,VEH_0046,DRV_0079,2025-11-04 19:49:36,2025-12-09 18:43:50,2025-12-10 07:41:10,982.1,Delivered,35570.05,10860.87
SHP_0002455,ORD_0002455,VEH_0034,DRV_0056,2026-05-03 16:18:24,2026-09-17 21:10:10,2026-09-17 20:20:02,289.9,Delivered,13346.16,3205.95
SHP_0002456,ORD_0002456,VEH_0056,DRV_0088,2025-10-23 20:53:25,2025-10-13 15:57:49,,2208.5,Cancelled,77466.76,2760.62
SHP_0002457,ORD_0002457,VEH_0037,DRV_0021,2025-12-20 10:57:14,2025-12-25 01:15:27,2025-12-24 23:54:34,239.5,Delivered,11847.51,5360.24
SHP_0002458,ORD_0002458,VEH_0061,DRV_0018,2025-10-04 13:10:51,2026-01-29 22:49:17,2026-01-30 07:48:41,1458.4,Delivered,52182.94,36076.21
SHP_0002459,ORD_0002459,VEH_0040,DRV_0087,2026-03-14 15:34:27,2025-12-03 07:49:37,2026-03-14 19:42:27,212.4,Delivered,8283.21,5254.11
SHP_0002460,ORD_0002460,VEH_0077,DRV_0011,2026-04-16 22:16:09,2026-07-09 15:35:28,2026-07-09 11:42:17,1037.9,Delivered,35019.52,17738.65
SHP_0002461,ORD_0002461,VEH_0022,DRV_0077,2025-11-02 03:32:03,2026-04-11 03:15:37,2026-04-10 23:58:48,1246.5,Delivered,46783.17,21303.82
SHP_0002462,ORD_0002462,VEH_0010,DRV_0091,2025-10-20 06:59:46,2026-01-21 17:14:51,2026-01-21 16:23:22,1759.7,Delivered,61304.31,19460.21
SHP_0002463,ORD_0002463,VEH_0038,DRV_0080,2025-12-09 15:39:45,2026-07-30 21:40:45,2026-07-30 20:04:00,1598.8,Delivered,54586.16,1998.5
SHP_0002464,ORD_0002464,VEH_0057,DRV_0029,2026-07-07 03:27:11,2026-02-26 00:47:13,2026-02-26 05:53:56,2624.4,Delivered,90598.1,29022.78
SHP_0002465,ORD_0002465,VEH_0054,DRV_0004,2025-12-13 18:59:15,2026-06-30 20:24:25,2026-06-30 19:53:00,1718.8,Delivered,57068.01,2148.5
SHP_0002466,ORD_0002466,VEH_0006,DRV_0011,2025-12-31 11:06:22,2026-06-30 15:34:45,2026-06-30 14:44:13,1094.7,Delivered,38430.62,24500.43
SHP_0002467,ORD_0002467,VEH_0034,DRV_0002,2026-08-28 00:26:54,2025-12-10 21:53:12,2026-08-30 13:32:47,2500.2,Delivered,84144.76,27649.27
SHP_0002468,ORD_0002468,VEH_0032,DRV_0044,2026-06-10 07:34:34,2026-08-26 14:27:47,2026-08-26 20:31:46,238.4,Delivered,8914.32,2636.42
SHP_0002469,ORD_0002469,VEH_0009,DRV_0091,2025-10-21 02:58:44,2026-07-05 01:55:32,2026-07-04 23:17:10,904.6,Delivered,31220.54,1130.75
SHP_0002470,ORD_0002470,VEH_0064,DRV_0063,2026-08-06 23:58:42,2025-10-25 17:03:20,2026-08-08 23:52:55,2003.0,Delivered,69950.1,49547.89
SHP_0002471,ORD_0002471,VEH_0008,DRV_0050,2025-12-09 10:56:03,2026-02-26 19:42:42,2026-02-26 16:36:01,1254.1,Delivered,42183.62,13868.87
SHP_0002472,ORD_0002472,VEH_0014,DRV_0015,2026-07-14 14:48:56,2026-08-01 06:48:29,2026-08-01 03:32:51,636.7,Delivered,26973.33,14249.95
SHP_0002473,ORD_0002473,VEH_0022,DRV_0052,2026-02-06 00:43:20,2026-05-06 22:08:39,2026-05-06 18:40:06,214.4,Delivered,12754.0,3664.29
SHP_0002474,ORD_0002474,VEH_0019,DRV_0096,2026-07-17 16:28:30,2026-01-15 08:37:46,2026-07-18 05:19:04,527.8,Delivered,24266.24,659.75
SHP_0002475,ORD_0002475,VEH_0023,DRV_0053,2026-06-17 14:16:28,2026-02-14 17:02:59,2026-06-19 13:48:19,1938.2,Delivered,63729.7,2422.75
SHP_0002476,ORD_0002476,VEH_0057,DRV_0049,2026-01-23 06:17:13,2025-11-27 12:37:27,2025-11-28 00:54:18,382.2,Delivered,16018.71,4226.68
SHP_0002477,ORD_0002477,VEH_0051,DRV_0053,2025-12-27 09:41:58,2026-09-18 15:55:43,2026-09-18 14:20:01,914.3,Delivered,30416.35,15626.22
SHP_0002478,ORD_0002478,VEH_0069,DRV_0001,2026-08-19 16:35:39,2026-02-05 02:07:02,2026-08-19 21:50:40,260.2,Delivered,5288.82,325.25
SHP_0002479,ORD_0002479,VEH_0056,DRV_0055,2026-03-15 22:10:46,2026-01-20 06:14:42,2026-03-17 02:22:54,1250.8,Delivered,43998.07,1563.5
SHP_0002480,ORD_0002480,VEH_0021,DRV_0058,2026-06-04 10:46:59,2026-07-25 16:16:22,2026-07-25 13:35:43,1114.1,Delivered,37193.35,1392.62
SHP_0002481,ORD_0002481,VEH_0022,DRV_0088,2025-10-21 21:40:05,2026-03-14 01:00:43,2026-03-13 22:28:05,25.0,Delivered,6689.24,427.27
SHP_0002482,ORD_0002482,VEH_0022,DRV_0044,2026-08-30 23:46:08,2026-04-02 02:23:33,2026-09-01 17:34:25,2060.1,Delivered,72278.91,35208.98
SHP_0002483,ORD_0002483,VEH_0022,DRV_0092,2026-08-16 14:59:23,2026-07-18 17:57:58,2026-08-17 04:21:08,624.2,Delivered,22658.91,10668.15
SHP_0002484,ORD_0002484,VEH_0010,DRV_0056,2025-11-10 18:54:50,2026-09-18 04:39:54,2026-09-18 02:09:40,456.2,Delivered,21220.33,5045.04
SHP_0002485,ORD_0002485,VEH_0066,DRV_0063,2025-10-21 19:36:09,2026-09-02 10:07:14,2026-09-02 09:24:31,1117.3,Delivered,42173.13,12356.02
SHP_0002486,ORD_0002486,VEH_0057,DRV_0072,2025-10-08 09:43:34,2026-09-06 23:06:49,2026-09-06 21:53:55,237.5,Delivered,14689.45,2626.47
SHP_0002487,ORD_0002487,VEH_0007,DRV_0082,2026-09-10 20:28:55,2026-04-13 13:24:46,2026-09-11 20:34:52,1200.3,Delivered,39912.67,20514.22
SHP_0002488,ORD_0002488,VEH_0041,DRV_0084,2026-07-21 13:23:03,2026-08-28 12:17:33,2026-08-28 22:35:54,143.5,Delivered,11752.06,2452.55
SHP_0002489,ORD_0002489,VEH_0037,DRV_0060,2026-04-01 10:42:55,2026-09-13 10:50:55,2026-09-13 08:07:28,1148.3,Delivered,41870.86,25700.05
SHP_0002490,ORD_0002490,VEH_0055,DRV_0034,2026-06-12 01:14:08,2026-05-06 09:14:06,2026-06-13 23:09:48,1868.9,Delivered,60756.09,46230.68
SHP_0002491,ORD_0002491,VEH_0043,DRV_0039,2026-04-30 13:34:22,2026-09-24 17:27:03,2026-09-24 15:10:23,342.0,Delivered,17656.99,427.5
SHP_0002492,ORD_0002492,VEH_0041,DRV_0029,2026-02-04 02:54:34,2025-12-12 19:44:32,2026-02-05 09:56:52,1250.6,Delivered,41256.28,21373.89
SHP_0002493,ORD_0002493,VEH_0071,DRV_0066,2026-01-06 22:59:54,2026-02-02 10:24:27,2026-02-02 07:11:46,205.2,Delivered,9039.48,2269.27
SHP_0002494,ORD_0002494,VEH_0046,DRV_0096,2026-04-24 18:15:53,2025-11-20 12:12:15,2026-04-26 05:06:15,1755.4,Delivered,57078.17,19412.66
SHP_0002495,ORD_0002495,VEH_0028,DRV_0028,2026-02-22 21:49:31,2026-04-13 08:09:59,2026-04-13 06:14:28,1697.8,Delivered,59842.71,41998.21
SHP_0002496,ORD_0002496,VEH_0020,DRV_0087,2026-03-30 12:02:09,2026-05-08 03:13:54,2026-05-08 00:37:19,399.9,Delivered,14495.07,6834.65
SHP_0002497,ORD_0002497,VEH_0027,DRV_0079,2026-08-18 21:54:35,2026-03-12 03:06:54,2026-08-19 02:13:14,214.4,Delivered,7978.69,5303.58
SHP_0002498,ORD_0002498,VEH_0025,DRV_0011,2026-03-17 00:38:48,2026-05-11 21:06:26,2026-05-11 17:13:00,914.3,Delivered,35780.24,20462.9
SHP_0002499,ORD_0002499,VEH_0049,DRV_0090,2026-04-29 14:44:17,2026-02-24 22:49:01,2026-05-01 23:03:05,2625.5,Delivered,47499.86,29034.94
SHP_0002500,ORD_0002500,VEH_0036,DRV_0020,2026-06-19 11:02:50,2026-05-05 01:08:31,2026-06-21 00:51:12,1910.3,Delivered,62930.78,21125.67
SHP_0002501,ORD_0002501,VEH_0020,DRV_0064,2026-02-03 16:05:20,2026-07-25 09:57:52,2026-07-26 00:18:17,1200.6,Delivered,44183.76,20519.35
SHP_0002502,ORD_0002502,VEH_0041,DRV_0062,2025-11-29 03:08:59,2026-02-28 00:03:03,2026-02-27 20:13:04,1007.3,Delivered,35982.43,17215.67
SHP_0002503,ORD_0002503,VEH_0026,DRV_0025,2026-08-24 05:41:26,2025-10-14 20:36:18,2025-10-15 05:42:06,1207.6,Delivered,42618.98,27027.24
SHP_0002504,ORD_0002504,VEH_0014,DRV_0001,2025-11-08 07:27:29,2025-12-08 21:38:05,2025-12-08 18:04:04,1482.3,Delivered,50935.54,33175.29
SHP_0002505,ORD_0002505,VEH_0050,DRV_0002,2026-06-10 04:31:42,2026-03-08 21:54:05,2026-06-10 15:36:55,567.8,Delivered,21962.23,6279.2
SHP_0002506,ORD_0002506,VEH_0070,DRV_0087,2026-01-29 17:22:03,2026-09-22 00:09:21,2026-09-21 20:24:17,2063.1,Delivered,70430.38,51034.58
SHP_0002507,ORD_0002507,VEH_0057,DRV_0002,2026-05-26 01:23:58,2026-06-23 17:15:25,2026-06-23 19:47:05,914.3,Delivered,30016.76,10111.08
SHP_0002508,ORD_0002508,VEH_0074,DRV_0006,2026-01-08 18:32:06,2025-10-03 21:19:37,2026-01-09 07:32:34,663.0,Delivered,26657.53,16400.53
SHP_0002509,ORD_0002509,VEH_0050,DRV_0008,2026-06-26 11:22:56,2025-12-17 10:42:24,2026-06-27 13:21:43,1319.8,Delivered,45064.07,14595.44
SHP_0002510,ORD_0002510,VEH_0039,DRV_0029,2026-06-06 07:18:53,2026-03-16 02:40:01,2026-06-07 17:52:38,1692.6,Delivered,30890.47,37882.0
SHP_0002511,ORD_0002511,VEH_0068,DRV_0068,2026-08-23 08:12:10,2026-03-26 11:02:02,2026-08-25 06:51:29,2382.6,Delivered,78753.4,26348.75
SHP_0002512,ORD_0002512,VEH_0062,DRV_0086,2026-07-05 04:12:25,2026-04-30 02:56:22,2026-07-06 13:45:14,1381.5,Delivered,47506.75,23611.09
SHP_0002513,ORD_0002513,VEH_0046,DRV_0084,2025-12-01 13:29:49,2026-07-12 20:37:26,2026-07-12 18:36:09,2625.5,Delivered,91336.32,29034.94
SHP_0002514,ORD_0002514,VEH_0043,DRV_0057,2026-03-05 11:08:36,2026-08-20 00:45:26,2026-08-19 22:54:20,1250.6,Delivered,45382.42,1563.25
SHP_0002515,ORD_0002515,VEH_0020,DRV_0034,2025-11-18 08:32:36,2026-06-30 23:30:28,2026-06-30 21:36:04,311.3,Delivered,12535.66,5320.4
SHP_0002516,ORD_0002516,VEH_0004,DRV_0013,2026-03-12 20:17:53,2026-05-13 18:39:18,2026-05-13 17:47:25,2212.9,Delivered,78182.93,37820.47
SHP_0002517,ORD_0002517,VEH_0026,DRV_0069,2025-12-24 16:14:31,2026-07-07 04:11:37,,483.8,Cancelled,19514.59,10827.9
SHP_0002518,ORD_0002518,VEH_0012,DRV_0008,2026-07-14 23:04:58,2025-11-26 02:03:17,2026-07-15 21:02:51,1049.1,Delivered,38441.13,11601.81
SHP_0002519,ORD_0002519,VEH_0019,DRV_0062,2026-01-27 07:44:32,2026-05-07 08:04:08,2026-05-07 05:18:09,896.4,Delivered,16731.97,1120.5
SHP_0002520,ORD_0002520,VEH_0010,DRV_0037,2026-06-05 00:42:42,2025-11-03 00:40:49,2025-11-03 17:08:49,1541.2,Delivered,55733.98,17043.86
SHP_0002521,ORD_0002521,VEH_0032,DRV_0005,2026-01-28 15:49:31,2025-11-15 00:24:25,2026-01-30 17:14:59,2187.9,Delivered,76560.72,24195.6
SHP_0002522,ORD_0002522,VEH_0041,DRV_0024,2026-06-26 02:23:34,2026-06-13 09:38:00,2026-06-13 22:06:34,622.7,Delivered,25623.51,10642.51
SHP_0002523,ORD_0002523,VEH_0052,DRV_0073,2025-12-01 02:20:31,2026-06-25 21:36:35,2026-06-26 06:29:33,1158.5,Delivered,44259.26,28657.63
SHP_0002524,ORD_0002524,VEH_0019,DRV_0046,2025-12-22 13:34:31,2026-03-07 13:46:12,2026-03-07 19:43:14,25.0,Delivered,4511.67,31.25
SHP_0002525,ORD_0002525,VEH_0046,DRV_0008,2026-02-09 05:24:17,2026-01-06 06:05:17,2026-02-09 14:37:02,432.1,Delivered,18864.23,4778.52
SHP_0002526,ORD_0002526,VEH_0071,DRV_0069,2026-02-23 00:37:40,2026-08-30 18:20:16,2026-08-30 15:44:22,2066.7,Delivered,67314.15,22855.27
SHP_0002527,ORD_0002527,VEH_0068,DRV_0095,2025-10-27 20:56:49,2026-09-26 05:53:56,2026-09-26 02:43:46,158.9,Delivered,7039.5,1757.25
SHP_0002528,ORD_0002528,VEH_0059,DRV_0091,2026-06-01 07:00:53,2026-09-25 09:02:02,,619.6,Cancelled,24769.73,6852.05
SHP_0002529,ORD_0002529,VEH_0037,DRV_0091,2026-06-21 10:19:59,2025-12-29 10:29:41,2026-06-21 17:10:55,354.1,Delivered,13651.39,7925.1
SHP_0002530,ORD_0002530,VEH_0066,DRV_0028,2026-04-05 12:03:53,2026-01-11 18:47:13,2026-04-05 22:59:07,537.0,Delivered,24035.6,5938.59
SHP_0002531,ORD_0002531,VEH_0079,DRV_0066,2026-05-10 23:13:24,2026-06-02 01:17:43,2026-06-02 00:33:51,102.8,Delivered,2094.73,2300.76
SHP_0002532,ORD_0002532,VEH_0024,DRV_0037,2026-05-23 11:49:36,2025-11-19 17:01:38,2025-11-20 00:10:36,1030.7,Delivered,35599.26,17615.6
SHP_0002533,ORD_0002533,VEH_0015,DRV_0084,2026-06-21 05:24:27,2026-02-20 22:28:01,,2202.4,Cancelled,72193.58,2753.0
SHP_0002534,ORD_0002534,VEH_0028,DRV_0010,2025-10-11 05:18:41,2025-12-19 22:24:35,2025-12-19 20:45:32,354.1,Delivered,14838.29,8759.32
SHP_0002535,ORD_0002535,VEH_0027,DRV_0089,2026-08-29 13:21:45,2026-02-03 14:07:02,2026-02-04 00:14:51,143.5,Delivered,11465.1,3549.74
SHP_0002536,ORD_0002536,VEH_0071,DRV_0065,2025-10-31 08:00:19,2025-12-13 01:18:57,2025-12-12 22:35:28,617.1,Delivered,24698.26,6824.4
SHP_0002537,ORD_0002537,VEH_0050,DRV_0086,2026-06-08 07:52:17,2025-10-26 08:08:25,2026-06-09 09:43:38,1043.0,Delivered,36160.58,11534.35
SHP_0002538,ORD_0002538,VEH_0068,DRV_0007,2025-11-29 02:33:36,2026-09-07 12:08:36,2026-09-07 09:57:33,2015.6,Delivered,67011.52,22290.16
SHP_0002539,ORD_0002539,VEH_0076,DRV_0080,2025-12-03 01:47:31,2026-01-05 01:00:54,2026-01-04 23:09:15,691.2,Delivered,27096.11,864.0
SHP_0002540,ORD_0002540,VEH_0058,DRV_0092,2026-04-30 14:07:43,2026-01-27 23:26:35,2026-05-01 04:52:02,636.9,Delivered,26430.12,14254.43
SHP_0002541,ORD_0002541,VEH_0037,DRV_0058,2026-05-23 01:57:40,2026-05-27 02:26:56,2026-05-26 23:21:20,1748.8,Delivered,56749.24,39139.81
SHP_0002542,ORD_0002542,VEH_0010,DRV_0086,2026-06-09 05:09:13,2026-06-10 01:13:05,2026-06-09 22:59:07,794.7,Delivered,14837.46,8788.45
SHP_0002543,ORD_0002543,VEH_0003,DRV_0006,2026-06-02 13:09:56,2026-05-28 15:49:09,2026-06-02 17:33:58,215.6,Delivered,9747.01,4825.33
SHP_0002544,ORD_0002544,VEH_0017,DRV_0042,2026-03-29 22:32:04,2026-09-13 02:03:15,2026-09-13 01:22:02,2389.9,Delivered,82989.68,53488.24
SHP_0002545,ORD_0002545,VEH_0022,DRV_0094,2026-08-20 21:56:54,2025-11-08 08:15:38,2026-08-21 12:07:53,567.8,Delivered,24823.36,9704.22
SHP_0002546,ORD_0002546,VEH_0079,DRV_0061,2026-07-28 14:12:17,2026-09-05 23:49:32,2026-09-06 13:38:56,1753.0,Delivered,62047.46,39233.81
SHP_0002547,ORD_0002547,VEH_0013,DRV_0040,2026-03-22 09:49:25,2026-07-25 15:32:23,2026-07-25 12:45:01,2212.4,Delivered,75720.31,37811.93
SHP_0002548,ORD_0002548,VEH_0034,DRV_0086,2026-07-22 18:27:09,2026-07-04 09:22:40,2026-07-24 03:30:05,1583.6,Delivered,55765.15,17512.75
SHP_0002549,ORD_0002549,VEH_0068,DRV_0043,2026-08-28 05:44:30,2026-07-28 21:42:21,2026-08-29 15:49:16,1748.1,Delivered,58601.74,19331.93
SHP_0002550,ORD_0002550,VEH_0003,DRV_0062,2025-11-04 13:05:19,2026-02-16 07:32:45,2026-02-16 13:37:48,1110.6,Delivered,42572.13,24856.29
SHP_0002551,ORD_0002551,VEH_0043,DRV_0007,2026-02-23 23:15:20,2026-09-21 20:46:13,2026-09-21 16:47:18,112.1,Delivered,7032.22,140.12
SHP_0002552,ORD_0002552,VEH_0051,DRV_0047,2026-03-28 23:36:12,2025-12-13 23:09:07,2026-03-29 07:32:24,352.9,Delivered,16501.61,6031.38
SHP_0002553,ORD_0002553,VEH_0020,DRV_0031,2026-04-20 12:41:28,2026-04-06 06:25:43,2026-04-21 16:35:38,1144.1,Delivered,20617.15,19553.71
SHP_0002554,ORD_0002554,VEH_0029,DRV_0060,2026-08-22 02:30:23,2025-12-15 06:26:48,2026-08-23 13:32:34,1697.0,Delivered,60783.01,18766.82
SHP_0002555,ORD_0002555,VEH_0008,DRV_0074,2026-09-11 19:14:35,2026-04-30 18:49:54,2026-09-11 23:53:23,238.9,Delivered,4830.26,2641.95
SHP_0002556,ORD_0002556,VEH_0043,DRV_0074,2025-12-25 05:32:29,2026-08-31 07:32:16,2026-08-31 16:37:47,777.0,Delivered,29394.45,971.25
SHP_0002557,ORD_0002557,VEH_0050,DRV_0087,2026-01-19 09:52:22,2026-03-24 12:03:01,2026-03-24 09:23:41,2064.9,Delivered,70392.49,22835.36
SHP_0002558,ORD_0002558,VEH_0061,DRV_0058,2026-07-19 10:26:54,2025-11-28 23:00:18,2026-07-19 15:51:59,277.2,Delivered,12720.23,6857.05
SHP_0002559,ORD_0002559,VEH_0065,DRV_0024,2026-06-24 10:27:51,2026-03-28 16:57:29,2026-06-24 16:33:10,273.0,Delivered,11675.64,341.25
SHP_0002560,ORD_0002560,VEH_0025,DRV_0098,2026-05-18 01:52:24,2026-07-08 08:57:29,,2214.0,Cancelled,76956.36,49551.43
SHP_0002561,ORD_0002561,VEH_0036,DRV_0003,2026-03-22 23:48:19,2026-08-31 21:42:31,2026-08-31 20:34:11,100.2,Delivered,5664.89,1108.09
SHP_0002562,ORD_0002562,VEH_0008,DRV_0073,2026-01-01 22:01:29,2026-05-26 10:41:59,2026-05-26 07:52:34,289.0,Delivered,10143.29,3196.0
SHP_0002563,ORD_0002563,VEH_0079,DRV_0009,2026-04-27 22:26:53,2025-11-14 20:54:33,2026-04-30 01:28:19,2390.0,Delivered,80000.47,53490.48
SHP_0002564,ORD_0002564,VEH_0008,DRV_0099,2026-03-17 13:58:18,2026-08-12 18:03:35,2026-08-12 17:19:57,2210.4,Delivered,40151.25,24444.42
SHP_0002565,ORD_0002565,VEH_0021,DRV_0056,2026-09-01 20:41:02,2026-06-01 13:30:49,2026-09-04 11:05:28,2612.9,Delivered,90262.89,3266.12
SHP_0002566,ORD_0002566,VEH_0055,DRV_0093,2026-08-20 01:57:28,2026-06-24 01:57:02,2026-06-24 15:58:41,1154.9,Delivered,21335.6,28568.58
SHP_0002567,ORD_0002567,VEH_0071,DRV_0020,2025-10-12 07:02:25,2025-12-05 14:58:27,2025-12-05 13:34:54,2625.5,Delivered,47637.99,29034.94
SHP_0002568,ORD_0002568,VEH_0026,DRV_0011,2026-01-19 08:44:39,2026-07-05 01:21:17,,25.0,Cancelled,4432.76,559.52
SHP_0002569,ORD_0002569,VEH_0060,DRV_0054,2025-11-28 21:04:15,2025-11-08 10:56:20,2025-11-29 19:39:47,1063.5,Delivered,35370.01,11761.06
SHP_0002570,ORD_0002570,VEH_0030,DRV_0028,2025-10-04 14:39:13,2025-12-25 02:31:41,2025-12-25 01:33:34,1256.1,Delivered,22896.93,28112.71
SHP_0002571,ORD_0002571,VEH_0079,DRV_0085,2026-06-21 11:21:30,2026-06-30 15:51:47,2026-06-30 14:26:22,1161.2,Delivered,39455.07,25988.76
SHP_0002572,ORD_0002572,VEH_0052,DRV_0078,2025-11-16 14:25:35,2026-04-28 16:31:35,2026-04-29 09:57:33,25.0,Delivered,484.37,618.42
SHP_0002573,ORD_0002573,VEH_0028,DRV_0079,2025-12-19 06:38:51,2026-07-25 08:20:51,2026-07-25 15:07:16,1191.2,Delivered,39983.8,29466.53
SHP_0002574,ORD_0002574,VEH_0062,DRV_0074,2025-11-26 00:13:55,2026-06-22 16:29:35,2026-06-22 14:27:47,241.9,Delivered,9626.41,4134.29
SHP_0002575,ORD_0002575,VEH_0067,DRV_0006,2026-08-29 12:20:18,2025-12-17 22:58:41,2026-08-30 17:05:54,1279.4,Delivered,46262.61,21866.11
SHP_0002576,ORD_0002576,VEH_0074,DRV_0025,2026-07-13 02:41:05,2026-04-04 06:58:13,2026-07-13 10:54:19,382.2,Delivered,13636.71,9454.42
SHP_0002577,ORD_0002577,VEH_0018,DRV_0087,2025-10-08 06:19:40,2026-06-10 02:43:43,2026-06-10 01:31:07,2209.9,Delivered,72351.04,49459.67
SHP_0002578,ORD_0002578,VEH_0004,DRV_0100,2025-12-16 14:16:38,2026-03-10 09:16:38,2026-03-10 08:26:35,1949.4,Delivered,35724.63,33317.02
SHP_0002579,ORD_0002579,VEH_0012,DRV_0031,2026-06-28 08:08:40,2026-04-04 15:32:40,2026-06-28 16:08:41,392.7,Delivered,16653.92,4342.8
SHP_0002580,ORD_0002580,VEH_0010,DRV_0023,2025-12-11 08:28:08,2025-10-14 04:10:06,2025-12-12 08:00:55,1136.9,Delivered,38244.36,12572.78
SHP_0002581,ORD_0002581,VEH_0035,DRV_0037,2026-07-22 16:11:29,2026-08-10 01:30:31,2026-08-09 23:51:42,1986.0,Delivered,69890.25,49127.37
SHP_0002582,ORD_0002582,VEH_0017,DRV_0076,2026-07-27 10:04:49,2025-12-01 03:47:16,2026-07-27 10:33:54,25.0,Delivered,6687.59,559.52
SHP_0002583,ORD_0002583,VEH_0078,DRV_0077,2026-03-17 16:38:44,2025-10-31 01:28:07,2025-10-31 18:39:46,271.4,Delivered,15553.76,339.25
SHP_0002584,ORD_0002584,VEH_0040,DRV_0089,2026-05-14 19:38:31,2026-04-22 03:53:32,2026-05-15 21:27:07,1223.3,Delivered,40240.93,30260.58
SHP_0002585,ORD_0002585,VEH_0023,DRV_0041,2026-02-07 02:37:42,2026-01-06 13:42:34,2026-02-07 16:58:22,606.6,Delivered,22237.6,758.25
SHP_0002586,ORD_0002586,VEH_0066,DRV_0098,2026-08-04 23:36:06,2025-12-25 09:51:17,2026-08-05 12:58:51,623.0,Delivered,24305.51,6889.65
SHP_0002587,ORD_0002587,VEH_0053,DRV_0066,2025-12-19 01:06:15,2026-09-09 15:10:02,2026-09-09 11:13:55,25.0,Delivered,6384.9,618.42
SHP_0002588,ORD_0002588,VEH_0064,DRV_0064,2026-07-30 13:08:44,2026-01-12 08:56:27,2026-07-31 21:16:34,1390.1,Delivered,48144.55,34386.68
SHP_0002589,ORD_0002589,VEH_0006,DRV_0099,2025-12-30 05:20:15,2026-07-06 17:57:05,2026-07-06 14:03:41,446.1,Delivered,20283.54,9984.14
SHP_0002590,ORD_0002590,VEH_0061,DRV_0036,2025-10-13 12:55:47,2026-07-07 21:06:12,2026-07-07 18:06:23,1193.1,Delivered,42351.57,29513.53
SHP_0002591,ORD_0002591,VEH_0028,DRV_0014,2026-02-28 05:59:50,2025-11-20 10:00:20,2026-03-01 05:42:38,1058.5,Delivered,37179.41,26183.95
SHP_0002592,ORD_0002592,VEH_0041,DRV_0079,2026-04-30 05:28:17,2025-12-09 23:21:03,2025-12-10 04:27:30,368.1,Delivered,14141.61,6291.16
SHP_0002593,ORD_0002593,VEH_0013,DRV_0006,2026-05-08 16:00:15,2025-11-20 23:19:56,2026-05-08 21:30:36,231.3,Delivered,11552.21,3953.13
SHP_0002594,ORD_0002594,VEH_0058,DRV_0005,2025-12-15 10:13:07,2026-07-26 01:49:02,2026-07-25 23:01:59,2209.6,Delivered,71983.93,49452.95
SHP_0002595,ORD_0002595,VEH_0005,DRV_0060,2026-02-28 05:50:46,2026-02-02 12:45:59,2026-03-02 01:34:11,2203.1,Delivered,73412.29,2753.88
SHP_0002596,ORD_0002596,VEH_0045,DRV_0030,2026-07-13 11:31:29,2026-02-22 19:01:33,2026-07-15 02:04:19,1871.7,Delivered,33747.58,41890.43
SHP_0002597,ORD_0002597,VEH_0063,DRV_0032,2026-08-20 09:41:24,2025-12-16 00:23:15,2026-08-21 23:03:32,1640.7,Delivered,54846.78,36720.43
SHP_0002598,ORD_0002598,VEH_0020,DRV_0038,2025-12-18 15:36:37,2025-11-12 04:44:01,2025-12-20 04:12:46,1752.9,Delivered,59063.16,29958.65
SHP_0002599,ORD_0002599,VEH_0067,DRV_0047,2025-10-20 02:52:51,2026-05-10 04:25:04,2026-05-10 01:48:01,340.2,Delivered,12662.44,5814.33
SHP_0002600,ORD_0002600,VEH_0012,DRV_0092,2025-11-24 17:18:37,2025-10-10 14:56:04,2025-11-26 03:39:55,1385.6,Delivered,45106.67,15323.11
SHP_0002601,ORD_0002601,VEH_0066,DRV_0092,2026-06-03 15:37:53,2025-10-03 02:40:30,2026-06-03 20:09:27,223.5,Delivered,9071.79,2471.65
SHP_0002602,ORD_0002602,VEH_0013,DRV_0049,2026-05-20 23:20:10,2026-06-11 04:32:55,2026-06-11 14:40:00,1871.7,Delivered,64737.5,31989.05
SHP_0002603,ORD_0002603,VEH_0075,DRV_0021,2026-03-26 23:55:37,2025-10-08 22:39:39,,1642.5,Cancelled,55179.9,40630.26
SHP_0002604,ORD_0002604,VEH_0066,DRV_0081,2026-06-09 06:27:18,2026-06-07 01:37:29,2026-06-10 11:20:29,1162.7,Delivered,43847.22,12858.09
SHP_0002605,ORD_0002605,VEH_0019,DRV_0001,2026-06-05 20:59:24,2026-03-16 23:25:33,2026-06-06 03:54:04,338.1,Delivered,17056.89,422.62
SHP_0002606,ORD_0002606,VEH_0019,DRV_0093,2026-02-24 01:27:38,2026-08-20 15:57:58,2026-08-20 13:49:28,356.7,Delivered,13548.84,445.87
SHP_0002607,ORD_0002607,VEH_0007,DRV_0019,2026-02-15 16:23:28,2026-01-27 13:17:40,2026-02-17 20:35:14,2128.2,Delivered,72457.17,36372.87
SHP_0002608,ORD_0002608,VEH_0033,DRV_0027,2025-11-22 06:08:11,2026-01-31 00:29:38,2026-01-31 17:44:02,2384.9,Delivered,83197.46,40760.11
SHP_0002609,ORD_0002609,VEH_0026,DRV_0054,2026-03-16 22:00:39,2025-12-05 02:35:42,2026-03-18 10:37:59,1489.8,Delivered,49656.67,33343.14
SHP_0002610,ORD_0002610,VEH_0012,DRV_0058,2026-06-14 08:16:38,2025-12-06 18:51:01,2026-06-14 11:18:54,127.7,Delivered,10954.84,1412.21
SHP_0002611,ORD_0002611,VEH_0005,DRV_0045,2026-02-28 14:36:58,2026-01-27 11:58:18,2026-03-02 18:40:55,2389.9,Delivered,43257.96,2987.38
SHP_0002612,ORD_0002612,VEH_0070,DRV_0021,2026-06-02 16:19:43,2026-05-29 11:46:32,2026-06-03 05:48:49,661.6,Delivered,24218.75,16365.89
SHP_0002613,ORD_0002613,VEH_0049,DRV_0034,2026-01-16 14:54:22,2025-11-23 15:28:05,2026-01-17 01:33:02,525.6,Delivered,18958.03,5812.52
SHP_0002614,ORD_0002614,VEH_0075,DRV_0073,2026-09-09 16:13:52,2026-01-11 14:40:50,,896.4,Cancelled,33551.64,22174.11
SHP_0002615,ORD_0002615,VEH_0033,DRV_0031,2026-02-11 11:37:29,2026-05-15 23:29:56,2026-05-15 21:52:14,2208.5,Delivered,71756.47,37745.27
SHP_0002616,ORD_0002616,VEH_0016,DRV_0073,2026-03-08 18:45:57,2026-01-06 15:49:51,2026-03-09 05:11:15,532.6,Delivered,21105.86,13174.84
SHP_0002617,ORD_0002617,VEH_0002,DRV_0094,2025-12-15 09:46:30,2026-08-12 22:43:48,2026-08-12 22:02:39,1240.4,Delivered,46149.75,30683.58
SHP_0002618,ORD_0002618,VEH_0075,DRV_0083,2026-05-18 19:02:54,2025-10-11 00:09:29,2025-10-11 01:52:04,1251.6,Delivered,45989.94,30960.63
SHP_0002619,ORD_0002619,VEH_0004,DRV_0056,2026-07-22 17:25:15,2026-03-31 02:15:13,2026-07-24 05:30:14,1596.6,Delivered,58377.96,27287.35
SHP_0002620,ORD_0002620,VEH_0048,DRV_0053,2025-11-14 23:17:46,2026-03-28 12:27:52,2026-03-28 09:51:59,1454.1,Delivered,48822.19,35969.84
SHP_0002621,ORD_0002621,VEH_0063,DRV_0097,2025-12-24 12:35:23,2026-05-11 05:55:52,2026-05-11 03:12:35,2203.3,Delivered,75876.43,49311.95
SHP_0002622,ORD_0002622,VEH_0030,DRV_0040,2025-11-12 02:55:52,2025-10-19 19:46:36,2025-11-13 15:43:31,1650.8,Delivered,58869.35,36946.48
SHP_0002623,ORD_0002623,VEH_0012,DRV_0075,2026-06-06 14:45:37,2026-05-14 00:02:07,2026-06-06 18:31:18,170.5,Delivered,9562.17,1885.53
SHP_0002624,ORD_0002624,VEH_0068,DRV_0034,2026-01-05 13:27:18,2026-03-16 23:22:18,2026-03-17 06:33:18,222.3,Delivered,8728.6,2458.38
SHP_0002625,ORD_0002625,VEH_0004,DRV_0057,2026-07-15 06:31:43,2026-08-12 03:58:47,,1089.7,Cancelled,20107.76,18623.96
SHP_0002626,ORD_0002626,VEH_0054,DRV_0040,2026-08-17 01:39:21,2026-09-10 19:30:26,,152.1,Cancelled,5777.65,190.12
SHP_0002627,ORD_0002627,VEH_0003,DRV_0002,2026-03-06 20:32:03,2026-06-13 05:38:04,2026-06-13 02:01:35,446.1,Delivered,18719.82,9984.14
SHP_0002628,ORD_0002628,VEH_0056,DRV_0002,2026-07-13 12:09:49,2025-12-18 06:54:15,,1221.6,Cancelled,42647.19,1527.0
SHP_0002629,ORD_0002629,VEH_0052,DRV_0092,2026-07-19 09:21:02,2026-08-06 09:54:08,,1958.6,Cancelled,67332.49,48449.58
SHP_0002630,ORD_0002630,VEH_0056,DRV_0026,2026-08-11 20:39:27,2025-10-28 14:15:22,2026-08-12 08:00:25,489.7,Delivered,22626.9,612.12
SHP_0002631,ORD_0002631,VEH_0030,DRV_0001,2026-07-16 21:20:02,2026-03-25 20:05:42,,446.1,Cancelled,15788.27,9984.14
SHP_0002632,ORD_0002632,VEH_0026,DRV_0072,2026-03-09 22:32:54,2025-12-31 13:24:32,2026-03-10 14:05:03,642.3,Delivered,22702.45,14375.29
SHP_0002633,ORD_0002633,VEH_0047,DRV_0045,2026-06-27 22:31:01,2026-04-05 16:34:05,2026-06-29 11:43:06,1884.5,Delivered,63960.91,32207.82
SHP_0002634,ORD_0002634,VEH_0040,DRV_0010,2026-03-08 06:51:32,2026-01-07 12:28:09,2026-03-08 10:22:19,147.9,Delivered,8384.46,3658.58
SHP_0002635,ORD_0002635,VEH_0001,DRV_0044,2026-06-26 02:23:54,2026-04-19 12:40:34,2026-06-26 13:41:18,532.6,Delivered,18244.7,13174.84
SHP_0002636,ORD_0002636,VEH_0073,DRV_0029,2026-05-22 11:52:32,2025-12-09 20:52:26,2026-05-23 06:54:42,914.3,Delivered,34011.47,15626.22
SHP_0002637,ORD_0002637,VEH_0054,DRV_0076,2026-02-13 01:03:49,2026-08-04 08:40:53,2026-08-04 04:52:08,25.0,Delivered,3994.46,31.25
SHP_0002638,ORD_0002638,VEH_0021,DRV_0030,2026-06-21 13:16:17,2026-03-22 12:44:40,2026-06-22 01:51:08,548.6,Delivered,10621.01,685.75
SHP_0002639,ORD_0002639,VEH_0001,DRV_0033,2026-07-01 00:48:01,2026-06-22 18:01:00,,366.8,Cancelled,7240.04,9073.47
SHP_0002640,ORD_0002640,VEH_0070,DRV_0083,2026-04-14 11:02:56,2026-05-09 08:01:34,2026-05-09 07:16:50,533.0,Delivered,20405.92,13184.74
SHP_0002641,ORD_0002641,VEH_0043,DRV_0082,2026-07-22 02:26:18,2026-08-09 07:45:54,2026-08-09 05:18:51,1065.0,Delivered,37201.86,1331.25
SHP_0002642,ORD_0002642,VEH_0052,DRV_0091,2026-05-01 20:11:07,2026-03-19 07:48:53,2026-05-03 19:56:31,2182.2,Delivered,72928.8,53980.74
SHP_0002643,ORD_0002643,VEH_0047,DRV_0073,2026-04-05 20:03:17,2026-08-02 04:01:26,2026-08-02 00:08:53,231.5,Delivered,9071.05,3956.55
SHP_0002644,ORD_0002644,VEH_0022,DRV_0025,2025-12-14 06:54:43,2025-10-31 18:13:14,2025-12-14 18:38:55,565.4,Delivered,24932.99,9663.2
SHP_0002645,ORD_0002645,VEH_0067,DRV_0023,2026-06-06 11:33:42,2026-01-15 08:23:57,2026-06-07 12:05:05,1034.6,Delivered,36033.56,17682.25
SHP_0002646,ORD_0002646,VEH_0029,DRV_0066,2025-12-20 17:08:32,2026-07-24 15:22:21,2026-07-24 14:45:51,212.4,Delivered,12203.4,2348.89
SHP_0002647,ORD_0002647,VEH_0016,DRV_0002,2025-10-04 11:34:08,2025-11-06 22:46:35,2025-11-06 21:55:14,1457.4,Delivered,50755.08,36051.47
SHP_0002648,ORD_0002648,VEH_0031,DRV_0017,2025-12-20 03:29:47,2026-09-24 01:29:57,2026-09-24 14:09:26,2127.4,Delivered,73674.76,2659.25
SHP_0002649,ORD_0002649,VEH_0049,DRV_0028,2026-02-19 07:11:42,2026-02-17 19:22:25,2026-02-19 13:18:50,249.6,Delivered,10790.17,2760.28
SHP_0002650,ORD_0002650,VEH_0067,DRV_0092,2026-09-11 01:59:30,2026-06-20 20:20:39,2026-09-13 05:24:09,2058.4,Delivered,37498.91,35179.93
SHP_0002651,ORD_0002651,VEH_0044,DRV_0025,2026-03-08 06:25:35,2025-10-06 02:36:29,2026-03-10 03:47:29,2220.9,Delivered,77279.67,49705.86
SHP_0002652,ORD_0002652,VEH_0050,DRV_0080,2025-11-05 07:18:51,2026-01-26 14:11:33,2026-01-26 12:31:44,2186.7,Delivered,75243.15,24182.33
SHP_0002653,ORD_0002653,VEH_0068,DRV_0070,2025-12-09 20:46:55,2026-03-03 13:32:15,2026-03-03 10:54:34,232.3,Delivered,13245.44,2568.96
SHP_0002654,ORD_0002654,VEH_0041,DRV_0067,2026-07-09 15:54:27,2026-03-09 06:15:29,2026-07-11 20:03:27,2117.4,Delivered,74169.32,36188.29
SHP_0002655,ORD_0002655,VEH_0031,DRV_0058,2026-08-08 05:26:02,2025-12-27 06:45:10,2026-08-08 17:41:34,567.8,Delivered,18962.02,709.75
SHP_0002656,ORD_0002656,VEH_0036,DRV_0092,2025-10-27 23:19:02,2026-09-11 09:01:08,2026-09-11 06:23:44,2630.2,Delivered,85784.61,29086.92
SHP_0002657,ORD_0002657,VEH_0049,DRV_0083,2026-05-05 00:50:29,2026-04-05 07:38:29,2026-05-05 01:23:57,25.0,Delivered,7194.93,276.47
SHP_0002658,ORD_0002658,VEH_0062,DRV_0049,2026-01-19 10:08:27,2026-07-01 05:04:21,2026-07-01 01:45:24,661.6,Delivered,27078.1,11307.35
SHP_0002659,ORD_0002659,VEH_0054,DRV_0061,2026-02-26 11:29:43,2025-12-20 10:20:19,2026-02-27 22:09:00,1685.4,Delivered,60460.26,2106.75
SHP_0002660,ORD_0002660,VEH_0039,DRV_0027,2026-04-27 17:31:22,2026-08-23 11:55:29,2026-08-23 10:56:27,640.1,Delivered,27402.79,14326.05
SHP_0002661,ORD_0002661,VEH_0065,DRV_0078,2026-04-07 21:42:00,2026-03-09 03:23:26,2026-04-09 15:02:50,2128.2,Delivered,71019.13,2660.25
SHP_0002662,ORD_0002662,VEH_0080,DRV_0037,2026-04-28 04:16:38,2026-03-16 09:11:52,2026-04-28 07:12:33,149.4,Delivered,7010.55,1652.19
SHP_0002663,ORD_0002663,VEH_0008,DRV_0078,2026-07-09 19:27:20,2025-12-14 11:21:07,2026-07-10 07:18:30,538.5,Delivered,19279.4,5955.18
SHP_0002664,ORD_0002664,VEH_0001,DRV_0031,2026-05-26 00:16:29,2026-09-20 10:31:20,2026-09-20 08:03:59,1464.9,Delivered,51480.29,36237.0
SHP_0002665,ORD_0002665,VEH_0064,DRV_0062,2025-10-07 23:13:21,2026-02-02 04:49:55,2026-02-02 02:41:17,684.9,Delivered,22783.08,16942.26
SHP_0002666,ORD_0002666,VEH_0079,DRV_0062,2025-12-07 02:11:51,2026-05-14 03:49:11,,1057.8,Cancelled,38355.52,23674.57
SHP_0002667,ORD_0002667,VEH_0057,DRV_0095,2026-04-20 06:04:09,2026-08-16 12:04:36,2026-08-16 11:19:54,1828.2,Delivered,62121.86,20217.74
SHP_0002668,ORD_0002668,VEH_0079,DRV_0067,2025-11-25 01:06:24,2026-03-05 02:32:26,2026-03-05 08:12:46,1221.6,Delivered,46129.78,27340.57
SHP_0002669,ORD_0002669,VEH_0044,DRV_0037,2026-08-08 11:58:02,2026-04-11 19:16:09,2026-04-12 04:26:35,2624.8,Delivered,86222.78,58745.52
SHP_0002670,ORD_0002670,VEH_0002,DRV_0004,2026-09-14 00:58:58,2025-10-14 08:58:09,2026-09-15 01:47:27,1200.9,Delivered,43048.02,29706.47
SHP_0002671,ORD_0002671,VEH_0077,DRV_0022,2026-03-12 10:15:53,2026-02-04 19:41:13,2026-03-12 19:20:28,432.0,Delivered,17023.1,7383.27
SHP_0002672,ORD_0002672,VEH_0019,DRV_0060,2026-03-26 21:33:10,2025-10-07 13:09:33,2026-03-27 15:21:24,902.8,Delivered,31241.12,1128.5
SHP_0002673,ORD_0002673,VEH_0056,DRV_0079,2025-12-16 08:47:56,2026-03-25 14:47:30,2026-03-25 13:57:49,1255.0,Delivered,45731.48,1568.75
SHP_0002674,ORD_0002674,VEH_0047,DRV_0007,2026-06-17 09:23:23,2026-03-25 15:51:00,,137.6,Cancelled,10600.85,2351.71
SHP_0002675,ORD_0002675,VEH_0053,DRV_0048,2026-04-07 20:35:09,2025-12-25 00:34:15,2026-04-08 04:53:28,362.8,Delivered,18643.79,8974.53
SHP_0002676,ORD_0002676,VEH_0070,DRV_0036,2026-06-13 17:49:43,2026-09-14 23:34:59,2026-09-14 20:43:09,2030.0,Delivered,65918.68,50215.79
SHP_0002677,ORD_0002677,VEH_0015,DRV_0039,2026-05-28 15:25:38,2026-06-21 20:33:16,2026-06-21 16:37:02,146.1,Delivered,10328.49,182.62
SHP_0002678,ORD_0002678,VEH_0001,DRV_0064,2026-08-18 21:06:08,2026-08-21 08:16:04,,2383.4,Cancelled,79493.83,58957.79
SHP_0002679,ORD_0002679,VEH_0033,DRV_0100,2026-02-07 01:13:47,2026-07-31 22:52:15,2026-07-31 20:12:22,417.4,Delivered,16768.08,7133.75
SHP_0002680,ORD_0002680,VEH_0035,DRV_0054,2026-01-09 22:01:56,2025-10-11 08:28:01,2025-10-11 10:56:52,1868.9,Delivered,60846.55,46230.68
SHP_0002681,ORD_0002681,VEH_0020,DRV_0043,2026-07-27 06:12:10,2026-06-11 17:34:46,2026-06-11 21:02:24,1697.7,Delivered,59742.38,29015.24
SHP_0002682,ORD_0002682,VEH_0033,DRV_0087,2026-07-22 05:45:56,2025-12-28 13:54:07,2026-07-22 12:01:50,295.4,Delivered,16143.4,5048.65
SHP_0002683,ORD_0002683,VEH_0025,DRV_0075,2026-04-11 12:20:30,2025-11-13 22:10:20,2025-11-14 12:11:45,1898.0,Delivered,64278.88,42479.05
SHP_0002684,ORD_0002684,VEH_0045,DRV_0093,2026-02-06 06:56:29,2025-12-15 07:24:57,2026-02-08 15:31:35,2371.4,Delivered,42876.44,53074.19
SHP_0002685,ORD_0002685,VEH_0032,DRV_0078,2025-12-25 01:23:17,2026-02-25 06:33:59,2026-02-25 05:48:56,1447.2,Delivered,50409.5,16004.33
SHP_0002686,ORD_0002686,VEH_0002,DRV_0087,2026-03-20 15:04:19,2025-11-02 12:30:53,2026-03-22 11:37:54,2052.2,Delivered,69008.96,50764.95
SHP_0002687,ORD_0002687,VEH_0076,DRV_0099,2026-05-22 18:17:42,2026-05-26 15:26:21,2026-05-26 12:17:37,1454.1,Delivered,26710.49,1817.62
SHP_0002688,ORD_0002688,VEH_0060,DRV_0001,2026-06-17 17:36:06,2025-10-09 17:47:12,2026-06-19 10:43:10,2016.6,Delivered,67679.61,22301.22
SHP_0002689,ORD_0002689,VEH_0005,DRV_0063,2026-05-13 21:17:00,2026-04-18 20:17:14,2026-05-14 23:10:57,1197.7,Delivered,21962.36,1497.12
SHP_0002690,ORD_0002690,VEH_0069,DRV_0033,2025-12-20 14:03:25,2026-08-05 12:34:38,2026-08-05 09:55:43,429.6,Delivered,21103.8,537.0
SHP_0002691,ORD_0002691,VEH_0011,DRV_0070,2026-04-04 06:34:15,2026-06-03 04:20:58,2026-06-03 03:50:53,252.9,Delivered,4652.89,6255.95
SHP_0002692,ORD_0002692,VEH_0033,DRV_0017,2026-06-09 19:51:51,2026-07-24 00:31:48,2026-07-24 12:34:02,296.5,Delivered,14067.35,5067.45
SHP_0002693,ORD_0002693,VEH_0018,DRV_0090,2026-02-12 08:49:10,2026-01-18 17:35:13,2026-02-13 19:37:13,1805.9,Delivered,62088.62,40417.76
SHP_0002694,ORD_0002694,VEH_0006,DRV_0008,2025-12-25 16:45:44,2026-06-13 05:14:34,2026-06-13 04:29:58,689.6,Delivered,28561.04,15433.9
SHP_0002695,ORD_0002695,VEH_0013,DRV_0051,2026-01-23 23:58:15,2026-07-01 04:01:04,2026-07-01 00:32:18,1637.3,Delivered,29655.84,27982.95
SHP_0002696,ORD_0002696,VEH_0031,DRV_0063,2026-03-02 14:26:39,2026-01-08 05:23:01,2026-03-04 02:19:14,1639.2,Delivered,29870.28,2049.0
SHP_0002697,ORD_0002697,VEH_0069,DRV_0093,2025-10-10 13:33:57,2025-11-19 13:32:15,2025-11-19 16:36:20,430.8,Delivered,19833.57,538.5
SHP_0002698,ORD_0002698,VEH_0076,DRV_0003,2026-06-02 09:13:17,2026-01-16 05:45:21,2026-06-02 13:40:21,224.5,Delivered,9668.83,280.62
SHP_0002699,ORD_0002699,VEH_0075,DRV_0098,2026-05-23 00:34:14,2026-02-04 08:32:30,,1598.0,Cancelled,56898.28,39529.47
SHP_0002700,ORD_0002700,VEH_0006,DRV_0069,2026-08-27 23:58:53,2025-12-25 08:01:51,2026-08-28 05:49:54,300.1,Delivered,13654.09,6716.52
SHP_0002701,ORD_0002701,VEH_0060,DRV_0045,2025-10-13 06:18:48,2026-01-12 16:48:04,2026-01-12 15:35:35,704.1,Delivered,26005.38,7786.52
SHP_0002702,ORD_0002702,VEH_0026,DRV_0007,2025-11-23 21:16:47,2026-08-12 21:12:06,2026-08-12 18:55:38,1899.4,Delivered,62364.31,42510.38
SHP_0002703,ORD_0002703,VEH_0071,DRV_0082,2025-10-21 08:46:23,2026-03-01 16:36:01,2026-03-02 08:46:09,1255.0,Delivered,44242.0,13878.82
SHP_0002704,ORD_0002704,VEH_0060,DRV_0062,2026-06-30 08:45:50,2025-11-03 18:55:41,2025-11-04 03:46:27,1697.0,Delivered,56575.48,18766.82
SHP_0002705,ORD_0002705,VEH_0030,DRV_0048,2026-09-04 09:11:01,2025-10-02 11:21:42,2026-09-04 21:43:16,636.9,Delivered,26764.0,14254.43
SHP_0002706,ORD_0002706,VEH_0054,DRV_0095,2026-04-26 05:24:48,2026-03-29 11:15:28,2026-03-29 20:33:24,2352.5,Delivered,82300.15,2940.62
SHP_0002707,ORD_0002707,VEH_0049,DRV_0069,2025-12-11 21:20:54,2026-03-20 02:58:44,2026-03-20 00:02:50,2500.0,Delivered,82190.78,27647.06
SHP_0002708,ORD_0002708,VEH_0032,DRV_0085,2025-10-13 22:51:28,2026-06-23 16:43:13,2026-06-23 15:52:15,1352.9,Delivered,50046.93,14961.48
SHP_0002709,ORD_0002709,VEH_0013,DRV_0080,2026-08-05 21:44:32,2026-09-10 14:18:11,2026-09-10 11:28:01,1721.5,Delivered,60180.61,29422.0
SHP_0002710,ORD_0002710,VEH_0047,DRV_0082,2026-07-06 13:05:37,2025-12-28 15:25:38,2026-07-06 16:59:48,170.5,Delivered,6590.65,2914.0
SHP_0002711,ORD_0002711,VEH_0075,DRV_0088,2026-03-02 15:29:09,2026-09-02 11:20:21,2026-09-02 10:46:43,1697.9,Delivered,56519.01,42000.68
SHP_0002712,ORD_0002712,VEH_0004,DRV_0074,2025-10-21 13:21:42,2026-07-26 22:41:14,2026-07-26 21:53:37,647.6,Delivered,23789.69,11068.07
SHP_0002713,ORD_0002713,VEH_0064,DRV_0057,2026-04-23 14:28:37,2025-12-19 13:44:37,2026-04-23 20:18:33,273.0,Delivered,11151.01,6753.16
SHP_0002714,ORD_0002714,VEH_0038,DRV_0031,2026-02-28 05:35:04,2025-11-29 03:19:39,2026-03-01 10:12:42,1386.0,Delivered,47536.75,1732.5
SHP_0002715,ORD_0002715,VEH_0075,DRV_0043,2025-10-10 02:08:51,2025-12-19 23:51:43,2025-12-19 21:24:05,305.6,Delivered,13699.32,7559.58
SHP_0002716,ORD_0002716,VEH_0044,DRV_0067,2026-04-03 20:37:13,2026-02-01 21:30:00,2026-04-04 21:02:25,1131.0,Delivered,37243.5,25312.86
SHP_0002717,ORD_0002717,VEH_0055,DRV_0044,2026-09-02 12:53:24,2026-03-08 00:55:34,2026-09-02 15:28:19,103.5,Delivered,7984.71,2560.26
SHP_0002718,ORD_0002718,VEH_0032,DRV_0048,2025-10-26 14:37:43,2026-04-21 16:09:26,2026-04-21 13:43:14,1991.1,Delivered,68161.82,22019.22
SHP_0002719,ORD_0002719,VEH_0043,DRV_0091,2026-02-15 09:43:04,2026-03-30 03:45:53,2026-03-30 12:07:42,2382.1,Delivered,80920.44,2977.62
SHP_0002720,ORD_0002720,VEH_0026,DRV_0045,2026-03-18 23:21:43,2026-01-27 07:52:41,2026-03-19 21:08:08,1013.5,Delivered,33775.46,22683.1
SHP_0002721,ORD_0002721,VEH_0047,DRV_0032,2025-11-15 19:42:54,2026-02-21 05:03:21,2026-02-21 02:06:18,1030.7,Delivered,37041.9,17615.6
SHP_0002722,ORD_0002722,VEH_0060,DRV_0029,2025-11-12 04:06:05,2025-11-11 20:22:36,2025-11-12 11:08:25,289.9,Delivered,13618.31,3205.95
SHP_0002723,ORD_0002723,VEH_0013,DRV_0018,2026-01-18 03:44:59,2026-04-18 05:18:15,2026-04-18 21:26:02,2460.0,Delivered,82619.77,42043.64
SHP_0002724,ORD_0002724,VEH_0037,DRV_0035,2025-10-02 11:48:30,2026-02-28 22:54:54,2026-02-28 21:31:54,901.9,Delivered,35114.81,20185.38
SHP_0002725,ORD_0002725,VEH_0006,DRV_0052,2026-05-19 19:58:56,2026-06-15 18:15:55,2026-06-16 05:57:27,1136.9,Delivered,42056.67,25444.9
SHP_0002726,ORD_0002726,VEH_0072,DRV_0058,2026-02-02 20:09:46,2026-01-25 22:19:33,2026-02-03 09:33:40,647.6,Delivered,23880.81,7161.69
SHP_0002727,ORD_0002727,VEH_0016,DRV_0068,2025-10-03 22:43:01,2026-02-04 20:19:40,2026-02-04 19:48:13,1035.7,Delivered,18745.91,25619.95
SHP_0002728,ORD_0002728,VEH_0020,DRV_0007,2026-07-13 16:43:04,2025-12-17 18:26:23,2026-07-14 01:04:55,350.0,Delivered,17689.9,5981.82
SHP_0002729,ORD_0002729,VEH_0051,DRV_0022,2025-12-19 08:10:02,2025-10-26 06:17:22,2025-12-20 04:15:55,906.2,Delivered,36045.12,15487.78
SHP_0002730,ORD_0002730,VEH_0077,DRV_0040,2026-03-26 05:46:55,2026-05-10 21:58:45,2026-05-10 19:09:41,2192.6,Delivered,76874.27,37473.53
SHP_0002731,ORD_0002731,VEH_0070,DRV_0063,2026-03-01 09:34:38,2026-04-28 21:43:32,2026-04-28 20:05:32,357.0,Delivered,16701.06,8831.05
SHP_0002732,ORD_0002732,VEH_0020,DRV_0066,2026-02-18 20:04:01,2026-05-27 07:44:48,2026-05-27 04:57:18,25.0,Delivered,2600.48,427.27
SHP_0002733,ORD_0002733,VEH_0020,DRV_0076,2026-05-04 07:28:21,2025-11-09 12:06:35,2026-05-05 19:51:58,1491.4,Delivered,50352.83,25489.38
SHP_0002734,ORD_0002734,VEH_0024,DRV_0060,2026-02-05 01:03:17,2026-09-01 04:36:25,2026-09-01 01:57:14,1958.6,Delivered,66186.91,33474.25
SHP_0002735,ORD_0002735,VEH_0021,DRV_0066,2026-05-07 03:27:56,2026-01-18 19:19:37,,1475.8,Cancelled,53298.12,1844.75
SHP_0002736,ORD_0002736,VEH_0067,DRV_0051,2026-05-12 13:09:20,2026-04-29 00:34:15,2026-05-13 18:04:27,1250.6,Delivered,46332.17,21373.89
SHP_0002737,ORD_0002737,VEH_0064,DRV_0037,2026-02-15 20:28:38,2025-12-13 12:42:58,2026-02-17 13:41:45,2058.4,Delivered,70834.84,50918.32
SHP_0002738,ORD_0002738,VEH_0054,DRV_0065,2026-08-14 20:46:40,2026-06-26 05:39:35,2026-08-15 04:36:43,398.7,Delivered,15339.19,498.38
SHP_0002739,ORD_0002739,VEH_0024,DRV_0038,2026-07-30 20:08:38,2025-10-08 17:10:25,2026-07-31 18:14:52,974.2,Delivered,32011.22,16649.96
SHP_0002740,ORD_0002740,VEH_0040,DRV_0089,2026-03-02 09:39:02,2025-10-05 20:20:40,2026-03-03 19:01:36,1700.0,Delivered,59595.57,42052.63
SHP_0002741,ORD_0002741,VEH_0069,DRV_0028,2026-03-27 15:03:14,2026-04-09 01:09:47,2026-04-09 11:31:01,2051.9,Delivered,69295.33,2564.88
SHP_0002742,ORD_0002742,VEH_0011,DRV_0065,2026-01-05 17:13:38,2026-09-01 12:27:42,2026-09-01 09:14:59,1373.8,Delivered,50183.54,33983.47
SHP_0002743,ORD_0002743,VEH_0056,DRV_0072,2026-02-11 11:21:55,2025-12-04 16:24:03,2026-02-13 14:00:16,2217.6,Delivered,74540.26,2772.0
SHP_0002744,ORD_0002744,VEH_0070,DRV_0047,2026-04-16 08:01:58,2026-02-12 14:51:13,2026-04-17 11:03:01,1197.4,Delivered,39360.25,29619.89
SHP_0002745,ORD_0002745,VEH_0044,DRV_0046,2025-11-13 01:06:47,2026-04-24 14:42:00,2026-04-24 13:00:29,25.0,Delivered,4627.6,559.52
SHP_0002746,ORD_0002746,VEH_0016,DRV_0089,2026-04-16 08:11:51,2026-03-23 11:49:33,2026-04-16 11:26:42,143.5,Delivered,9358.85,3549.74
SHP_0002747,ORD_0002747,VEH_0051,DRV_0083,2025-11-10 19:54:47,2026-07-27 09:33:48,2026-07-27 07:31:13,582.5,Delivered,21153.47,9955.45
SHP_0002748,ORD_0002748,VEH_0020,DRV_0037,2025-11-09 18:30:17,2026-06-01 02:48:21,2026-06-01 00:41:42,2150.5,Delivered,73128.77,36754.0
SHP_0002749,ORD_0002749,VEH_0049,DRV_0007,2026-03-21 05:53:39,2025-11-07 03:21:50,2026-03-22 21:46:29,1598.0,Delivered,56338.5,17672.0
SHP_0002750,ORD_0002750,VEH_0078,DRV_0027,2026-03-11 05:16:27,2026-02-08 21:15:07,2026-03-12 14:05:39,1485.5,Delivered,49213.46,1856.88
SHP_0002751,ORD_0002751,VEH_0059,DRV_0050,2025-11-04 22:35:06,2026-05-16 19:27:06,2026-05-16 17:07:10,25.0,Delivered,5540.0,276.47
SHP_0002752,ORD_0002752,VEH_0005,DRV_0082,2025-10-26 22:30:28,2025-12-16 03:54:57,2025-12-16 02:44:16,1250.6,Delivered,41240.93,1563.25
SHP_0002753,ORD_0002753,VEH_0044,DRV_0080,2026-06-01 16:57:51,2025-10-10 21:19:16,,627.2,Cancelled,11758.29,14037.33
SHP_0002754,ORD_0002754,VEH_0067,DRV_0031,2026-03-11 04:58:27,2026-05-13 06:50:11,2026-05-13 03:36:07,25.0,Delivered,5603.96,427.27
SHP_0002755,ORD_0002755,VEH_0023,DRV_0026,2026-07-16 11:32:56,2026-02-16 02:38:24,,2203.2,Cancelled,72274.26,2754.0
SHP_0002756,ORD_0002756,VEH_0060,DRV_0035,2025-10-30 21:41:05,2025-10-24 10:11:22,2025-11-01 20:22:48,1969.3,Delivered,69293.3,21778.14
SHP_0002757,ORD_0002757,VEH_0017,DRV_0068,2025-12-19 14:24:03,2026-04-20 10:59:44,2026-04-20 18:46:16,1598.8,Delivered,29191.56,35782.67
SHP_0002758,ORD_0002758,VEH_0049,DRV_0027,2025-10-01 12:23:15,2025-12-31 13:13:08,2025-12-31 11:44:49,1190.0,Delivered,43178.89,13160.0
SHP_0002759,ORD_0002759,VEH_0012,DRV_0035,2025-12-06 04:50:11,2025-12-12 00:52:21,2025-12-11 23:34:31,1997.4,Delivered,36239.06,22088.89
SHP_0002760,ORD_0002760,VEH_0069,DRV_0047,2026-01-10 22:30:59,2025-11-22 01:51:30,2025-11-22 17:56:17,774.8,Delivered,27539.42,968.5
SHP_0002761,ORD_0002761,VEH_0031,DRV_0006,2026-09-12 00:53:32,2026-02-11 01:46:54,2026-09-13 19:57:58,1966.2,Delivered,64844.16,2457.75
SHP_0002762,ORD_0002762,VEH_0007,DRV_0065,2026-02-19 00:42:05,2025-10-06 01:11:21,2026-02-20 18:39:32,2008.6,Delivered,65291.82,34328.8
SHP_0002763,ORD_0002763,VEH_0072,DRV_0034,2026-05-17 22:54:57,2025-12-28 14:10:35,2026-05-19 21:01:36,2370.1,Delivered,79663.07,26210.52
SHP_0002764,ORD_0002764,VEH_0068,DRV_0001,2026-07-04 00:55:39,2026-05-15 21:55:16,,1049.1,Cancelled,36269.91,11601.81
SHP_0002765,ORD_0002765,VEH_0014,DRV_0059,2026-01-06 14:27:33,2026-03-09 11:39:47,2026-03-09 19:58:02,1100.1,Delivered,19880.07,24621.29
SHP_0002766,ORD_0002766,VEH_0064,DRV_0096,2026-02-03 05:51:42,2026-05-21 21:49:08,2026-05-22 02:39:04,1247.5,Delivered,44762.51,30859.21
SHP_0002767,ORD_0002767,VEH_0061,DRV_0013,2026-09-02 15:27:20,2026-01-04 10:21:05,2026-09-03 03:14:21,527.8,Delivered,21197.03,13056.11
SHP_0002768,ORD_0002768,VEH_0071,DRV_0051,2025-11-26 18:46:37,2026-07-26 07:58:23,2026-07-26 06:42:57,2197.4,Delivered,77682.19,24300.66
SHP_0002769,ORD_0002769,VEH_0018,DRV_0019,2025-11-20 19:51:03,2026-08-31 05:18:55,2026-08-31 04:13:02,1819.7,Delivered,63599.54,40726.62
SHP_0002770,ORD_0002770,VEH_0022,DRV_0070,2025-12-13 19:42:35,2025-12-30 23:25:47,2025-12-30 20:36:42,532.0,Delivered,9783.14,9092.36
SHP_0002771,ORD_0002771,VEH_0015,DRV_0082,2025-12-29 05:23:31,2026-05-18 11:21:55,2026-05-18 10:13:19,1943.2,Delivered,63934.72,2429.0
SHP_0002772,ORD_0002772,VEH_0059,DRV_0059,2026-09-15 03:11:10,2026-04-24 02:21:45,2026-09-16 20:30:46,2017.7,Delivered,66712.62,22313.39
SHP_0002773,ORD_0002773,VEH_0017,DRV_0063,2026-01-04 08:01:58,2026-05-05 09:53:02,2026-05-05 06:51:33,526.2,Delivered,9877.59,11776.86
SHP_0002774,ORD_0002774,VEH_0038,DRV_0042,2026-07-30 23:42:55,2026-08-24 18:01:00,2026-08-24 15:30:51,1159.1,Delivered,44085.31,1448.87
SHP_0002775,ORD_0002775,VEH_0077,DRV_0021,2026-04-13 20:07:30,2025-12-17 13:59:30,2026-04-13 20:38:11,25.0,Delivered,2259.26,427.27
SHP_0002776,ORD_0002776,VEH_0004,DRV_0050,2025-12-08 06:55:59,2026-04-22 09:51:47,2026-04-22 06:39:47,25.0,Delivered,7758.72,427.27
SHP_0002777,ORD_0002777,VEH_0021,DRV_0024,2026-01-16 16:26:33,2026-09-24 09:51:12,2026-09-24 06:30:54,1870.3,Delivered,65006.33,2337.88
SHP_0002778,ORD_0002778,VEH_0005,DRV_0036,2025-12-27 18:38:29,2025-10-14 06:59:00,2025-12-29 05:11:59,1724.1,Delivered,59487.09,2155.12
SHP_0002779,ORD_0002779,VEH_0027,DRV_0092,2026-08-14 19:38:44,2026-04-01 03:34:58,2026-08-17 00:50:05,2352.5,Delivered,77847.02,58193.42
SHP_0002780,ORD_0002780,VEH_0072,DRV_0062,2025-10-13 06:18:30,2026-07-13 18:29:16,2026-07-13 16:12:26,1953.6,Delivered,64334.79,21604.52
SHP_0002781,ORD_0002781,VEH_0072,DRV_0056,2026-04-05 23:19:43,2025-11-22 20:37:40,2026-04-07 01:06:27,1260.4,Delivered,22795.23,13938.54
SHP_0002782,ORD_0002782,VEH_0049,DRV_0047,2025-11-07 17:45:38,2026-01-22 21:24:10,2026-01-22 19:34:10,1729.3,Delivered,60912.03,19124.02
SHP_0002783,ORD_0002783,VEH_0034,DRV_0081,2026-02-06 23:59:05,2026-03-29 06:15:09,2026-03-29 18:46:25,1472.8,Delivered,52727.46,16287.44
SHP_0002784,ORD_0002784,VEH_0073,DRV_0034,2026-03-22 21:30:15,2025-12-11 01:54:23,2026-03-24 05:26:37,1652.6,Delivered,57832.07,28244.44
SHP_0002785,ORD_0002785,VEH_0020,DRV_0004,2026-07-25 02:21:39,2026-01-08 04:16:18,2026-07-26 04:20:34,1295.4,Delivered,43622.9,22139.56
SHP_0002786,ORD_0002786,VEH_0062,DRV_0010,2026-06-16 06:44:19,2026-06-06 08:07:26,2026-06-16 18:49:55,627.2,Delivered,11732.35,10719.42
SHP_0002787,ORD_0002787,VEH_0047,DRV_0031,2026-06-10 10:09:19,2026-05-27 14:17:15,2026-06-10 23:31:36,643.3,Delivered,24588.23,10994.58
SHP_0002788,ORD_0002788,VEH_0049,DRV_0038,2026-03-19 20:00:31,2025-12-04 06:12:46,2026-03-19 23:27:43,170.1,Delivered,8776.49,1881.11
SHP_0002789,ORD_0002789,VEH_0018,DRV_0038,2025-10-16 06:20:58,2026-03-31 15:32:15,2026-03-31 13:12:16,699.0,Delivered,13179.75,15644.29
SHP_0002790,ORD_0002790,VEH_0004,DRV_0036,2026-04-06 01:12:05,2026-05-25 04:08:55,2026-05-25 06:33:01,223.5,Delivered,12694.47,3819.82
SHP_0002791,ORD_0002791,VEH_0077,DRV_0027,2026-05-10 01:25:51,2026-07-01 11:00:55,2026-07-01 09:30:12,483.8,Delivered,17684.5,8268.58
SHP_0002792,ORD_0002792,VEH_0002,DRV_0028,2025-12-20 01:34:37,2025-11-22 13:19:13,2025-12-20 10:54:08,424.3,Delivered,15638.51,10495.84
SHP_0002793,ORD_0002793,VEH_0030,DRV_0045,2026-06-09 06:14:11,2026-03-02 06:51:14,2026-06-09 14:11:16,391.6,Delivered,18605.71,8764.38
SHP_0002794,ORD_0002794,VEH_0014,DRV_0043,2026-02-10 19:35:09,2026-07-09 23:28:51,2026-07-10 12:41:07,1044.1,Delivered,34584.35,23367.95
SHP_0002795,ORD_0002795,VEH_0042,DRV_0002,2025-11-13 04:58:46,2026-08-27 18:14:11,2026-08-27 14:40:48,545.9,Delivered,18917.27,12217.76
SHP_0002796,ORD_0002796,VEH_0042,DRV_0094,2025-10-29 13:50:08,2025-12-25 10:16:35,2025-12-25 08:42:18,129.5,Delivered,7889.98,2898.33
SHP_0002797,ORD_0002797,VEH_0017,DRV_0041,2025-10-14 04:08:53,2025-12-10 07:57:43,2025-12-10 06:38:25,25.0,Delivered,6194.91,559.52
SHP_0002798,ORD_0002798,VEH_0035,DRV_0099,2026-07-31 10:41:54,2025-10-08 06:26:17,2026-08-01 18:29:07,1493.6,Delivered,52109.66,36946.95
SHP_0002799,ORD_0002799,VEH_0024,DRV_0067,2026-08-04 01:47:40,2026-08-22 13:53:10,2026-08-22 12:18:55,904.7,Delivered,29782.54,15462.15
SHP_0002800,ORD_0002800,VEH_0020,DRV_0052,2026-06-04 16:57:39,2026-05-20 09:45:41,2026-06-06 09:17:17,1737.4,Delivered,58268.3,29693.75
SHP_0002801,ORD_0002801,VEH_0022,DRV_0073,2025-10-25 01:23:57,2026-06-02 23:24:36,2026-06-03 15:23:48,1577.0,Delivered,52554.62,26952.36
SHP_0002802,ORD_0002802,VEH_0002,DRV_0064,2026-06-15 06:08:07,2025-10-09 08:19:26,2026-06-15 11:46:12,258.7,Delivered,12154.76,6399.42
SHP_0002803,ORD_0002803,VEH_0046,DRV_0059,2026-09-10 00:07:21,2026-05-27 08:04:20,2026-05-27 12:32:49,1046.9,Delivered,38711.34,11577.48
SHP_0002804,ORD_0002804,VEH_0042,DRV_0094,2026-08-17 14:09:32,2025-11-02 19:51:28,,108.6,Cancelled,2575.14,2430.57
SHP_0002805,ORD_0002805,VEH_0012,DRV_0003,2026-03-12 06:35:04,2026-08-26 10:28:17,,1990.0,Cancelled,70551.96,22007.06
SHP_0002806,ORD_0002806,VEH_0053,DRV_0003,2026-04-04 05:44:30,2026-06-04 06:23:28,2026-06-04 02:46:59,2224.8,Delivered,76231.65,55034.53
SHP_0002807,ORD_0002807,VEH_0044,DRV_0046,2026-06-07 07:32:22,2026-05-23 09:36:06,,2624.4,Cancelled,89248.26,58736.57
SHP_0002808,ORD_0002808,VEH_0047,DRV_0007,2025-12-24 11:29:22,2025-10-18 14:56:51,2025-12-26 02:53:03,2011.4,Delivered,36608.09,34376.65
SHP_0002809,ORD_0002809,VEH_0034,DRV_0028,2026-07-18 13:06:22,2026-09-13 18:03:04,2026-09-13 16:15:00,25.0,Delivered,5189.03,276.47
SHP_0002810,ORD_0002810,VEH_0015,DRV_0095,2025-11-05 14:37:37,2026-06-07 17:07:14,2026-06-07 13:33:00,2471.3,Delivered,82384.92,3089.13
SHP_0002811,ORD_0002811,VEH_0012,DRV_0016,2026-03-24 12:17:54,2026-04-24 13:40:40,2026-04-24 12:00:46,1204.4,Delivered,45632.1,13319.25
SHP_0002812,ORD_0002812,VEH_0046,DRV_0083,2025-12-17 02:47:36,2026-08-05 13:20:47,2026-08-05 09:43:14,25.0,Delivered,5613.73,276.47
SHP_0002813,ORD_0002813,VEH_0072,DRV_0055,2026-05-15 05:56:25,2026-07-08 01:39:58,2026-07-07 23:46:53,342.0,Delivered,17748.22,3782.12
SHP_0002814,ORD_0002814,VEH_0026,DRV_0077,2026-06-14 15:52:35,2026-07-28 18:07:56,2026-07-28 15:49:07,354.9,Delivered,13221.56,7943.0
SHP_0002815,ORD_0002815,VEH_0019,DRV_0001,2025-11-04 07:28:37,2026-05-02 18:56:42,2026-05-02 17:32:42,264.0,Delivered,12143.86,330.0
SHP_0002816,ORD_0002816,VEH_0052,DRV_0052,2026-04-20 17:50:11,2026-05-21 18:17:35,2026-05-22 10:18:50,152.9,Delivered,8562.33,3782.26
SHP_0002817,ORD_0002817,VEH_0019,DRV_0017,2026-09-12 03:41:18,2025-10-23 11:45:37,2026-09-14 08:49:35,2625.5,Delivered,89052.45,3281.88
SHP_0002818,ORD_0002818,VEH_0024,DRV_0067,2025-10-15 08:53:15,2026-03-19 17:47:46,2026-03-19 15:51:11,538.6,Delivered,23172.89,9205.16
SHP_0002819,ORD_0002819,VEH_0074,DRV_0028,2026-04-15 17:54:45,2025-11-27 09:10:37,2026-04-17 19:01:57,2381.7,Delivered,79089.19,58915.74
SHP_0002820,ORD_0002820,VEH_0039,DRV_0039,2026-01-22 21:49:53,2026-09-07 12:18:49,2026-09-07 08:50:54,337.1,Delivered,12539.1,7544.62
SHP_0002821,ORD_0002821,VEH_0029,DRV_0100,2026-08-25 05:08:15,2026-09-20 04:19:15,2026-09-20 02:16:15,1724.1,Delivered,59825.94,19066.52
SHP_0002822,ORD_0002822,VEH_0063,DRV_0069,2025-10-05 20:41:51,2026-04-25 21:08:25,2026-04-25 17:40:34,1077.7,Delivered,38780.87,24119.95
SHP_0002823,ORD_0002823,VEH_0001,DRV_0067,2025-11-13 01:12:45,2026-06-17 01:30:13,2026-06-17 00:41:37,1655.7,Delivered,60181.49,40956.79
SHP_0002824,ORD_0002824,VEH_0071,DRV_0017,2025-11-20 01:08:12,2026-04-15 21:40:51,2026-04-15 18:19:04,408.2,Delivered,18355.88,4514.21
SHP_0002825,ORD_0002825,VEH_0052,DRV_0025,2025-10-07 15:35:32,2026-09-25 01:45:13,2026-09-24 22:38:27,1697.2,Delivered,59006.57,41983.37
SHP_0002826,ORD_0002826,VEH_0052,DRV_0043,2026-03-01 18:37:08,2026-07-25 06:36:29,,2215.9,Cancelled,75463.67,54814.37
SHP_0002827,ORD_0002827,VEH_0014,DRV_0080,2025-10-09 07:07:16,2026-07-05 09:06:29,2026-07-05 06:45:50,1965.5,Delivered,69912.91,43989.76
SHP_0002828,ORD_0002828,VEH_0041,DRV_0010,2025-12-27 10:27:51,2025-10-12 13:26:34,2025-12-28 11:14:51,1009.8,Delivered,37094.25,17258.4
SHP_0002829,ORD_0002829,VEH_0040,DRV_0019,2026-05-06 07:18:50,2026-02-16 10:02:34,2026-02-17 00:47:19,1959.2,Delivered,68535.61,48464.42
SHP_0002830,ORD_0002830,VEH_0058,DRV_0058,2026-07-03 21:56:47,2025-10-19 12:13:04,2026-07-04 11:36:15,643.8,Delivered,12037.99,14408.86
SHP_0002831,ORD_0002831,VEH_0058,DRV_0027,2026-02-26 18:16:25,2026-02-04 22:27:19,2026-02-28 06:55:29,1865.3,Delivered,66385.39,41747.19
SHP_0002832,ORD_0002832,VEH_0054,DRV_0091,2026-07-12 23:28:00,2026-01-21 02:11:37,2026-07-14 08:34:55,1466.2,Delivered,53151.22,1832.75
SHP_0002833,ORD_0002833,VEH_0047,DRV_0096,2026-03-22 00:43:43,2026-07-03 09:46:55,2026-07-03 06:36:47,2186.7,Delivered,72541.54,37372.69
SHP_0002834,ORD_0002834,VEH_0076,DRV_0020,2026-01-27 18:54:39,2025-10-14 11:11:38,2026-01-28 03:51:15,429.6,Delivered,18214.41,537.0
SHP_0002835,ORD_0002835,VEH_0062,DRV_0049,2026-05-31 18:58:47,2026-05-24 18:01:22,2026-05-24 23:13:32,2048.9,Delivered,69468.39,35017.56
SHP_0002836,ORD_0002836,VEH_0054,DRV_0046,2026-07-30 12:49:42,2026-02-14 08:28:13,2026-07-31 10:24:17,913.1,Delivered,35805.11,1141.38
SHP_0002837,ORD_0002837,VEH_0002,DRV_0030,2026-02-21 09:53:56,2025-12-28 23:08:30,2026-02-23 17:23:32,2470.4,Delivered,80395.85,61109.89
SHP_0002838,ORD_0002838,VEH_0007,DRV_0075,2026-01-24 14:30:55,2026-05-27 22:07:01,2026-05-28 03:51:29,2615.5,Delivered,86692.62,44701.27
SHP_0002839,ORD_0002839,VEH_0060,DRV_0050,2026-07-02 17:03:21,2026-04-15 04:45:45,2026-07-02 21:41:47,224.5,Delivered,14522.33,2482.71
SHP_0002840,ORD_0002840,VEH_0067,DRV_0030,2026-09-03 19:49:32,2026-09-01 02:37:14,2026-09-04 05:20:43,442.5,Delivered,15263.15,7562.73
SHP_0002841,ORD_0002841,VEH_0036,DRV_0008,2026-05-01 23:02:31,2026-08-17 19:20:36,2026-08-17 16:09:02,640.1,Delivered,25860.1,7078.75
SHP_0002842,ORD_0002842,VEH_0080,DRV_0006,2026-06-01 13:56:03,2026-01-27 18:35:53,2026-06-02 14:29:36,1134.3,Delivered,41728.51,12544.02
SHP_0002843,ORD_0002843,VEH_0069,DRV_0011,2026-02-14 00:35:34,2025-12-11 08:48:44,2026-02-16 03:14:01,2212.4,Delivered,71576.49,2765.5
SHP_0002844,ORD_0002844,VEH_0038,DRV_0003,2026-07-15 22:58:46,2026-07-17 12:02:49,2026-07-17 08:22:36,272.9,Delivered,5558.46,341.12
SHP_0002845,ORD_0002845,VEH_0070,DRV_0067,2026-01-29 10:41:32,2026-03-07 08:14:42,2026-03-07 06:14:04,1462.4,Delivered,49980.01,36175.16
SHP_0002846,ORD_0002846,VEH_0052,DRV_0084,2026-06-02 03:40:06,2026-07-16 02:09:12,2026-07-16 00:10:15,398.0,Delivered,17008.53,9845.26
SHP_0002847,ORD_0002847,VEH_0059,DRV_0069,2026-05-10 09:38:05,2025-11-13 00:58:52,2026-05-11 23:47:40,1729.3,Delivered,59230.14,19124.02
SHP_0002848,ORD_0002848,VEH_0044,DRV_0035,2025-10-27 22:58:50,2025-10-23 17:19:30,2025-10-29 10:43:05,1440.6,Delivered,48293.68,32242.0
SHP_0002849,ORD_0002849,VEH_0011,DRV_0057,2025-10-26 09:53:24,2026-02-13 00:28:09,2026-02-12 23:57:44,617.1,Delivered,21105.15,15265.11
SHP_0002850,ORD_0002850,VEH_0039,DRV_0041,2026-09-03 18:49:23,2026-03-28 22:39:22,2026-09-03 21:50:12,136.0,Delivered,5835.05,3043.81
SHP_0002851,ORD_0002851,VEH_0012,DRV_0005,2026-06-27 08:42:17,2026-02-03 03:44:34,2026-06-27 12:04:01,169.0,Delivered,7246.48,1868.94
SHP_0002852,ORD_0002852,VEH_0058,DRV_0061,2026-02-16 18:55:19,2026-07-27 07:17:57,2026-07-27 22:04:37,398.7,Delivered,17773.33,8923.29
SHP_0002853,ORD_0002853,VEH_0040,DRV_0048,2026-09-14 20:37:59,2026-06-15 02:37:50,2026-09-15 19:18:05,1007.3,Delivered,18442.62,24917.42
SHP_0002854,ORD_0002854,VEH_0040,DRV_0093,2026-03-18 02:38:53,2026-04-19 18:32:51,2026-04-19 14:58:49,1133.1,Delivered,39537.99,28029.32
SHP_0002855,ORD_0002855,VEH_0003,DRV_0036,2026-05-07 22:44:30,2025-12-17 12:16:14,2026-05-09 11:28:00,1814.5,Delivered,63774.9,40610.24
SHP_0002856,ORD_0002856,VEH_0007,DRV_0056,2025-12-22 06:42:05,2026-07-24 14:04:40,2026-07-24 10:25:44,1371.7,Delivered,47247.8,23443.6
SHP_0002857,ORD_0002857,VEH_0079,DRV_0065,2025-10-07 21:39:13,2026-07-16 05:22:05,2026-07-16 01:27:59,25.0,Delivered,1160.72,559.52
SHP_0002858,ORD_0002858,VEH_0055,DRV_0011,2026-02-20 11:35:11,2026-02-22 00:21:53,2026-02-21 23:39:06,633.4,Delivered,25351.52,15668.32
SHP_0002859,ORD_0002859,VEH_0035,DRV_0054,2025-10-03 03:10:11,2025-10-15 09:55:06,2025-10-15 22:58:50,1193.1,Delivered,44591.58,29513.53
SHP_0002860,ORD_0002860,VEH_0045,DRV_0035,2025-12-11 21:37:49,2026-09-24 07:11:43,2026-09-24 04:06:30,263.7,Delivered,10405.55,5901.86
SHP_0002861,ORD_0002861,VEH_0007,DRV_0078,2026-05-20 09:06:11,2026-05-16 06:33:52,2026-05-21 13:33:40,1371.7,Delivered,51160.04,23443.6
SHP_0002862,ORD_0002862,VEH_0027,DRV_0051,2026-02-20 20:17:37,2026-02-02 16:46:33,,2000.6,Cancelled,70326.62,49488.53
SHP_0002863,ORD_0002863,VEH_0003,DRV_0080,2026-08-16 19:33:28,2026-03-13 20:21:11,2026-08-17 04:41:26,366.8,Delivered,14292.04,8209.33
SHP_0002864,ORD_0002864,VEH_0026,DRV_0043,2026-05-15 06:39:06,2026-01-14 20:59:58,2026-05-17 09:53:16,2352.5,Delivered,42370.36,52651.19
SHP_0002865,ORD_0002865,VEH_0072,DRV_0083,2026-01-28 12:34:57,2025-12-10 12:03:18,2026-01-28 20:09:38,334.4,Delivered,11999.2,3698.07
SHP_0002866,ORD_0002866,VEH_0052,DRV_0073,2026-02-03 02:27:48,2026-04-15 09:03:36,2026-04-15 07:34:13,2500.0,Delivered,85258.29,61842.11
SHP_0002867,ORD_0002867,VEH_0026,DRV_0073,2025-10-31 23:32:37,2026-09-16 02:48:05,2026-09-16 12:46:03,2149.1,Delivered,70942.38,48098.9
SHP_0002868,ORD_0002868,VEH_0043,DRV_0087,2026-06-21 02:22:05,2026-08-15 12:48:15,,1807.1,Cancelled,62511.85,2258.88
SHP_0002869,ORD_0002869,VEH_0066,DRV_0087,2025-11-25 20:22:29,2026-09-07 14:21:30,2026-09-07 13:21:29,1049.1,Delivered,38118.18,11601.81
SHP_0002870,ORD_0002870,VEH_0058,DRV_0061,2026-04-30 02:35:54,2026-02-06 15:48:56,2026-02-06 18:10:09,1197.7,Delivered,44468.65,26805.67
SHP_0002871,ORD_0002871,VEH_0010,DRV_0025,2026-03-27 03:57:30,2026-05-10 19:07:15,2026-05-11 06:23:51,1050.0,Delivered,38790.21,11611.76
SHP_0002872,ORD_0002872,VEH_0001,DRV_0005,2026-08-24 18:39:22,2025-10-09 01:41:04,2026-08-25 15:59:52,1044.1,Delivered,35234.13,25827.74
SHP_0002873,ORD_0002873,VEH_0075,DRV_0037,2026-01-06 04:27:31,2026-07-10 09:52:23,2026-07-10 08:13:45,1482.1,Delivered,48871.89,36662.47
SHP_0002874,ORD_0002874,VEH_0073,DRV_0070,2025-11-09 00:22:20,2026-03-02 14:37:22,2026-03-03 05:59:18,1651.7,Delivered,54893.33,28229.05
SHP_0002875,ORD_0002875,VEH_0066,DRV_0030,2025-11-12 06:22:28,2025-11-20 00:00:48,2025-11-19 23:22:52,1472.8,Delivered,53177.49,16287.44
SHP_0002876,ORD_0002876,VEH_0073,DRV_0039,2026-02-28 10:30:20,2026-07-25 04:34:37,2026-07-25 01:07:06,1738.7,Delivered,56628.86,29715.96
SHP_0002877,ORD_0002877,VEH_0048,DRV_0081,2026-03-12 19:54:56,2025-10-27 23:07:51,2026-03-13 04:27:19,362.8,Delivered,6705.32,8974.53
SHP_0002878,ORD_0002878,VEH_0022,DRV_0023,2025-11-08 09:42:49,2026-07-11 22:58:11,2026-07-12 08:29:59,1221.6,Delivered,42879.75,20878.25
SHP_0002879,ORD_0002879,VEH_0048,DRV_0001,2026-07-30 04:18:32,2026-02-01 10:13:08,2026-07-31 22:24:56,1943.2,Delivered,67661.12,48068.63
SHP_0002880,ORD_0002880,VEH_0065,DRV_0063,2026-03-22 18:24:57,2026-06-09 14:43:31,2026-06-09 10:59:25,1116.5,Delivered,38215.19,1395.62
SHP_0002881,ORD_0002881,VEH_0011,DRV_0048,2026-09-03 07:16:08,2026-05-17 05:38:10,2026-05-17 12:17:02,214.4,Delivered,10316.69,5303.58
SHP_0002882,ORD_0002882,VEH_0034,DRV_0100,2026-04-06 16:25:43,2026-06-01 15:26:01,2026-06-01 12:35:19,170.1,Delivered,6478.74,1881.11
SHP_0002883,ORD_0002883,VEH_0014,DRV_0084,2026-03-28 00:10:27,2026-06-17 22:22:36,,906.2,Cancelled,33826.11,20281.62
SHP_0002884,ORD_0002884,VEH_0049,DRV_0018,2026-01-03 14:57:33,2025-10-15 14:09:22,2026-01-03 20:23:57,239.5,Delivered,13316.06,2648.59
SHP_0002885,ORD_0002885,VEH_0011,DRV_0037,2026-01-18 02:44:59,2026-08-29 18:27:05,2026-08-29 16:11:37,1034.6,Delivered,34691.57,25592.74
SHP_0002886,ORD_0002886,VEH_0017,DRV_0055,2026-09-11 22:35:37,2026-08-29 15:13:56,2026-09-13 10:19:47,1714.1,Delivered,60394.38,38363.19
SHP_0002887,ORD_0002887,VEH_0040,DRV_0010,2026-02-14 05:12:15,2026-05-28 11:14:30,2026-05-28 07:45:09,1144.1,Delivered,41830.84,28301.42
SHP_0002888,ORD_0002888,VEH_0006,DRV_0057,2025-12-13 11:43:26,2026-05-30 01:40:28,2026-05-30 17:25:25,402.3,Delivered,18173.58,9003.86
SHP_0002889,ORD_0002889,VEH_0002,DRV_0094,2026-09-09 04:07:23,2026-08-03 20:19:24,2026-08-04 09:22:06,1945.3,Delivered,35513.58,48120.58
SHP_0002890,ORD_0002890,VEH_0056,DRV_0052,2026-01-27 01:08:21,2026-06-10 22:13:27,2026-06-10 19:23:55,256.4,Delivered,5260.78,320.5
SHP_0002891,ORD_0002891,VEH_0043,DRV_0009,2026-05-23 05:03:21,2026-09-21 20:54:14,,2081.6,Cancelled,67472.43,2602.0
SHP_0002892,ORD_0002892,VEH_0052,DRV_0002,2026-04-10 20:06:51,2026-05-02 02:47:04,2026-05-02 01:32:55,1252.1,Delivered,46918.74,30973.0
SHP_0002893,ORD_0002893,VEH_0058,DRV_0009,2026-07-04 00:19:14,2026-08-26 13:31:59,2026-08-26 11:06:11,1774.7,Delivered,64141.56,39719.48
SHP_0002894,ORD_0002894,VEH_0034,DRV_0081,2026-09-10 23:11:23,2026-06-20 20:49:01,,1145.5,Cancelled,21112.89,12667.88
SHP_0002895,ORD_0002895,VEH_0027,DRV_0052,2026-01-15 23:49:19,2026-07-14 16:56:54,2026-07-14 15:26:43,287.5,Delivered,11118.4,7111.84
SHP_0002896,ORD_0002896,VEH_0029,DRV_0038,2025-12-05 08:12:56,2026-03-31 04:40:35,2026-03-31 02:07:05,1642.5,Delivered,30076.68,18164.12
SHP_0002897,ORD_0002897,VEH_0067,DRV_0067,2026-01-02 19:39:59,2026-01-24 13:37:15,2026-01-24 11:58:34,642.3,Delivered,25741.62,10977.49
SHP_0002898,ORD_0002898,VEH_0004,DRV_0093,2026-06-14 18:57:46,2026-08-06 20:24:27,2026-08-06 19:41:38,1093.1,Delivered,37620.38,18682.07
SHP_0002899,ORD_0002899,VEH_0014,DRV_0100,2025-10-11 05:02:12,2025-10-24 06:50:03,,1913.8,Cancelled,68507.03,42832.67
SHP_0002900,ORD_0002900,VEH_0017,DRV_0034,2026-05-31 22:40:42,2025-12-07 17:52:29,2026-06-02 01:07:15,1244.2,Delivered,41192.63,27846.38
SHP_0002901,ORD_0002901,VEH_0052,DRV_0040,2026-02-15 18:03:28,2026-02-07 04:21:55,2026-02-17 23:37:27,2209.9,Delivered,75477.8,54665.95
SHP_0002902,ORD_0002902,VEH_0074,DRV_0052,2025-10-20 14:37:05,2025-12-02 00:29:24,2025-12-01 22:47:54,392.2,Delivered,13939.11,9701.79
SHP_0002903,ORD_0002903,VEH_0005,DRV_0008,2026-03-25 01:40:27,2025-11-13 21:49:48,,1958.6,Cancelled,67348.15,2448.25
SHP_0002904,ORD_0002904,VEH_0045,DRV_0006,2025-12-09 09:31:43,2026-05-14 02:10:57,2026-05-13 22:29:46,1092.6,Delivered,36429.07,24453.43
SHP_0002905,ORD_0002905,VEH_0034,DRV_0010,2026-02-14 02:32:01,2026-07-27 17:56:34,2026-07-27 14:38:29,2024.3,Delivered,66823.76,22386.38
SHP_0002906,ORD_0002906,VEH_0024,DRV_0013,2025-10-23 11:59:58,2025-10-17 14:23:07,,2207.6,Cancelled,39995.38,37729.89
SHP_0002907,ORD_0002907,VEH_0046,DRV_0030,2026-05-12 14:48:13,2026-02-03 14:15:47,2026-05-14 05:10:44,1708.3,Delivered,56009.31,18891.79
SHP_0002908,ORD_0002908,VEH_0019,DRV_0072,2025-10-18 07:36:54,2026-04-11 22:25:48,2026-04-11 18:36:27,548.6,Delivered,23481.04,685.75
SHP_0002909,ORD_0002909,VEH_0051,DRV_0089,2026-07-10 08:18:11,2026-05-11 18:46:44,2026-07-11 12:17:41,1254.1,Delivered,41366.66,21433.71
SHP_0002910,ORD_0002910,VEH_0020,DRV_0027,2025-10-13 14:25:28,2026-07-25 20:23:29,2026-07-25 16:30:50,1361.1,Delivered,49604.89,23262.44
SHP_0002911,ORD_0002911,VEH_0036,DRV_0071,2026-03-04 03:46:17,2026-04-13 01:34:16,2026-04-13 00:11:42,674.5,Delivered,27598.76,7459.18
SHP_0002912,ORD_0002912,VEH_0075,DRV_0032,2026-02-20 00:24:56,2026-09-26 21:43:49,2026-09-26 19:35:22,1044.1,Delivered,38841.74,25827.74
SHP_0002913,ORD_0002913,VEH_0007,DRV_0020,2025-10-14 07:38:39,2026-06-20 18:07:11,2026-06-20 15:18:09,912.4,Delivered,34779.57,15593.75
SHP_0002914,ORD_0002914,VEH_0080,DRV_0085,2025-12-16 19:00:05,2026-01-14 21:30:48,2026-01-14 20:53:54,2150.5,Delivered,74788.15,23782.0
SHP_0002915,ORD_0002915,VEH_0035,DRV_0099,2025-12-12 06:56:34,2026-03-11 13:12:29,,357.8,Cancelled,14834.53,8850.84
SHP_0002916,ORD_0002916,VEH_0051,DRV_0094,2026-05-15 23:08:03,2026-01-24 23:43:54,2026-05-16 02:08:45,152.9,Delivered,3403.11,2613.2
SHP_0002917,ORD_0002917,VEH_0023,DRV_0075,2026-02-12 16:55:47,2026-07-26 20:06:32,2026-07-26 16:18:16,2198.4,Delivered,71206.86,2748.0
SHP_0002918,ORD_0002918,VEH_0050,DRV_0012,2025-10-28 04:47:26,2026-09-08 22:21:20,2026-09-08 20:09:35,899.1,Delivered,32869.67,9942.99
SHP_0002919,ORD_0002919,VEH_0064,DRV_0075,2026-08-31 18:16:33,2026-09-03 07:28:23,2026-09-03 04:39:10,2212.4,Delivered,76934.28,54727.79
SHP_0002920,ORD_0002920,VEH_0024,DRV_0050,2026-06-04 13:04:31,2026-07-14 04:00:20,2026-07-14 01:15:00,1344.6,Delivered,45971.76,22980.44
SHP_0002921,ORD_0002921,VEH_0002,DRV_0079,2025-12-12 02:34:39,2026-04-07 15:09:48,2026-04-07 11:48:49,1142.9,Delivered,20764.46,28271.74
SHP_0002922,ORD_0002922,VEH_0061,DRV_0037,2025-11-03 12:39:31,2026-06-01 06:49:29,2026-06-01 03:25:39,1286.2,Delivered,44554.57,31816.53
SHP_0002923,ORD_0002923,VEH_0064,DRV_0054,2026-01-16 20:49:15,2026-06-06 22:24:34,2026-06-07 03:58:29,2465.5,Delivered,82672.26,60988.68
SHP_0002924,ORD_0002924,VEH_0011,DRV_0079,2025-10-12 08:30:00,2026-07-12 20:45:37,2026-07-12 19:53:36,425.3,Delivered,19250.38,10520.58
SHP_0002925,ORD_0002925,VEH_0008,DRV_0034,2026-07-19 09:50:37,2026-09-26 15:17:23,2026-09-26 13:24:38,1805.9,Delivered,61586.53,19971.13
SHP_0002926,ORD_0002926,VEH_0018,DRV_0089,2026-05-22 16:20:51,2026-01-14 11:03:13,2026-05-23 03:35:38,494.3,Delivered,19448.42,11062.9
SHP_0002927,ORD_0002927,VEH_0024,DRV_0073,2025-11-07 05:09:10,2026-08-10 08:31:14,2026-08-10 06:45:19,892.9,Delivered,16451.43,15260.47
SHP_0002928,ORD_0002928,VEH_0076,DRV_0042,2025-10-02 10:22:12,2026-03-06 15:18:30,2026-03-06 12:46:29,2015.6,Delivered,36797.31,2519.5
SHP_0002929,ORD_0002929,VEH_0009,DRV_0088,2026-05-11 23:46:01,2026-07-14 20:36:15,2026-07-15 13:09:41,1712.4,Delivered,55916.42,2140.5
SHP_0002930,ORD_0002930,VEH_0007,DRV_0100,2026-01-10 21:51:08,2025-12-01 23:14:41,,125.8,Cancelled,2921.64,2150.04
SHP_0002931,ORD_0002931,VEH_0047,DRV_0046,2026-02-24 15:33:23,2026-06-30 11:48:39,2026-06-30 09:16:45,2117.4,Delivered,73665.71,36188.29
SHP_0002932,ORD_0002932,VEH_0074,DRV_0045,2025-12-16 09:35:16,2026-08-20 23:29:47,2026-08-20 22:10:32,2215.9,Delivered,72289.62,54814.37
SHP_0002933,ORD_0002933,VEH_0016,DRV_0064,2025-11-09 23:21:27,2026-01-16 13:19:08,2026-01-16 10:20:25,1700.1,Delivered,56631.0,42055.11
SHP_0002934,ORD_0002934,VEH_0025,DRV_0066,2025-11-11 12:42:13,2025-11-28 00:42:46,2025-11-27 21:24:18,25.0,Delivered,8053.07,559.52
SHP_0002935,ORD_0002935,VEH_0072,DRV_0042,2025-12-08 07:03:26,2026-01-11 06:57:10,2026-01-11 05:37:47,684.9,Delivered,12565.51,7574.19
SHP_0002936,ORD_0002936,VEH_0038,DRV_0029,2026-02-01 03:00:43,2026-01-27 02:01:22,2026-02-01 16:05:58,639.1,Delivered,27690.82,798.88
SHP_0002937,ORD_0002937,VEH_0034,DRV_0028,2026-01-10 03:39:59,2026-09-14 20:12:17,2026-09-14 17:56:03,1954.4,Delivered,68239.27,21613.36
SHP_0002938,ORD_0002938,VEH_0018,DRV_0073,2026-06-25 12:23:07,2026-01-28 09:19:59,2026-06-25 16:57:32,226.9,Delivered,14490.31,5078.24
SHP_0002939,ORD_0002939,VEH_0013,DRV_0097,2026-06-19 14:54:08,2025-10-20 13:03:23,2026-06-21 09:11:13,1951.3,Delivered,65899.68,33349.49
SHP_0002940,ORD_0002940,VEH_0026,DRV_0028,2026-02-02 22:44:12,2026-02-23 01:27:54,2026-02-23 00:34:35,1759.7,Delivered,63212.74,39383.76
SHP_0002941,ORD_0002941,VEH_0003,DRV_0062,2025-10-04 23:49:05,2026-06-28 14:41:58,2026-06-28 11:17:25,100.3,Delivered,6431.4,2244.81
SHP_0002942,ORD_0002942,VEH_0023,DRV_0014,2026-08-28 13:38:04,2025-11-22 00:27:53,2026-08-29 14:25:16,1068.7,Delivered,38740.64,1335.88
SHP_0002943,ORD_0002943,VEH_0012,DRV_0071,2026-03-23 01:36:00,2026-06-28 01:34:32,,1696.4,Cancelled,58741.63,18760.19
SHP_0002944,ORD_0002944,VEH_0072,DRV_0050,2026-09-09 14:24:16,2026-05-29 06:30:03,2026-09-10 01:12:51,446.1,Delivered,17605.29,4933.34
SHP_0002945,ORD_0002945,VEH_0014,DRV_0056,2026-02-07 18:02:42,2026-08-18 20:26:32,2026-08-18 18:02:50,1589.2,Delivered,51762.15,35567.81
SHP_0002946,ORD_0002946,VEH_0008,DRV_0075,2026-01-17 23:37:43,2025-12-29 02:06:10,2026-01-18 09:20:03,442.5,Delivered,17737.32,4893.53
SHP_0002947,ORD_0002947,VEH_0067,DRV_0024,2026-02-05 21:40:30,2026-02-18 09:23:31,2026-02-18 08:22:19,1937.7,Delivered,63644.26,33117.05
SHP_0002948,ORD_0002948,VEH_0075,DRV_0014,2026-04-26 20:54:42,2026-04-20 08:20:18,2026-04-27 20:00:47,1152.2,Delivered,43871.68,28501.79
SHP_0002949,ORD_0002949,VEH_0030,DRV_0063,2025-11-24 19:49:13,2026-02-21 13:48:27,2026-02-21 11:53:20,1454.1,Delivered,50849.29,32544.14
SHP_0002950,ORD_0002950,VEH_0043,DRV_0045,2025-12-22 05:03:35,2025-11-02 06:09:26,,770.9,Cancelled,27452.54,963.62
SHP_0002951,ORD_0002951,VEH_0053,DRV_0031,2026-07-30 02:23:15,2026-08-12 04:10:38,2026-08-12 15:08:37,235.6,Delivered,10067.83,5828.0
SHP_0002952,ORD_0002952,VEH_0011,DRV_0040,2026-06-29 23:08:56,2026-02-10 03:29:59,2026-06-30 22:30:54,1110.7,Delivered,39896.57,27475.21
SHP_0002953,ORD_0002953,VEH_0071,DRV_0047,2026-03-29 09:47:23,2026-01-08 20:22:04,2026-01-08 22:14:26,205.3,Delivered,10919.32,2270.38
SHP_0002954,ORD_0002954,VEH_0049,DRV_0030,2025-12-17 18:37:00,2026-06-30 01:06:15,2026-06-29 21:13:41,2020.7,Delivered,70590.07,22346.56
SHP_0002955,ORD_0002955,VEH_0013,DRV_0080,2025-10-11 17:27:55,2026-08-14 23:50:01,2026-08-15 04:07:55,2133.3,Delivered,38405.86,36460.04
SHP_0002956,ORD_0002956,VEH_0007,DRV_0076,2025-10-20 01:43:20,2026-02-20 01:06:35,2026-02-19 21:57:36,624.2,Delivered,11707.5,10668.15
SHP_0002957,ORD_0002957,VEH_0058,DRV_0023,2025-11-06 03:20:57,2025-10-06 01:49:48,2025-10-06 09:03:45,2008.6,Delivered,70148.71,44954.38
SHP_0002958,ORD_0002958,VEH_0041,DRV_0049,2026-04-10 20:38:32,2026-04-08 13:20:32,2026-04-11 17:50:53,1024.9,Delivered,37396.94,17516.47
SHP_0002959,ORD_0002959,VEH_0044,DRV_0009,2026-04-30 00:57:11,2025-12-22 00:14:39,2025-12-22 13:30:28,25.0,Delivered,5560.22,559.52
SHP_0002960,ORD_0002960,VEH_0034,DRV_0075,2026-03-07 04:55:32,2025-11-26 01:39:20,2026-03-08 02:01:00,896.4,Delivered,34645.28,9913.13
SHP_0002961,ORD_0002961,VEH_0006,DRV_0098,2026-01-19 08:12:34,2026-04-08 21:41:18,2026-04-08 19:35:59,913.1,Delivered,30680.01,20436.05
SHP_0002962,ORD_0002962,VEH_0025,DRV_0073,2026-02-26 09:53:19,2026-08-21 11:04:25,2026-08-21 08:43:31,1763.8,Delivered,32441.29,39475.52
SHP_0002963,ORD_0002963,VEH_0031,DRV_0070,2026-04-30 00:49:28,2026-06-19 21:00:22,2026-06-19 17:00:57,1914.9,Delivered,67457.68,2393.63
SHP_0002964,ORD_0002964,VEH_0055,DRV_0040,2026-05-24 21:37:16,2026-07-28 21:37:33,2026-07-29 00:16:22,1286.2,Delivered,43829.42,31816.53
SHP_0002965,ORD_0002965,VEH_0040,DRV_0003,2026-05-18 14:43:50,2026-01-22 20:20:02,,337.1,Cancelled,13719.22,8338.79
SHP_0002966,ORD_0002966,VEH_0078,DRV_0006,2026-02-11 17:55:37,2026-01-12 18:35:09,2026-01-12 23:14:29,2050.1,Delivered,69166.4,2562.62
SHP_0002967,ORD_0002967,VEH_0004,DRV_0050,2026-06-06 00:26:23,2026-04-22 05:48:05,2026-06-06 16:55:21,781.1,Delivered,26764.17,13349.71
SHP_0002968,ORD_0002968,VEH_0039,DRV_0074,2026-01-23 11:45:41,2026-03-25 05:28:30,2026-03-25 02:57:48,1121.6,Delivered,43001.62,25102.48
SHP_0002969,ORD_0002969,VEH_0047,DRV_0087,2025-10-01 08:26:13,2026-02-21 10:16:08,2026-02-21 07:50:31,1311.4,Delivered,23812.26,22413.02
SHP_0002970,ORD_0002970,VEH_0002,DRV_0025,2026-08-16 15:15:59,2025-11-27 21:01:51,2026-08-18 00:43:34,1447.2,Delivered,52300.04,35799.16
SHP_0002971,ORD_0002971,VEH_0074,DRV_0010,2026-06-01 05:41:53,2026-05-28 22:37:32,2026-06-01 13:27:31,322.9,Delivered,15945.15,7987.53
SHP_0002972,ORD_0002972,VEH_0059,DRV_0023,2025-10-22 00:55:12,2026-07-11 08:52:58,,1029.9,Cancelled,38672.06,11389.48
SHP_0002973,ORD_0002973,VEH_0028,DRV_0027,2026-06-07 17:16:58,2026-02-17 06:25:17,2026-06-08 02:55:10,398.7,Delivered,16234.81,9862.58
SHP_0002974,ORD_0002974,VEH_0027,DRV_0028,2025-12-03 12:07:04,2026-03-18 11:59:35,2026-03-18 08:59:01,96.8,Delivered,3985.84,2394.53
SHP_0002975,ORD_0002975,VEH_0042,DRV_0077,2025-10-25 12:26:15,2026-06-01 17:13:12,2026-06-01 14:44:10,2219.4,Delivered,74005.82,49672.29
SHP_0002976,ORD_0002976,VEH_0023,DRV_0045,2026-08-25 08:21:34,2026-07-21 12:06:03,2026-08-25 15:55:20,335.6,Delivered,14033.32,419.5
SHP_0002977,ORD_0002977,VEH_0001,DRV_0042,2026-06-15 14:02:54,2026-09-21 20:48:54,2026-09-21 19:02:10,1007.3,Delivered,34921.28,24917.42
SHP_0002978,ORD_0002978,VEH_0001,DRV_0041,2026-02-08 16:23:31,2026-03-31 00:09:41,2026-03-30 20:42:35,211.8,Delivered,8880.14,5239.26
SHP_0002979,ORD_0002979,VEH_0070,DRV_0007,2026-04-12 18:39:49,2025-10-04 20:56:07,2026-04-13 22:15:17,1158.5,Delivered,44252.83,28657.63
SHP_0002980,ORD_0002980,VEH_0054,DRV_0019,2026-04-14 17:18:30,2026-06-05 02:08:54,2026-06-04 22:38:31,1688.9,Delivered,60260.67,2111.12
SHP_0002981,ORD_0002981,VEH_0023,DRV_0075,2026-07-25 06:06:19,2025-10-14 13:28:39,2026-07-27 10:51:15,2209.9,Delivered,71543.75,2762.38
SHP_0002982,ORD_0002982,VEH_0061,DRV_0081,2026-09-04 01:35:53,2026-09-17 00:04:06,2026-09-16 23:06:29,617.3,Delivered,11833.55,15270.05
SHP_0002983,ORD_0002983,VEH_0043,DRV_0065,2026-01-30 09:47:24,2026-02-22 10:26:07,2026-02-22 07:48:12,238.4,Delivered,15015.12,298.0
SHP_0002984,ORD_0002984,VEH_0044,DRV_0019,2026-02-12 22:06:10,2026-05-29 07:56:15,2026-05-29 05:09:17,1646.4,Delivered,54358.44,36848.0
SHP_0002985,ORD_0002985,VEH_0009,DRV_0016,2026-01-25 22:52:01,2025-10-05 00:15:37,2026-01-26 14:17:51,625.4,Delivered,23738.35,781.75
SHP_0002986,ORD_0002986,VEH_0042,DRV_0078,2026-06-17 18:26:30,2026-05-10 00:03:37,2026-06-17 21:14:21,136.0,Delivered,2854.34,3043.81
SHP_0002987,ORD_0002987,VEH_0038,DRV_0046,2026-07-29 08:09:09,2026-01-16 18:38:40,2026-07-30 22:18:15,1913.8,Delivered,64923.77,2392.25
SHP_0002988,ORD_0002988,VEH_0042,DRV_0035,2025-12-12 08:49:20,2025-10-08 07:44:36,2025-12-12 13:30:00,237.9,Delivered,14186.28,5324.43
SHP_0002989,ORD_0002989,VEH_0058,DRV_0098,2026-05-24 04:12:03,2025-10-15 07:05:38,2025-10-15 22:23:21,131.6,Delivered,10863.15,2945.33
SHP_0002990,ORD_0002990,VEH_0047,DRV_0013,2026-06-18 01:45:16,2026-06-15 05:12:24,2026-06-19 20:23:26,2210.4,Delivered,40485.0,37777.75
SHP_0002991,ORD_0002991,VEH_0008,DRV_0089,2026-02-19 06:58:43,2026-08-27 09:04:56,2026-08-27 08:07:20,582.5,Delivered,23050.99,6441.76
SHP_0002992,ORD_0002992,VEH_0068,DRV_0083,2026-09-11 19:07:13,2026-08-25 06:19:25,2026-09-13 15:45:59,2225.5,Delivered,76263.14,24611.41
SHP_0002993,ORD_0002993,VEH_0050,DRV_0075,2026-09-02 19:03:33,2026-02-17 07:05:27,2026-09-04 10:04:36,1868.8,Delivered,64482.05,20666.73
SHP_0002994,ORD_0002994,VEH_0035,DRV_0076,2025-12-17 14:44:56,2026-01-12 23:32:38,2026-01-12 21:09:07,2622.5,Delivered,88874.37,64872.37
SHP_0002995,ORD_0002995,VEH_0016,DRV_0093,2026-06-14 22:21:41,2026-04-13 04:47:13,2026-06-15 13:53:07,642.0,Delivered,25269.22,15881.05
SHP_0002996,ORD_0002996,VEH_0013,DRV_0019,2026-03-21 11:15:50,2025-12-24 17:15:55,2026-03-23 14:03:40,2194.0,Delivered,40106.29,37497.45
SHP_0002997,ORD_0002997,VEH_0023,DRV_0095,2026-07-09 02:52:39,2026-04-20 07:12:06,2026-07-10 18:06:10,1951.7,Delivered,68767.46,2439.62
SHP_0002998,ORD_0002998,VEH_0072,DRV_0013,2025-11-13 07:37:18,2026-01-20 10:22:14,2026-01-20 08:38:03,344.1,Delivered,17473.05,3805.34
SHP_0002999,ORD_0002999,VEH_0038,DRV_0022,2026-06-30 20:06:31,2025-11-25 20:29:25,2026-07-01 04:46:39,382.2,Delivered,7010.47,477.75
SHP_0003000,ORD_0003000,VEH_0036,DRV_0027,2026-08-01 16:24:28,2026-08-09 03:25:03,2026-08-08 23:48:13,636.1,Delivered,26744.51,7034.52
SHP_0003001,ORD_0003001,VEH_0067,DRV_0015,2026-04-12 02:59:16,2026-06-20 15:00:03,2026-06-20 11:50:26,1738.7,Delivered,60432.87,29715.96
SHP_0003002,ORD_0003002,VEH_0052,DRV_0023,2026-05-28 00:44:31,2026-09-10 19:13:01,2026-09-10 17:08:09,1960.1,Delivered,67890.74,48486.68
SHP_0003003,ORD_0003003,VEH_0056,DRV_0037,2025-10-04 14:29:21,2025-12-05 14:42:44,2025-12-05 11:52:30,227.8,Delivered,8287.6,284.75
SHP_0003004,ORD_0003004,VEH_0031,DRV_0035,2026-02-06 22:09:58,2026-08-19 15:50:52,2026-08-19 13:27:06,399.9,Delivered,19461.9,499.87
SHP_0003005,ORD_0003005,VEH_0033,DRV_0046,2026-01-19 12:28:15,2025-10-14 05:45:20,2026-01-21 14:34:16,2496.9,Delivered,86090.76,42674.29
SHP_0003006,ORD_0003006,VEH_0017,DRV_0087,2025-10-22 02:00:33,2025-11-28 06:36:04,2025-11-28 04:39:34,2133.8,Delivered,75026.51,47756.48
SHP_0003007,ORD_0003007,VEH_0047,DRV_0063,2026-01-25 15:25:56,2025-10-04 01:42:27,2025-10-04 08:01:56,2616.8,Delivered,90285.45,44723.49
SHP_0003008,ORD_0003008,VEH_0079,DRV_0030,2026-01-24 12:36:52,2026-07-02 01:15:08,2026-07-01 21:19:04,906.0,Delivered,34971.71,20277.14
SHP_0003009,ORD_0003009,VEH_0034,DRV_0068,2026-06-30 16:39:27,2025-12-02 22:44:37,2026-07-01 16:51:47,1241.0,Delivered,45539.12,13724.0
SHP_0003010,ORD_0003010,VEH_0001,DRV_0092,2025-11-28 14:10:38,2026-07-30 13:57:54,2026-07-30 12:43:41,1100.1,Delivered,37090.63,27213.0
SHP_0003011,ORD_0003011,VEH_0077,DRV_0062,2025-11-26 12:31:35,2026-01-23 08:56:38,2026-01-23 08:16:17,902.3,Delivered,35290.1,15421.13
SHP_0003012,ORD_0003012,VEH_0027,DRV_0029,2026-06-01 07:30:55,2026-01-02 14:50:21,2026-06-01 13:17:03,272.0,Delivered,12883.18,6728.42
SHP_0003013,ORD_0003013,VEH_0029,DRV_0021,2026-09-12 10:24:52,2025-12-14 07:20:38,2026-09-13 10:55:51,1116.0,Delivered,42678.58,12341.65
SHP_0003014,ORD_0003014,VEH_0012,DRV_0068,2026-06-25 07:26:11,2026-07-12 19:11:03,2026-07-13 12:25:46,794.7,Delivered,29661.12,8788.45
SHP_0003015,ORD_0003015,VEH_0026,DRV_0085,2026-07-30 17:35:34,2025-11-19 04:54:03,2026-07-31 15:34:56,1114.1,Delivered,37793.15,24934.62
SHP_0003016,ORD_0003016,VEH_0002,DRV_0035,2025-11-08 01:24:10,2026-08-13 20:18:10,2026-08-13 17:49:30,340.2,Delivered,14291.11,8415.47
SHP_0003017,ORD_0003017,VEH_0011,DRV_0088,2026-08-21 14:07:42,2026-01-23 19:51:46,2026-08-21 17:50:39,183.2,Delivered,13146.08,4531.79
SHP_0003018,ORD_0003018,VEH_0033,DRV_0062,2026-06-15 23:40:24,2025-11-23 14:55:59,2026-06-16 00:15:30,25.0,Delivered,5716.04,427.27
SHP_0003019,ORD_0003019,VEH_0010,DRV_0007,2026-08-11 17:37:54,2026-09-16 02:12:48,2026-09-15 23:43:20,773.3,Delivered,28465.3,8551.79
SHP_0003020,ORD_0003020,VEH_0075,DRV_0081,2025-12-08 07:49:39,2026-04-04 05:46:19,,2209.6,Cancelled,75384.49,54658.53
SHP_0003021,ORD_0003021,VEH_0008,DRV_0014,2026-05-12 14:14:51,2025-12-24 07:10:36,2025-12-24 14:49:19,1110.6,Delivered,39238.24,12281.93
SHP_0003022,ORD_0003022,VEH_0048,DRV_0012,2025-11-07 11:27:59,2026-04-02 11:08:12,2026-04-02 16:11:39,532.0,Delivered,17975.04,13160.0
SHP_0003023,ORD_0003023,VEH_0058,DRV_0082,2026-06-07 11:10:07,2026-04-03 07:59:37,2026-04-03 20:55:51,1117.3,Delivered,43147.38,25006.24
SHP_0003024,ORD_0003024,VEH_0025,DRV_0053,2025-12-07 07:10:04,2025-10-31 07:32:38,2025-12-08 12:34:26,1256.3,Delivered,41526.74,28117.19
SHP_0003025,ORD_0003025,VEH_0020,DRV_0030,2026-07-20 19:17:56,2025-11-25 07:58:24,2026-07-21 09:01:06,634.6,Delivered,26836.28,10845.89
SHP_0003026,ORD_0003026,VEH_0051,DRV_0044,2025-11-28 23:50:41,2026-05-08 00:27:46,2026-05-07 21:36:34,2081.6,Delivered,73089.88,35576.44
SHP_0003027,ORD_0003027,VEH_0044,DRV_0029,2026-05-19 20:52:52,2026-08-14 09:22:39,,562.6,Cancelled,20659.39,12591.52
SHP_0003028,ORD_0003028,VEH_0022,DRV_0053,2026-03-14 12:26:57,2026-08-20 20:56:48,2026-08-20 20:11:17,238.9,Delivered,9564.32,4083.02
SHP_0003029,ORD_0003029,VEH_0022,DRV_0089,2025-12-04 04:59:00,2026-05-20 14:55:28,2026-05-20 12:55:50,1913.8,Delivered,63758.6,32708.58
SHP_0003030,ORD_0003030,VEH_0051,DRV_0006,2025-11-02 01:08:42,2026-01-22 00:51:07,2026-01-21 21:22:31,183.8,Delivered,7604.5,3141.31
SHP_0003031,ORD_0003031,VEH_0078,DRV_0048,2026-02-12 20:23:26,2026-04-08 22:13:09,2026-04-09 12:27:40,1135.3,Delivered,20786.16,1419.12
SHP_0003032,ORD_0003032,VEH_0079,DRV_0008,2026-07-15 16:15:14,2026-01-19 21:25:46,2026-07-17 16:49:20,2091.4,Delivered,37820.0,46807.52
SHP_0003033,ORD_0003033,VEH_0042,DRV_0034,2026-06-08 05:11:14,2026-02-12 07:16:46,,1454.1,Cancelled,53926.51,32544.14
SHP_0003034,ORD_0003034,VEH_0075,DRV_0083,2026-02-13 12:25:46,2026-03-26 19:31:42,2026-03-26 16:03:35,2145.4,Delivered,70604.59,53070.42
SHP_0003035,ORD_0003035,VEH_0058,DRV_0067,2026-04-10 22:24:20,2025-12-06 17:15:47,2026-04-11 22:17:33,1049.1,Delivered,37961.38,23479.86
SHP_0003036,ORD_0003036,VEH_0077,DRV_0034,2026-08-30 03:40:24,2026-01-01 04:17:59,2026-01-01 21:32:38,237.5,Delivered,4320.77,4059.09
SHP_0003037,ORD_0003037,VEH_0060,DRV_0044,2026-07-04 22:54:12,2026-09-19 20:18:15,2026-09-19 19:26:06,2383.7,Delivered,43442.1,26360.92
SHP_0003038,ORD_0003038,VEH_0072,DRV_0063,2026-06-06 12:36:24,2025-11-29 04:41:13,2025-11-29 09:33:05,1712.4,Delivered,61310.65,18937.13
SHP_0003039,ORD_0003039,VEH_0080,DRV_0062,2026-01-29 18:46:29,2026-01-07 00:25:42,2026-01-30 17:47:56,982.1,Delivered,18168.87,10860.87
SHP_0003040,ORD_0003040,VEH_0068,DRV_0076,2026-05-09 10:06:03,2025-10-26 16:28:11,2025-10-26 19:28:40,1953.5,Delivered,35272.53,21603.41
SHP_0003041,ORD_0003041,VEH_0008,DRV_0071,2026-04-24 04:44:10,2026-07-21 16:21:40,2026-07-21 15:02:30,702.0,Delivered,25914.9,7763.29
SHP_0003042,ORD_0003042,VEH_0006,DRV_0003,2026-04-09 05:38:44,2026-03-12 22:06:38,2026-04-10 09:30:22,1380.1,Delivered,48736.5,30887.95
SHP_0003043,ORD_0003043,VEH_0051,DRV_0049,2025-12-23 10:28:23,2026-01-25 02:24:03,2026-01-25 04:02:39,1168.2,Delivered,21502.83,19965.6
SHP_0003044,ORD_0003044,VEH_0018,DRV_0017,2025-10-08 19:23:40,2026-08-05 02:11:30,2026-08-05 00:18:23,1116.0,Delivered,20558.52,24977.14
SHP_0003045,ORD_0003045,VEH_0009,DRV_0094,2026-08-19 22:34:33,2025-10-20 20:34:25,2026-08-21 21:44:36,2364.9,Delivered,82597.31,2956.13
SHP_0003046,ORD_0003046,VEH_0037,DRV_0079,2026-08-24 03:30:48,2026-08-03 06:39:01,2026-08-03 21:24:15,640.2,Delivered,27244.17,14328.29
SHP_0003047,ORD_0003047,VEH_0065,DRV_0081,2025-11-22 05:00:25,2025-11-29 20:59:18,2025-11-29 19:58:40,1114.1,Delivered,37583.11,1392.62
SHP_0003048,ORD_0003048,VEH_0021,DRV_0091,2026-08-13 01:03:13,2026-09-04 16:14:44,2026-09-04 12:35:31,1288.0,Delivered,43478.76,1610.0
SHP_0003049,ORD_0003049,VEH_0080,DRV_0043,2025-10-20 06:13:54,2026-08-08 09:32:37,2026-08-08 08:00:47,1974.4,Delivered,67955.75,21834.54
SHP_0003050,ORD_0003050,VEH_0065,DRV_0057,2025-11-14 13:15:30,2026-07-29 23:37:13,2026-07-30 12:26:39,2382.1,Delivered,77575.44,2977.62
SHP_0003051,ORD_0003051,VEH_0058,DRV_0055,2025-10-06 08:39:55,2025-10-09 13:30:34,2025-10-09 11:23:29,532.6,Delivered,21826.1,11920.1
SHP_0003052,ORD_0003052,VEH_0079,DRV_0056,2026-05-27 12:48:40,2025-12-11 17:49:00,2026-05-28 13:09:05,1116.5,Delivered,42568.4,24988.33
SHP_0003053,ORD_0003053,VEH_0040,DRV_0079,2026-08-04 08:34:08,2026-07-22 11:44:33,2026-08-04 11:06:39,107.0,Delivered,8170.86,2646.84
SHP_0003054,ORD_0003054,VEH_0065,DRV_0034,2026-01-08 14:21:34,2025-11-18 02:22:21,,540.1,Cancelled,19742.56,675.12
SHP_0003055,ORD_0003055,VEH_0022,DRV_0060,2026-06-03 16:33:17,2026-04-02 11:57:02,2026-06-03 21:04:54,232.5,Delivered,13554.72,3973.64
SHP_0003056,ORD_0003056,VEH_0069,DRV_0081,2026-07-25 19:02:11,2026-07-29 09:50:51,2026-07-29 08:16:47,1013.5,Delivered,38476.26,1266.88
SHP_0003057,ORD_0003057,VEH_0013,DRV_0039,2026-07-11 00:57:08,2026-06-27 10:04:04,2026-07-11 09:24:55,402.3,Delivered,14294.33,6875.67
SHP_0003058,ORD_0003058,VEH_0043,DRV_0093,2025-12-23 05:51:58,2026-02-20 01:29:07,2026-02-19 23:31:29,2500.2,Delivered,81300.39,3125.25
SHP_0003059,ORD_0003059,VEH_0078,DRV_0082,2026-02-19 09:29:40,2026-07-30 02:25:58,2026-07-30 16:55:19,895.6,Delivered,31776.4,1119.5
SHP_0003060,ORD_0003060,VEH_0059,DRV_0062,2026-03-03 21:03:27,2026-05-04 19:29:38,2026-05-05 02:07:14,1695.4,Delivered,57754.85,18749.13
SHP_0003061,ORD_0003061,VEH_0071,DRV_0010,2025-10-27 13:09:47,2026-07-19 14:34:09,2026-07-19 11:00:20,197.2,Delivered,7466.16,2180.8
SHP_0003062,ORD_0003062,VEH_0078,DRV_0097,2026-09-07 17:32:15,2025-10-17 00:52:10,2025-10-17 16:45:12,221.1,Delivered,11577.47,276.38
SHP_0003063,ORD_0003063,VEH_0059,DRV_0063,2026-01-11 13:15:45,2026-05-26 02:09:30,2026-05-25 23:17:15,2004.3,Delivered,68475.72,22165.2
SHP_0003064,ORD_0003064,VEH_0022,DRV_0051,2026-08-20 18:18:39,2026-01-24 20:36:20,2026-08-22 16:51:07,2220.9,Delivered,75222.21,37957.2
SHP_0003065,ORD_0003065,VEH_0011,DRV_0036,2026-05-20 10:40:18,2026-01-31 07:53:09,2026-05-20 23:19:38,619.6,Delivered,21544.64,15326.95
SHP_0003066,ORD_0003066,VEH_0026,DRV_0065,2026-01-08 16:38:54,2025-11-24 15:23:58,2026-01-10 15:21:46,1885.8,Delivered,67806.84,42206.0
SHP_0003067,ORD_0003067,VEH_0046,DRV_0069,2026-05-19 19:44:04,2026-03-13 08:50:12,2026-05-21 03:24:06,1536.0,Delivered,53204.99,16986.35
SHP_0003068,ORD_0003068,VEH_0078,DRV_0059,2026-08-07 22:14:14,2026-04-11 09:13:19,2026-08-10 10:12:41,2495.1,Delivered,84265.2,3118.87
SHP_0003069,ORD_0003069,VEH_0076,DRV_0079,2025-11-28 12:35:54,2026-02-11 20:58:25,2026-02-12 12:09:47,249.6,Delivered,15020.56,312.0
SHP_0003070,ORD_0003070,VEH_0049,DRV_0050,2026-07-07 22:14:57,2026-08-10 15:17:44,2026-08-10 13:17:12,1247.5,Delivered,44787.88,13795.88
SHP_0003071,ORD_0003071,VEH_0045,DRV_0095,2025-10-13 08:41:55,2026-05-10 22:01:49,2026-05-10 20:21:32,267.9,Delivered,14836.09,5995.86
SHP_0003072,ORD_0003072,VEH_0021,DRV_0040,2026-07-17 13:58:22,2026-02-25 05:12:06,2026-07-19 18:13:34,2219.4,Delivered,74678.51,2774.25
SHP_0003073,ORD_0003073,VEH_0053,DRV_0019,2026-01-01 01:52:07,2025-11-08 14:35:01,2026-01-02 03:48:21,1073.9,Delivered,35281.84,26564.89
SHP_0003074,ORD_0003074,VEH_0030,DRV_0042,2026-05-01 11:40:06,2026-02-11 19:00:25,2026-05-01 16:07:14,194.6,Delivered,9944.75,4355.33
SHP_0003075,ORD_0003075,VEH_0023,DRV_0043,2026-08-15 13:01:25,2026-04-19 02:13:22,2026-08-15 13:38:00,25.0,Delivered,3425.55,31.25
SHP_0003076,ORD_0003076,VEH_0071,DRV_0054,2025-11-29 15:45:07,2025-12-18 12:14:19,2025-12-18 09:16:32,550.4,Delivered,10528.29,6086.78
SHP_0003077,ORD_0003077,VEH_0076,DRV_0057,2026-06-13 01:36:23,2026-06-17 18:33:11,2026-06-17 16:48:54,253.9,Delivered,9793.88,317.38
SHP_0003078,ORD_0003078,VEH_0043,DRV_0073,2026-01-30 15:12:10,2026-05-22 11:23:10,,1986.0,Cancelled,69048.95,2482.5
SHP_0003079,ORD_0003079,VEH_0070,DRV_0041,2025-11-03 13:41:37,2026-01-20 06:50:36,2026-01-20 14:43:35,217.8,Delivered,13759.22,5387.68
SHP_0003080,ORD_0003080,VEH_0016,DRV_0071,2026-03-08 11:55:49,2026-03-04 08:05:41,2026-03-09 11:52:02,1146.0,Delivered,38515.72,28348.42
SHP_0003081,ORD_0003081,VEH_0011,DRV_0083,2026-08-12 01:15:10,2026-03-06 21:10:48,2026-08-12 08:14:48,338.1,Delivered,14122.5,8363.53
SHP_0003082,ORD_0003082,VEH_0063,DRV_0061,2026-02-08 15:35:08,2026-09-25 01:10:03,2026-09-25 17:19:49,153.8,Delivered,7115.61,3442.19
SHP_0003083,ORD_0003083,VEH_0032,DRV_0091,2025-12-07 17:04:08,2026-09-06 09:02:28,2026-09-06 18:04:40,1741.2,Delivered,57225.6,19255.62
SHP_0003084,ORD_0003084,VEH_0049,DRV_0055,2026-08-18 00:38:11,2026-08-16 07:39:00,2026-08-19 17:14:05,2050.1,Delivered,37342.3,22671.69
SHP_0003085,ORD_0003085,VEH_0027,DRV_0018,2026-03-13 04:19:08,2026-04-19 16:29:37,2026-04-19 14:15:22,351.7,Delivered,18368.84,8699.95
SHP_0003086,ORD_0003086,VEH_0037,DRV_0066,2026-08-22 04:09:34,2026-07-06 09:46:01,2026-08-23 12:49:28,1377.4,Delivered,49135.57,30827.52
SHP_0003087,ORD_0003087,VEH_0068,DRV_0071,2026-04-18 04:19:56,2025-10-03 13:01:20,2026-04-18 12:04:37,361.1,Delivered,6560.74,3993.34
SHP_0003088,ORD_0003088,VEH_0069,DRV_0062,2026-05-05 21:37:56,2026-04-08 00:48:45,2026-04-08 09:07:56,2208.5,Delivered,76723.48,2760.62
SHP_0003089,ORD_0003089,VEH_0041,DRV_0096,2025-10-13 02:57:09,2026-04-01 05:01:02,,915.4,Cancelled,30064.59,15645.02
SHP_0003090,ORD_0003090,VEH_0056,DRV_0044,2025-12-05 01:13:18,2026-05-22 09:21:27,2026-05-23 02:30:05,902.8,Delivered,33500.81,1128.5
SHP_0003091,ORD_0003091,VEH_0063,DRV_0087,2025-11-14 17:53:58,2026-08-26 11:47:38,2026-08-26 08:33:07,465.8,Delivered,19177.08,10425.05
SHP_0003092,ORD_0003092,VEH_0055,DRV_0081,2026-04-20 05:10:44,2026-01-06 17:32:43,2026-01-06 22:35:04,2142.6,Delivered,39265.72,53001.16
SHP_0003093,ORD_0003093,VEH_0037,DRV_0016,2026-04-26 11:45:25,2025-11-08 23:56:40,2026-04-27 16:49:42,1250.7,Delivered,43124.72,27991.86
SHP_0003094,ORD_0003094,VEH_0038,DRV_0055,2026-04-14 21:36:16,2026-07-06 21:42:01,2026-07-06 20:18:54,152.9,Delivered,9654.17,191.12
SHP_0003095,ORD_0003095,VEH_0042,DRV_0066,2026-06-13 21:17:26,2026-08-26 20:10:09,2026-08-26 18:01:14,773.3,Delivered,32100.06,17307.19
SHP_0003096,ORD_0003096,VEH_0054,DRV_0042,2026-06-16 03:55:41,2025-10-25 13:48:08,2026-06-16 12:53:43,365.7,Delivered,14032.03,457.12
SHP_0003097,ORD_0003097,VEH_0031,DRV_0083,2025-12-28 12:22:31,2026-05-04 07:16:25,2026-05-04 03:32:46,1869.2,Delivered,63505.62,2336.5
SHP_0003098,ORD_0003098,VEH_0080,DRV_0058,2026-08-17 22:00:12,2026-01-13 22:29:06,2026-08-20 07:54:18,2376.7,Delivered,81879.08,26283.51
SHP_0003099,ORD_0003099,VEH_0063,DRV_0059,2026-05-24 09:47:28,2026-09-09 15:56:09,2026-09-09 15:19:07,1704.2,Delivered,56309.02,38141.62
SHP_0003100,ORD_0003100,VEH_0002,DRV_0028,2025-11-13 06:07:04,2026-01-10 06:39:22,2026-01-10 06:01:59,1965.5,Delivered,68687.17,48620.26
SHP_0003101,ORD_0003101,VEH_0007,DRV_0028,2026-09-08 12:42:34,2026-07-15 02:47:08,2026-07-15 10:50:33,228.9,Delivered,8177.61,3912.11
SHP_0003102,ORD_0003102,VEH_0080,DRV_0060,2026-08-03 19:42:48,2026-02-20 16:34:11,2026-08-05 04:45:30,1697.0,Delivered,57867.25,18766.82
SHP_0003103,ORD_0003103,VEH_0012,DRV_0059,2026-05-14 10:16:55,2026-07-03 06:18:37,2026-07-03 04:46:56,1141.6,Delivered,40022.12,12624.75
SHP_0003104,ORD_0003104,VEH_0013,DRV_0003,2025-12-27 06:02:11,2025-10-22 04:47:55,2025-12-27 06:34:03,25.0,Delivered,2129.36,427.27
SHP_0003105,ORD_0003105,VEH_0074,DRV_0068,2026-08-29 09:50:54,2025-11-23 21:19:13,2025-11-24 02:35:54,1882.6,Delivered,63188.64,46569.58
SHP_0003106,ORD_0003106,VEH_0057,DRV_0053,2025-11-06 03:41:21,2026-06-08 23:40:06,2026-06-09 14:28:35,211.9,Delivered,7831.95,2343.36
SHP_0003107,ORD_0003107,VEH_0010,DRV_0004,2026-06-02 14:12:53,2026-01-21 12:05:19,2026-06-04 20:15:07,2470.4,Delivered,84393.64,27319.72
SHP_0003108,ORD_0003108,VEH_0009,DRV_0019,2026-04-21 07:20:45,2026-07-24 03:54:34,,2460.0,Cancelled,81102.09,3075.0
SHP_0003109,ORD_0003109,VEH_0009,DRV_0036,2026-02-07 23:34:22,2026-04-11 09:35:13,2026-04-11 08:39:54,102.8,Delivered,9720.46,128.5
SHP_0003110,ORD_0003110,VEH_0047,DRV_0032,2026-08-21 01:36:29,2026-09-25 18:30:35,2026-09-26 10:22:01,2372.1,Delivered,80097.06,40541.35
SHP_0003111,ORD_0003111,VEH_0005,DRV_0028,2025-12-07 20:13:57,2026-05-14 06:47:17,2026-05-14 03:11:33,1116.0,Delivered,20312.44,1395.0
SHP_0003112,ORD_0003112,VEH_0066,DRV_0074,2025-10-25 02:40:49,2026-01-07 14:23:49,2026-01-07 12:31:11,555.6,Delivered,18900.03,6144.28
SHP_0003113,ORD_0003113,VEH_0079,DRV_0023,2026-07-10 02:34:49,2026-08-02 10:08:20,,1059.1,Cancelled,40001.16,23703.67
SHP_0003114,ORD_0003114,VEH_0044,DRV_0003,2026-02-10 01:45:37,2025-11-25 02:54:33,2026-02-10 19:36:03,770.9,Delivered,14485.75,17253.48
SHP_0003115,ORD_0003115,VEH_0041,DRV_0012,2026-05-16 15:29:03,2025-11-27 22:26:56,2026-05-17 02:26:09,446.0,Delivered,21275.59,7622.55
SHP_0003116,ORD_0003116,VEH_0028,DRV_0057,2026-03-18 02:24:30,2025-10-22 00:23:02,2026-03-19 07:11:11,1260.4,Delivered,47096.12,31178.32
SHP_0003117,ORD_0003117,VEH_0064,DRV_0049,2026-06-27 08:11:09,2025-11-20 22:33:42,2026-06-28 21:03:21,1729.3,Delivered,56802.29,42777.42
SHP_0003118,ORD_0003118,VEH_0024,DRV_0057,2026-07-28 16:16:26,2025-10-08 04:09:14,2026-07-29 19:34:42,1148.3,Delivered,43209.58,19625.49
SHP_0003119,ORD_0003119,VEH_0073,DRV_0040,2026-07-31 21:37:23,2025-12-27 09:16:53,,1688.9,Cancelled,30702.99,28864.84
SHP_0003120,ORD_0003120,VEH_0025,DRV_0090,2026-04-17 05:44:26,2026-03-14 08:16:06,2026-04-18 22:05:54,1969.1,Delivered,67520.29,44070.33
SHP_0003121,ORD_0003121,VEH_0063,DRV_0069,2026-04-01 10:21:05,2026-08-31 16:12:41,2026-08-31 14:33:52,1035.7,Delivered,38281.22,23179.95
SHP_0003122,ORD_0003122,VEH_0015,DRV_0029,2026-03-12 06:00:31,2026-09-13 22:12:41,2026-09-13 18:17:12,1800.4,Delivered,63217.88,2250.5
SHP_0003123,ORD_0003123,VEH_0036,DRV_0041,2026-08-06 13:08:28,2025-11-01 15:27:44,2026-08-07 00:32:46,513.9,Delivered,18236.07,5683.13
SHP_0003124,ORD_0003124,VEH_0001,DRV_0026,2026-08-10 14:01:54,2026-07-28 12:02:02,2026-08-11 08:48:25,899.6,Delivered,30119.53,22253.26
SHP_0003125,ORD_0003125,VEH_0015,DRV_0081,2026-07-05 19:52:45,2025-10-30 23:34:54,2026-07-06 21:04:12,1051.3,Delivered,39436.26,1314.12
SHP_0003126,ORD_0003126,VEH_0032,DRV_0065,2025-12-26 15:23:48,2026-04-07 03:20:26,2026-04-07 01:16:45,1986.0,Delivered,69469.51,21962.82
SHP_0003127,ORD_0003127,VEH_0027,DRV_0072,2025-11-27 21:55:13,2025-12-22 10:22:43,2025-12-22 07:59:38,160.8,Delivered,11078.16,3977.68
SHP_0003128,ORD_0003128,VEH_0031,DRV_0062,2026-06-04 08:31:24,2025-12-10 23:33:56,2026-06-04 13:54:12,231.3,Delivered,13464.19,289.13
SHP_0003129,ORD_0003129,VEH_0038,DRV_0023,2026-05-20 13:04:48,2026-05-14 19:52:01,2026-05-20 13:42:01,25.0,Delivered,2719.62,31.25
SHP_0003130,ORD_0003130,VEH_0058,DRV_0052,2026-03-18 06:12:09,2026-03-05 14:55:38,2026-03-18 23:38:21,906.2,Delivered,33969.42,20281.62
SHP_0003131,ORD_0003131,VEH_0074,DRV_0057,2025-10-26 23:25:15,2026-03-23 18:40:15,,1061.5,Cancelled,19674.04,26258.16
SHP_0003132,ORD_0003132,VEH_0018,DRV_0050,2026-01-17 16:27:53,2026-09-15 12:24:53,2026-09-15 11:04:09,1438.7,Delivered,51230.46,32199.48
SHP_0003133,ORD_0003133,VEH_0051,DRV_0011,2026-07-30 14:32:40,2026-04-05 20:40:28,2026-08-01 10:13:22,1951.3,Delivered,66467.09,33349.49
SHP_0003134,ORD_0003134,VEH_0067,DRV_0042,2026-04-03 11:19:46,2025-12-13 16:28:27,2026-04-04 15:26:44,1260.6,Delivered,44471.04,21544.8
SHP_0003135,ORD_0003135,VEH_0076,DRV_0066,2026-09-04 19:24:11,2026-08-27 20:28:41,2026-09-06 10:31:34,1869.3,Delivered,63754.05,2336.62
SHP_0003136,ORD_0003136,VEH_0040,DRV_0065,2026-02-04 16:05:41,2026-01-15 10:18:15,2026-02-06 11:22:49,2186.7,Delivered,39486.67,54092.05
SHP_0003137,ORD_0003137,VEH_0013,DRV_0092,2026-02-25 22:22:04,2026-01-17 22:50:23,2026-02-27 03:11:17,1252.1,Delivered,41830.87,21399.53
SHP_0003138,ORD_0003138,VEH_0031,DRV_0031,2026-02-24 22:33:20,2026-03-30 20:16:51,2026-03-31 05:58:39,1916.6,Delivered,63639.34,2395.75
SHP_0003139,ORD_0003139,VEH_0073,DRV_0032,2026-05-26 06:36:41,2025-10-25 23:41:58,2026-05-27 20:41:51,1741.1,Delivered,62263.94,29756.98
SHP_0003140,ORD_0003140,VEH_0005,DRV_0064,2026-03-18 14:27:44,2026-01-02 16:36:22,2026-01-02 18:31:25,231.9,Delivered,4250.44,289.88
SHP_0003141,ORD_0003141,VEH_0021,DRV_0019,2026-05-09 12:44:01,2025-11-02 19:29:50,2026-05-11 02:56:37,1696.2,Delivered,56878.29,2120.25
SHP_0003142,ORD_0003142,VEH_0080,DRV_0100,2026-05-27 14:42:00,2025-12-24 05:10:00,2026-05-27 19:14:30,186.9,Delivered,10002.81,2066.89
SHP_0003143,ORD_0003143,VEH_0062,DRV_0002,2026-03-18 06:13:24,2026-05-25 08:21:45,2026-05-25 05:11:21,2220.9,Delivered,40572.48,37957.2
SHP_0003144,ORD_0003144,VEH_0067,DRV_0063,2025-11-13 04:59:18,2025-10-29 13:21:07,2025-11-14 19:30:06,1739.9,Delivered,58762.59,29736.47
SHP_0003145,ORD_0003145,VEH_0041,DRV_0017,2025-12-28 18:24:14,2026-08-20 06:26:03,2026-08-20 03:06:56,268.4,Delivered,14550.55,4587.2
SHP_0003146,ORD_0003146,VEH_0008,DRV_0047,2025-10-03 14:16:44,2026-09-11 20:14:33,2026-09-11 19:34:36,25.0,Delivered,7844.0,276.47
SHP_0003147,ORD_0003147,VEH_0068,DRV_0073,2026-01-10 18:00:44,2025-12-15 03:29:27,2026-01-11 13:08:42,896.4,Delivered,31749.53,9913.13
SHP_0003148,ORD_0003148,VEH_0009,DRV_0080,2026-08-19 02:38:42,2026-01-15 17:48:59,2026-08-20 06:36:57,1318.3,Delivered,49263.99,1647.88
SHP_0003149,ORD_0003149,VEH_0007,DRV_0048,2026-03-04 17:36:35,2026-02-26 04:52:12,2026-02-26 17:04:27,1958.6,Delivered,35534.68,33474.25
SHP_0003150,ORD_0003150,VEH_0007,DRV_0054,2026-07-30 16:14:42,2026-09-08 05:10:45,2026-09-08 03:21:46,1997.4,Delivered,70217.68,34137.38
SHP_0003151,ORD_0003151,VEH_0063,DRV_0069,2026-06-07 20:53:37,2025-10-12 07:08:51,2026-06-08 01:24:57,214.4,Delivered,13255.52,4798.48
SHP_0003152,ORD_0003152,VEH_0025,DRV_0042,2025-11-28 19:28:27,2026-05-19 06:00:13,2026-05-19 20:33:03,2203.2,Delivered,72197.86,49309.71
SHP_0003153,ORD_0003153,VEH_0024,DRV_0033,2026-04-11 19:41:35,2026-05-20 21:30:03,2026-05-20 20:43:07,151.8,Delivered,10721.21,2594.4
SHP_0003154,ORD_0003154,VEH_0014,DRV_0029,2026-04-07 03:27:56,2025-10-22 00:08:37,2026-04-07 09:44:49,300.1,Delivered,10608.23,6716.52
SHP_0003155,ORD_0003155,VEH_0028,DRV_0026,2026-07-26 03:20:31,2025-11-09 00:08:30,2026-07-27 09:02:25,1319.8,Delivered,45915.89,32647.68
SHP_0003156,ORD_0003156,VEH_0071,DRV_0006,2026-07-23 00:06:07,2026-03-13 16:18:09,2026-07-23 03:39:57,183.8,Delivered,8828.56,2032.61
SHP_0003157,ORD_0003157,VEH_0041,DRV_0035,2026-08-19 21:31:51,2026-09-25 10:58:55,2026-09-25 08:04:23,2038.4,Delivered,67688.02,34838.11
SHP_0003158,ORD_0003158,VEH_0014,DRV_0037,2026-07-04 11:21:49,2026-04-30 19:38:50,2026-07-04 18:08:36,322.9,Delivered,13740.14,7226.81
SHP_0003159,ORD_0003159,VEH_0077,DRV_0044,2026-01-14 00:02:37,2026-07-24 01:01:03,2026-07-24 00:23:36,2038.4,Delivered,72392.7,34838.11
SHP_0003160,ORD_0003160,VEH_0043,DRV_0031,2026-02-18 09:12:03,2026-03-11 12:19:11,2026-03-11 10:25:24,231.5,Delivered,11431.85,289.38
SHP_0003161,ORD_0003161,VEH_0017,DRV_0030,2025-12-05 07:22:59,2026-03-21 00:48:11,2026-03-20 21:22:54,1152.2,Delivered,41368.04,25787.33
SHP_0003162,ORD_0003162,VEH_0021,DRV_0071,2026-04-23 05:16:05,2026-03-16 19:10:12,2026-04-23 14:02:08,404.4,Delivered,17788.56,505.5
SHP_0003163,ORD_0003163,VEH_0056,DRV_0015,2025-12-17 07:52:29,2026-02-25 19:42:57,2026-02-25 16:04:38,1945.3,Delivered,35633.64,2431.62
SHP_0003164,ORD_0003164,VEH_0030,DRV_0099,2026-08-03 01:42:40,2026-01-23 02:38:11,2026-08-03 02:17:06,25.0,Delivered,7028.81,559.52
SHP_0003165,ORD_0003165,VEH_0035,DRV_0085,2026-02-12 04:16:23,2026-05-26 18:44:15,2026-05-26 15:46:10,215.6,Delivered,13508.01,5333.26
SHP_0003166,ORD_0003166,VEH_0020,DRV_0074,2025-10-11 11:41:00,2026-06-24 01:38:07,2026-06-24 11:10:21,25.0,Delivered,4154.05,427.27
SHP_0003167,ORD_0003167,VEH_0016,DRV_0012,2026-01-03 02:06:33,2026-05-19 15:39:02,2026-05-19 14:14:17,1161.2,Delivered,40960.78,28724.42
SHP_0003168,ORD_0003168,VEH_0033,DRV_0001,2026-04-18 06:17:07,2026-09-17 01:19:07,,2192.6,Cancelled,77077.6,37473.53
SHP_0003169,ORD_0003169,VEH_0064,DRV_0089,2025-11-15 08:41:01,2026-03-28 13:58:19,2026-03-28 13:24:06,1949.4,Delivered,64272.45,48222.0
SHP_0003170,ORD_0003170,VEH_0030,DRV_0025,2026-01-24 18:47:57,2026-05-28 22:19:37,,230.3,Cancelled,10218.46,5154.33
SHP_0003171,ORD_0003171,VEH_0015,DRV_0074,2026-04-15 13:33:28,2025-10-05 18:56:04,2026-04-16 21:52:42,1327.2,Delivered,47191.18,1659.0
SHP_0003172,ORD_0003172,VEH_0063,DRV_0028,2026-02-17 05:03:03,2026-01-31 11:20:52,2026-02-01 03:14:13,795.2,Delivered,30626.62,17797.33
SHP_0003173,ORD_0003173,VEH_0070,DRV_0040,2026-09-13 06:08:10,2026-07-11 20:58:14,2026-09-13 08:25:28,115.4,Delivered,5624.34,2854.63
SHP_0003174,ORD_0003174,VEH_0001,DRV_0031,2026-07-08 15:40:42,2026-08-19 09:51:45,2026-08-19 22:26:36,2011.4,Delivered,70272.76,49755.68
SHP_0003175,ORD_0003175,VEH_0064,DRV_0082,2026-04-04 23:19:59,2025-11-18 23:15:35,2026-04-04 23:51:39,25.0,Delivered,7090.27,618.42
SHP_0003176,ORD_0003176,VEH_0050,DRV_0006,2026-02-03 13:07:36,2025-12-06 16:29:22,2025-12-07 01:39:03,494.1,Delivered,20410.68,5464.16
SHP_0003177,ORD_0003177,VEH_0045,DRV_0027,2025-12-19 19:41:01,2025-12-05 15:44:08,2025-12-20 00:31:55,241.9,Delivered,9694.34,5413.95
SHP_0003178,ORD_0003178,VEH_0008,DRV_0092,2026-01-23 15:14:43,2025-11-09 06:08:37,2026-01-23 18:01:40,133.3,Delivered,8672.38,1474.14
SHP_0003179,ORD_0003179,VEH_0009,DRV_0078,2025-11-14 05:05:13,2026-09-10 20:58:33,2026-09-11 01:46:40,532.3,Delivered,22278.63,665.37
SHP_0003180,ORD_0003180,VEH_0006,DRV_0053,2026-01-20 18:10:13,2025-10-21 11:51:24,2026-01-22 06:18:05,1869.3,Delivered,62524.82,41836.71
SHP_0003181,ORD_0003181,VEH_0039,DRV_0048,2025-12-12 15:53:15,2026-04-23 00:17:37,2026-04-22 23:12:30,179.3,Delivered,12586.93,4012.9
SHP_0003182,ORD_0003182,VEH_0014,DRV_0021,2026-03-22 15:33:43,2026-04-09 20:06:39,2026-04-09 17:48:54,1953.4,Delivered,64541.86,43718.95
SHP_0003183,ORD_0003183,VEH_0011,DRV_0095,2026-03-14 03:02:36,2026-02-08 20:25:25,2026-03-15 19:01:21,1696.0,Delivered,57951.92,41953.68
SHP_0003184,ORD_0003184,VEH_0010,DRV_0039,2026-06-06 15:55:06,2026-07-25 06:20:39,2026-07-25 02:57:30,2355.1,Delivered,81259.04,26044.64
SHP_0003185,ORD_0003185,VEH_0067,DRV_0026,2026-04-23 04:19:57,2026-07-31 14:10:58,2026-07-31 18:10:09,2081.6,Delivered,70841.74,35576.44
SHP_0003186,ORD_0003186,VEH_0026,DRV_0088,2025-12-06 22:45:31,2026-09-02 09:45:29,,2001.5,Cancelled,69715.29,44795.48
SHP_0003187,ORD_0003187,VEH_0033,DRV_0061,2026-06-06 08:58:35,2026-08-28 17:00:48,2026-08-28 13:47:06,25.0,Delivered,6229.01,427.27
SHP_0003188,ORD_0003188,VEH_0018,DRV_0027,2025-10-08 15:03:09,2026-05-03 00:49:50,2026-05-02 23:57:27,639.1,Delivered,22053.59,14303.67
SHP_0003189,ORD_0003189,VEH_0053,DRV_0030,2025-11-08 02:29:17,2026-04-21 16:29:17,2026-04-21 12:29:28,2225.5,Delivered,78050.43,55051.84
SHP_0003190,ORD_0003190,VEH_0063,DRV_0070,2026-01-12 08:36:03,2026-01-13 22:48:46,2026-01-13 20:33:45,913.1,Delivered,34065.28,20436.05
SHP_0003191,ORD_0003191,VEH_0051,DRV_0025,2026-04-27 04:10:36,2025-11-20 17:17:39,2026-04-28 20:07:08,1962.7,Delivered,64148.45,33544.33
SHP_0003192,ORD_0003192,VEH_0011,DRV_0073,2025-10-14 08:56:57,2025-12-15 21:47:38,2025-12-15 18:49:58,718.2,Delivered,24396.92,17766.0
SHP_0003193,ORD_0003193,VEH_0049,DRV_0001,2026-04-01 01:15:18,2026-02-12 02:17:27,2026-04-01 04:13:07,134.7,Delivered,8505.63,1489.62
SHP_0003194,ORD_0003194,VEH_0048,DRV_0002,2026-04-16 08:31:46,2026-05-18 16:07:09,2026-05-18 13:53:06,1714.1,Delivered,58858.15,42401.42
SHP_0003195,ORD_0003195,VEH_0073,DRV_0038,2026-05-09 22:09:38,2026-05-13 17:43:03,,2220.9,Cancelled,71883.24,37957.2
SHP_0003196,ORD_0003196,VEH_0012,DRV_0047,2026-06-28 00:02:30,2026-01-18 07:54:19,2026-06-29 17:08:15,1729.3,Delivered,31756.18,19124.02
SHP_0003197,ORD_0003197,VEH_0076,DRV_0078,2026-09-07 07:37:50,2026-09-15 16:07:56,2026-09-15 13:52:36,575.9,Delivered,19951.45,719.88
SHP_0003198,ORD_0003198,VEH_0052,DRV_0046,2025-12-02 12:56:44,2026-08-15 12:14:51,2026-08-15 10:40:52,1117.4,Delivered,20782.64,27640.95
SHP_0003199,ORD_0003199,VEH_0046,DRV_0057,2026-01-21 10:36:39,2025-12-21 08:50:57,2026-01-21 21:00:13,532.3,Delivered,22167.62,5886.61
SHP_0003200,ORD_0003200,VEH_0071,DRV_0050,2026-06-02 06:55:48,2026-07-31 12:17:24,2026-07-31 08:19:47,1945.3,Delivered,66430.12,21512.73
SHP_0003201,ORD_0003201,VEH_0045,DRV_0091,2026-07-26 11:58:31,2025-12-22 00:55:24,2026-07-27 17:47:56,1250.6,Delivered,44275.78,27989.62
SHP_0003202,ORD_0003202,VEH_0080,DRV_0075,2026-06-22 14:41:42,2026-07-26 11:56:05,2026-07-27 05:20:31,1375.2,Delivered,48144.42,15208.09
SHP_0003203,ORD_0003203,VEH_0021,DRV_0077,2026-01-02 19:23:20,2026-02-18 02:46:42,2026-02-17 23:32:09,372.6,Delivered,7303.52,465.75
SHP_0003204,ORD_0003204,VEH_0037,DRV_0044,2026-06-25 09:59:01,2025-12-07 02:55:25,2026-06-25 16:32:31,286.2,Delivered,14349.99,6405.43
SHP_0003205,ORD_0003205,VEH_0052,DRV_0068,2026-01-16 03:04:34,2026-01-09 19:50:54,2026-01-16 20:38:10,903.5,Delivered,34221.65,22349.74
SHP_0003206,ORD_0003206,VEH_0050,DRV_0050,2025-12-03 23:02:49,2026-09-01 03:59:50,2026-09-01 02:56:19,1154.9,Delivered,41075.11,12771.84
SHP_0003207,ORD_0003207,VEH_0032,DRV_0046,2026-03-31 13:33:54,2026-05-25 11:09:46,2026-05-26 02:22:06,1143.4,Delivered,42303.38,12644.66
SHP_0003208,ORD_0003208,VEH_0077,DRV_0061,2026-08-25 01:51:53,2026-02-12 07:54:24,2026-08-26 02:35:36,1059.1,Delivered,34908.36,18100.98
SHP_0003209,ORD_0003209,VEH_0015,DRV_0042,2025-12-16 17:32:56,2026-07-26 14:17:34,2026-07-26 13:46:01,528.3,Delivered,22671.12,660.38
SHP_0003210,ORD_0003210,VEH_0009,DRV_0013,2026-09-15 16:46:19,2026-02-27 11:09:34,2026-09-15 20:31:58,186.9,Delivered,11707.71,233.63
SHP_0003211,ORD_0003211,VEH_0003,DRV_0076,2025-12-16 11:54:14,2026-07-21 07:52:02,2026-07-21 03:52:42,1250.6,Delivered,44940.28,27989.62
SHP_0003212,ORD_0003212,VEH_0056,DRV_0064,2026-02-10 18:08:24,2026-06-29 08:42:14,2026-06-29 06:44:19,2266.0,Delivered,75371.21,2832.5
SHP_0003213,ORD_0003213,VEH_0028,DRV_0040,2026-07-20 21:51:17,2026-02-08 19:37:57,2026-07-22 10:19:33,1864.9,Delivered,61057.39,46131.74
SHP_0003214,ORD_0003214,VEH_0031,DRV_0083,2026-02-15 16:37:21,2026-07-26 18:16:45,,2133.8,Cancelled,74648.44,2667.25
SHP_0003215,ORD_0003215,VEH_0010,DRV_0042,2026-03-17 23:10:16,2026-05-27 17:26:06,2026-05-27 16:01:14,1468.7,Delivered,26488.46,16242.09
SHP_0003216,ORD_0003216,VEH_0035,DRV_0074,2025-12-16 03:20:47,2025-10-05 15:10:14,2025-10-05 16:56:35,1361.1,Delivered,44360.76,33669.32
SHP_0003217,ORD_0003217,VEH_0052,DRV_0034,2026-03-30 03:34:37,2026-06-05 14:16:28,2026-06-05 13:03:54,2215.9,Delivered,73142.84,54814.37
SHP_0003218,ORD_0003218,VEH_0050,DRV_0077,2026-01-27 12:02:54,2026-06-10 20:27:05,2026-06-10 19:56:05,1207.6,Delivered,42235.5,13354.64
SHP_0003219,ORD_0003219,VEH_0013,DRV_0058,2026-08-08 07:33:47,2026-01-02 20:52:36,,1942.2,Cancelled,66358.79,33193.96
SHP_0003220,ORD_0003220,VEH_0046,DRV_0016,2026-05-22 20:56:42,2026-09-03 14:23:55,2026-09-03 12:25:11,1805.9,Delivered,60015.49,19971.13
SHP_0003221,ORD_0003221,VEH_0066,DRV_0024,2026-06-26 04:00:52,2025-10-19 06:51:23,2026-06-27 15:31:34,1652.6,Delivered,55332.32,18275.81
SHP_0003222,ORD_0003222,VEH_0022,DRV_0080,2026-02-26 08:35:19,2025-11-01 03:06:23,2026-02-28 00:35:26,1640.7,Delivered,59354.67,28041.05
SHP_0003223,ORD_0003223,VEH_0029,DRV_0037,2026-03-14 06:31:33,2026-05-24 05:17:57,2026-05-24 02:13:15,1018.9,Delivered,39242.75,11267.84
SHP_0003224,ORD_0003224,VEH_0047,DRV_0082,2026-08-24 03:18:25,2025-10-30 07:37:19,2026-08-24 03:55:22,25.0,Delivered,636.8,427.27
SHP_0003225,ORD_0003225,VEH_0048,DRV_0095,2025-11-26 21:48:51,2025-11-24 18:22:41,2025-11-26 22:24:41,25.0,Delivered,4286.84,618.42
SHP_0003226,ORD_0003226,VEH_0032,DRV_0070,2026-05-29 14:10:53,2025-10-30 23:13:46,2026-05-31 15:42:15,2052.2,Delivered,71405.14,22694.92
SHP_0003227,ORD_0003227,VEH_0050,DRV_0098,2026-05-02 22:02:27,2026-03-20 04:13:35,2026-05-02 23:58:56,96.8,Delivered,1803.04,1070.49
SHP_0003228,ORD_0003228,VEH_0009,DRV_0040,2026-03-06 06:05:23,2026-08-09 23:32:19,2026-08-09 21:05:20,2226.5,Delivered,40257.21,2783.12
SHP_0003229,ORD_0003229,VEH_0002,DRV_0098,2026-08-24 01:27:41,2026-06-03 03:09:02,2026-08-24 08:10:15,309.1,Delivered,5944.34,7646.16
SHP_0003230,ORD_0003230,VEH_0053,DRV_0032,2025-10-30 02:29:25,2026-01-23 00:13:46,2026-01-23 07:18:00,1583.6,Delivered,56336.92,39173.26
SHP_0003231,ORD_0003231,VEH_0074,DRV_0072,2026-03-21 01:41:42,2026-02-14 02:48:14,2026-03-23 14:11:30,2624.8,Delivered,90543.9,64929.26
SHP_0003232,ORD_0003232,VEH_0023,DRV_0035,2026-02-24 11:58:10,2026-01-14 11:00:56,2026-02-26 21:39:10,2384.5,Delivered,43572.25,2980.62
SHP_0003233,ORD_0003233,VEH_0038,DRV_0010,2025-10-06 02:33:54,2026-06-14 02:30:44,,1365.7,Cancelled,45173.4,1707.12
SHP_0003234,ORD_0003234,VEH_0069,DRV_0027,2026-02-04 11:23:26,2025-12-10 00:36:21,2025-12-10 09:13:41,392.7,Delivered,13485.34,490.88
SHP_0003235,ORD_0003235,VEH_0014,DRV_0025,2026-03-09 03:29:37,2026-08-09 19:18:58,2026-08-09 18:36:38,915.4,Delivered,34652.85,20487.52
SHP_0003236,ORD_0003236,VEH_0016,DRV_0013,2026-07-27 17:04:56,2026-09-12 19:08:08,2026-09-12 15:25:50,606.6,Delivered,21951.44,15005.37
SHP_0003237,ORD_0003237,VEH_0066,DRV_0021,2026-09-11 09:21:12,2026-01-22 00:38:26,2026-01-22 15:05:11,606.6,Delivered,22193.31,6708.28
SHP_0003238,ORD_0003238,VEH_0013,DRV_0051,2026-08-14 00:39:32,2026-06-28 21:33:46,2026-08-14 01:12:45,25.0,Delivered,3795.12,427.27
SHP_0003239,ORD_0003239,VEH_0030,DRV_0040,2026-04-30 12:20:37,2026-09-06 22:51:46,2026-09-06 19:44:52,1318.3,Delivered,49373.18,29504.81
SHP_0003240,ORD_0003240,VEH_0067,DRV_0022,2025-10-01 10:53:05,2026-06-10 06:12:40,,352.9,Cancelled,13039.56,6031.38
SHP_0003241,ORD_0003241,VEH_0030,DRV_0003,2026-08-29 01:29:39,2025-11-02 02:04:46,2026-08-29 23:15:38,1089.7,Delivered,39589.54,24388.52
SHP_0003242,ORD_0003242,VEH_0003,DRV_0012,2026-05-13 20:52:28,2026-05-20 06:42:37,2026-05-20 03:41:24,1197.7,Delivered,39986.72,26805.67
SHP_0003243,ORD_0003243,VEH_0004,DRV_0057,2026-06-16 16:07:50,2026-01-18 09:19:18,2026-06-16 22:25:30,256.4,Delivered,10936.93,4382.11
SHP_0003244,ORD_0003244,VEH_0018,DRV_0083,2026-03-10 11:55:17,2025-11-14 10:55:57,2026-03-12 00:54:21,1800.4,Delivered,59622.25,40294.67
SHP_0003245,ORD_0003245,VEH_0036,DRV_0033,2026-02-28 23:04:00,2026-07-29 02:13:17,2026-07-29 09:49:28,1250.6,Delivered,40813.84,13830.16
SHP_0003246,ORD_0003246,VEH_0004,DRV_0091,2026-08-28 06:09:37,2026-07-24 15:59:57,2026-07-24 17:37:29,1384.9,Delivered,48598.39,23669.2
SHP_0003247,ORD_0003247,VEH_0009,DRV_0057,2026-09-01 08:00:28,2026-06-23 04:45:39,2026-09-03 10:57:05,2619.8,Delivered,89090.73,3274.75
SHP_0003248,ORD_0003248,VEH_0066,DRV_0033,2026-08-02 07:02:55,2026-01-04 11:34:20,2026-08-03 08:15:41,1049.1,Delivered,39525.09,11601.81
SHP_0003249,ORD_0003249,VEH_0050,DRV_0045,2026-09-13 18:42:35,2025-10-18 01:52:54,2026-09-14 21:57:19,1393.3,Delivered,25744.78,15408.26
SHP_0003250,ORD_0003250,VEH_0005,DRV_0064,2025-11-13 05:35:41,2026-03-05 10:28:41,,408.2,Cancelled,18861.03,510.25
SHP_0003251,ORD_0003251,VEH_0024,DRV_0053,2026-02-20 07:45:24,2025-10-08 12:53:13,2026-02-20 08:16:59,25.0,Delivered,2240.64,427.27
SHP_0003252,ORD_0003252,VEH_0066,DRV_0083,2026-01-01 00:14:30,2025-11-02 02:13:13,2025-11-02 12:13:46,100.3,Delivered,10617.5,1109.2
SHP_0003253,ORD_0003253,VEH_0021,DRV_0076,2025-10-04 15:51:28,2026-07-25 07:13:42,2026-07-25 04:59:33,1718.0,Delivered,56412.26,2147.5
SHP_0003254,ORD_0003254,VEH_0002,DRV_0073,2025-12-24 17:42:45,2026-08-18 22:30:41,2026-08-19 04:05:29,1084.2,Delivered,40035.01,26819.68
SHP_0003255,ORD_0003255,VEH_0056,DRV_0043,2025-11-10 22:59:03,2026-08-22 10:35:55,2026-08-22 08:52:00,1240.0,Delivered,45926.58,1550.0
SHP_0003256,ORD_0003256,VEH_0078,DRV_0073,2025-10-22 13:17:10,2026-06-20 22:15:55,2026-06-20 20:22:59,1288.6,Delivered,43674.02,1610.75
SHP_0003257,ORD_0003257,VEH_0025,DRV_0049,2026-03-12 19:18:18,2026-07-27 01:30:52,2026-07-26 21:41:37,2198.4,Delivered,76112.22,49202.29
SHP_0003258,ORD_0003258,VEH_0077,DRV_0053,2026-03-26 15:23:15,2025-12-18 13:56:29,2026-03-28 07:03:13,1798.5,Delivered,64193.34,30738.0
SHP_0003259,ORD_0003259,VEH_0012,DRV_0086,2026-06-03 09:50:53,2026-06-29 10:46:46,2026-06-29 14:33:38,2223.2,Delivered,76448.14,24585.98
SHP_0003260,ORD_0003260,VEH_0056,DRV_0021,2026-04-02 05:01:53,2026-07-20 18:50:14,2026-07-20 16:28:02,483.8,Delivered,19482.16,604.75
SHP_0003261,ORD_0003261,VEH_0029,DRV_0074,2026-05-18 12:01:52,2026-04-29 01:58:03,2026-05-18 12:31:57,25.0,Delivered,4675.91,276.47
SHP_0003262,ORD_0003262,VEH_0069,DRV_0040,2026-01-16 02:05:44,2026-08-23 13:48:11,2026-08-23 10:41:17,541.2,Delivered,18080.34,676.5
SHP_0003263,ORD_0003263,VEH_0057,DRV_0097,2026-03-19 14:28:34,2026-09-17 23:42:51,2026-09-17 22:38:42,1953.5,Delivered,66074.24,21603.41
SHP_0003264,ORD_0003264,VEH_0032,DRV_0098,2026-01-29 01:20:14,2026-04-14 21:36:34,2026-04-15 11:26:27,456.2,Delivered,20423.33,5045.04
SHP_0003265,ORD_0003265,VEH_0061,DRV_0073,2026-08-08 08:03:32,2026-01-26 01:38:14,2026-08-10 16:06:47,2502.5,Delivered,83735.37,61903.95
SHP_0003266,ORD_0003266,VEH_0051,DRV_0058,2026-04-13 06:59:26,2026-05-27 15:40:06,2026-05-27 13:04:48,971.9,Delivered,37428.74,16610.65
SHP_0003267,ORD_0003267,VEH_0009,DRV_0008,2025-12-03 02:33:36,2026-07-22 08:57:51,2026-07-22 06:22:53,634.6,Delivered,25776.14,793.25
SHP_0003268,ORD_0003268,VEH_0033,DRV_0039,2026-02-22 19:40:24,2026-02-15 03:03:40,2026-02-23 18:08:29,1145.5,Delivered,41929.22,19577.64
SHP_0003269,ORD_0003269,VEH_0003,DRV_0021,2026-04-11 15:59:31,2026-01-04 15:47:31,2026-04-13 03:47:11,1821.6,Delivered,65011.35,40769.14
SHP_0003270,ORD_0003270,VEH_0004,DRV_0086,2025-12-27 20:00:32,2026-05-10 00:41:15,2026-05-10 15:56:22,1235.1,Delivered,40407.31,21108.98
SHP_0003271,ORD_0003271,VEH_0054,DRV_0063,2026-03-30 12:44:00,2026-04-22 11:22:28,2026-04-22 07:36:01,1973.7,Delivered,64866.42,2467.12
SHP_0003272,ORD_0003272,VEH_0078,DRV_0066,2026-01-18 16:21:39,2025-12-20 18:21:16,2026-01-19 21:07:48,1246.5,Delivered,42091.65,1558.12
SHP_0003273,ORD_0003273,VEH_0039,DRV_0047,2026-06-20 12:26:56,2026-09-05 00:54:19,2026-09-04 23:46:38,1260.4,Delivered,44306.63,28208.95
SHP_0003274,ORD_0003274,VEH_0045,DRV_0019,2026-06-17 07:12:10,2026-01-06 13:41:05,2026-06-19 05:07:18,2133.3,Delivered,73160.49,47745.29
SHP_0003275,ORD_0003275,VEH_0063,DRV_0057,2026-06-01 06:01:42,2025-11-05 01:14:24,2026-06-02 01:44:05,901.9,Delivered,30809.93,20185.38
SHP_0003276,ORD_0003276,VEH_0064,DRV_0063,2026-04-27 07:10:26,2026-07-11 01:21:03,2026-07-10 21:27:38,1710.5,Delivered,31296.65,42312.37
SHP_0003277,ORD_0003277,VEH_0043,DRV_0088,2026-07-31 18:15:53,2026-05-01 17:43:02,2026-08-02 09:18:00,1805.9,Delivered,62796.93,2257.38
SHP_0003278,ORD_0003278,VEH_0041,DRV_0099,2026-03-07 17:58:34,2026-03-09 08:51:31,2026-03-09 07:53:40,1250.6,Delivered,41985.41,21373.89
SHP_0003279,ORD_0003279,VEH_0056,DRV_0085,2026-08-23 15:41:34,2026-09-02 21:11:47,2026-09-02 20:19:05,1966.8,Delivered,66702.6,2458.5
SHP_0003280,ORD_0003280,VEH_0079,DRV_0054,2026-08-07 09:06:48,2026-08-24 16:40:26,2026-08-25 08:58:51,544.1,Delivered,21118.81,12177.48
SHP_0003281,ORD_0003281,VEH_0077,DRV_0047,2026-02-27 14:55:31,2026-09-06 06:31:23,,2030.0,Cancelled,65965.52,34694.55
SHP_0003282,ORD_0003282,VEH_0016,DRV_0011,2026-08-13 16:53:40,2026-09-25 09:27:14,2026-09-25 11:46:55,661.6,Delivered,11954.42,16365.89
SHP_0003283,ORD_0003283,VEH_0047,DRV_0058,2026-03-21 18:06:03,2026-05-25 23:27:09,,1959.1,Cancelled,66694.4,33482.8
SHP_0003284,ORD_0003284,VEH_0071,DRV_0082,2025-12-12 19:39:13,2026-06-12 01:38:25,2026-06-11 22:17:57,2081.6,Delivered,71160.57,23020.05
SHP_0003285,ORD_0003285,VEH_0018,DRV_0074,2026-05-21 23:44:26,2026-01-08 09:51:19,2026-05-23 01:36:42,1194.1,Delivered,40249.92,26725.1
SHP_0003286,ORD_0003286,VEH_0068,DRV_0036,2025-11-25 12:16:33,2025-11-26 22:32:49,2025-11-26 19:53:47,334.7,Delivered,6427.42,3701.39
SHP_0003287,ORD_0003287,VEH_0055,DRV_0038,2025-12-16 19:13:54,2026-02-28 21:34:05,,2187.9,Cancelled,73519.68,54121.74
SHP_0003288,ORD_0003288,VEH_0011,DRV_0019,2026-07-22 14:22:52,2026-09-24 20:17:45,2026-09-24 17:00:27,147.9,Delivered,6741.93,3658.58
SHP_0003289,ORD_0003289,VEH_0018,DRV_0005,2026-05-17 09:51:41,2025-12-10 16:37:45,2026-05-19 08:49:42,2208.9,Delivered,76889.4,49437.29
SHP_0003290,ORD_0003290,VEH_0043,DRV_0022,2026-02-03 21:55:08,2026-06-26 23:24:56,2026-06-26 22:54:41,1375.2,Delivered,46100.22,1719.0
SHP_0003291,ORD_0003291,VEH_0031,DRV_0037,2025-12-01 07:20:30,2026-04-06 13:35:13,,1161.2,Cancelled,38703.1,1451.5
SHP_0003292,ORD_0003292,VEH_0010,DRV_0100,2026-01-28 22:06:11,2026-01-22 13:41:48,2026-01-29 09:55:36,533.4,Delivered,23674.08,5898.78
SHP_0003293,ORD_0003293,VEH_0071,DRV_0044,2026-09-11 03:57:23,2026-06-17 01:10:02,2026-06-17 09:38:38,1227.7,Delivered,44651.63,13576.92
SHP_0003294,ORD_0003294,VEH_0046,DRV_0047,2025-11-22 16:40:16,2026-05-30 23:59:42,2026-05-30 21:40:33,2387.3,Delivered,43672.92,26400.73
SHP_0003295,ORD_0003295,VEH_0053,DRV_0058,2026-07-28 23:50:37,2026-06-29 08:34:41,2026-07-31 00:01:41,2203.3,Delivered,71341.28,54502.68
SHP_0003296,ORD_0003296,VEH_0061,DRV_0042,2026-09-14 09:04:02,2026-07-09 21:20:01,2026-09-16 03:26:35,2024.3,Delivered,67030.68,50074.79
SHP_0003297,ORD_0003297,VEH_0021,DRV_0050,2025-12-21 16:30:15,2026-08-12 04:39:11,2026-08-12 01:36:53,809.0,Delivered,32142.17,1011.25
SHP_0003298,ORD_0003298,VEH_0025,DRV_0045,2025-11-08 09:57:02,2026-01-19 19:20:45,2026-01-19 16:21:13,2612.0,Delivered,85189.3,58459.05
SHP_0003299,ORD_0003299,VEH_0040,DRV_0024,2026-04-09 08:04:37,2026-06-24 16:38:59,2026-06-24 22:01:57,564.9,Delivered,24365.6,13973.84
SHP_0003300,ORD_0003300,VEH_0073,DRV_0064,2026-07-14 01:33:00,2026-08-26 13:01:41,2026-08-26 09:38:34,1116.5,Delivered,38836.12,19082.0
SHP_0003301,ORD_0003301,VEH_0031,DRV_0045,2026-06-15 05:34:32,2025-10-03 06:03:11,2026-06-15 19:33:26,673.9,Delivered,27727.85,842.38
SHP_0003302,ORD_0003302,VEH_0069,DRV_0018,2025-10-02 19:02:17,2026-09-13 11:01:20,2026-09-13 09:15:57,286.2,Delivered,12975.69,357.75
SHP_0003303,ORD_0003303,VEH_0038,DRV_0055,2026-07-25 08:23:15,2025-10-20 20:40:35,2026-07-27 01:20:41,1753.8,Delivered,58999.56,2192.25
SHP_0003304,ORD_0003304,VEH_0016,DRV_0063,2026-02-14 14:03:29,2026-01-22 00:50:37,2026-01-22 08:48:52,352.9,Delivered,14787.8,8729.63
SHP_0003305,ORD_0003305,VEH_0016,DRV_0055,2026-07-30 03:50:31,2026-04-22 00:20:50,2026-07-31 13:32:49,1642.5,Delivered,57938.13,40630.26
SHP_0003306,ORD_0003306,VEH_0045,DRV_0020,2025-11-18 23:23:30,2026-09-17 16:37:00,2026-09-17 15:48:31,2060.0,Delivered,73060.42,46104.76
SHP_0003307,ORD_0003307,VEH_0051,DRV_0099,2026-01-25 04:30:51,2026-08-16 10:18:26,2026-08-16 07:18:59,2122.9,Delivered,71169.04,36282.29
SHP_0003308,ORD_0003308,VEH_0057,DRV_0034,2026-08-21 03:31:12,2026-01-19 20:40:05,2026-08-22 09:05:39,1362.2,Delivered,24560.45,15064.33
SHP_0003309,ORD_0003309,VEH_0029,DRV_0029,2026-08-25 17:15:30,2026-01-05 05:29:02,2026-08-26 23:59:14,1294.9,Delivered,42543.89,14320.07
SHP_0003310,ORD_0003310,VEH_0048,DRV_0060,2026-02-10 16:38:47,2026-09-05 13:18:53,2026-09-05 09:57:48,1763.8,Delivered,32084.29,43630.84
SHP_0003311,ORD_0003311,VEH_0035,DRV_0064,2025-11-17 08:48:58,2026-06-14 09:30:49,2026-06-14 08:15:37,1678.5,Delivered,30862.89,41520.79
SHP_0003312,ORD_0003312,VEH_0012,DRV_0041,2026-05-17 11:45:42,2026-04-17 09:15:11,2026-05-17 20:46:43,369.9,Delivered,14799.31,4090.66
SHP_0003313,ORD_0003313,VEH_0029,DRV_0095,2025-11-08 00:49:33,2025-10-11 18:59:59,,1943.2,Cancelled,65640.98,21489.51
SHP_0003314,ORD_0003314,VEH_0070,DRV_0012,2026-06-05 13:40:37,2025-10-23 21:39:14,2026-06-06 18:30:37,1339.3,Delivered,45770.66,33130.05
SHP_0003315,ORD_0003315,VEH_0009,DRV_0061,2026-07-15 02:58:29,2026-05-03 07:19:52,2026-07-16 00:18:43,898.8,Delivered,35894.99,1123.5
SHP_0003316,ORD_0003316,VEH_0063,DRV_0011,2026-02-12 01:57:08,2026-06-17 18:30:55,2026-06-17 17:44:20,1343.5,Delivered,46006.01,30068.81
SHP_0003317,ORD_0003317,VEH_0079,DRV_0096,2026-08-26 12:38:54,2026-09-09 18:03:21,2026-09-09 16:30:12,1110.6,Delivered,37892.89,24856.29
SHP_0003318,ORD_0003318,VEH_0024,DRV_0071,2026-08-23 06:52:54,2026-08-19 01:35:02,2026-08-24 23:00:50,1899.4,Delivered,63804.55,32462.47
SHP_0003319,ORD_0003319,VEH_0049,DRV_0026,2026-04-10 04:20:33,2026-03-20 05:47:46,2026-04-11 11:35:50,1385.6,Delivered,25111.44,15323.11
SHP_0003320,ORD_0003320,VEH_0070,DRV_0056,2025-11-16 08:18:22,2026-06-03 17:33:48,2026-06-03 14:45:17,777.4,Delivered,30023.06,19230.42
SHP_0003321,ORD_0003321,VEH_0020,DRV_0044,2026-07-25 23:21:05,2026-01-20 11:39:04,2026-07-28 03:56:10,2210.4,Delivered,76802.48,37777.75
SHP_0003322,ORD_0003322,VEH_0038,DRV_0079,2026-03-07 06:17:10,2026-04-28 14:11:40,2026-04-28 13:33:26,337.1,Delivered,14238.93,421.38
SHP_0003323,ORD_0003323,VEH_0021,DRV_0058,2026-05-24 21:41:43,2026-01-21 19:26:14,2026-05-25 04:15:18,334.4,Delivered,6662.76,418.0
SHP_0003324,ORD_0003324,VEH_0061,DRV_0012,2026-04-13 17:36:24,2025-10-21 05:42:17,2026-04-14 01:00:48,370.5,Delivered,13267.77,9165.0
SHP_0003325,ORD_0003325,VEH_0034,DRV_0014,2026-03-19 08:42:50,2026-01-21 19:59:18,2026-03-20 01:36:32,686.6,Delivered,28509.51,7592.99
SHP_0003326,ORD_0003326,VEH_0022,DRV_0093,2025-12-28 02:45:44,2025-10-09 19:08:08,2025-12-29 06:56:44,1136.9,Delivered,42577.56,19430.65
SHP_0003327,ORD_0003327,VEH_0072,DRV_0093,2026-05-10 10:34:28,2025-11-07 07:18:36,2026-05-10 17:31:33,352.9,Delivered,17074.49,3902.66
SHP_0003328,ORD_0003328,VEH_0040,DRV_0055,2026-02-24 07:55:28,2026-01-22 22:28:13,2026-02-24 13:06:18,235.1,Delivered,9692.8,5815.63
SHP_0003329,ORD_0003329,VEH_0076,DRV_0014,2026-07-22 22:45:20,2026-07-18 09:30:13,2026-07-24 02:57:08,1197.7,Delivered,40790.63,1497.12
SHP_0003330,ORD_0003330,VEH_0049,DRV_0045,2025-12-26 06:10:54,2026-07-01 13:33:36,,2471.3,Cancelled,84994.86,27329.67
SHP_0003331,ORD_0003331,VEH_0016,DRV_0050,2026-02-24 04:30:10,2026-06-04 21:50:47,2026-06-04 19:21:48,152.1,Delivered,3269.2,3762.47
SHP_0003332,ORD_0003332,VEH_0059,DRV_0038,2026-06-04 01:08:17,2026-03-27 20:48:00,2026-06-04 01:39:28,25.0,Delivered,4569.23,276.47
SHP_0003333,ORD_0003333,VEH_0003,DRV_0006,2026-06-26 11:49:02,2026-02-04 05:22:01,2026-06-27 21:24:43,1710.5,Delivered,58355.54,38282.62
SHP_0003334,ORD_0003334,VEH_0037,DRV_0089,2025-12-26 16:20:49,2025-12-15 21:19:14,2025-12-27 07:19:36,643.8,Delivered,26886.06,14408.86
SHP_0003335,ORD_0003335,VEH_0001,DRV_0096,2026-04-30 06:56:52,2026-03-07 07:42:07,2026-04-30 10:29:27,160.8,Delivered,9982.49,3977.68
SHP_0003336,ORD_0003336,VEH_0066,DRV_0068,2026-06-22 01:16:01,2025-10-29 16:18:43,2026-06-23 04:20:50,1084.2,Delivered,40681.22,11989.98
SHP_0003337,ORD_0003337,VEH_0066,DRV_0067,2026-04-12 21:42:09,2026-05-20 05:56:27,2026-05-20 03:02:53,2207.6,Delivered,77173.38,24413.46
SHP_0003338,ORD_0003338,VEH_0011,DRV_0045,2025-10-04 17:18:59,2026-05-16 12:36:41,2026-05-16 11:02:18,974.2,Delivered,37052.81,24098.63
SHP_0003339,ORD_0003339,VEH_0016,DRV_0015,2026-09-11 07:04:30,2026-08-21 11:41:03,2026-09-13 02:30:07,2202.4,Delivered,75264.12,54480.42
SHP_0003340,ORD_0003340,VEH_0079,DRV_0033,2026-08-19 04:23:52,2026-02-02 01:35:02,2026-08-20 07:21:43,1200.6,Delivered,41589.63,26870.57
SHP_0003341,ORD_0003341,VEH_0032,DRV_0019,2026-06-15 22:43:00,2026-03-30 06:49:33,2026-06-17 19:44:52,1807.1,Delivered,59059.36,19984.4
SHP_0003342,ORD_0003342,VEH_0079,DRV_0074,2025-11-12 23:19:07,2025-10-26 08:35:59,2025-11-13 05:02:24,271.4,Delivered,9578.22,6074.19
SHP_0003343,ORD_0003343,VEH_0051,DRV_0005,2025-10-31 07:34:47,2026-09-03 21:02:49,2026-09-03 19:27:12,924.8,Delivered,30720.02,15805.67
SHP_0003344,ORD_0003344,VEH_0047,DRV_0039,2026-01-08 10:38:19,2026-04-06 14:12:06,2026-04-06 13:03:36,1960.1,Delivered,69466.96,33499.89
SHP_0003345,ORD_0003345,VEH_0025,DRV_0004,2026-05-29 10:32:12,2026-02-20 09:45:55,2026-05-29 18:28:25,357.0,Delivered,13688.81,7990.0
SHP_0003346,ORD_0003346,VEH_0001,DRV_0009,2025-12-20 21:29:08,2026-04-20 05:52:38,2026-04-20 13:24:52,1869.3,Delivered,62028.92,46240.58
SHP_0003347,ORD_0003347,VEH_0013,DRV_0027,2026-07-30 12:54:46,2026-08-12 04:48:35,2026-08-12 03:06:43,133.7,Delivered,10339.74,2285.05
SHP_0003348,ORD_0003348,VEH_0034,DRV_0026,2026-02-12 05:13:40,2026-03-21 01:13:05,2026-03-21 00:27:09,1318.3,Delivered,44560.25,14578.85
SHP_0003349,ORD_0003349,VEH_0027,DRV_0019,2026-06-05 04:18:19,2026-09-12 17:36:43,2026-09-12 19:40:55,535.8,Delivered,22479.88,13254.0
SHP_0003350,ORD_0003350,VEH_0061,DRV_0092,2026-07-20 01:42:19,2026-09-05 04:06:43,2026-09-05 03:16:08,1596.6,Delivered,56923.53,39494.84
SHP_0003351,ORD_0003351,VEH_0032,DRV_0051,2025-12-21 18:01:25,2025-10-11 02:52:45,2025-12-23 13:12:48,2209.5,Delivered,73579.79,24434.47
SHP_0003352,ORD_0003352,VEH_0014,DRV_0018,2026-05-24 16:35:04,2026-02-20 19:12:33,2026-05-25 12:43:05,995.1,Delivered,37051.92,22271.29
SHP_0003353,ORD_0003353,VEH_0054,DRV_0064,2026-06-12 09:12:42,2025-12-07 12:27:13,2026-06-12 11:58:54,136.0,Delivered,5943.23,170.0
SHP_0003354,ORD_0003354,VEH_0030,DRV_0091,2026-05-26 18:26:26,2026-03-22 02:36:38,,982.1,Cancelled,34971.4,21980.33
SHP_0003355,ORD_0003355,VEH_0018,DRV_0092,2025-12-04 19:14:18,2025-12-25 00:42:28,2025-12-24 21:18:22,1966.2,Delivered,65562.03,44005.43
SHP_0003356,ORD_0003356,VEH_0071,DRV_0022,2026-06-16 01:29:06,2026-09-22 02:26:19,2026-09-22 01:19:57,1958.1,Delivered,68610.12,21654.28
SHP_0003357,ORD_0003357,VEH_0028,DRV_0067,2025-12-15 07:27:57,2026-01-24 14:04:41,2026-01-24 11:19:29,1375.2,Delivered,25481.99,34018.11
SHP_0003358,ORD_0003358,VEH_0026,DRV_0058,2025-11-23 19:28:51,2026-06-10 11:42:18,,1697.7,Cancelled,55546.76,37996.14
SHP_0003359,ORD_0003359,VEH_0063,DRV_0070,2026-02-10 16:16:41,2026-03-06 02:26:23,,1898.0,Cancelled,61518.89,42479.05
SHP_0003360,ORD_0003360,VEH_0059,DRV_0076,2025-12-23 03:42:36,2026-01-20 08:15:19,2026-01-20 06:24:06,1999.6,Delivered,67170.86,22113.22
SHP_0003361,ORD_0003361,VEH_0048,DRV_0016,2026-01-13 01:54:04,2025-12-26 01:38:55,2026-01-13 06:11:28,184.3,Delivered,8141.5,4559.0
SHP_0003362,ORD_0003362,VEH_0042,DRV_0086,2025-11-22 16:07:36,2026-06-30 13:35:25,2026-06-30 11:36:28,1200.3,Delivered,40390.59,26863.86
SHP_0003363,ORD_0003363,VEH_0034,DRV_0079,2026-06-13 20:53:59,2025-11-12 05:33:04,2026-06-15 06:01:01,1697.8,Delivered,56587.35,18775.67
SHP_0003364,ORD_0003364,VEH_0001,DRV_0042,2026-09-04 05:40:45,2026-05-17 00:28:40,2026-09-05 11:05:27,1328.1,Delivered,49441.78,32853.0
SHP_0003365,ORD_0003365,VEH_0005,DRV_0075,2026-05-19 11:07:36,2026-04-18 23:25:39,2026-05-20 05:32:07,896.4,Delivered,35087.96,1120.5
SHP_0003366,ORD_0003366,VEH_0021,DRV_0063,2026-01-09 11:12:07,2026-08-09 12:15:21,2026-08-09 09:41:59,687.4,Delivered,24590.04,859.25
SHP_0003367,ORD_0003367,VEH_0018,DRV_0047,2025-12-05 13:39:28,2025-12-08 23:44:45,2025-12-08 20:28:55,2208.5,Delivered,77524.66,49428.33
SHP_0003368,ORD_0003368,VEH_0023,DRV_0022,2025-12-21 22:18:58,2026-01-06 22:37:48,2026-01-06 19:08:06,145.1,Delivered,9650.14,181.38
SHP_0003369,ORD_0003369,VEH_0042,DRV_0019,2026-08-02 08:26:09,2025-10-16 03:43:33,2025-10-16 13:38:32,1144.1,Delivered,40293.11,25606.05
SHP_0003370,ORD_0003370,VEH_0066,DRV_0054,2026-02-16 21:20:39,2026-08-18 17:52:48,2026-08-18 17:18:17,2384.5,Delivered,78755.26,26369.76
SHP_0003371,ORD_0003371,VEH_0008,DRV_0031,2025-11-09 15:50:24,2026-07-08 23:49:58,2026-07-08 21:34:48,305.8,Delivered,16673.3,3381.79
SHP_0003372,ORD_0003372,VEH_0055,DRV_0065,2026-07-20 20:54:10,2025-11-20 19:04:54,2026-07-22 03:41:38,1458.4,Delivered,52498.69,36076.21
SHP_0003373,ORD_0003373,VEH_0024,DRV_0094,2026-06-01 22:54:02,2026-05-09 14:10:16,2026-06-03 05:17:34,1466.5,Delivered,51881.75,25063.82
SHP_0003374,ORD_0003374,VEH_0006,DRV_0060,2026-03-20 10:08:13,2026-07-23 02:40:50,2026-07-23 01:53:19,311.3,Delivered,14324.29,6967.19
SHP_0003375,ORD_0003375,VEH_0023,DRV_0026,2026-02-13 09:15:09,2026-09-25 09:02:24,2026-09-25 05:54:13,25.0,Delivered,6911.32,31.25
SHP_0003376,ORD_0003376,VEH_0035,DRV_0086,2026-01-04 20:56:39,2026-04-25 22:38:57,2026-04-25 20:50:07,129.3,Delivered,7393.47,3198.47
SHP_0003377,ORD_0003377,VEH_0079,DRV_0033,2026-04-21 11:00:46,2025-11-26 20:47:18,2026-04-21 13:37:04,135.4,Delivered,11082.62,3030.38
SHP_0003378,ORD_0003378,VEH_0036,DRV_0029,2026-06-11 18:12:34,2026-02-06 12:06:40,2026-06-13 07:23:45,1637.3,Delivered,54141.73,18106.61
SHP_0003379,ORD_0003379,VEH_0024,DRV_0036,2025-10-02 15:42:18,2026-07-02 23:55:25,2026-07-02 22:04:41,1700.1,Delivered,60597.04,29056.25
SHP_0003380,ORD_0003380,VEH_0043,DRV_0042,2026-04-13 07:10:17,2026-08-19 22:41:18,2026-08-19 21:47:37,2621.8,Delivered,88589.05,3277.25
SHP_0003381,ORD_0003381,VEH_0077,DRV_0027,2026-01-13 10:29:42,2026-05-14 21:44:21,2026-05-14 19:04:47,425.3,Delivered,20346.61,7268.76
SHP_0003382,ORD_0003382,VEH_0028,DRV_0025,2026-03-05 10:18:27,2026-05-26 13:30:16,2026-05-26 12:20:14,1146.0,Delivered,41072.42,28348.42
SHP_0003383,ORD_0003383,VEH_0045,DRV_0001,2026-08-21 09:18:05,2026-07-25 08:24:31,2026-08-22 14:11:31,1432.7,Delivered,51564.01,32065.19
SHP_0003384,ORD_0003384,VEH_0003,DRV_0042,2025-11-10 08:48:47,2025-10-11 04:46:56,2025-11-10 22:19:44,550.4,Delivered,10340.43,12318.48
SHP_0003385,ORD_0003385,VEH_0047,DRV_0094,2026-04-25 17:31:09,2026-07-11 06:14:14,2026-07-11 04:34:27,357.0,Delivered,14106.21,6101.45
SHP_0003386,ORD_0003386,VEH_0001,DRV_0061,2026-03-09 02:49:58,2026-01-10 14:09:17,2026-03-11 05:39:11,2615.5,Delivered,84806.82,64699.21
SHP_0003387,ORD_0003387,VEH_0068,DRV_0016,2026-06-01 16:53:32,2026-06-03 20:03:08,2026-06-03 18:40:43,1637.3,Delivered,55877.85,18106.61
SHP_0003388,ORD_0003388,VEH_0057,DRV_0060,2026-08-20 21:54:43,2026-02-08 14:51:59,2026-08-21 03:00:58,237.5,Delivered,13155.39,2626.47
SHP_0003389,ORD_0003389,VEH_0033,DRV_0085,2026-07-31 23:08:18,2026-04-14 13:24:43,2026-08-01 02:03:22,127.6,Delivered,7597.02,2180.8
SHP_0003390,ORD_0003390,VEH_0046,DRV_0012,2026-01-25 18:49:22,2026-04-13 22:07:42,2026-04-14 09:05:37,296.1,Delivered,12102.62,3274.52
SHP_0003391,ORD_0003391,VEH_0055,DRV_0022,2026-01-26 15:25:06,2026-07-04 14:32:51,2026-07-04 13:32:28,1953.5,Delivered,35326.95,48323.42
SHP_0003392,ORD_0003392,VEH_0007,DRV_0059,2026-08-12 07:31:33,2026-01-05 10:31:20,2026-08-12 12:11:06,232.5,Delivered,13260.56,3973.64
SHP_0003393,ORD_0003393,VEH_0076,DRV_0076,2025-11-10 01:18:04,2026-08-29 15:05:01,2026-08-29 11:25:33,2196.7,Delivered,76618.89,2745.87
SHP_0003394,ORD_0003394,VEH_0006,DRV_0087,2026-03-19 18:09:06,2025-11-10 11:23:47,2026-03-20 15:01:44,904.6,Delivered,34915.58,20245.81
SHP_0003395,ORD_0003395,VEH_0030,DRV_0046,2025-12-06 05:50:32,2025-11-25 06:42:55,2025-12-07 17:02:00,1601.7,Delivered,54394.51,35847.57
SHP_0003396,ORD_0003396,VEH_0043,DRV_0084,2025-11-19 04:10:46,2026-09-01 18:45:10,2026-09-01 15:21:54,499.5,Delivered,22714.29,624.38
SHP_0003397,ORD_0003397,VEH_0008,DRV_0007,2026-06-08 15:08:51,2026-06-18 21:16:13,2026-06-18 18:22:34,352.9,Delivered,12898.91,3902.66
SHP_0003398,ORD_0003398,VEH_0030,DRV_0015,2026-07-27 05:14:07,2026-03-08 12:05:13,,1973.7,Cancelled,36233.5,44173.29
SHP_0003399,ORD_0003399,VEH_0014,DRV_0100,2026-07-14 12:21:03,2026-06-30 15:13:50,2026-07-14 18:56:52,289.5,Delivered,16396.07,6479.29
SHP_0003400,ORD_0003400,VEH_0060,DRV_0097,2026-05-16 15:11:30,2026-01-21 19:21:38,2026-05-17 01:38:40,432.0,Delivered,19102.31,4777.41
SHP_0003401,ORD_0003401,VEH_0013,DRV_0066,2026-07-04 13:46:38,2025-12-21 21:48:07,2026-07-06 02:09:45,1525.7,Delivered,56188.56,26075.6
SHP_0003402,ORD_0003402,VEH_0070,DRV_0070,2026-08-09 09:58:33,2026-01-11 22:31:07,2026-08-10 11:02:01,1249.9,Delivered,41003.23,30918.58
SHP_0003403,ORD_0003403,VEH_0056,DRV_0095,2026-06-28 13:19:55,2026-04-03 20:09:10,2026-06-30 13:07:44,1953.4,Delivered,64507.15,2441.75
SHP_0003404,ORD_0003404,VEH_0062,DRV_0089,2025-10-17 11:57:02,2026-03-11 14:12:08,2026-03-11 10:18:49,337.1,Delivered,16411.44,5761.35
SHP_0003405,ORD_0003405,VEH_0017,DRV_0030,2025-10-19 04:17:47,2026-09-01 09:25:10,2026-09-01 07:30:39,231.3,Delivered,14859.94,5176.71
SHP_0003406,ORD_0003406,VEH_0080,DRV_0058,2026-02-15 20:42:49,2025-12-25 08:18:33,2026-02-16 05:04:06,353.5,Delivered,18483.03,3909.29
SHP_0003407,ORD_0003407,VEH_0008,DRV_0054,2026-05-27 19:59:07,2026-05-29 17:10:20,2026-05-29 15:46:26,906.0,Delivered,34944.11,10019.29
SHP_0003408,ORD_0003408,VEH_0006,DRV_0010,2026-08-20 22:52:15,2026-06-30 10:57:58,2026-08-21 12:48:44,679.4,Delivered,28642.35,15205.62
SHP_0003409,ORD_0003409,VEH_0069,DRV_0052,2026-05-16 02:55:13,2025-10-16 23:31:44,2025-10-17 04:19:58,429.6,Delivered,8086.8,537.0
SHP_0003410,ORD_0003410,VEH_0077,DRV_0002,2025-12-29 01:36:15,2026-06-26 06:55:24,2026-06-26 05:47:19,1365.2,Delivered,49528.48,23332.51
SHP_0003411,ORD_0003411,VEH_0061,DRV_0052,2026-08-14 01:21:04,2026-04-30 14:11:07,2026-08-14 01:58:20,25.0,Delivered,3870.88,618.42
SHP_0003412,ORD_0003412,VEH_0034,DRV_0059,2026-06-12 13:17:58,2026-05-11 19:10:36,2026-06-13 13:53:28,1108.7,Delivered,36727.33,12260.92
SHP_0003413,ORD_0003413,VEH_0035,DRV_0087,2025-11-16 12:48:49,2025-10-15 01:51:52,2025-11-16 17:43:56,212.4,Delivered,10879.16,5254.11
SHP_0003414,ORD_0003414,VEH_0011,DRV_0090,2026-08-03 22:28:07,2026-04-30 16:48:57,2026-05-01 00:23:15,2067.6,Delivered,72001.14,51145.89
SHP_0003415,ORD_0003415,VEH_0069,DRV_0017,2025-12-18 13:41:45,2025-11-08 16:48:16,2025-12-19 11:45:09,982.7,Delivered,18173.03,1228.38
SHP_0003416,ORD_0003416,VEH_0074,DRV_0100,2026-06-05 06:27:33,2026-07-14 11:34:05,2026-07-14 10:27:48,1084.2,Delivered,41623.37,26819.68
SHP_0003417,ORD_0003417,VEH_0031,DRV_0079,2026-05-29 15:02:58,2026-08-07 02:42:24,,138.0,Cancelled,2938.88,172.5
SHP_0003418,ORD_0003418,VEH_0075,DRV_0025,2025-12-22 03:02:40,2026-05-08 07:09:20,2026-05-08 03:23:01,429.6,Delivered,21011.44,10626.95
SHP_0003419,ORD_0003419,VEH_0042,DRV_0044,2025-12-31 10:18:34,2026-08-24 23:03:40,2026-08-25 08:58:00,1064.4,Delivered,19260.83,23822.29
SHP_0003420,ORD_0003420,VEH_0051,DRV_0021,2026-06-04 05:22:54,2026-01-15 09:40:44,2026-06-06 00:29:32,1962.7,Delivered,65772.82,33544.33
SHP_0003421,ORD_0003421,VEH_0076,DRV_0078,2026-02-14 00:30:02,2026-09-18 02:42:26,2026-09-18 02:05:06,773.3,Delivered,30938.05,966.62
SHP_0003422,ORD_0003422,VEH_0018,DRV_0010,2026-08-07 09:03:05,2026-07-21 03:31:53,2026-08-07 18:25:34,436.2,Delivered,16089.93,9762.57
SHP_0003423,ORD_0003423,VEH_0067,DRV_0080,2026-09-05 23:28:11,2026-05-09 11:29:26,2026-05-09 22:19:39,1389.0,Delivered,51645.42,23739.27
SHP_0003424,ORD_0003424,VEH_0076,DRV_0057,2026-08-11 00:51:40,2026-07-06 06:37:56,2026-08-11 01:22:32,25.0,Delivered,7377.66,31.25
SHP_0003425,ORD_0003425,VEH_0001,DRV_0077,2026-01-21 05:50:05,2026-07-01 07:46:55,2026-07-01 05:34:29,1223.3,Delivered,42213.08,30260.58
SHP_0003426,ORD_0003426,VEH_0028,DRV_0047,2026-05-18 08:03:33,2026-05-17 01:22:28,2026-05-20 08:50:59,2060.1,Delivered,70407.09,50960.37
SHP_0003427,ORD_0003427,VEH_0043,DRV_0056,2025-12-26 04:37:22,2026-06-23 21:54:43,2026-06-24 09:48:15,261.8,Delivered,11600.82,327.25
SHP_0003428,ORD_0003428,VEH_0048,DRV_0041,2026-07-20 21:07:27,2025-10-31 06:50:39,2026-07-21 18:23:59,917.5,Delivered,36503.75,22696.05
SHP_0003429,ORD_0003429,VEH_0037,DRV_0048,2026-02-14 07:25:53,2026-09-19 04:20:00,2026-09-19 00:58:34,691.2,Delivered,28712.97,15469.71
SHP_0003430,ORD_0003430,VEH_0069,DRV_0082,2026-05-12 17:41:56,2026-03-31 11:06:51,2026-05-12 21:47:09,211.8,Delivered,12641.08,264.75
SHP_0003431,ORD_0003431,VEH_0045,DRV_0037,2026-07-26 08:58:19,2026-05-16 12:24:24,2026-07-27 13:56:52,1193.1,Delivered,43268.22,26702.71
SHP_0003432,ORD_0003432,VEH_0057,DRV_0003,2025-11-06 20:52:10,2026-07-20 06:07:36,2026-07-20 02:26:02,2390.0,Delivered,83578.88,26430.59
SHP_0003433,ORD_0003433,VEH_0001,DRV_0057,2025-10-21 07:38:07,2025-10-19 05:00:27,2025-10-21 20:59:49,640.1,Delivered,26891.42,15834.05
SHP_0003434,ORD_0003434,VEH_0004,DRV_0095,2026-05-16 04:37:54,2026-05-09 01:10:54,2026-05-16 17:56:47,545.9,Delivered,21278.9,9329.93
SHP_0003435,ORD_0003435,VEH_0067,DRV_0060,2025-11-10 07:30:00,2026-04-24 16:16:19,2026-04-24 14:32:58,1004.2,Delivered,34441.22,17162.69
SHP_0003436,ORD_0003436,VEH_0075,DRV_0005,2025-11-14 06:49:37,2026-06-29 13:31:57,2026-06-29 11:12:01,333.2,Delivered,11668.51,8242.32
SHP_0003437,ORD_0003437,VEH_0061,DRV_0100,2026-05-30 17:58:01,2026-07-01 08:45:41,2026-07-01 11:57:08,372.5,Delivered,6793.97,9214.47
SHP_0003438,ORD_0003438,VEH_0014,DRV_0056,2026-02-25 07:48:16,2026-07-27 23:38:08,2026-07-27 22:09:21,2470.4,Delivered,85648.76,55289.9
SHP_0003439,ORD_0003439,VEH_0009,DRV_0084,2026-03-21 23:02:30,2026-07-25 17:14:35,2026-07-26 10:32:23,1639.2,Delivered,54001.61,2049.0
SHP_0003440,ORD_0003440,VEH_0053,DRV_0082,2026-04-10 12:55:30,2026-09-11 09:45:07,2026-09-11 08:32:16,2384.5,Delivered,79532.79,58985.0
SHP_0003441,ORD_0003441,VEH_0035,DRV_0074,2026-05-04 23:01:33,2025-11-18 02:32:12,2025-11-18 05:18:00,352.9,Delivered,17322.44,8729.63
SHP_0003442,ORD_0003442,VEH_0061,DRV_0073,2026-06-29 16:44:21,2025-10-19 18:04:17,2026-06-30 15:46:17,1100.1,Delivered,38710.41,27213.0
SHP_0003443,ORD_0003443,VEH_0062,DRV_0096,2026-08-08 19:11:36,2026-08-02 02:43:12,2026-08-09 20:23:38,1064.3,Delivered,35991.47,18189.85
SHP_0003444,ORD_0003444,VEH_0023,DRV_0087,2026-03-08 20:15:46,2026-04-01 21:20:57,2026-04-01 17:32:00,2465.5,Delivered,84388.71,3081.88
SHP_0003445,ORD_0003445,VEH_0062,DRV_0100,2026-05-24 08:03:12,2026-06-05 04:36:26,2026-06-05 03:35:07,1373.8,Delivered,47006.06,23479.49
SHP_0003446,ORD_0003446,VEH_0039,DRV_0097,2026-09-07 07:17:59,2025-11-17 17:31:06,2026-09-09 06:54:24,2203.2,Delivered,39851.5,49309.71
SHP_0003447,ORD_0003447,VEH_0077,DRV_0065,2026-04-18 03:39:50,2026-05-04 03:06:41,2026-05-04 09:36:49,364.6,Delivered,13178.08,6231.35
SHP_0003448,ORD_0003448,VEH_0014,DRV_0088,2026-07-06 11:36:20,2026-04-22 01:26:39,2026-07-06 21:50:17,494.3,Delivered,19960.3,11062.9
SHP_0003449,ORD_0003449,VEH_0003,DRV_0098,2026-06-03 13:33:26,2026-01-15 05:41:24,2026-06-05 15:22:42,2187.9,Delivered,76730.73,48967.29
SHP_0003450,ORD_0003450,VEH_0054,DRV_0082,2026-06-04 22:22:13,2026-06-26 03:16:36,2026-06-26 02:17:25,1024.9,Delivered,18554.58,1281.13
SHP_0003451,ORD_0003451,VEH_0052,DRV_0080,2025-12-05 17:24:05,2026-06-05 07:54:03,2026-06-05 06:16:48,408.2,Delivered,14422.22,10097.58
SHP_0003452,ORD_0003452,VEH_0051,DRV_0008,2026-01-09 08:28:12,2026-07-06 17:40:01,2026-07-06 13:53:51,183.2,Delivered,7555.99,3131.05
SHP_0003453,ORD_0003453,VEH_0025,DRV_0017,2025-12-04 11:13:17,2026-07-24 04:12:35,,424.3,Cancelled,20609.92,9496.24
SHP_0003454,ORD_0003454,VEH_0066,DRV_0052,2026-03-22 10:00:41,2026-03-17 04:50:34,2026-03-23 22:22:15,1884.8,Delivered,64692.61,20843.67
SHP_0003455,ORD_0003455,VEH_0046,DRV_0039,2025-12-09 01:38:51,2026-03-25 10:05:04,2026-03-25 19:28:22,2355.1,Delivered,80471.12,26044.64
SHP_0003456,ORD_0003456,VEH_0044,DRV_0079,2026-01-11 01:15:24,2026-09-20 11:26:01,2026-09-20 10:49:20,1328.1,Delivered,46193.88,29724.14
SHP_0003457,ORD_0003457,VEH_0007,DRV_0097,2026-03-19 21:07:51,2026-09-01 06:48:27,2026-09-01 06:07:29,1461.9,Delivered,52656.12,24985.2
SHP_0003458,ORD_0003458,VEH_0047,DRV_0065,2026-03-18 13:18:24,2026-08-03 08:39:02,2026-08-03 04:59:01,2002.5,Delivered,67737.87,34224.55
SHP_0003459,ORD_0003459,VEH_0076,DRV_0005,2026-02-06 19:09:38,2026-07-14 12:40:28,,1558.6,Cancelled,51574.65,1948.25
SHP_0003460,ORD_0003460,VEH_0049,DRV_0098,2026-05-19 10:34:47,2026-05-19 02:58:10,2026-05-19 11:09:16,25.0,Delivered,3250.94,276.47
SHP_0003461,ORD_0003461,VEH_0079,DRV_0046,2025-11-29 19:15:07,2025-11-30 17:44:42,2025-11-30 16:46:49,640.5,Delivered,25236.99,14335.0
SHP_0003462,ORD_0003462,VEH_0003,DRV_0009,2025-10-21 19:31:39,2025-11-15 11:34:29,2025-11-15 09:55:09,408.2,Delivered,16413.65,9135.9
SHP_0003463,ORD_0003463,VEH_0034,DRV_0089,2026-03-12 08:12:45,2026-03-28 17:43:09,2026-03-28 15:26:27,103.5,Delivered,2189.39,1144.59
SHP_0003464,ORD_0003464,VEH_0022,DRV_0037,2026-07-14 15:10:58,2025-11-19 11:19:40,2026-07-15 02:57:37,540.1,Delivered,24004.97,9230.8
SHP_0003465,ORD_0003465,VEH_0041,DRV_0091,2026-09-14 14:11:42,2025-10-03 15:58:05,2026-09-16 16:39:19,2024.3,Delivered,67049.51,34597.13
SHP_0003466,ORD_0003466,VEH_0014,DRV_0032,2025-10-04 12:48:11,2025-12-17 01:16:31,2025-12-17 00:14:49,25.0,Delivered,7220.78,559.52
SHP_0003467,ORD_0003467,VEH_0014,DRV_0099,2026-06-01 05:52:50,2026-08-08 18:54:36,2026-08-08 17:07:58,2389.5,Delivered,83208.98,53479.29
SHP_0003468,ORD_0003468,VEH_0067,DRV_0031,2026-04-05 14:07:27,2026-01-01 09:44:43,2026-04-07 16:44:33,2132.5,Delivered,74801.06,36446.36
SHP_0003469,ORD_0003469,VEH_0006,DRV_0099,2026-03-16 06:27:52,2026-09-06 15:55:07,2026-09-06 23:48:44,575.9,Delivered,10603.32,12889.19
SHP_0003470,ORD_0003470,VEH_0035,DRV_0036,2026-04-27 14:50:12,2026-05-05 03:02:59,2026-05-05 10:20:32,2621.8,Delivered,89137.4,64855.05
SHP_0003471,ORD_0003471,VEH_0006,DRV_0068,2026-03-28 03:36:23,2026-06-19 14:49:57,2026-06-19 13:16:40,235.1,Delivered,10031.99,5261.76
SHP_0003472,ORD_0003472,VEH_0021,DRV_0015,2025-12-09 13:24:12,2025-11-23 04:35:56,2025-12-10 03:26:37,684.9,Delivered,28851.33,856.12
SHP_0003473,ORD_0003473,VEH_0070,DRV_0021,2025-10-27 01:32:19,2025-11-30 11:27:08,2025-11-30 09:40:24,2019.5,Delivered,66288.38,49956.05
SHP_0003474,ORD_0003474,VEH_0051,DRV_0094,2026-03-07 22:36:57,2026-04-01 19:45:24,2026-04-01 18:15:15,538.6,Delivered,22489.16,9205.16
SHP_0003475,ORD_0003475,VEH_0013,DRV_0055,2026-03-19 08:25:47,2026-02-28 11:46:46,2026-03-21 05:43:00,1937.7,Delivered,66012.57,33117.05
SHP_0003476,ORD_0003476,VEH_0001,DRV_0070,2025-10-08 08:23:50,2026-05-11 06:39:21,2026-05-11 08:22:04,1371.7,Delivered,46818.15,33931.53
SHP_0003477,ORD_0003477,VEH_0033,DRV_0010,2025-11-30 12:41:38,2026-05-02 05:12:51,2026-05-02 02:06:22,2051.9,Delivered,69550.36,35068.84
SHP_0003478,ORD_0003478,VEH_0038,DRV_0048,2025-11-28 00:10:25,2025-10-23 20:19:19,2025-11-28 05:57:28,237.5,Delivered,12288.52,296.88
SHP_0003479,ORD_0003479,VEH_0059,DRV_0010,2026-01-21 10:21:51,2025-12-05 00:57:04,2025-12-05 17:43:13,1394.4,Delivered,50894.37,15420.42
SHP_0003480,ORD_0003480,VEH_0069,DRV_0022,2026-02-23 16:51:24,2026-07-30 00:26:44,2026-07-29 21:04:04,2133.3,Delivered,73374.33,2666.62
SHP_0003481,ORD_0003481,VEH_0004,DRV_0077,2026-04-09 21:36:41,2026-05-25 16:44:21,2026-05-25 15:58:14,1883.1,Delivered,34121.64,32183.89
SHP_0003482,ORD_0003482,VEH_0005,DRV_0023,2026-05-04 11:50:21,2026-09-16 18:14:44,2026-09-16 17:08:56,271.5,Delivered,14048.85,339.38
SHP_0003483,ORD_0003483,VEH_0024,DRV_0070,2026-04-15 19:06:17,2026-05-27 17:56:46,2026-05-27 16:33:23,1097.5,Delivered,42377.25,18757.27
SHP_0003484,ORD_0003484,VEH_0065,DRV_0098,2025-10-18 20:26:43,2026-02-16 20:08:52,2026-02-16 17:57:45,889.5,Delivered,30308.03,1111.88
SHP_0003485,ORD_0003485,VEH_0035,DRV_0007,2025-12-14 14:50:01,2026-03-15 20:33:13,,1814.5,Cancelled,59613.1,44885.0
SHP_0003486,ORD_0003486,VEH_0014,DRV_0092,2026-08-08 09:23:38,2025-11-04 00:34:46,2026-08-09 13:24:32,1260.4,Delivered,44346.98,28208.95
SHP_0003487,ORD_0003487,VEH_0032,DRV_0066,2026-01-14 06:58:06,2026-01-22 14:53:54,,618.2,Cancelled,23599.51,6836.56
SHP_0003488,ORD_0003488,VEH_0033,DRV_0007,2026-06-03 22:56:21,2025-10-20 07:22:02,2025-10-20 22:39:21,2621.8,Delivered,89024.0,44808.95
SHP_0003489,ORD_0003489,VEH_0042,DRV_0007,2026-09-01 03:24:56,2026-03-27 09:20:22,,1114.1,Cancelled,36888.14,24934.62
SHP_0003490,ORD_0003490,VEH_0037,DRV_0087,2025-12-11 11:51:08,2026-01-07 10:40:30,,2142.6,Cancelled,75209.58,47953.43
SHP_0003491,ORD_0003491,VEH_0057,DRV_0020,2025-11-21 04:16:03,2026-06-02 13:23:21,2026-06-02 10:33:18,129.3,Delivered,6518.64,1429.91
SHP_0003492,ORD_0003492,VEH_0062,DRV_0080,2025-10-02 12:56:27,2025-10-07 12:54:59,2025-10-08 01:52:35,2609.8,Delivered,85027.7,44603.85
SHP_0003493,ORD_0003493,VEH_0037,DRV_0082,2026-01-15 06:23:39,2026-07-09 22:55:29,2026-07-09 21:32:49,674.5,Delivered,25332.01,15095.95
SHP_0003494,ORD_0003494,VEH_0072,DRV_0039,2026-06-16 01:39:35,2026-05-23 04:24:17,2026-06-17 11:55:48,1759.0,Delivered,58786.55,19452.47
SHP_0003495,ORD_0003495,VEH_0011,DRV_0085,2026-08-21 23:06:01,2025-12-27 15:42:49,2026-08-22 12:16:06,639.4,Delivered,21466.64,15816.74
SHP_0003496,ORD_0003496,VEH_0001,DRV_0085,2026-04-28 02:03:48,2025-12-17 03:10:58,2026-04-30 00:36:36,1997.4,Delivered,36302.48,49409.37
SHP_0003497,ORD_0003497,VEH_0034,DRV_0042,2026-09-03 10:43:33,2026-04-11 04:52:26,2026-09-04 21:37:01,1475.8,Delivered,50393.01,16320.61
SHP_0003498,ORD_0003498,VEH_0063,DRV_0047,2025-10-20 06:48:46,2026-06-24 01:41:43,2026-06-24 00:04:31,534.9,Delivered,20282.29,11971.57
SHP_0003499,ORD_0003499,VEH_0080,DRV_0052,2026-03-15 02:41:50,2026-05-24 05:27:29,2026-05-24 16:01:11,1432.7,Delivered,52140.39,15843.98
SHP_0003500,ORD_0003500,VEH_0038,DRV_0041,2026-06-06 11:15:18,2026-06-10 01:53:46,2026-06-09 22:09:48,392.7,Delivered,7697.58,490.88
SHP_0003501,ORD_0003501,VEH_0048,DRV_0054,2026-07-07 23:22:05,2025-10-18 04:21:47,2026-07-08 02:38:23,155.9,Delivered,7535.44,3856.47
SHP_0003502,ORD_0003502,VEH_0011,DRV_0083,2026-03-15 02:06:47,2026-02-22 17:44:26,2026-03-16 08:44:31,1583.2,Delivered,56845.58,39163.37
SHP_0003503,ORD_0003503,VEH_0042,DRV_0033,2026-08-10 10:36:39,2026-05-11 15:43:08,2026-08-12 05:27:02,1991.1,Delivered,64661.2,44562.71
SHP_0003504,ORD_0003504,VEH_0063,DRV_0043,2026-05-07 19:29:07,2026-09-29 04:10:58,2026-09-29 02:56:45,1958.1,Delivered,67419.71,43824.14
SHP_0003505,ORD_0003505,VEH_0074,DRV_0088,2025-11-29 18:32:54,2026-08-11 18:18:14,2026-08-11 14:26:19,1880.7,Delivered,62052.14,46522.58
SHP_0003506,ORD_0003506,VEH_0073,DRV_0003,2026-03-23 20:27:25,2026-08-13 13:11:00,2026-08-13 09:25:07,1700.1,Delivered,58154.67,29056.25
SHP_0003507,ORD_0003507,VEH_0052,DRV_0033,2026-03-30 21:25:06,2025-12-19 20:47:52,2026-03-30 21:55:44,25.0,Delivered,7168.57,618.42
SHP_0003508,ORD_0003508,VEH_0021,DRV_0046,2025-11-27 01:28:22,2025-11-25 18:42:36,2025-11-25 22:24:23,212.4,Delivered,9391.41,265.5
SHP_0003509,ORD_0003509,VEH_0051,DRV_0015,2026-04-05 14:12:58,2026-02-23 01:07:25,2026-04-05 21:54:51,338.2,Delivered,17510.99,5780.15
SHP_0003510,ORD_0003510,VEH_0038,DRV_0040,2026-09-08 13:05:04,2026-04-26 16:45:47,2026-09-08 13:35:09,25.0,Delivered,6434.36,31.25
SHP_0003511,ORD_0003511,VEH_0027,DRV_0029,2026-08-29 06:43:55,2026-05-14 03:11:57,2026-08-29 15:38:55,436.2,Delivered,18066.76,10790.21
SHP_0003512,ORD_0003512,VEH_0045,DRV_0014,2026-08-22 19:57:34,2026-02-27 09:12:31,2026-08-24 00:52:40,1447.2,Delivered,51099.68,32389.71
SHP_0003513,ORD_0003513,VEH_0017,DRV_0057,2026-05-25 11:22:44,2026-03-02 13:35:16,2026-03-03 04:29:22,1798.5,Delivered,64688.19,40252.14
SHP_0003514,ORD_0003514,VEH_0073,DRV_0011,2025-10-07 05:46:51,2025-12-25 16:32:39,2025-12-25 13:32:31,1996.7,Delivered,68893.4,34125.42
SHP_0003515,ORD_0003515,VEH_0073,DRV_0094,2025-11-02 08:41:31,2025-12-15 07:15:35,2025-12-15 03:23:20,906.0,Delivered,36070.36,15484.36
SHP_0003516,ORD_0003516,VEH_0027,DRV_0065,2026-07-27 00:37:28,2026-02-18 21:42:57,2026-07-27 03:43:32,145.9,Delivered,7018.72,3609.11
SHP_0003517,ORD_0003517,VEH_0053,DRV_0070,2025-11-08 07:39:57,2026-06-07 22:30:51,2026-06-07 21:30:33,1951.7,Delivered,35633.56,48278.89
SHP_0003518,ORD_0003518,VEH_0050,DRV_0019,2026-02-06 07:32:23,2026-01-20 23:06:47,2026-02-07 04:16:16,907.3,Delivered,34117.38,10033.67
SHP_0003519,ORD_0003519,VEH_0080,DRV_0028,2026-02-26 10:03:19,2026-01-19 06:21:29,2026-02-26 13:14:18,144.9,Delivered,11862.58,1602.42
SHP_0003520,ORD_0003520,VEH_0025,DRV_0072,2026-07-05 10:00:41,2025-10-04 20:29:03,2026-07-05 13:11:47,137.0,Delivered,8079.07,3066.19
SHP_0003521,ORD_0003521,VEH_0001,DRV_0088,2025-10-09 19:34:36,2026-03-29 18:47:33,2026-03-29 16:40:30,194.6,Delivered,9713.65,4813.79
SHP_0003522,ORD_0003522,VEH_0021,DRV_0017,2026-05-05 15:04:34,2026-02-12 23:12:27,2026-05-05 19:08:12,170.1,Delivered,7747.56,212.62
SHP_0003523,ORD_0003523,VEH_0033,DRV_0055,2025-12-29 19:15:05,2026-03-29 13:59:26,2026-03-29 10:10:08,1240.4,Delivered,46408.47,21199.56
SHP_0003524,ORD_0003524,VEH_0075,DRV_0064,2026-04-28 23:18:24,2026-08-06 20:16:27,2026-08-07 12:39:15,907.3,Delivered,35751.36,22443.74
SHP_0003525,ORD_0003525,VEH_0031,DRV_0033,2026-04-28 04:10:49,2026-07-23 14:33:30,2026-07-23 12:37:38,521.8,Delivered,9719.48,652.25
SHP_0003526,ORD_0003526,VEH_0039,DRV_0020,2026-04-23 06:24:46,2026-04-25 20:47:42,2026-04-25 18:40:11,1541.2,Delivered,51508.49,34493.52
SHP_0003527,ORD_0003527,VEH_0064,DRV_0044,2026-01-29 17:56:35,2026-04-03 04:34:38,,1118.2,Cancelled,42428.51,27660.74
SHP_0003528,ORD_0003528,VEH_0012,DRV_0055,2026-01-17 05:03:10,2026-08-10 22:36:58,2026-08-10 18:59:48,190.6,Delivered,8442.27,2107.81
SHP_0003529,ORD_0003529,VEH_0029,DRV_0086,2026-01-20 11:23:55,2026-08-07 12:45:02,2026-08-07 10:40:39,1344.6,Delivered,24773.43,14869.69
SHP_0003530,ORD_0003530,VEH_0063,DRV_0044,2025-12-22 13:00:46,2026-01-09 21:15:13,2026-01-09 18:11:38,917.5,Delivered,34694.86,20534.52
SHP_0003531,ORD_0003531,VEH_0046,DRV_0066,2026-07-28 06:56:21,2026-09-24 05:48:08,2026-09-24 03:47:36,2267.7,Delivered,41289.38,25078.09
SHP_0003532,ORD_0003532,VEH_0063,DRV_0029,2026-02-11 20:47:13,2026-08-09 04:57:09,2026-08-09 01:57:32,2267.7,Delivered,79973.97,50753.29
SHP_0003533,ORD_0003533,VEH_0073,DRV_0068,2026-09-06 03:04:47,2026-04-25 03:28:06,2026-09-07 06:13:44,1385.6,Delivered,49413.2,23681.16
SHP_0003534,ORD_0003534,VEH_0013,DRV_0006,2026-07-06 01:06:33,2025-10-12 05:52:33,2026-07-07 10:55:29,1362.2,Delivered,25265.88,23281.24
SHP_0003535,ORD_0003535,VEH_0009,DRV_0063,2025-11-03 05:55:09,2026-04-23 13:58:53,2026-04-23 10:33:46,621.7,Delivered,26536.52,777.12
SHP_0003536,ORD_0003536,VEH_0034,DRV_0024,2025-11-15 01:59:49,2026-08-18 15:25:37,2026-08-19 03:28:13,125.8,Delivered,5631.48,1391.2
SHP_0003537,ORD_0003537,VEH_0071,DRV_0017,2026-01-04 14:43:17,2026-06-01 22:17:48,2026-06-01 19:40:50,619.6,Delivered,22403.9,6852.05
SHP_0003538,ORD_0003538,VEH_0061,DRV_0032,2025-12-06 22:21:48,2026-03-27 00:47:13,2026-03-26 23:00:28,1869.3,Delivered,64814.61,46240.58
SHP_0003539,ORD_0003539,VEH_0008,DRV_0042,2026-04-16 07:14:51,2025-12-11 22:34:26,2026-04-16 07:51:57,25.0,Delivered,7254.91,276.47
SHP_0003540,ORD_0003540,VEH_0010,DRV_0068,2026-08-23 03:55:23,2025-11-24 09:12:41,,267.4,Cancelled,13463.13,2957.13
SHP_0003541,ORD_0003541,VEH_0039,DRV_0038,2026-08-27 04:17:20,2026-09-07 18:01:36,2026-09-07 15:36:41,1598.0,Delivered,55146.43,35764.76
SHP_0003542,ORD_0003542,VEH_0046,DRV_0084,2026-04-12 19:51:57,2026-02-19 21:23:24,2026-02-20 04:32:00,892.9,Delivered,32904.31,9874.42
SHP_0003543,ORD_0003543,VEH_0025,DRV_0053,2026-02-27 02:42:26,2026-01-08 10:34:35,2026-01-08 13:31:51,102.8,Delivered,9560.94,2300.76
SHP_0003544,ORD_0003544,VEH_0033,DRV_0094,2025-10-09 13:12:03,2026-01-21 09:21:03,2026-01-21 07:02:16,2348.4,Delivered,76154.55,40136.29
SHP_0003545,ORD_0003545,VEH_0055,DRV_0097,2026-06-24 03:03:27,2025-10-24 22:10:00,2026-06-25 08:51:02,1249.5,Delivered,47329.83,30908.68
SHP_0003546,ORD_0003546,VEH_0005,DRV_0052,2026-09-10 22:19:17,2026-07-22 12:57:38,2026-09-13 02:37:10,2604.9,Delivered,85391.52,3256.13
SHP_0003547,ORD_0003547,VEH_0067,DRV_0033,2026-07-09 17:54:33,2025-12-17 09:55:02,2026-07-10 20:18:26,1122.0,Delivered,37405.67,19176.0
SHP_0003548,ORD_0003548,VEH_0067,DRV_0054,2026-05-08 08:59:13,2026-08-13 21:16:13,2026-08-13 17:49:58,225.6,Delivered,12382.69,3855.71
SHP_0003549,ORD_0003549,VEH_0058,DRV_0058,2026-07-31 02:08:31,2026-09-18 09:45:27,2026-09-18 07:13:50,691.2,Delivered,28474.67,15469.71
SHP_0003550,ORD_0003550,VEH_0063,DRV_0094,2026-02-09 13:49:11,2026-01-10 20:01:18,2026-02-10 19:30:49,1227.2,Delivered,45922.19,27465.9
SHP_0003551,ORD_0003551,VEH_0018,DRV_0007,2025-10-05 10:49:21,2026-06-20 10:20:26,2026-06-20 07:55:59,1697.9,Delivered,59838.12,38000.62
SHP_0003552,ORD_0003552,VEH_0053,DRV_0031,2026-08-05 01:09:51,2026-01-28 20:41:42,2026-08-06 02:15:31,1235.1,Delivered,45790.98,30552.47
SHP_0003553,ORD_0003553,VEH_0042,DRV_0089,2026-05-28 01:25:56,2026-03-10 08:55:05,2026-05-30 04:28:05,2352.4,Delivered,82179.07,52648.95
SHP_0003554,ORD_0003554,VEH_0020,DRV_0070,2025-12-13 10:58:44,2026-07-11 12:27:36,2026-07-11 10:03:26,25.0,Delivered,4536.52,427.27
SHP_0003555,ORD_0003555,VEH_0013,DRV_0044,2026-08-04 16:03:06,2026-03-04 18:49:24,2026-03-05 04:44:56,619.6,Delivered,22074.9,10589.53
SHP_0003556,ORD_0003556,VEH_0055,DRV_0048,2026-06-19 17:54:07,2026-07-23 09:56:04,2026-07-23 08:02:45,125.8,Delivered,4881.88,3111.89
SHP_0003557,ORD_0003557,VEH_0045,DRV_0013,2026-09-11 20:07:09,2026-04-07 10:39:37,2026-09-12 06:18:06,505.4,Delivered,23493.74,11311.33
SHP_0003558,ORD_0003558,VEH_0028,DRV_0007,2025-11-11 22:24:21,2025-12-27 17:30:55,2025-12-27 15:18:40,2460.0,Delivered,85064.01,60852.63
SHP_0003559,ORD_0003559,VEH_0028,DRV_0030,2026-03-17 20:15:03,2026-03-19 08:35:38,2026-03-19 07:45:08,2386.7,Delivered,81400.38,59039.42
SHP_0003560,ORD_0003560,VEH_0013,DRV_0037,2025-11-27 21:57:35,2026-08-27 09:20:05,2026-08-27 07:10:40,1441.4,Delivered,49945.65,24634.84
SHP_0003561,ORD_0003561,VEH_0066,DRV_0054,2026-07-23 02:34:56,2026-06-13 18:52:34,2026-07-24 23:57:46,2149.1,Delivered,70458.7,23766.52
SHP_0003562,ORD_0003562,VEH_0079,DRV_0033,2025-10-25 07:18:07,2026-03-20 14:59:19,2026-03-21 01:32:24,1018.9,Delivered,18367.55,22803.95
SHP_0003563,ORD_0003563,VEH_0060,DRV_0035,2025-11-14 00:57:30,2026-06-20 19:14:03,2026-06-21 09:08:04,1447.2,Delivered,26478.99,16004.33
SHP_0003564,ORD_0003564,VEH_0016,DRV_0016,2026-05-22 10:17:19,2026-08-12 02:43:47,2026-08-12 00:51:47,2192.6,Delivered,76820.9,54238.0
SHP_0003565,ORD_0003565,VEH_0065,DRV_0073,2026-08-20 22:05:45,2026-09-15 18:26:52,2026-09-15 15:40:25,899.1,Delivered,36161.97,1123.88
SHP_0003566,ORD_0003566,VEH_0004,DRV_0040,2025-11-03 16:18:17,2025-10-21 10:29:06,2025-11-04 06:23:13,621.7,Delivered,21575.08,10625.42
SHP_0003567,ORD_0003567,VEH_0059,DRV_0023,2026-06-12 00:35:53,2026-09-12 00:27:32,2026-09-11 23:36:29,643.3,Delivered,22534.49,7114.14
SHP_0003568,ORD_0003568,VEH_0058,DRV_0077,2026-06-20 05:10:53,2025-10-31 07:07:33,2026-06-21 04:20:01,1046.9,Delivered,19242.94,23430.62
SHP_0003569,ORD_0003569,VEH_0063,DRV_0051,2026-08-26 08:09:26,2025-11-29 04:24:12,2026-08-26 17:42:00,442.2,Delivered,16851.63,9896.86
SHP_0003570,ORD_0003570,VEH_0005,DRV_0045,2025-11-01 00:22:36,2026-07-25 03:55:54,2026-07-25 00:46:53,290.4,Delivered,16723.05,363.0
SHP_0003571,ORD_0003571,VEH_0067,DRV_0069,2026-08-03 20:09:40,2025-11-30 00:41:27,2026-08-05 10:34:35,1640.7,Delivered,54532.31,28041.05
SHP_0003572,ORD_0003572,VEH_0007,DRV_0073,2026-04-14 09:14:26,2026-08-23 08:03:08,2026-08-23 06:37:05,489.7,Delivered,22542.63,8369.42
SHP_0003573,ORD_0003573,VEH_0055,DRV_0065,2026-02-14 14:39:48,2026-04-22 10:28:44,2026-04-22 08:31:52,2379.2,Delivered,82828.12,58853.89
SHP_0003574,ORD_0003574,VEH_0030,DRV_0083,2026-02-08 06:12:03,2026-05-25 19:54:52,2026-05-26 07:30:37,1018.9,Delivered,35985.33,22803.95
SHP_0003575,ORD_0003575,VEH_0057,DRV_0083,2026-03-03 23:51:44,2026-07-14 06:15:26,,617.3,Cancelled,24913.67,6826.61
SHP_0003576,ORD_0003576,VEH_0071,DRV_0056,2026-06-19 16:27:09,2025-12-14 15:16:39,2026-06-20 16:09:04,1100.1,Delivered,39138.25,12165.81
SHP_0003577,ORD_0003577,VEH_0050,DRV_0096,2026-02-24 12:27:02,2026-06-28 07:56:46,2026-06-28 04:01:57,632.3,Delivered,22504.28,6992.49
SHP_0003578,ORD_0003578,VEH_0024,DRV_0013,2025-12-08 00:58:00,2025-12-22 17:19:11,2025-12-22 14:11:47,1468.7,Delivered,48054.99,25101.42
SHP_0003579,ORD_0003579,VEH_0012,DRV_0023,2026-07-05 22:57:30,2026-08-16 17:12:49,2026-08-16 15:08:52,1485.1,Delivered,50869.68,16423.46
SHP_0003580,ORD_0003580,VEH_0080,DRV_0017,2025-10-03 10:03:48,2025-12-26 01:32:43,2025-12-26 00:48:28,985.7,Delivered,34147.09,10900.68
SHP_0003581,ORD_0003581,VEH_0061,DRV_0091,2026-06-14 20:12:04,2026-07-18 18:10:06,2026-07-18 14:25:49,119.5,Delivered,9175.88,2956.05
SHP_0003582,ORD_0003582,VEH_0056,DRV_0072,2026-07-18 11:00:04,2025-12-04 13:42:38,2026-07-21 00:41:27,2612.9,Delivered,87962.73,3266.12
SHP_0003583,ORD_0003583,VEH_0052,DRV_0009,2026-07-18 19:42:54,2025-12-26 15:33:29,2026-07-20 14:56:20,2020.5,Delivered,71539.96,49980.79
SHP_0003584,ORD_0003584,VEH_0015,DRV_0083,2026-06-17 17:57:46,2026-05-26 03:19:21,2026-06-17 23:06:26,228.3,Delivered,4766.39,285.38
SHP_0003585,ORD_0003585,VEH_0065,DRV_0075,2025-12-31 09:50:50,2026-09-18 02:42:58,2026-09-17 23:43:03,2067.6,Delivered,67548.55,2584.5
SHP_0003586,ORD_0003586,VEH_0010,DRV_0001,2026-06-21 18:53:26,2026-06-11 13:05:14,2026-06-24 11:41:09,2624.4,Delivered,47532.83,29022.78
SHP_0003587,ORD_0003587,VEH_0040,DRV_0035,2026-08-07 17:53:59,2026-09-23 17:08:49,2026-09-23 14:46:15,1686.1,Delivered,57847.88,41708.79
SHP_0003588,ORD_0003588,VEH_0071,DRV_0034,2026-01-25 06:53:29,2025-11-30 11:48:20,2026-01-25 07:26:13,25.0,Delivered,5287.23,276.47
SHP_0003589,ORD_0003589,VEH_0031,DRV_0095,2025-10-27 08:51:04,2026-06-19 18:28:31,2026-06-19 15:30:40,777.4,Delivered,27685.06,971.75
SHP_0003590,ORD_0003590,VEH_0050,DRV_0027,2026-01-25 12:32:55,2026-09-17 09:35:45,2026-09-17 06:25:36,143.6,Delivered,11968.42,1588.05
SHP_0003591,ORD_0003591,VEH_0079,DRV_0054,2026-08-02 13:20:41,2026-01-19 12:26:43,2026-08-03 13:30:43,1241.0,Delivered,45593.31,27774.76
SHP_0003592,ORD_0003592,VEH_0070,DRV_0081,2025-12-05 18:33:09,2025-12-14 19:58:53,2025-12-14 17:04:17,1703.1,Delivered,30807.57,42129.32
SHP_0003593,ORD_0003593,VEH_0045,DRV_0013,2026-05-18 17:30:04,2025-10-20 04:27:58,2026-05-19 00:44:44,335.6,Delivered,13321.81,7511.05
SHP_0003594,ORD_0003594,VEH_0047,DRV_0036,2025-10-17 01:41:58,2026-02-03 03:58:29,2026-02-03 19:23:07,915.6,Delivered,33154.2,15648.44
SHP_0003595,ORD_0003595,VEH_0062,DRV_0027,2026-01-09 11:27:52,2026-07-17 11:28:54,2026-07-17 08:04:52,293.0,Delivered,16250.01,5007.64
SHP_0003596,ORD_0003596,VEH_0030,DRV_0087,2026-04-21 12:23:10,2026-02-07 19:40:54,2026-04-22 11:09:21,1016.4,Delivered,39063.45,22748.0
SHP_0003597,ORD_0003597,VEH_0043,DRV_0004,2026-08-17 06:47:03,2025-10-27 11:12:34,2026-08-18 22:56:26,1966.8,Delivered,64004.83,2458.5
SHP_0003598,ORD_0003598,VEH_0034,DRV_0013,2025-12-18 01:23:03,2026-09-17 06:56:38,2026-09-17 05:14:53,1260.6,Delivered,46461.94,13940.75
SHP_0003599,ORD_0003599,VEH_0041,DRV_0058,2026-05-11 01:04:32,2026-01-29 18:00:41,2026-05-12 22:16:22,1868.8,Delivered,65091.83,31939.49
SHP_0003600,ORD_0003600,VEH_0071,DRV_0100,2026-06-16 11:45:33,2025-12-31 05:04:45,2025-12-31 17:30:45,25.0,Delivered,7399.37,276.47
SHP_0003601,ORD_0003601,VEH_0077,DRV_0036,2026-04-26 16:22:23,2026-08-29 09:37:44,2026-08-29 06:50:14,350.0,Delivered,18332.89,5981.82
SHP_0003602,ORD_0003602,VEH_0049,DRV_0095,2026-08-20 22:37:31,2026-03-22 07:11:35,2026-08-20 23:12:31,25.0,Delivered,6908.06,276.47
SHP_0003603,ORD_0003603,VEH_0064,DRV_0087,2026-02-23 02:23:28,2025-10-25 20:14:12,2026-02-24 18:32:00,2035.1,Delivered,69109.99,50341.95
SHP_0003604,ORD_0003604,VEH_0013,DRV_0033,2025-10-30 06:16:38,2025-12-22 18:42:17,2025-12-22 18:02:55,205.2,Delivered,9539.74,3507.05
SHP_0003605,ORD_0003605,VEH_0054,DRV_0081,2025-10-02 20:16:15,2026-07-13 04:09:37,2026-07-13 01:41:41,527.8,Delivered,18950.85,659.75
SHP_0003606,ORD_0003606,VEH_0013,DRV_0048,2026-05-24 09:59:27,2026-08-01 07:50:44,2026-08-01 06:30:06,1884.5,Delivered,62623.57,32207.82
SHP_0003607,ORD_0003607,VEH_0021,DRV_0033,2026-08-17 05:12:19,2025-12-20 10:16:24,2026-08-17 12:51:37,396.4,Delivered,20067.33,495.5
SHP_0003608,ORD_0003608,VEH_0006,DRV_0024,2025-11-02 04:23:25,2026-01-31 16:38:19,2026-01-31 13:31:35,634.1,Delivered,26715.92,14191.76
SHP_0003609,ORD_0003609,VEH_0045,DRV_0011,2026-07-08 08:35:39,2026-05-21 20:52:50,2026-07-09 22:43:54,1974.4,Delivered,68456.38,44188.95
SHP_0003610,ORD_0003610,VEH_0030,DRV_0091,2026-07-03 02:37:51,2026-01-31 18:31:26,2026-07-03 12:54:43,489.7,Delivered,22208.15,10959.95
SHP_0003611,ORD_0003611,VEH_0001,DRV_0045,2025-12-16 21:51:52,2026-06-09 07:05:53,2026-06-10 00:41:13,1245.9,Delivered,45447.63,30819.63
SHP_0003612,ORD_0003612,VEH_0080,DRV_0035,2026-07-15 01:05:09,2025-10-05 09:51:09,2026-07-16 15:31:06,1912.2,Delivered,62608.4,21146.68
SHP_0003613,ORD_0003613,VEH_0002,DRV_0019,2026-04-10 00:30:07,2026-06-28 23:48:23,2026-06-28 23:14:09,1240.0,Delivered,41475.12,30673.68
SHP_0003614,ORD_0003614,VEH_0060,DRV_0069,2025-10-05 14:59:46,2026-08-09 04:29:38,2026-08-09 01:00:44,1493.6,Delivered,52617.97,16517.46
SHP_0003615,ORD_0003615,VEH_0062,DRV_0044,2026-02-07 08:21:52,2026-04-17 08:52:31,2026-04-17 18:52:09,273.0,Delivered,15779.22,4665.82
SHP_0003616,ORD_0003616,VEH_0066,DRV_0069,2026-03-27 08:10:27,2026-06-07 11:01:55,2026-06-07 16:15:24,1110.7,Delivered,37292.14,12283.04
SHP_0003617,ORD_0003617,VEH_0070,DRV_0057,2026-03-18 13:32:36,2026-01-30 19:44:32,2026-03-19 07:02:42,773.3,Delivered,28752.28,19129.0
SHP_0003618,ORD_0003618,VEH_0038,DRV_0004,2026-01-01 13:11:15,2026-07-27 16:57:33,2026-07-27 14:32:08,1227.2,Delivered,43843.53,1534.0
SHP_0003619,ORD_0003619,VEH_0036,DRV_0093,2025-11-16 14:56:32,2026-02-21 07:04:33,2026-02-21 13:57:04,230.3,Delivered,12820.08,2546.85
SHP_0003620,ORD_0003620,VEH_0006,DRV_0076,2026-06-04 15:58:05,2026-01-01 13:00:29,2026-06-05 01:08:22,424.3,Delivered,15270.67,9496.24
SHP_0003621,ORD_0003621,VEH_0010,DRV_0093,2025-11-25 17:46:57,2026-07-30 21:49:11,2026-07-30 20:30:23,1200.9,Delivered,44630.15,13280.54
SHP_0003622,ORD_0003622,VEH_0051,DRV_0025,2026-02-02 14:57:38,2025-12-14 14:46:13,2026-02-03 03:24:35,534.9,Delivered,23585.53,9141.93
SHP_0003623,ORD_0003623,VEH_0025,DRV_0080,2026-03-24 14:08:55,2026-03-31 15:02:14,2026-03-31 14:03:32,2150.8,Delivered,39141.12,48136.95
SHP_0003624,ORD_0003624,VEH_0058,DRV_0036,2025-12-09 20:02:10,2025-11-13 12:03:12,2025-12-11 21:13:02,2030.0,Delivered,70641.35,45433.33
SHP_0003625,ORD_0003625,VEH_0026,DRV_0048,2026-08-19 18:49:27,2026-02-26 03:58:19,2026-08-22 01:19:31,2460.9,Delivered,80453.01,55077.29
SHP_0003626,ORD_0003626,VEH_0022,DRV_0099,2026-02-05 09:52:18,2026-01-05 16:29:31,2026-02-05 16:58:51,289.5,Delivered,13823.37,4947.82
SHP_0003627,ORD_0003627,VEH_0078,DRV_0026,2026-04-11 19:34:15,2025-10-28 14:01:11,2026-04-12 00:44:08,231.6,Delivered,14480.49,289.5
SHP_0003628,ORD_0003628,VEH_0080,DRV_0028,2026-05-18 18:02:52,2025-10-09 11:46:46,2026-05-19 08:16:02,619.6,Delivered,26076.1,6852.05
SHP_0003629,ORD_0003629,VEH_0044,DRV_0050,2025-12-15 23:17:20,2026-09-08 09:08:59,2026-09-08 16:00:24,1695.4,Delivered,58749.73,37944.67
SHP_0003630,ORD_0003630,VEH_0062,DRV_0008,2026-08-18 00:43:55,2026-08-21 22:24:12,2026-08-21 19:51:43,627.2,Delivered,24111.18,10719.42
SHP_0003631,ORD_0003631,VEH_0076,DRV_0036,2026-06-09 22:11:26,2025-12-26 17:04:00,2026-06-10 00:35:34,100.2,Delivered,8029.14,125.25
SHP_0003632,ORD_0003632,VEH_0077,DRV_0013,2026-07-11 19:12:28,2026-07-28 10:36:47,2026-07-28 18:41:34,534.8,Delivered,24306.83,9140.22
SHP_0003633,ORD_0003633,VEH_0027,DRV_0091,2026-03-30 13:46:24,2026-06-15 18:37:17,2026-06-15 15:34:33,2225.0,Delivered,40342.49,55039.47
SHP_0003634,ORD_0003634,VEH_0059,DRV_0071,2025-12-25 15:01:39,2026-04-15 21:48:42,2026-04-16 05:38:54,1059.1,Delivered,40369.74,11712.4
SHP_0003635,ORD_0003635,VEH_0080,DRV_0060,2026-02-14 21:45:32,2026-04-07 10:28:26,2026-04-07 06:49:28,1489.8,Delivered,54638.88,16475.44
SHP_0003636,ORD_0003636,VEH_0030,DRV_0083,2026-06-16 07:08:18,2025-10-16 06:31:18,2026-06-16 14:51:03,350.0,Delivered,14626.33,7833.33
SHP_0003637,ORD_0003637,VEH_0073,DRV_0051,2026-04-30 06:20:32,2026-09-03 08:39:48,2026-09-03 07:21:00,25.0,Delivered,7888.22,427.27
SHP_0003638,ORD_0003638,VEH_0052,DRV_0002,2025-12-29 03:03:04,2026-07-20 02:25:18,2026-07-20 00:39:26,1591.8,Delivered,53753.21,39376.11
SHP_0003639,ORD_0003639,VEH_0059,DRV_0041,2026-07-31 01:02:43,2026-06-12 00:58:52,2026-07-31 13:34:33,518.4,Delivered,20418.0,5732.89
SHP_0003640,ORD_0003640,VEH_0052,DRV_0016,2026-06-12 19:54:08,2026-05-23 15:03:15,2026-06-13 20:47:30,1144.1,Delivered,43510.97,28301.42
SHP_0003641,ORD_0003641,VEH_0039,DRV_0038,2026-05-06 15:46:39,2026-01-12 02:32:58,2026-05-06 18:26:35,112.1,Delivered,4573.09,2508.9
SHP_0003642,ORD_0003642,VEH_0007,DRV_0039,2025-12-10 22:26:13,2026-04-03 15:12:39,2026-04-03 12:51:22,324.6,Delivered,13458.24,5547.71
SHP_0003643,ORD_0003643,VEH_0077,DRV_0010,2026-05-13 04:20:59,2025-12-18 17:40:15,2026-05-15 07:43:41,2470.4,Delivered,44659.82,42221.38
SHP_0003644,ORD_0003644,VEH_0004,DRV_0093,2025-10-22 06:09:28,2025-12-07 00:20:38,2025-12-06 22:12:15,392.7,Delivered,19729.33,6711.6
SHP_0003645,ORD_0003645,VEH_0033,DRV_0061,2026-05-16 17:49:29,2026-03-21 01:38:40,,1371.7,Cancelled,49943.57,23443.6
SHP_0003646,ORD_0003646,VEH_0058,DRV_0073,2026-07-09 18:02:53,2026-03-20 09:55:17,,1946.4,Cancelled,67646.94,43562.29
SHP_0003647,ORD_0003647,VEH_0028,DRV_0066,2026-06-25 06:15:37,2025-10-22 11:48:57,2026-06-27 01:23:00,1807.8,Delivered,64746.32,44719.26
SHP_0003648,ORD_0003648,VEH_0003,DRV_0022,2026-03-05 15:02:32,2026-02-02 03:05:46,2026-03-07 09:51:37,2222.6,Delivered,76033.9,49743.9
SHP_0003649,ORD_0003649,VEH_0057,DRV_0100,2026-02-12 22:33:15,2025-11-15 08:38:27,2026-02-15 12:34:43,2621.8,Delivered,86399.35,28994.02
SHP_0003650,ORD_0003650,VEH_0062,DRV_0048,2025-12-08 09:57:10,2026-08-27 06:51:43,2026-08-27 06:09:14,289.9,Delivered,14187.83,4954.65
SHP_0003651,ORD_0003651,VEH_0066,DRV_0065,2026-03-07 05:19:07,2025-12-17 02:17:27,2026-03-09 06:20:42,2019.5,Delivered,71038.26,22333.29
SHP_0003652,ORD_0003652,VEH_0017,DRV_0029,2026-07-10 22:44:42,2026-05-22 15:48:35,2026-07-11 01:21:56,130.4,Delivered,8656.69,2918.48
SHP_0003653,ORD_0003653,VEH_0069,DRV_0068,2026-04-28 14:56:29,2026-04-15 01:34:12,,2182.2,Cancelled,71736.93,2727.75
SHP_0003654,ORD_0003654,VEH_0070,DRV_0096,2026-04-06 16:39:02,2025-12-15 08:02:09,2025-12-15 20:57:50,1142.9,Delivered,42543.49,28271.74
SHP_0003655,ORD_0003655,VEH_0060,DRV_0094,2026-03-25 03:15:51,2025-12-25 03:43:53,2026-03-27 05:04:06,2142.6,Delivered,74841.55,23694.64
SHP_0003656,ORD_0003656,VEH_0079,DRV_0040,2026-06-11 08:16:20,2026-01-07 08:10:34,2026-01-07 09:48:27,25.0,Delivered,2255.16,559.52
SHP_0003657,ORD_0003657,VEH_0049,DRV_0023,2026-06-23 00:51:39,2026-08-15 22:01:54,2026-08-15 18:14:46,1084.2,Delivered,39919.31,11989.98
SHP_0003658,ORD_0003658,VEH_0051,DRV_0060,2025-10-25 10:13:31,2026-04-24 06:04:38,2026-04-24 04:48:33,158.9,Delivered,11814.44,2715.75
SHP_0003659,ORD_0003659,VEH_0020,DRV_0015,2025-12-13 12:28:55,2026-07-04 00:57:23,2026-07-03 21:06:44,324.6,Delivered,6370.45,5547.71
SHP_0003660,ORD_0003660,VEH_0043,DRV_0050,2026-06-05 00:03:28,2026-07-03 16:06:19,2026-07-03 12:36:35,2051.9,Delivered,67376.31,2564.88
SHP_0003661,ORD_0003661,VEH_0050,DRV_0025,2026-01-10 19:14:54,2026-01-17 02:32:41,2026-01-17 18:08:01,1355.8,Delivered,49461.24,14993.55
SHP_0003662,ORD_0003662,VEH_0020,DRV_0019,2025-11-20 18:16:50,2025-10-23 05:40:46,2025-11-21 13:37:38,901.9,Delivered,33202.19,15414.29
SHP_0003663,ORD_0003663,VEH_0005,DRV_0053,2025-10-06 22:41:39,2026-02-05 22:25:25,2026-02-05 19:13:23,2212.4,Delivered,74655.22,2765.5
SHP_0003664,ORD_0003664,VEH_0050,DRV_0064,2025-11-26 10:10:21,2026-05-13 09:16:05,2026-05-13 07:26:24,25.0,Delivered,5931.9,276.47
SHP_0003665,ORD_0003665,VEH_0047,DRV_0093,2026-04-26 10:16:02,2025-12-03 11:13:33,2026-04-28 06:42:25,2004.3,Delivered,69514.53,34255.31
SHP_0003666,ORD_0003666,VEH_0043,DRV_0028,2026-09-08 13:23:33,2026-05-24 18:21:13,2026-09-08 18:32:54,227.8,Delivered,13094.35,284.75
SHP_0003667,ORD_0003667,VEH_0078,DRV_0019,2026-01-12 21:56:13,2026-07-08 06:36:41,2026-07-08 04:17:33,1199.5,Delivered,39170.84,1499.38
SHP_0003668,ORD_0003668,VEH_0038,DRV_0046,2026-03-24 19:53:12,2026-08-29 09:11:37,2026-08-29 07:33:46,224.3,Delivered,8536.98,280.38
SHP_0003669,ORD_0003669,VEH_0040,DRV_0031,2026-06-27 11:49:30,2026-05-24 20:00:28,2026-06-28 10:12:44,1116.0,Delivered,40454.29,27606.32
SHP_0003670,ORD_0003670,VEH_0019,DRV_0050,2026-07-25 19:10:14,2026-05-15 03:15:57,2026-07-25 19:41:41,25.0,Delivered,7474.86,31.25
SHP_0003671,ORD_0003671,VEH_0064,DRV_0060,2026-05-11 14:28:02,2025-10-23 15:36:35,2025-10-24 08:52:38,2500.0,Delivered,84243.9,61842.11
SHP_0003672,ORD_0003672,VEH_0045,DRV_0019,2026-02-28 04:47:47,2025-12-31 01:23:27,2026-02-28 08:33:55,194.6,Delivered,7750.89,4355.33
SHP_0003673,ORD_0003673,VEH_0032,DRV_0018,2025-11-10 03:30:50,2026-07-03 06:41:26,2026-07-03 04:13:42,898.8,Delivered,33172.38,9939.67
SHP_0003674,ORD_0003674,VEH_0015,DRV_0012,2026-04-07 14:36:08,2026-08-02 08:40:38,2026-08-02 04:57:22,2382.1,Delivered,79397.21,2977.62
SHP_0003675,ORD_0003675,VEH_0010,DRV_0050,2026-01-24 18:41:35,2026-02-01 04:51:45,2026-02-01 06:25:15,2384.5,Delivered,77399.45,26369.76
SHP_0003676,ORD_0003676,VEH_0039,DRV_0082,2026-06-04 02:08:05,2026-06-22 02:35:04,2026-06-22 00:31:13,25.0,Delivered,7853.09,559.52
SHP_0003677,ORD_0003677,VEH_0014,DRV_0021,2026-01-24 13:32:59,2025-10-25 23:55:49,2026-01-25 18:34:41,1245.9,Delivered,44932.11,27884.43
SHP_0003678,ORD_0003678,VEH_0011,DRV_0021,2025-10-27 16:38:58,2026-09-10 02:58:35,2026-09-10 02:11:11,679.4,Delivered,23243.08,16806.21
SHP_0003679,ORD_0003679,VEH_0026,DRV_0049,2026-03-04 19:40:40,2026-04-28 07:02:36,2026-04-28 06:00:57,1009.8,Delivered,35191.0,22600.29
SHP_0003680,ORD_0003680,VEH_0068,DRV_0061,2026-05-14 23:03:17,2026-07-19 17:44:57,2026-07-19 17:00:50,1251.6,Delivered,23171.99,13841.22
SHP_0003681,ORD_0003681,VEH_0017,DRV_0035,2026-04-03 18:58:36,2026-04-21 05:17:41,2026-04-21 02:03:47,626.9,Delivered,25352.74,14030.62
SHP_0003682,ORD_0003682,VEH_0034,DRV_0081,2026-04-19 14:14:00,2026-08-04 17:19:12,2026-08-04 14:49:14,2060.0,Delivered,69732.73,22781.18
SHP_0003683,ORD_0003683,VEH_0022,DRV_0078,2025-11-27 09:11:56,2026-01-27 21:39:19,2026-01-28 02:57:32,669.5,Delivered,25105.22,11442.36
SHP_0003684,ORD_0003684,VEH_0058,DRV_0033,2026-02-16 16:05:36,2025-10-30 16:57:13,2025-10-31 00:29:58,152.9,Delivered,7926.07,3422.05
SHP_0003685,ORD_0003685,VEH_0067,DRV_0087,2026-07-13 21:36:27,2026-06-20 09:44:04,2026-07-15 21:43:48,2145.7,Delivered,75300.1,36671.96
SHP_0003686,ORD_0003686,VEH_0039,DRV_0019,2026-03-18 23:26:19,2026-02-02 17:31:43,2026-03-19 06:29:35,296.5,Delivered,11516.41,6635.95
SHP_0003687,ORD_0003687,VEH_0021,DRV_0040,2026-01-04 09:18:00,2025-12-02 01:52:24,2026-01-04 15:16:06,301.1,Delivered,12666.09,376.38
SHP_0003688,ORD_0003688,VEH_0049,DRV_0049,2026-07-21 15:28:59,2026-07-30 03:09:55,2026-07-30 01:52:49,352.9,Delivered,16567.19,3902.66
SHP_0003689,ORD_0003689,VEH_0010,DRV_0023,2025-12-05 09:00:50,2026-09-20 23:02:24,2026-09-20 20:17:55,545.9,Delivered,24178.38,6037.01
SHP_0003690,ORD_0003690,VEH_0060,DRV_0058,2026-08-20 20:41:43,2026-07-21 12:27:37,2026-08-20 21:17:40,25.0,Delivered,1998.5,276.47
SHP_0003691,ORD_0003691,VEH_0002,DRV_0038,2025-12-08 17:41:09,2026-05-17 20:47:50,2026-05-17 18:38:40,1054.8,Delivered,37890.64,26092.42
SHP_0003692,ORD_0003692,VEH_0010,DRV_0050,2025-10-12 10:58:40,2026-08-06 03:10:44,2026-08-06 01:59:57,241.9,Delivered,11647.0,2675.13
SHP_0003693,ORD_0003693,VEH_0004,DRV_0094,2026-01-10 19:42:32,2026-07-18 13:47:56,2026-07-18 10:40:14,1964.0,Delivered,35547.03,33566.55
SHP_0003694,ORD_0003694,VEH_0049,DRV_0017,2026-09-09 10:10:59,2025-11-16 21:31:51,2025-11-17 05:09:19,1286.2,Delivered,48053.93,14223.86
SHP_0003695,ORD_0003695,VEH_0047,DRV_0084,2025-11-23 05:45:25,2025-12-21 21:31:55,2025-12-21 17:35:44,904.6,Delivered,31852.43,15460.44
SHP_0003696,ORD_0003696,VEH_0044,DRV_0006,2026-05-22 21:22:15,2026-08-09 06:46:24,2026-08-09 03:30:43,1117.4,Delivered,38413.89,25008.48
SHP_0003697,ORD_0003697,VEH_0034,DRV_0028,2025-10-17 22:50:05,2026-03-07 02:52:18,2026-03-07 00:36:29,1721.5,Delivered,59260.49,19037.76
SHP_0003698,ORD_0003698,VEH_0050,DRV_0052,2025-12-05 06:27:32,2026-04-20 10:32:47,2026-04-20 09:29:02,1200.6,Delivered,42089.08,13277.22
SHP_0003699,ORD_0003699,VEH_0076,DRV_0085,2026-05-24 03:01:14,2026-07-03 01:38:31,2026-07-02 23:27:15,1648.8,Delivered,57371.93,2061.0
SHP_0003700,ORD_0003700,VEH_0029,DRV_0029,2026-07-15 08:05:07,2026-06-21 06:42:12,2026-07-15 12:53:12,232.3,Delivered,13457.93,2568.96
SHP_0003701,ORD_0003701,VEH_0071,DRV_0096,2026-01-23 03:14:57,2026-05-19 22:03:55,2026-05-19 18:45:39,25.0,Delivered,846.19,276.47
SHP_0003702,ORD_0003702,VEH_0040,DRV_0086,2026-09-12 21:14:04,2025-11-14 05:02:44,2026-09-14 03:30:39,1550.2,Delivered,54446.15,38347.05
SHP_0003703,ORD_0003703,VEH_0037,DRV_0096,2026-06-20 07:39:02,2026-07-24 20:29:16,,140.6,Cancelled,8587.18,3146.76
SHP_0003704,ORD_0003704,VEH_0026,DRV_0002,2026-07-11 11:26:00,2026-01-22 19:06:27,2026-07-11 14:03:25,127.6,Delivered,8573.63,2855.81
SHP_0003705,ORD_0003705,VEH_0072,DRV_0075,2026-01-22 06:16:05,2026-03-05 17:57:45,2026-03-05 16:31:49,2494.3,Delivered,80613.01,27584.02
SHP_0003706,ORD_0003706,VEH_0039,DRV_0048,2026-06-17 02:34:19,2026-05-09 20:49:37,2026-06-18 01:22:28,995.1,Delivered,36025.4,22271.29
SHP_0003707,ORD_0003707,VEH_0061,DRV_0083,2026-03-14 10:05:25,2026-08-07 18:06:35,2026-08-08 10:57:04,25.0,Delivered,3369.41,618.42
SHP_0003708,ORD_0003708,VEH_0051,DRV_0092,2026-09-04 16:20:16,2025-11-20 03:57:15,,2011.4,Cancelled,70239.45,34376.65
SHP_0003709,ORD_0003709,VEH_0053,DRV_0038,2026-03-29 22:35:03,2026-04-16 16:32:05,2026-04-16 14:10:06,2500.7,Delivered,82973.72,61859.42
SHP_0003710,ORD_0003710,VEH_0045,DRV_0015,2026-06-03 18:20:18,2026-04-09 21:13:16,2026-06-05 16:16:40,1962.7,Delivered,66050.09,43927.1
SHP_0003711,ORD_0003711,VEH_0079,DRV_0054,2026-02-26 10:47:10,2025-10-25 11:58:23,2026-02-26 14:27:30,153.6,Delivered,5677.66,3437.71
SHP_0003712,ORD_0003712,VEH_0026,DRV_0009,2025-12-08 18:45:35,2026-06-29 15:42:08,2026-06-29 14:35:31,1158.5,Delivered,43144.86,25928.33
SHP_0003713,ORD_0003713,VEH_0055,DRV_0059,2026-04-02 06:56:16,2026-04-15 06:12:33,2026-04-15 04:13:56,2220.0,Delivered,40298.0,54915.79
SHP_0003714,ORD_0003714,VEH_0076,DRV_0096,2026-08-17 19:18:40,2026-07-11 20:39:17,,2267.7,Cancelled,73751.53,2834.62
SHP_0003715,ORD_0003715,VEH_0051,DRV_0045,2025-11-11 13:16:31,2025-10-31 18:57:19,2025-11-11 16:17:48,134.7,Delivered,7967.97,2302.15
SHP_0003716,ORD_0003716,VEH_0020,DRV_0017,2026-08-31 19:31:57,2026-02-07 09:32:09,2026-09-01 06:27:04,527.8,Delivered,19891.98,9020.58
SHP_0003717,ORD_0003717,VEH_0065,DRV_0085,2026-01-24 02:36:53,2026-06-23 21:55:49,2026-06-23 20:25:55,1755.4,Delivered,60986.65,2194.25
SHP_0003718,ORD_0003718,VEH_0055,DRV_0054,2025-10-27 00:49:04,2026-02-26 05:07:44,2026-02-26 01:51:35,1697.8,Delivered,61248.65,41998.21
SHP_0003719,ORD_0003719,VEH_0019,DRV_0031,2025-11-17 23:51:35,2026-09-14 20:18:45,2026-09-14 18:36:44,2015.6,Delivered,67409.49,2519.5
SHP_0003720,ORD_0003720,VEH_0014,DRV_0029,2025-11-07 00:58:55,2026-05-24 09:30:35,2026-05-24 08:26:12,223.5,Delivered,11894.83,5002.14
SHP_0003721,ORD_0003721,VEH_0074,DRV_0049,2026-08-29 22:04:22,2026-05-02 03:34:56,2026-08-30 11:27:45,545.7,Delivered,18218.66,13498.89
SHP_0003722,ORD_0003722,VEH_0039,DRV_0002,2026-07-20 08:23:50,2026-04-26 15:43:39,2026-07-20 15:49:10,358.8,Delivered,17161.37,8030.29
SHP_0003723,ORD_0003723,VEH_0051,DRV_0024,2026-02-23 23:04:47,2026-02-01 01:15:48,2026-02-24 08:01:27,369.9,Delivered,18007.58,6321.93
SHP_0003724,ORD_0003724,VEH_0018,DRV_0014,2026-08-11 07:02:43,2026-02-26 12:08:29,2026-08-13 02:25:56,2212.9,Delivered,75218.54,49526.81
SHP_0003725,ORD_0003725,VEH_0068,DRV_0069,2026-06-13 13:23:48,2025-11-30 19:46:20,2026-06-14 11:14:56,998.9,Delivered,37174.63,11046.66
SHP_0003726,ORD_0003726,VEH_0035,DRV_0017,2026-08-30 17:34:17,2026-04-20 19:13:56,2026-04-21 12:33:10,2149.1,Delivered,70173.32,53161.95
SHP_0003727,ORD_0003727,VEH_0024,DRV_0036,2026-03-02 13:06:11,2025-12-04 00:40:37,2026-03-02 18:17:34,214.5,Delivered,10154.53,3666.0
SHP_0003728,ORD_0003728,VEH_0078,DRV_0081,2026-06-20 14:07:40,2026-01-06 19:08:02,2026-06-22 02:46:03,1692.6,Delivered,31189.03,2115.75
SHP_0003729,ORD_0003729,VEH_0017,DRV_0018,2025-11-02 23:39:23,2026-01-10 17:39:00,2026-01-10 14:15:20,2213.2,Delivered,73823.94,49533.52
SHP_0003730,ORD_0003730,VEH_0076,DRV_0016,2025-12-04 23:22:11,2026-08-19 01:30:39,2026-08-19 00:45:02,2234.8,Delivered,78548.74,2793.5
SHP_0003731,ORD_0003731,VEH_0071,DRV_0053,2026-04-17 10:36:43,2025-12-08 08:10:36,2026-04-17 22:31:32,530.5,Delivered,19558.49,5866.71
SHP_0003732,ORD_0003732,VEH_0020,DRV_0008,2026-03-21 14:01:54,2026-09-24 11:26:12,2026-09-24 09:41:02,142.8,Delivered,9959.02,2440.58
SHP_0003733,ORD_0003733,VEH_0074,DRV_0021,2025-10-10 18:07:48,2026-03-20 12:50:37,2026-03-20 09:51:51,1869.2,Delivered,62185.93,46238.11
SHP_0003734,ORD_0003734,VEH_0011,DRV_0084,2026-09-10 21:40:10,2026-05-30 10:10:36,2026-09-11 17:08:48,985.7,Delivered,38268.04,24383.11
SHP_0003735,ORD_0003735,VEH_0011,DRV_0005,2026-04-12 00:15:08,2026-03-01 19:11:59,2026-04-13 10:58:58,1550.2,Delivered,50965.55,38347.05
SHP_0003736,ORD_0003736,VEH_0016,DRV_0074,2026-05-13 11:01:59,2026-05-04 18:47:39,2026-05-14 03:44:42,705.9,Delivered,29820.67,17461.74
SHP_0003737,ORD_0003737,VEH_0030,DRV_0011,2026-04-19 03:53:59,2026-08-08 10:48:41,2026-08-08 08:19:26,202.7,Delivered,11788.3,4536.62
SHP_0003738,ORD_0003738,VEH_0065,DRV_0061,2026-07-18 08:06:42,2026-04-27 06:52:29,2026-07-19 11:40:20,1255.0,Delivered,47228.35,1568.75
SHP_0003739,ORD_0003739,VEH_0078,DRV_0060,2026-07-06 14:30:04,2026-04-08 14:44:40,2026-07-08 01:17:47,1700.1,Delivered,56518.26,2125.12
SHP_0003740,ORD_0003740,VEH_0034,DRV_0033,2025-12-27 10:31:37,2025-10-28 09:51:33,2025-12-27 17:08:03,305.8,Delivered,16899.71,3381.79
SHP_0003741,ORD_0003741,VEH_0065,DRV_0047,2025-10-16 21:09:51,2026-01-11 03:58:24,2026-01-11 03:26:27,2384.9,Delivered,78270.51,2981.12
SHP_0003742,ORD_0003742,VEH_0011,DRV_0044,2026-06-15 18:56:38,2026-06-06 09:30:18,2026-06-18 01:14:20,2460.9,Delivered,85439.52,60874.89
SHP_0003743,ORD_0003743,VEH_0064,DRV_0064,2026-06-22 01:42:09,2026-01-23 05:48:32,2026-06-24 01:07:41,2122.9,Delivered,73524.49,52513.84
SHP_0003744,ORD_0003744,VEH_0015,DRV_0002,2026-01-15 17:36:32,2026-07-19 10:03:21,2026-07-19 09:08:29,621.7,Delivered,21320.9,777.12
SHP_0003745,ORD_0003745,VEH_0012,DRV_0054,2026-01-19 10:09:36,2026-05-27 08:19:23,2026-05-28 01:48:28,908.1,Delivered,34916.79,10042.52
SHP_0003746,ORD_0003746,VEH_0077,DRV_0089,2026-06-03 07:13:13,2026-03-04 10:27:40,2026-06-05 06:45:08,1966.8,Delivered,66640.33,33614.4
SHP_0003747,ORD_0003747,VEH_0067,DRV_0038,2025-10-06 00:24:24,2026-02-27 22:53:10,2026-02-27 21:26:44,1709.2,Delivered,61779.11,29211.78
SHP_0003748,ORD_0003748,VEH_0075,DRV_0004,2026-01-23 21:46:13,2026-05-23 23:21:15,2026-05-23 22:10:48,546.5,Delivered,22369.33,13518.68
SHP_0003749,ORD_0003749,VEH_0015,DRV_0031,2026-05-22 16:25:35,2026-05-08 08:41:52,2026-05-08 22:00:16,296.4,Delivered,11957.47,370.5
SHP_0003750,ORD_0003750,VEH_0064,DRV_0071,2025-12-24 22:51:13,2026-09-22 09:40:11,2026-09-22 05:55:09,2390.1,Delivered,79599.68,59123.53
SHP_0003751,ORD_0003751,VEH_0019,DRV_0060,2025-11-16 16:23:19,2026-07-26 01:12:30,2026-07-25 22:10:23,1250.7,Delivered,43756.72,1563.38
SHP_0003752,ORD_0003752,VEH_0035,DRV_0063,2025-12-02 18:45:35,2026-01-18 21:15:07,2026-01-18 19:42:10,296.1,Delivered,13969.73,7324.58
SHP_0003753,ORD_0003753,VEH_0066,DRV_0025,2026-07-10 07:52:20,2026-08-28 04:28:37,2026-08-28 00:56:16,2213.2,Delivered,75278.91,24475.39
SHP_0003754,ORD_0003754,VEH_0003,DRV_0022,2026-06-10 10:28:48,2025-11-01 03:31:20,2025-11-01 10:51:40,1130.6,Delivered,37493.09,25303.9
SHP_0003755,ORD_0003755,VEH_0055,DRV_0009,2025-11-17 13:29:05,2026-03-26 00:57:14,2026-03-25 23:36:01,2147.7,Delivered,71944.27,53127.32
SHP_0003756,ORD_0003756,VEH_0010,DRV_0066,2026-04-28 21:11:14,2026-06-24 06:38:11,2026-06-24 18:45:49,1591.8,Delivered,53434.31,17603.44
SHP_0003757,ORD_0003757,VEH_0022,DRV_0068,2026-08-19 14:56:07,2025-12-31 22:54:35,2026-08-19 22:51:33,365.7,Delivered,16107.56,6250.15
SHP_0003758,ORD_0003758,VEH_0012,DRV_0064,2025-12-11 03:10:31,2026-03-08 23:58:18,2026-03-08 19:58:22,666.0,Delivered,27413.1,7365.18
SHP_0003759,ORD_0003759,VEH_0079,DRV_0003,2026-02-02 23:44:04,2025-12-08 01:31:09,2026-02-03 12:59:38,621.7,Delivered,25990.12,13914.24
SHP_0003760,ORD_0003760,VEH_0058,DRV_0052,2025-12-24 01:14:45,2026-03-13 21:08:19,2026-03-13 18:05:50,303.3,Delivered,11531.92,6788.14
SHP_0003761,ORD_0003761,VEH_0027,DRV_0032,2026-02-03 14:53:10,2026-03-02 08:14:42,2026-03-02 13:25:12,2382.1,Delivered,77396.65,58925.63
SHP_0003762,ORD_0003762,VEH_0006,DRV_0016,2026-06-11 01:55:54,2026-02-27 02:43:29,2026-06-11 12:40:55,534.8,Delivered,19248.94,11969.33
SHP_0003763,ORD_0003763,VEH_0014,DRV_0069,2025-11-21 20:47:11,2026-01-24 19:50:48,2026-01-24 19:00:17,2197.4,Delivered,74725.6,49179.9
SHP_0003764,ORD_0003764,VEH_0061,DRV_0025,2026-01-10 00:46:10,2026-08-19 17:32:39,2026-08-19 15:45:30,232.5,Delivered,4467.03,5751.32
SHP_0003765,ORD_0003765,VEH_0039,DRV_0059,2025-11-18 17:20:36,2026-01-02 07:53:50,2026-01-02 07:16:22,226.1,Delivered,12789.58,5060.33
SHP_0003766,ORD_0003766,VEH_0029,DRV_0048,2025-11-05 04:25:48,2026-08-02 02:55:12,2026-08-02 01:22:43,1384.9,Delivered,51440.27,15315.36
SHP_0003767,ORD_0003767,VEH_0071,DRV_0033,2026-05-23 20:41:51,2026-08-19 17:30:37,2026-08-19 14:39:51,2145.4,Delivered,72476.2,23725.6
SHP_0003768,ORD_0003768,VEH_0021,DRV_0032,2026-02-20 20:34:29,2026-07-17 23:26:58,2026-07-18 02:18:03,301.1,Delivered,13104.69,376.38
SHP_0003769,ORD_0003769,VEH_0035,DRV_0022,2026-04-06 03:50:53,2026-05-29 08:01:22,2026-05-29 07:08:26,908.4,Delivered,31750.59,22470.95
SHP_0003770,ORD_0003770,VEH_0077,DRV_0071,2025-11-23 03:21:10,2026-05-21 02:57:04,2026-05-20 23:54:18,548.6,Delivered,21440.2,9376.07
SHP_0003771,ORD_0003771,VEH_0013,DRV_0082,2026-07-06 08:45:57,2025-11-13 20:56:56,2026-07-06 17:24:27,370.5,Delivered,13417.8,6332.18
SHP_0003772,ORD_0003772,VEH_0042,DRV_0069,2026-09-03 08:11:25,2026-04-15 23:35:08,2026-09-05 12:27:48,2621.8,Delivered,89478.97,58678.38
SHP_0003773,ORD_0003773,VEH_0064,DRV_0017,2026-03-13 07:09:50,2026-05-12 20:45:46,2026-05-12 16:48:59,677.7,Delivered,23874.87,16764.16
SHP_0003774,ORD_0003774,VEH_0007,DRV_0073,2026-01-24 16:26:33,2026-07-24 19:56:03,2026-07-24 18:45:43,1241.0,Delivered,44590.53,21209.82
SHP_0003775,ORD_0003775,VEH_0026,DRV_0074,2025-10-07 05:24:29,2026-07-02 09:30:26,2026-07-02 08:03:24,1249.9,Delivered,47169.55,27973.95
SHP_0003776,ORD_0003776,VEH_0061,DRV_0053,2026-02-11 08:46:51,2026-09-16 23:41:58,2026-09-16 21:04:14,2269.3,Delivered,77141.72,56135.32
SHP_0003777,ORD_0003777,VEH_0047,DRV_0047,2026-01-16 01:56:16,2026-01-01 15:11:56,2026-01-17 03:28:12,1037.9,Delivered,37158.07,17738.65
SHP_0003778,ORD_0003778,VEH_0005,DRV_0020,2026-05-12 10:13:12,2026-09-10 04:40:22,2026-09-10 10:36:30,225.6,Delivered,8730.7,282.0
SHP_0003779,ORD_0003779,VEH_0075,DRV_0028,2025-10-10 21:42:32,2025-10-18 21:07:17,2025-10-18 17:35:14,1489.8,Delivered,49833.6,36852.95
SHP_0003780,ORD_0003780,VEH_0074,DRV_0006,2026-04-10 04:05:58,2026-05-25 07:50:31,2026-05-25 06:18:24,358.2,Delivered,17031.45,8860.74
SHP_0003781,ORD_0003781,VEH_0072,DRV_0016,2026-06-28 19:10:38,2025-12-16 16:58:01,2026-06-28 22:19:22,163.1,Delivered,6808.66,1803.69
SHP_0003782,ORD_0003782,VEH_0072,DRV_0077,2025-10-13 20:05:54,2025-12-14 09:42:28,,25.0,Cancelled,648.63,276.47
SHP_0003783,ORD_0003783,VEH_0065,DRV_0039,2026-03-11 11:33:51,2026-06-29 11:26:15,2026-06-29 07:39:15,1601.7,Delivered,28915.01,2002.12
SHP_0003784,ORD_0003784,VEH_0006,DRV_0014,2026-04-09 05:39:38,2026-05-23 00:52:34,2026-05-22 23:06:59,391.6,Delivered,17510.96,8764.38
SHP_0003785,ORD_0003785,VEH_0076,DRV_0041,2026-06-12 17:07:43,2026-01-21 10:44:49,2026-06-15 00:11:00,2612.9,Delivered,85604.02,3266.12
SHP_0003786,ORD_0003786,VEH_0003,DRV_0005,2026-02-20 21:46:12,2025-10-08 02:39:01,2026-02-21 10:40:36,657.8,Delivered,26046.74,14722.19
SHP_0003787,ORD_0003787,VEH_0046,DRV_0042,2025-10-24 06:48:19,2026-05-27 20:25:22,2026-05-27 19:45:00,1103.3,Delivered,41771.68,12201.2
SHP_0003788,ORD_0003788,VEH_0050,DRV_0054,2026-02-24 01:50:12,2025-11-06 20:07:57,2026-02-25 01:14:04,1197.7,Delivered,43400.72,13245.15
SHP_0003789,ORD_0003789,VEH_0051,DRV_0036,2025-10-16 09:38:49,2026-08-21 08:20:49,2026-08-21 06:43:17,1697.8,Delivered,30682.38,29016.95
SHP_0003790,ORD_0003790,VEH_0028,DRV_0012,2025-11-23 23:28:29,2026-08-26 05:02:13,2026-08-26 01:15:54,1466.2,Delivered,49954.58,36269.16
SHP_0003791,ORD_0003791,VEH_0040,DRV_0070,2025-12-20 16:16:33,2026-03-23 12:48:19,2026-03-23 15:18:14,335.4,Delivered,12415.06,8296.74
SHP_0003792,ORD_0003792,VEH_0018,DRV_0048,2026-03-29 06:21:25,2026-01-08 10:49:54,2026-03-29 16:32:40,519.2,Delivered,17611.09,11620.19
SHP_0003793,ORD_0003793,VEH_0063,DRV_0033,2025-12-07 14:36:01,2026-01-27 21:38:43,2026-01-27 20:37:31,1394.4,Delivered,48381.83,31208.0
SHP_0003794,ORD_0003794,VEH_0026,DRV_0056,2026-07-08 18:45:19,2025-10-24 22:43:18,2026-07-10 17:41:38,2376.9,Delivered,79608.75,53197.29
SHP_0003795,ORD_0003795,VEH_0068,DRV_0089,2025-10-30 01:10:09,2026-06-19 21:25:49,2026-06-19 18:50:59,2495.1,Delivered,84338.85,27592.87
SHP_0003796,ORD_0003796,VEH_0067,DRV_0062,2026-07-24 19:04:26,2026-06-08 21:22:43,2026-07-24 22:05:56,133.5,Delivered,6068.67,2281.64
SHP_0003797,ORD_0003797,VEH_0040,DRV_0040,2026-05-27 15:46:57,2026-09-20 10:13:28,2026-09-20 08:59:28,224.3,Delivered,4486.45,5548.47
SHP_0003798,ORD_0003798,VEH_0048,DRV_0017,2026-01-05 15:33:59,2026-01-12 05:25:52,2026-01-12 01:30:20,295.9,Delivered,13727.52,7319.63
SHP_0003799,ORD_0003799,VEH_0072,DRV_0068,2025-12-03 09:48:10,2026-02-15 07:47:08,2026-02-15 20:07:44,924.8,Delivered,33589.07,10227.2
SHP_0003800,ORD_0003800,VEH_0037,DRV_0047,2025-12-06 19:04:38,2026-02-24 02:53:20,2026-02-24 00:44:42,231.6,Delivered,12739.41,5183.43
SHP_0003801,ORD_0003801,VEH_0025,DRV_0008,2026-08-19 08:08:57,2025-10-24 02:26:07,2026-08-20 13:53:10,1482.1,Delivered,52330.43,33170.81
SHP_0003802,ORD_0003802,VEH_0057,DRV_0098,2026-08-19 12:59:04,2026-02-19 08:22:43,2026-08-20 04:12:53,659.6,Delivered,23163.51,7294.4
SHP_0003803,ORD_0003803,VEH_0073,DRV_0010,2026-04-24 20:04:39,2026-06-29 00:49:23,2026-06-28 20:56:02,229.2,Delivered,10102.81,3917.24
SHP_0003804,ORD_0003804,VEH_0056,DRV_0007,2026-02-28 01:12:27,2026-06-05 15:53:28,2026-06-05 15:03:56,25.0,Delivered,6674.16,31.25
SHP_0003805,ORD_0003805,VEH_0013,DRV_0073,2026-08-05 11:57:12,2026-09-08 14:13:12,2026-09-08 13:26:07,1250.7,Delivered,47243.44,21375.6
SHP_0003806,ORD_0003806,VEH_0002,DRV_0086,2026-04-20 08:04:18,2026-05-02 22:17:16,2026-05-02 21:13:46,899.6,Delivered,16274.39,22253.26
SHP_0003807,ORD_0003807,VEH_0055,DRV_0043,2026-05-27 20:11:52,2026-03-06 19:23:42,2026-05-29 11:40:12,1908.6,Delivered,67529.54,47212.74
SHP_0003808,ORD_0003808,VEH_0075,DRV_0088,2025-10-30 09:47:30,2025-10-09 12:09:51,2025-10-30 13:06:16,158.9,Delivered,8981.16,3930.68
SHP_0003809,ORD_0003809,VEH_0055,DRV_0071,2026-08-12 02:02:18,2026-04-04 08:39:03,2026-08-12 10:44:28,408.2,Delivered,16292.2,10097.58
SHP_0003810,ORD_0003810,VEH_0011,DRV_0086,2026-09-03 13:29:06,2026-06-14 02:08:45,2026-06-14 12:07:49,183.8,Delivered,3763.89,4546.63
SHP_0003811,ORD_0003811,VEH_0063,DRV_0026,2026-07-26 06:24:11,2025-11-12 20:35:45,2026-07-26 10:29:00,194.6,Delivered,11316.22,4355.33
SHP_0003812,ORD_0003812,VEH_0041,DRV_0038,2026-06-13 13:28:20,2026-01-09 00:27:11,2026-06-14 22:04:55,1462.4,Delivered,49607.49,24993.75
SHP_0003813,ORD_0003813,VEH_0060,DRV_0013,2026-07-30 09:22:52,2026-01-21 23:35:47,2026-08-01 00:22:14,1880.7,Delivered,64781.29,20798.33
SHP_0003814,ORD_0003814,VEH_0008,DRV_0023,2026-05-31 16:32:22,2025-10-11 10:52:12,2026-05-31 23:46:54,326.4,Delivered,13054.06,3609.6
SHP_0003815,ORD_0003815,VEH_0074,DRV_0051,2026-03-02 05:05:32,2025-12-16 14:30:37,,1696.2,Cancelled,59757.78,41958.63
SHP_0003816,ORD_0003816,VEH_0046,DRV_0026,2026-07-30 22:06:43,2026-09-23 21:14:48,,1759.7,Cancelled,57442.61,19460.21
SHP_0003817,ORD_0003817,VEH_0056,DRV_0051,2025-11-20 00:05:00,2026-07-10 10:50:48,2026-07-10 07:15:53,640.2,Delivered,25855.2,800.25
SHP_0003818,ORD_0003818,VEH_0008,DRV_0065,2026-01-02 16:01:40,2026-05-15 03:44:58,2026-05-15 03:14:08,351.9,Delivered,13690.2,3891.6
SHP_0003819,ORD_0003819,VEH_0020,DRV_0075,2026-01-16 18:58:46,2026-05-10 04:17:26,,625.0,Cancelled,26651.9,10681.82
SHP_0003820,ORD_0003820,VEH_0067,DRV_0100,2026-09-04 00:18:34,2026-07-27 06:31:20,,664.1,Cancelled,28059.16,11350.07
SHP_0003821,ORD_0003821,VEH_0073,DRV_0063,2026-07-03 13:59:43,2025-11-28 20:59:10,2026-07-04 01:11:49,541.2,Delivered,21352.04,9249.6
SHP_0003822,ORD_0003822,VEH_0080,DRV_0074,2026-01-12 14:15:28,2026-02-01 16:16:09,2026-02-01 15:41:36,377.1,Delivered,13366.35,4170.28
SHP_0003823,ORD_0003823,VEH_0034,DRV_0019,2026-07-11 06:03:21,2026-06-12 19:08:46,2026-07-12 06:08:28,1199.5,Delivered,39769.32,13265.06
SHP_0003824,ORD_0003824,VEH_0071,DRV_0083,2025-10-12 02:31:58,2026-09-01 03:24:18,2026-09-01 10:21:32,2050.1,Delivered,67694.59,22671.69
SHP_0003825,ORD_0003825,VEH_0013,DRV_0077,2026-08-11 02:27:01,2025-11-22 09:41:33,2026-08-12 02:10:50,1130.6,Delivered,40673.32,19322.98
SHP_0003826,ORD_0003826,VEH_0022,DRV_0043,2026-08-03 20:11:12,2026-06-14 11:15:22,2026-08-04 02:24:47,289.9,Delivered,10703.91,4954.65
SHP_0003827,ORD_0003827,VEH_0053,DRV_0056,2026-04-30 03:24:29,2026-07-02 13:58:03,2026-07-02 12:31:22,2017.7,Delivered,70679.11,49911.53
SHP_0003828,ORD_0003828,VEH_0014,DRV_0013,2026-07-01 02:55:56,2026-03-18 19:26:45,2026-03-19 03:30:00,25.0,Delivered,5577.18,559.52
SHP_0003829,ORD_0003829,VEH_0024,DRV_0094,2025-12-10 00:56:26,2026-08-17 09:33:45,2026-08-17 14:16:43,2217.2,Delivered,74017.45,37893.96
SHP_0003830,ORD_0003830,VEH_0068,DRV_0090,2026-01-24 02:46:48,2025-11-24 14:22:41,2026-01-26 06:39:57,2208.9,Delivered,76288.37,24427.84
SHP_0003831,ORD_0003831,VEH_0027,DRV_0009,2026-03-27 14:23:03,2026-07-04 04:18:16,2026-07-04 02:05:11,1092.6,Delivered,42456.76,27027.47
SHP_0003832,ORD_0003832,VEH_0010,DRV_0086,2026-07-11 19:47:07,2026-01-14 18:39:41,2026-07-12 04:20:36,344.1,Delivered,17994.65,3805.34
SHP_0003833,ORD_0003833,VEH_0049,DRV_0040,2026-05-05 13:58:30,2026-01-11 08:46:23,2026-05-07 13:31:46,1954.4,Delivered,66019.04,21613.36
SHP_0003834,ORD_0003834,VEH_0063,DRV_0008,2026-07-17 17:23:58,2026-08-15 05:46:12,2026-08-15 02:56:27,1223.3,Delivered,40007.23,27378.62
SHP_0003835,ORD_0003835,VEH_0074,DRV_0047,2026-01-21 17:13:36,2026-06-30 09:36:22,2026-06-30 08:10:29,906.0,Delivered,34425.15,22411.58
SHP_0003836,ORD_0003836,VEH_0012,DRV_0018,2026-05-23 03:50:09,2026-07-07 18:24:41,2026-07-07 23:19:57,1958.1,Delivered,65620.4,21654.28
SHP_0003837,ORD_0003837,VEH_0036,DRV_0049,2026-01-31 06:35:38,2026-06-06 23:19:22,2026-06-06 21:26:03,1252.0,Delivered,44547.33,13845.65
SHP_0003838,ORD_0003838,VEH_0002,DRV_0028,2026-05-15 14:13:15,2026-07-09 14:27:12,2026-07-09 13:23:19,2621.8,Delivered,86846.93,64855.05
SHP_0003839,ORD_0003839,VEH_0052,DRV_0013,2026-01-20 02:35:49,2026-07-20 01:22:04,2026-07-19 23:04:12,2204.9,Delivered,72686.67,54542.26
SHP_0003840,ORD_0003840,VEH_0038,DRV_0052,2026-05-06 10:52:59,2026-08-25 05:27:09,2026-08-25 02:37:16,2001.5,Delivered,68685.26,2501.88
SHP_0003841,ORD_0003841,VEH_0033,DRV_0012,2026-02-02 06:38:32,2026-03-13 02:58:22,2026-03-13 10:22:43,1352.9,Delivered,24603.84,23122.29
SHP_0003842,ORD_0003842,VEH_0078,DRV_0039,2026-03-16 15:04:23,2025-12-23 21:16:06,,1945.3,Cancelled,63094.22,2431.62
SHP_0003843,ORD_0003843,VEH_0013,DRV_0047,2025-12-13 23:36:28,2026-08-18 05:30:59,,2196.7,Cancelled,72706.31,37543.6
SHP_0003844,ORD_0003844,VEH_0056,DRV_0051,2026-01-12 19:19:05,2026-05-29 17:14:41,2026-05-29 15:59:10,2389.9,Delivered,77775.71,2987.38
SHP_0003845,ORD_0003845,VEH_0046,DRV_0026,2026-05-01 13:11:33,2026-05-03 04:55:11,2026-05-03 01:21:08,643.3,Delivered,22122.68,7114.14
SHP_0003846,ORD_0003846,VEH_0016,DRV_0009,2026-02-08 22:29:51,2026-06-03 02:49:33,2026-06-03 01:17:45,2012.7,Delivered,69314.88,49787.84
SHP_0003847,ORD_0003847,VEH_0033,DRV_0045,2025-11-17 02:46:13,2025-12-10 19:55:11,2025-12-10 18:16:46,158.9,Delivered,2971.79,2715.75
SHP_0003848,ORD_0003848,VEH_0024,DRV_0040,2025-12-18 12:16:07,2026-09-29 21:14:52,2026-09-29 19:24:49,2221.4,Delivered,72225.97,37965.75
SHP_0003849,ORD_0003849,VEH_0034,DRV_0002,2025-12-09 00:56:24,2026-08-19 18:27:48,2026-08-20 09:49:00,617.3,Delivered,25795.07,6826.61
SHP_0003850,ORD_0003850,VEH_0029,DRV_0080,2026-05-05 08:56:40,2026-06-30 19:27:36,2026-06-30 18:51:45,1103.3,Delivered,37371.96,12201.2
SHP_0003851,ORD_0003851,VEH_0036,DRV_0009,2026-06-27 07:10:20,2026-09-26 00:56:32,2026-09-25 22:41:14,636.9,Delivered,21966.52,7043.36
SHP_0003852,ORD_0003852,VEH_0072,DRV_0096,2026-01-10 03:13:17,2026-06-17 07:32:10,2026-06-17 04:12:13,119.5,Delivered,11013.64,1321.53
SHP_0003853,ORD_0003853,VEH_0077,DRV_0008,2026-02-09 00:57:55,2026-09-12 07:43:12,2026-09-12 13:20:49,171.3,Delivered,10056.1,2927.67
SHP_0003854,ORD_0003854,VEH_0052,DRV_0096,2025-11-07 16:45:49,2026-03-01 01:40:16,2026-03-01 00:18:23,1247.5,Delivered,43236.53,30859.21
SHP_0003855,ORD_0003855,VEH_0025,DRV_0080,2026-01-20 07:21:59,2026-02-11 13:45:24,2026-02-11 10:06:38,2132.5,Delivered,69604.32,47727.38
SHP_0003856,ORD_0003856,VEH_0049,DRV_0002,2026-02-14 02:55:38,2026-07-29 23:56:39,2026-07-29 21:08:31,533.4,Delivered,17974.45,5898.78
SHP_0003857,ORD_0003857,VEH_0080,DRV_0076,2026-02-08 17:55:54,2026-03-31 00:19:24,2026-03-30 21:12:43,390.2,Delivered,14031.06,4315.15
SHP_0003858,ORD_0003858,VEH_0080,DRV_0050,2026-07-21 22:55:11,2026-09-14 12:21:17,2026-09-14 08:48:08,1065.0,Delivered,36424.11,11777.65
SHP_0003859,ORD_0003859,VEH_0036,DRV_0046,2026-06-28 23:31:00,2025-11-29 14:50:06,2026-06-29 15:02:19,641.3,Delivered,22741.25,7092.02
SHP_0003860,ORD_0003860,VEH_0075,DRV_0024,2026-03-09 12:18:02,2026-09-03 07:42:01,2026-09-03 04:07:50,1697.8,Delivered,61262.92,41998.21
SHP_0003861,ORD_0003861,VEH_0059,DRV_0064,2026-01-19 05:38:47,2026-08-16 13:28:24,2026-08-16 11:45:24,640.5,Delivered,22914.17,7083.18
SHP_0003862,ORD_0003862,VEH_0075,DRV_0013,2026-01-24 05:40:29,2026-06-02 04:42:35,2026-06-02 03:13:05,1368.5,Delivered,45499.14,33852.37
SHP_0003863,ORD_0003863,VEH_0049,DRV_0015,2025-12-08 10:10:42,2026-07-31 16:06:10,,1718.8,Cancelled,30955.87,19007.91
SHP_0003864,ORD_0003864,VEH_0065,DRV_0004,2026-07-12 12:19:35,2026-09-01 03:15:17,2026-08-31 23:28:54,1256.1,Delivered,45353.14,1570.12
SHP_0003865,ORD_0003865,VEH_0040,DRV_0057,2026-08-18 00:34:03,2026-09-03 20:51:23,2026-09-03 17:43:47,1121.5,Delivered,36709.62,27742.37
SHP_0003866,ORD_0003866,VEH_0059,DRV_0098,2026-01-26 09:33:59,2026-02-12 22:12:41,2026-02-12 20:26:30,556.0,Delivered,21313.34,6148.71
SHP_0003867,ORD_0003867,VEH_0031,DRV_0099,2026-08-29 15:48:28,2025-11-14 23:44:23,,1250.8,Cancelled,41670.41,1563.5
SHP_0003868,ORD_0003868,VEH_0034,DRV_0048,2026-06-22 14:36:08,2026-05-31 20:02:46,,1710.5,Cancelled,62203.66,18916.12
SHP_0003869,ORD_0003869,VEH_0066,DRV_0067,2026-08-03 15:32:24,2026-05-11 20:00:25,2026-08-04 20:53:45,1256.3,Delivered,44667.96,13893.2
SHP_0003870,ORD_0003870,VEH_0041,DRV_0041,2026-05-16 02:14:27,2025-12-03 09:54:53,2025-12-04 01:17:58,2460.9,Delivered,81488.03,42059.02
SHP_0003871,ORD_0003871,VEH_0073,DRV_0052,2026-05-13 03:31:16,2026-07-10 04:39:19,2026-07-10 02:52:26,549.4,Delivered,24093.67,9389.75
SHP_0003872,ORD_0003872,VEH_0078,DRV_0095,2025-10-20 14:22:14,2026-03-30 15:57:45,2026-03-30 12:23:57,2224.8,Delivered,72292.05,2781.0
SHP_0003873,ORD_0003873,VEH_0055,DRV_0082,2026-03-10 13:37:50,2025-11-22 18:06:11,2026-03-11 04:38:34,667.9,Delivered,24322.01,16521.74
SHP_0003874,ORD_0003874,VEH_0055,DRV_0086,2026-03-10 11:38:17,2026-04-14 02:51:42,2026-04-14 14:41:54,582.5,Delivered,10610.25,14409.21
SHP_0003875,ORD_0003875,VEH_0071,DRV_0053,2025-12-27 15:27:44,2026-03-30 05:22:09,,1480.1,Cancelled,26793.69,16368.16
SHP_0003876,ORD_0003876,VEH_0038,DRV_0012,2026-01-14 13:46:42,2026-04-20 12:29:29,2026-04-20 10:01:42,1250.8,Delivered,41204.79,1563.5
SHP_0003877,ORD_0003877,VEH_0073,DRV_0057,2025-11-03 06:39:43,2026-08-12 03:03:04,2026-08-12 20:27:25,1114.1,Delivered,20722.12,19040.98
SHP_0003878,ORD_0003878,VEH_0023,DRV_0088,2026-06-26 12:46:16,2026-03-18 11:33:35,2026-06-27 10:42:16,1051.3,Delivered,39656.04,1314.12
SHP_0003879,ORD_0003879,VEH_0072,DRV_0087,2026-06-02 05:42:21,2026-08-26 09:25:43,2026-08-26 16:54:01,901.9,Delivered,35459.99,9973.95
SHP_0003880,ORD_0003880,VEH_0042,DRV_0082,2025-11-12 23:25:05,2026-09-15 08:33:49,2026-09-15 06:49:49,684.9,Delivered,24549.38,15328.71
SHP_0003881,ORD_0003881,VEH_0010,DRV_0095,2026-03-13 22:09:40,2026-01-12 21:40:48,2026-03-14 02:01:55,190.6,Delivered,10229.38,2107.81
SHP_0003882,ORD_0003882,VEH_0054,DRV_0038,2026-03-15 21:42:40,2025-10-06 10:20:13,2025-10-06 20:45:12,96.8,Delivered,8818.01,121.0
SHP_0003883,ORD_0003883,VEH_0067,DRV_0073,2025-10-16 14:29:37,2025-10-11 08:47:52,2025-10-18 06:49:10,1973.7,Delivered,68597.81,33732.33
SHP_0003884,ORD_0003884,VEH_0011,DRV_0009,2026-02-16 20:51:02,2026-07-17 03:30:49,2026-07-17 01:59:10,656.5,Delivered,27775.1,16239.74
SHP_0003885,ORD_0003885,VEH_0023,DRV_0061,2026-04-28 05:56:28,2026-03-11 18:16:24,2026-04-28 06:28:31,25.0,Delivered,3686.9,31.25
SHP_0003886,ORD_0003886,VEH_0036,DRV_0057,2026-05-25 21:36:44,2026-08-06 12:19:28,2026-08-06 11:04:16,1996.7,Delivered,70838.95,22081.15
SHP_0003887,ORD_0003887,VEH_0078,DRV_0033,2026-06-03 06:16:09,2026-04-12 11:29:56,2026-04-12 23:45:35,2145.4,Delivered,69433.6,2681.75
SHP_0003888,ORD_0003888,VEH_0008,DRV_0062,2026-07-13 07:01:56,2026-08-30 12:03:41,2026-08-30 08:29:12,322.9,Delivered,15729.9,3570.89
SHP_0003889,ORD_0003889,VEH_0010,DRV_0065,2025-11-27 18:55:52,2026-03-01 23:13:21,2026-03-01 20:33:58,2266.0,Delivered,80003.52,25059.29
SHP_0003890,ORD_0003890,VEH_0008,DRV_0015,2026-06-27 15:20:07,2025-10-30 22:34:52,2026-06-28 16:46:46,1291.1,Delivered,45364.19,14278.05
SHP_0003891,ORD_0003891,VEH_0052,DRV_0061,2026-07-28 13:24:05,2026-01-19 14:09:01,,2384.5,Cancelled,82882.7,58985.0
SHP_0003892,ORD_0003892,VEH_0017,DRV_0052,2026-05-09 10:07:42,2026-05-10 01:47:19,2026-05-09 23:02:58,1946.4,Delivered,35686.71,43562.29
SHP_0003893,ORD_0003893,VEH_0066,DRV_0070,2026-09-02 07:28:55,2026-02-12 11:03:59,2026-09-02 12:43:05,228.3,Delivered,12409.82,2524.73
SHP_0003894,ORD_0003894,VEH_0075,DRV_0093,2025-12-01 22:46:00,2026-07-18 03:36:09,2026-07-18 17:34:00,289.9,Delivered,12618.2,7171.21
SHP_0003895,ORD_0003895,VEH_0010,DRV_0076,2025-11-25 08:29:16,2026-04-28 00:49:33,2026-04-28 00:11:00,134.7,Delivered,8003.8,1489.62
SHP_0003896,ORD_0003896,VEH_0041,DRV_0075,2026-06-25 19:38:35,2026-01-07 19:26:02,2026-06-27 00:45:58,1168.2,Delivered,43633.12,19965.6
SHP_0003897,ORD_0003897,VEH_0018,DRV_0030,2026-04-10 22:50:08,2026-06-20 16:45:45,2026-06-20 13:25:07,2031.0,Delivered,69975.38,45455.71
SHP_0003898,ORD_0003898,VEH_0005,DRV_0042,2026-07-18 10:34:02,2025-11-03 07:13:36,2026-07-18 11:03:06,25.0,Delivered,6474.89,31.25
SHP_0003899,ORD_0003899,VEH_0053,DRV_0076,2025-11-25 17:40:57,2026-06-15 08:55:51,2026-06-15 05:55:39,1246.5,Delivered,22777.95,30834.47
SHP_0003900,ORD_0003900,VEH_0064,DRV_0017,2025-10-03 15:43:38,2026-05-19 01:50:08,2026-05-19 10:51:18,235.6,Delivered,11184.65,5828.0
SHP_0003901,ORD_0003901,VEH_0062,DRV_0030,2026-02-27 15:43:59,2026-08-15 15:38:06,2026-08-15 12:05:34,1642.5,Delivered,57601.56,28071.82
SHP_0003902,ORD_0003902,VEH_0052,DRV_0065,2025-10-01 21:53:42,2026-03-06 00:35:49,2026-03-05 22:19:28,228.3,Delivered,10263.41,5647.42
SHP_0003903,ORD_0003903,VEH_0017,DRV_0013,2025-12-12 23:55:00,2025-11-30 20:02:29,2025-12-15 15:50:33,2616.2,Delivered,89273.81,58553.05
SHP_0003904,ORD_0003904,VEH_0040,DRV_0088,2026-01-30 00:35:37,2026-08-03 01:23:23,2026-08-02 23:52:14,1964.0,Delivered,35461.02,48583.16
SHP_0003905,ORD_0003905,VEH_0008,DRV_0007,2026-07-25 22:46:28,2025-12-25 22:54:41,2026-07-26 11:29:53,619.6,Delivered,25463.12,6852.05
SHP_0003906,ORD_0003906,VEH_0065,DRV_0004,2026-09-05 01:21:43,2026-08-09 00:53:57,2026-09-05 14:22:26,541.2,Delivered,20512.77,676.5
SHP_0003907,ORD_0003907,VEH_0019,DRV_0036,2026-09-07 13:13:04,2026-07-10 12:56:39,2026-07-10 19:52:51,631.0,Delivered,11751.83,788.75
SHP_0003908,ORD_0003908,VEH_0029,DRV_0036,2026-07-28 16:29:01,2026-03-24 18:52:13,,1951.3,Cancelled,66932.15,21579.08
SHP_0003909,ORD_0003909,VEH_0035,DRV_0074,2025-10-18 02:17:21,2026-08-06 03:58:44,2026-08-06 02:07:04,1969.3,Delivered,68377.48,48714.26
SHP_0003910,ORD_0003910,VEH_0052,DRV_0012,2026-07-07 04:06:51,2026-08-04 04:56:03,2026-08-04 02:47:17,1152.2,Delivered,40180.65,28501.79
SHP_0003911,ORD_0003911,VEH_0033,DRV_0070,2026-09-08 07:29:23,2026-04-18 15:28:42,2026-09-10 03:15:05,2117.4,Delivered,71317.64,36188.29
SHP_0003912,ORD_0003912,VEH_0003,DRV_0005,2025-12-20 19:26:26,2025-11-22 22:36:52,2025-12-21 00:56:14,256.4,Delivered,13490.41,5738.48
SHP_0003913,ORD_0003913,VEH_0031,DRV_0001,2026-07-18 00:33:48,2026-06-07 13:51:04,2026-07-18 04:29:25,183.8,Delivered,7726.99,229.75
SHP_0003914,ORD_0003914,VEH_0009,DRV_0074,2025-11-05 14:16:05,2026-03-01 03:36:10,2026-03-01 02:51:52,2053.6,Delivered,68930.87,2567.0
SHP_0003915,ORD_0003915,VEH_0015,DRV_0039,2025-12-14 16:12:00,2026-05-29 09:16:31,,924.8,Cancelled,32827.76,1156.0
SHP_0003916,ORD_0003916,VEH_0050,DRV_0083,2026-08-13 00:20:20,2025-10-30 07:18:51,2026-08-13 19:42:20,904.6,Delivered,36152.58,10003.81
SHP_0003917,ORD_0003917,VEH_0021,DRV_0009,2026-06-20 11:58:16,2026-03-02 03:26:59,2026-06-22 03:03:22,2015.6,Delivered,71728.81,2519.5
SHP_0003918,ORD_0003918,VEH_0065,DRV_0076,2025-12-30 23:16:49,2026-05-03 02:08:45,2026-05-02 23:12:59,267.9,Delivered,5116.97,334.88
SHP_0003919,ORD_0003919,VEH_0014,DRV_0003,2026-06-25 21:12:31,2026-04-02 00:15:17,2026-06-26 11:34:51,654.5,Delivered,26509.67,14648.33
SHP_0003920,ORD_0003920,VEH_0025,DRV_0031,2026-02-27 10:09:57,2026-07-30 07:38:45,2026-07-30 05:21:07,781.1,Delivered,26445.4,17481.76
SHP_0003921,ORD_0003921,VEH_0017,DRV_0022,2026-01-21 12:15:48,2026-02-05 08:33:41,,1973.8,Cancelled,65972.04,44175.52
SHP_0003922,ORD_0003922,VEH_0031,DRV_0028,2026-09-07 22:00:50,2025-11-05 21:39:40,2026-09-08 06:48:02,430.8,Delivered,14897.43,538.5
SHP_0003923,ORD_0003923,VEH_0054,DRV_0061,2026-06-12 15:07:16,2026-08-11 00:45:21,2026-08-10 22:27:54,525.6,Delivered,17750.67,657.0
SHP_0003924,ORD_0003924,VEH_0075,DRV_0004,2025-10-30 11:26:49,2026-07-16 23:03:06,2026-07-16 20:13:57,1093.1,Delivered,41911.58,27039.84
SHP_0003925,ORD_0003925,VEH_0078,DRV_0011,2026-08-16 09:47:36,2026-05-16 18:13:06,2026-08-16 10:17:14,25.0,Delivered,5309.3,31.25
SHP_0003926,ORD_0003926,VEH_0065,DRV_0082,2026-05-07 15:49:22,2025-12-04 13:35:04,2025-12-04 18:58:56,136.0,Delivered,5503.93,170.0
SHP_0003927,ORD_0003927,VEH_0068,DRV_0100,2026-07-06 12:28:30,2026-03-16 11:28:20,2026-07-07 14:21:39,1203.9,Delivered,41296.11,13313.72
SHP_0003928,ORD_0003928,VEH_0045,DRV_0074,2026-03-12 08:51:09,2026-03-30 09:41:33,2026-03-30 06:40:00,1291.1,Delivered,43413.41,28896.05
SHP_0003929,ORD_0003929,VEH_0063,DRV_0048,2026-04-01 22:41:52,2025-10-13 19:14:45,2026-04-03 03:08:20,1460.7,Delivered,51891.27,32691.86
SHP_0003930,ORD_0003930,VEH_0052,DRV_0025,2026-05-12 16:26:14,2026-05-07 09:59:02,2026-05-15 03:22:06,2383.4,Delivered,79172.14,58957.79
SHP_0003931,ORD_0003931,VEH_0069,DRV_0033,2025-11-11 05:26:58,2026-02-19 04:27:38,2026-02-19 02:49:31,1991.1,Delivered,69119.19,2488.87
SHP_0003932,ORD_0003932,VEH_0008,DRV_0065,2025-12-13 13:56:25,2026-08-16 11:35:28,2026-08-16 20:54:41,2132.5,Delivered,75043.49,23582.94
SHP_0003933,ORD_0003933,VEH_0078,DRV_0092,2026-01-12 20:35:41,2026-07-03 03:13:20,2026-07-03 12:41:53,217.8,Delivered,10866.74,272.25
SHP_0003934,ORD_0003934,VEH_0002,DRV_0049,2026-02-09 14:36:54,2026-09-06 01:53:53,2026-09-05 22:24:33,1026.1,Delivered,39032.66,25382.47
SHP_0003935,ORD_0003935,VEH_0069,DRV_0066,2025-12-23 01:56:09,2026-08-03 00:27:02,2026-08-02 21:38:54,2465.5,Delivered,81154.82,3081.88
SHP_0003936,ORD_0003936,VEH_0056,DRV_0084,2026-07-18 04:39:03,2026-07-09 20:50:34,2026-07-19 20:03:14,1828.2,Delivered,60927.89,2285.25
SHP_0003937,ORD_0003937,VEH_0079,DRV_0090,2026-06-09 14:01:58,2026-09-23 07:29:01,2026-09-23 16:42:44,2007.6,Delivered,71383.38,44932.0
SHP_0003938,ORD_0003938,VEH_0026,DRV_0027,2026-02-02 04:03:25,2025-12-17 17:24:41,2026-02-02 10:52:07,273.0,Delivered,12161.31,6110.0
SHP_0003939,ORD_0003939,VEH_0029,DRV_0013,2026-06-29 11:03:07,2025-11-06 04:06:14,2026-07-01 04:00:29,1869.2,Delivered,64947.51,20671.15
SHP_0003940,ORD_0003940,VEH_0049,DRV_0027,2026-04-21 00:38:16,2026-03-02 12:32:54,2026-04-21 11:17:46,532.0,Delivered,19513.65,5883.29
SHP_0003941,ORD_0003941,VEH_0048,DRV_0038,2026-05-01 12:43:48,2026-08-28 15:34:32,2026-08-28 14:46:07,1969.3,Delivered,66876.62,48714.26
SHP_0003942,ORD_0003942,VEH_0037,DRV_0073,2025-10-18 16:25:07,2026-09-07 09:59:05,2026-09-07 06:57:16,25.0,Delivered,6374.08,559.52
SHP_0003943,ORD_0003943,VEH_0015,DRV_0076,2026-08-04 00:51:26,2026-08-18 11:29:31,2026-08-18 09:06:28,904.6,Delivered,33798.74,1130.75
SHP_0003944,ORD_0003944,VEH_0068,DRV_0052,2025-12-30 06:13:06,2026-03-12 07:30:46,2026-03-12 05:54:07,537.0,Delivered,19159.8,5938.59
SHP_0003945,ORD_0003945,VEH_0059,DRV_0077,2026-08-04 11:22:47,2026-08-25 07:10:01,2026-08-25 20:01:10,1352.9,Delivered,49548.33,14961.48
SHP_0003946,ORD_0003946,VEH_0021,DRV_0029,2025-11-26 01:26:35,2025-10-31 13:10:40,2025-11-26 04:27:39,127.6,Delivered,4859.39,159.5
SHP_0003947,ORD_0003947,VEH_0051,DRV_0035,2026-04-28 14:59:14,2025-10-10 12:48:31,2026-04-28 15:35:36,25.0,Delivered,3323.66,427.27
SHP_0003948,ORD_0003948,VEH_0002,DRV_0037,2026-01-09 16:35:48,2026-01-04 21:36:49,2026-01-09 20:13:33,167.2,Delivered,11032.38,4136.0
SHP_0003949,ORD_0003949,VEH_0054,DRV_0085,2026-07-03 12:53:24,2026-05-16 01:50:24,2026-07-04 22:56:24,1646.4,Delivered,56129.75,2058.0
SHP_0003950,ORD_0003950,VEH_0064,DRV_0075,2026-06-05 15:09:35,2026-07-17 07:31:18,2026-07-17 23:02:58,25.0,Delivered,2262.55,618.42
SHP_0003951,ORD_0003951,VEH_0032,DRV_0067,2026-05-12 13:32:04,2026-05-24 00:15:25,2026-05-24 16:41:30,1978.1,Delivered,70086.21,21875.46
SHP_0003952,ORD_0003952,VEH_0051,DRV_0062,2025-11-27 22:26:07,2025-10-05 18:49:10,2025-11-28 22:53:57,1034.6,Delivered,39034.61,17682.25
SHP_0003953,ORD_0003953,VEH_0067,DRV_0067,2025-10-09 12:19:57,2026-07-11 01:19:36,2026-07-10 21:46:21,1880.7,Delivered,65696.29,32142.87
SHP_0003954,ORD_0003954,VEH_0039,DRV_0029,2026-04-25 20:00:37,2026-05-15 11:37:57,,351.9,Cancelled,6550.48,7875.86
SHP_0003955,ORD_0003955,VEH_0060,DRV_0023,2026-04-18 06:54:06,2026-09-04 03:52:28,2026-09-04 01:30:01,899.6,Delivered,32563.48,9948.52
SHP_0003956,ORD_0003956,VEH_0030,DRV_0081,2026-04-09 16:47:17,2026-08-01 20:35:29,2026-08-01 19:42:34,382.2,Delivered,15376.68,8554.0
SHP_0003957,ORD_0003957,VEH_0001,DRV_0023,2026-04-29 20:42:05,2026-04-09 08:34:24,2026-04-30 07:22:35,532.6,Delivered,21321.97,13174.84
SHP_0003958,ORD_0003958,VEH_0008,DRV_0050,2026-08-29 17:06:09,2026-06-07 04:39:08,2026-06-07 17:29:39,178.1,Delivered,12039.03,1969.58
SHP_0003959,ORD_0003959,VEH_0001,DRV_0005,2026-05-16 15:15:30,2026-05-08 21:20:14,2026-05-19 02:09:37,2612.0,Delivered,86876.79,64612.63
SHP_0003960,ORD_0003960,VEH_0063,DRV_0008,2026-08-24 07:18:08,2026-06-23 09:54:52,2026-08-24 10:34:01,153.8,Delivered,9633.16,3442.19
SHP_0003961,ORD_0003961,VEH_0022,DRV_0096,2025-12-10 07:51:23,2025-11-10 09:07:16,2025-12-10 18:33:39,442.2,Delivered,17971.35,7557.6
SHP_0003962,ORD_0003962,VEH_0070,DRV_0041,2025-12-24 04:28:58,2025-12-15 23:29:53,2025-12-24 09:47:19,222.3,Delivered,13200.17,5499.0
SHP_0003963,ORD_0003963,VEH_0007,DRV_0089,2026-08-10 15:53:59,2026-01-02 13:01:20,2026-08-11 21:31:06,1245.9,Delivered,41886.87,21293.56
SHP_0003964,ORD_0003964,VEH_0070,DRV_0012,2026-01-24 04:43:37,2025-11-27 10:07:34,,2383.7,Cancelled,80047.93,58965.21
SHP_0003965,ORD_0003965,VEH_0060,DRV_0078,2026-06-24 20:28:12,2026-06-09 00:07:53,2026-06-27 05:47:01,2375.5,Delivered,80874.53,26270.24
SHP_0003966,ORD_0003966,VEH_0015,DRV_0056,2025-11-11 17:23:28,2025-11-13 07:56:38,2025-11-13 07:10:11,1700.1,Delivered,60038.58,2125.12
SHP_0003967,ORD_0003967,VEH_0045,DRV_0049,2025-11-23 01:53:01,2026-09-25 13:32:55,2026-09-25 12:56:41,640.2,Delivered,24686.46,14328.29
SHP_0003968,ORD_0003968,VEH_0079,DRV_0059,2025-11-26 01:09:20,2025-12-14 20:11:58,2025-12-14 17:08:45,1190.7,Delivered,43853.29,26649.0
SHP_0003969,ORD_0003969,VEH_0010,DRV_0019,2026-07-06 02:39:18,2026-06-08 17:24:37,2026-07-07 13:11:43,1527.0,Delivered,52347.99,16886.82
SHP_0003970,ORD_0003970,VEH_0022,DRV_0040,2026-02-02 12:20:30,2025-10-12 00:32:23,2026-02-04 12:58:38,1958.1,Delivered,66039.9,33465.71
SHP_0003971,ORD_0003971,VEH_0024,DRV_0008,2026-05-02 19:11:01,2025-10-11 04:23:43,2026-05-04 23:46:32,2372.1,Delivered,79453.4,40541.35
SHP_0003972,ORD_0003972,VEH_0033,DRV_0041,2025-11-05 15:02:42,2026-07-03 06:21:29,2026-07-03 21:00:12,1110.6,Delivered,38566.18,18981.16
SHP_0003973,ORD_0003973,VEH_0079,DRV_0070,2026-03-07 22:55:29,2026-02-12 12:06:16,2026-03-08 19:41:02,895.6,Delivered,34332.86,20044.38
SHP_0003974,ORD_0003974,VEH_0022,DRV_0052,2025-11-07 01:45:25,2026-02-12 11:07:54,2026-02-13 02:13:15,1295.4,Delivered,44912.21,22139.56
SHP_0003975,ORD_0003975,VEH_0026,DRV_0027,2026-03-11 20:09:15,2025-12-16 11:03:55,2026-03-12 02:52:00,334.4,Delivered,15478.25,7484.19
SHP_0003976,ORD_0003976,VEH_0033,DRV_0007,2026-05-27 07:44:11,2026-02-12 02:11:46,2026-05-28 09:34:24,1046.9,Delivered,35443.83,17892.47
SHP_0003977,ORD_0003977,VEH_0038,DRV_0097,2026-05-24 00:11:20,2025-11-03 06:32:29,2026-05-25 23:11:09,2145.4,Delivered,70482.79,2681.75
SHP_0003978,ORD_0003978,VEH_0012,DRV_0024,2026-02-22 06:17:18,2026-05-10 02:23:45,2026-05-09 22:58:28,2012.7,Delivered,36362.74,22258.09
SHP_0003979,ORD_0003979,VEH_0080,DRV_0082,2025-11-20 18:39:21,2026-05-12 00:34:19,2026-05-11 20:57:23,1703.1,Delivered,61277.14,18834.28
SHP_0003980,ORD_0003980,VEH_0079,DRV_0042,2026-03-09 03:30:43,2026-03-20 05:44:34,2026-03-20 03:15:23,253.9,Delivered,14318.66,5682.52
SHP_0003981,ORD_0003981,VEH_0009,DRV_0002,2025-12-16 09:49:22,2026-04-26 09:49:15,2026-04-26 06:48:05,392.2,Delivered,19162.68,490.25
SHP_0003982,ORD_0003982,VEH_0011,DRV_0056,2026-09-05 19:35:07,2025-11-11 12:56:50,2026-09-05 23:39:48,169.0,Delivered,9842.26,4180.53
SHP_0003983,ORD_0003983,VEH_0026,DRV_0041,2026-06-21 19:53:37,2025-12-26 20:48:27,2026-06-22 00:59:55,230.3,Delivered,4510.98,5154.33
SHP_0003984,ORD_0003984,VEH_0034,DRV_0050,2026-07-06 17:45:58,2026-03-29 00:21:26,2026-07-07 01:36:05,372.6,Delivered,17599.6,4120.52
SHP_0003985,ORD_0003985,VEH_0034,DRV_0090,2025-11-27 10:23:35,2026-06-29 13:15:11,2026-06-29 09:55:38,2202.2,Delivered,73345.46,24353.74
SHP_0003986,ORD_0003986,VEH_0044,DRV_0066,2025-10-06 00:42:54,2026-03-12 13:19:26,2026-03-12 12:31:44,337.2,Delivered,13807.17,7546.86
SHP_0003987,ORD_0003987,VEH_0030,DRV_0040,2026-01-17 17:37:15,2026-03-31 02:12:51,2026-03-30 22:30:11,2225.0,Delivered,78469.48,49797.62
SHP_0003988,ORD_0003988,VEH_0009,DRV_0064,2026-07-26 19:29:18,2026-02-13 18:36:29,2026-07-27 02:10:23,324.6,Delivered,14113.49,405.75
SHP_0003989,ORD_0003989,VEH_0043,DRV_0005,2026-07-27 17:19:44,2025-10-21 23:36:48,2026-07-28 05:25:40,621.7,Delivered,23479.96,777.12
SHP_0003990,ORD_0003990,VEH_0008,DRV_0081,2026-07-07 18:32:23,2026-06-20 06:16:46,2026-06-20 21:44:22,525.6,Delivered,19141.35,5812.52
SHP_0003991,ORD_0003991,VEH_0027,DRV_0049,2026-03-01 17:40:00,2026-02-25 23:10:21,2026-03-01 21:06:02,158.9,Delivered,11503.57,3930.68
SHP_0003992,ORD_0003992,VEH_0050,DRV_0096,2026-06-01 10:49:56,2026-08-02 05:28:51,2026-08-02 03:30:54,639.4,Delivered,27328.42,7071.01
SHP_0003993,ORD_0003993,VEH_0025,DRV_0053,2025-12-01 09:19:49,2026-02-26 17:45:00,2026-02-26 16:59:13,2187.9,Delivered,73678.7,48967.29
SHP_0003994,ORD_0003994,VEH_0021,DRV_0051,2026-06-01 20:55:36,2026-03-21 01:50:19,2026-06-03 08:17:04,1708.3,Delivered,61841.72,2135.38
SHP_0003995,ORD_0003995,VEH_0012,DRV_0059,2026-03-23 22:50:52,2026-08-31 18:29:29,2026-08-31 14:48:43,267.7,Delivered,11113.53,2960.45
SHP_0003996,ORD_0003996,VEH_0010,DRV_0072,2026-02-09 20:02:58,2026-08-10 04:52:18,2026-08-10 01:42:28,898.8,Delivered,35548.15,9939.67
SHP_0003997,ORD_0003997,VEH_0006,DRV_0069,2026-04-06 11:29:29,2026-06-05 18:44:04,2026-06-06 05:04:17,686.6,Delivered,25105.92,15366.76
SHP_0003998,ORD_0003998,VEH_0009,DRV_0006,2026-05-23 16:49:13,2026-03-05 03:09:21,2026-03-05 13:36:27,214.7,Delivered,11505.31,268.38
SHP_0003999,ORD_0003999,VEH_0050,DRV_0010,2025-10-22 02:12:10,2026-03-02 02:12:24,2026-03-01 22:15:18,1118.2,Delivered,42781.87,12365.98
SHP_0004000,ORD_0004000,VEH_0002,DRV_0038,2026-03-12 15:31:25,2026-03-06 15:06:58,2026-03-13 07:24:35,689.6,Delivered,26369.07,17058.53
SHP_0004001,ORD_0004001,VEH_0033,DRV_0093,2026-04-21 19:41:27,2026-08-26 03:26:07,2026-08-26 00:15:51,381.7,Delivered,17314.94,6523.6
SHP_0004002,ORD_0004002,VEH_0034,DRV_0088,2026-05-09 08:08:11,2025-10-28 01:34:47,2026-05-10 09:04:15,1158.5,Delivered,38141.72,12811.65
SHP_0004003,ORD_0004003,VEH_0051,DRV_0010,2025-11-18 06:07:18,2026-02-12 18:47:53,2026-02-12 15:31:18,2008.6,Delivered,69166.26,34328.8
SHP_0004004,ORD_0004004,VEH_0067,DRV_0011,2026-03-18 12:03:42,2025-12-07 11:02:09,2026-03-19 15:05:39,1200.6,Delivered,41605.42,20519.35
SHP_0004005,ORD_0004005,VEH_0051,DRV_0074,2026-08-20 21:16:34,2026-03-30 22:05:22,2026-08-21 06:22:08,446.0,Delivered,20813.71,7622.55
SHP_0004006,ORD_0004006,VEH_0079,DRV_0023,2025-12-19 00:50:32,2026-08-08 10:12:38,2026-08-08 09:03:57,1944.2,Delivered,64034.82,43513.05
SHP_0004007,ORD_0004007,VEH_0040,DRV_0079,2025-12-06 21:32:37,2026-08-15 03:08:35,2026-08-15 15:12:07,25.0,Delivered,6608.77,618.42
SHP_0004008,ORD_0004008,VEH_0048,DRV_0052,2026-04-17 05:38:32,2025-12-15 08:14:47,2026-04-18 07:54:58,1193.1,Delivered,43182.18,29513.53
SHP_0004009,ORD_0004009,VEH_0050,DRV_0006,2025-10-12 06:58:43,2026-08-27 07:27:49,2026-08-27 05:53:33,1480.1,Delivered,27062.01,16368.16
SHP_0004010,ORD_0004010,VEH_0015,DRV_0047,2026-04-10 04:21:19,2026-08-13 21:26:16,2026-08-13 19:26:52,2267.6,Delivered,77478.46,2834.5
SHP_0004011,ORD_0004011,VEH_0024,DRV_0025,2026-08-24 11:12:27,2026-03-09 04:07:49,2026-08-24 14:54:44,151.8,Delivered,9903.21,2594.4
SHP_0004012,ORD_0004012,VEH_0035,DRV_0017,2025-10-17 02:18:38,2026-03-24 02:18:56,2026-03-23 23:17:55,1390.1,Delivered,47568.02,34386.68
SHP_0004013,ORD_0004013,VEH_0056,DRV_0068,2026-08-12 19:07:42,2026-07-19 22:51:09,,657.8,Cancelled,25209.52,822.25
SHP_0004014,ORD_0004014,VEH_0030,DRV_0025,2026-02-24 09:38:02,2025-12-06 10:40:15,2026-02-27 01:33:40,2607.1,Delivered,85277.29,58349.38
SHP_0004015,ORD_0004015,VEH_0031,DRV_0065,2025-10-11 00:45:00,2026-03-17 15:59:33,2026-03-17 14:28:31,1197.4,Delivered,39877.21,1496.75
SHP_0004016,ORD_0004016,VEH_0044,DRV_0100,2026-06-18 20:30:33,2026-04-17 00:39:58,2026-06-19 02:47:41,252.7,Delivered,9341.96,5655.67
SHP_0004017,ORD_0004017,VEH_0059,DRV_0076,2026-08-29 17:54:25,2026-04-05 23:07:15,2026-08-29 21:25:23,147.9,Delivered,6733.77,1635.6
SHP_0004018,ORD_0004018,VEH_0029,DRV_0074,2026-04-26 18:11:25,2026-09-08 21:14:26,2026-09-08 18:40:33,686.6,Delivered,12733.14,7592.99
SHP_0004019,ORD_0004019,VEH_0006,DRV_0076,2026-08-31 10:00:40,2026-03-26 03:36:48,2026-08-31 14:29:11,230.3,Delivered,14546.25,5154.33
SHP_0004020,ORD_0004020,VEH_0066,DRV_0083,2026-01-25 05:51:40,2026-07-14 08:01:54,2026-07-14 06:14:48,136.5,Delivered,11045.16,1509.53
SHP_0004021,ORD_0004021,VEH_0057,DRV_0084,2026-02-28 03:54:57,2026-01-08 21:15:16,2026-02-28 15:00:23,565.4,Delivered,25580.05,6252.66
SHP_0004022,ORD_0004022,VEH_0070,DRV_0001,2025-12-12 03:21:29,2026-01-31 01:39:51,,25.0,Cancelled,3581.66,618.42
SHP_0004023,ORD_0004023,VEH_0067,DRV_0052,2025-10-16 05:12:38,2025-12-11 01:18:44,2025-12-10 22:00:08,2501.9,Delivered,85872.09,42759.75
SHP_0004024,ORD_0004024,VEH_0040,DRV_0099,2026-06-14 19:54:15,2026-08-28 07:08:00,2026-08-28 14:01:38,1318.3,Delivered,44138.57,32610.58
SHP_0004025,ORD_0004025,VEH_0064,DRV_0070,2025-12-09 18:34:49,2026-09-19 11:06:47,2026-09-19 09:47:55,627.2,Delivered,26999.79,15514.95
SHP_0004026,ORD_0004026,VEH_0022,DRV_0036,2025-12-24 17:53:27,2026-03-15 05:59:57,2026-03-15 04:14:47,1035.7,Delivered,38984.92,17701.05
SHP_0004027,ORD_0004027,VEH_0077,DRV_0077,2026-07-03 15:53:48,2026-05-14 05:05:31,2026-07-04 14:25:37,1133.1,Delivered,38252.65,19365.71
SHP_0004028,ORD_0004028,VEH_0004,DRV_0048,2026-04-17 05:31:39,2026-08-04 02:55:30,2026-08-04 07:08:15,404.3,Delivered,17673.78,6909.85
SHP_0004029,ORD_0004029,VEH_0063,DRV_0041,2026-08-02 07:20:46,2025-10-11 18:32:04,,1440.6,Cancelled,53029.26,32242.0
SHP_0004030,ORD_0004030,VEH_0065,DRV_0048,2026-08-22 16:49:44,2025-11-12 12:44:36,2026-08-23 17:38:12,1094.7,Delivered,40615.12,1368.38
SHP_0004031,ORD_0004031,VEH_0019,DRV_0084,2025-12-16 19:32:10,2026-08-22 17:01:30,2026-08-22 13:53:48,25.0,Delivered,5417.11,31.25
SHP_0004032,ORD_0004032,VEH_0035,DRV_0005,2026-07-05 10:31:07,2026-04-21 15:29:04,2026-07-06 02:04:40,634.6,Delivered,22038.33,15698.0
SHP_0004033,ORD_0004033,VEH_0028,DRV_0048,2026-07-17 16:17:26,2026-09-12 12:44:41,2026-09-13 05:32:37,2054.8,Delivered,71250.35,50829.26
SHP_0004034,ORD_0004034,VEH_0050,DRV_0060,2026-01-06 06:20:07,2026-01-24 15:02:34,2026-01-24 13:26:14,1237.1,Delivered,42307.1,13680.87
SHP_0004035,ORD_0004035,VEH_0040,DRV_0012,2025-12-22 08:23:11,2026-03-10 13:34:34,2026-03-10 12:22:36,1063.5,Delivered,41525.99,26307.63
SHP_0004036,ORD_0004036,VEH_0040,DRV_0037,2025-10-20 22:09:28,2025-12-22 02:04:37,2025-12-21 22:53:21,1339.3,Delivered,45132.47,33130.05
SHP_0004037,ORD_0004037,VEH_0065,DRV_0055,2026-05-10 19:40:38,2026-01-26 21:29:02,,1145.5,Cancelled,41018.94,1431.88
SHP_0004038,ORD_0004038,VEH_0019,DRV_0087,2026-08-09 16:26:35,2026-07-07 15:17:25,2026-08-11 08:23:24,1958.1,Delivered,65910.03,2447.62
SHP_0004039,ORD_0004039,VEH_0046,DRV_0052,2025-10-26 05:09:28,2025-12-01 07:18:06,2025-12-01 05:11:17,214.7,Delivered,8014.38,2374.33
SHP_0004040,ORD_0004040,VEH_0054,DRV_0064,2026-01-09 19:40:43,2025-12-03 02:53:45,2026-01-11 14:50:48,2202.2,Delivered,77396.85,2752.75
SHP_0004041,ORD_0004041,VEH_0030,DRV_0065,2026-07-05 19:22:05,2026-08-19 03:05:27,2026-08-19 02:08:20,25.0,Delivered,7708.51,559.52
SHP_0004042,ORD_0004042,VEH_0072,DRV_0045,2026-06-09 01:47:44,2026-05-08 02:24:56,2026-06-10 17:53:48,1703.1,Delivered,55273.08,18834.28
SHP_0004043,ORD_0004043,VEH_0012,DRV_0047,2026-04-08 03:46:55,2026-07-09 01:02:37,2026-07-08 22:41:39,1946.4,Delivered,66045.53,21524.89
SHP_0004044,ORD_0004044,VEH_0045,DRV_0052,2026-03-29 14:11:11,2026-01-01 17:17:55,2026-03-30 01:45:34,527.7,Delivered,20663.82,11810.43
SHP_0004045,ORD_0004045,VEH_0067,DRV_0044,2026-01-21 22:52:24,2026-01-09 19:03:54,2026-01-09 21:28:25,365.3,Delivered,15975.46,6243.31
SHP_0004046,ORD_0004046,VEH_0059,DRV_0082,2026-08-25 13:26:59,2026-03-12 16:15:47,2026-08-26 11:54:23,1134.3,Delivered,38569.11,12544.02
SHP_0004047,ORD_0004047,VEH_0051,DRV_0088,2026-01-15 12:15:35,2026-06-12 04:13:52,2026-06-12 02:18:25,661.6,Delivered,27678.28,11307.35
SHP_0004048,ORD_0004048,VEH_0038,DRV_0019,2025-11-21 20:16:10,2026-06-04 03:47:54,2026-06-04 01:30:55,2186.7,Delivered,71730.33,2733.38
SHP_0004049,ORD_0004049,VEH_0016,DRV_0076,2026-04-13 19:01:56,2025-10-15 07:46:18,2026-04-14 09:10:14,666.0,Delivered,22297.14,16474.74
SHP_0004050,ORD_0004050,VEH_0068,DRV_0067,2026-04-12 03:31:41,2025-12-16 22:35:59,2026-04-13 22:25:28,2192.6,Delivered,73376.93,24247.58
SHP_0004051,ORD_0004051,VEH_0026,DRV_0098,2025-12-22 13:25:50,2026-09-16 06:06:18,2026-09-16 03:21:15,1696.2,Delivered,59707.54,37962.57
SHP_0004052,ORD_0004052,VEH_0037,DRV_0037,2026-09-08 03:18:35,2026-07-03 22:12:42,2026-09-10 03:57:23,2212.9,Delivered,76637.36,49526.81
SHP_0004053,ORD_0004053,VEH_0021,DRV_0093,2026-08-20 16:31:58,2025-12-16 09:00:45,2026-08-20 19:02:04,129.5,Delivered,7303.36,161.88
SHP_0004054,ORD_0004054,VEH_0027,DRV_0089,2026-04-18 10:23:49,2025-10-07 18:31:28,2025-10-08 00:34:39,1493.6,Delivered,51929.03,36946.95
SHP_0004055,ORD_0004055,VEH_0074,DRV_0045,2025-12-23 01:24:05,2026-04-13 05:23:20,2026-04-13 03:47:45,135.4,Delivered,6061.91,3349.37
SHP_0004056,ORD_0004056,VEH_0054,DRV_0077,2025-10-29 02:25:19,2025-11-18 22:43:41,2025-11-18 22:01:04,545.9,Delivered,19829.38,682.38
SHP_0004057,ORD_0004057,VEH_0066,DRV_0074,2025-10-20 13:51:36,2026-07-07 08:20:08,2026-07-07 05:05:23,182.7,Delivered,11430.66,2020.45
SHP_0004058,ORD_0004058,VEH_0072,DRV_0017,2026-01-13 09:48:32,2026-03-21 00:36:30,2026-03-20 22:23:33,1294.9,Delivered,47900.63,14320.07
SHP_0004059,ORD_0004059,VEH_0038,DRV_0086,2026-06-08 18:33:16,2026-03-07 01:40:10,2026-06-09 17:59:41,1030.7,Delivered,37708.01,1288.38
SHP_0004060,ORD_0004060,VEH_0032,DRV_0043,2026-01-14 20:09:48,2026-08-07 15:07:26,2026-08-07 14:03:35,391.6,Delivered,15034.03,4330.64
SHP_0004061,ORD_0004061,VEH_0047,DRV_0032,2026-04-07 06:34:36,2025-10-08 18:06:34,2026-04-07 11:54:13,215.6,Delivered,11394.46,3684.8
SHP_0004062,ORD_0004062,VEH_0016,DRV_0047,2026-02-18 22:50:03,2025-10-05 18:05:47,2026-02-20 16:47:35,1959.2,Delivered,67026.49,48464.42
SHP_0004063,ORD_0004063,VEH_0060,DRV_0001,2026-04-20 11:04:51,2026-01-26 23:19:25,2026-04-20 16:23:57,228.3,Delivered,11272.43,2524.73
SHP_0004064,ORD_0004064,VEH_0076,DRV_0087,2026-04-09 13:42:15,2026-05-04 16:33:59,2026-05-04 13:11:10,1050.0,Delivered,38928.78,1312.5
SHP_0004065,ORD_0004065,VEH_0049,DRV_0041,2026-08-18 16:09:55,2025-10-24 02:04:40,2026-08-20 22:16:22,2385.7,Delivered,82568.33,26383.04
SHP_0004066,ORD_0004066,VEH_0055,DRV_0063,2026-01-22 05:26:42,2026-07-12 14:31:57,2026-07-12 13:11:28,25.0,Delivered,616.03,618.42
SHP_0004067,ORD_0004067,VEH_0077,DRV_0052,2026-04-14 02:37:34,2026-06-05 08:58:02,2026-06-05 06:03:44,2197.4,Delivered,71681.04,37555.56
SHP_0004068,ORD_0004068,VEH_0021,DRV_0022,2026-05-05 22:32:09,2026-07-23 05:02:56,2026-07-23 01:48:28,401.8,Delivered,19443.64,502.25
SHP_0004069,ORD_0004069,VEH_0068,DRV_0014,2026-04-25 00:24:05,2026-04-01 17:35:01,2026-04-02 06:28:44,1703.1,Delivered,57088.29,18834.28
SHP_0004070,ORD_0004070,VEH_0062,DRV_0028,2026-09-10 20:05:15,2026-03-17 20:39:02,2026-09-11 18:16:54,906.0,Delivered,33783.24,15484.36
SHP_0004071,ORD_0004071,VEH_0045,DRV_0017,2026-07-28 17:16:57,2026-06-04 04:52:29,2026-06-04 07:39:08,25.0,Delivered,2293.52,559.52
SHP_0004072,ORD_0004072,VEH_0078,DRV_0081,2025-10-14 03:33:14,2026-02-10 18:43:56,2026-02-11 04:33:20,2385.7,Delivered,81622.35,2982.12
SHP_0004073,ORD_0004073,VEH_0014,DRV_0022,2026-09-06 15:09:40,2025-11-21 09:59:21,2026-09-08 11:41:28,2151.9,Delivered,75252.93,48161.57
SHP_0004074,ORD_0004074,VEH_0025,DRV_0073,2026-04-21 03:26:43,2025-12-05 09:49:37,2026-04-21 17:20:59,632.2,Delivered,22718.68,14149.24
SHP_0004075,ORD_0004075,VEH_0015,DRV_0039,2025-11-11 10:30:50,2025-11-08 16:04:02,2025-11-11 16:27:26,305.8,Delivered,16487.22,382.25
SHP_0004076,ORD_0004076,VEH_0044,DRV_0077,2026-08-04 23:09:19,2026-02-02 22:58:17,,773.3,Cancelled,28913.5,17307.19
SHP_0004077,ORD_0004077,VEH_0046,DRV_0024,2026-04-02 11:29:11,2026-09-08 02:31:38,2026-09-07 22:43:57,322.9,Delivered,17260.29,3570.89
SHP_0004078,ORD_0004078,VEH_0054,DRV_0025,2025-10-27 23:53:03,2026-04-07 06:27:41,2026-04-07 03:01:02,1884.8,Delivered,64643.6,2356.0
SHP_0004079,ORD_0004079,VEH_0011,DRV_0061,2025-11-08 18:47:27,2026-06-05 15:19:13,2026-06-05 13:14:26,2007.6,Delivered,68389.27,49661.68
SHP_0004080,ORD_0004080,VEH_0032,DRV_0003,2025-10-13 20:11:33,2026-09-21 22:02:08,2026-09-21 18:58:02,527.7,Delivered,19812.8,5835.74
SHP_0004081,ORD_0004081,VEH_0072,DRV_0050,2026-03-31 03:00:46,2026-04-26 23:57:54,2026-04-26 21:57:50,1035.7,Delivered,39364.62,11453.62
SHP_0004082,ORD_0004082,VEH_0039,DRV_0040,2026-03-20 02:51:41,2026-02-03 18:32:39,2026-03-20 21:32:30,907.3,Delivered,16789.99,20306.24
SHP_0004083,ORD_0004083,VEH_0030,DRV_0069,2025-11-06 23:46:19,2026-03-09 05:23:09,2026-03-09 03:54:30,2460.9,Delivered,85452.81,55077.29
SHP_0004084,ORD_0004084,VEH_0060,DRV_0061,2026-07-15 13:03:19,2026-01-27 07:50:21,2026-07-15 13:37:33,25.0,Delivered,2154.57,276.47
SHP_0004085,ORD_0004085,VEH_0064,DRV_0065,2025-11-01 03:45:58,2026-08-19 03:20:49,2026-08-19 00:57:13,311.3,Delivered,5781.29,7700.58
SHP_0004086,ORD_0004086,VEH_0058,DRV_0061,2026-01-02 11:30:52,2026-06-19 03:10:10,2026-06-19 01:37:25,2132.9,Delivered,72541.26,47736.33
SHP_0004087,ORD_0004087,VEH_0050,DRV_0086,2026-05-16 04:10:54,2026-06-10 16:46:08,,2187.9,Cancelled,72498.63,24195.6
SHP_0004088,ORD_0004088,VEH_0067,DRV_0099,2026-07-15 12:58:35,2026-04-20 12:00:21,2026-07-15 15:40:12,138.0,Delivered,10525.18,2358.55
SHP_0004089,ORD_0004089,VEH_0014,DRV_0064,2026-01-12 21:56:00,2026-03-22 18:24:52,2026-03-23 11:30:35,513.9,Delivered,9454.27,11501.57
SHP_0004090,ORD_0004090,VEH_0021,DRV_0043,2025-12-15 07:29:43,2025-10-14 19:43:16,2025-12-15 23:54:43,659.6,Delivered,27181.83,824.5
SHP_0004091,ORD_0004091,VEH_0038,DRV_0091,2025-11-01 17:06:33,2026-01-11 02:17:11,2026-01-10 22:47:37,127.6,Delivered,5364.98,159.5
SHP_0004092,ORD_0004092,VEH_0029,DRV_0066,2025-10-12 17:59:44,2025-10-22 23:07:04,2025-10-22 19:43:30,231.3,Delivered,12927.84,2557.91
SHP_0004093,ORD_0004093,VEH_0062,DRV_0085,2025-11-25 10:41:36,2025-11-27 04:56:09,2025-11-27 02:02:15,545.7,Delivered,19854.75,9326.51
SHP_0004094,ORD_0004094,VEH_0019,DRV_0048,2026-03-17 22:52:39,2026-08-14 23:11:37,2026-08-15 14:42:37,1739.9,Delivered,61350.67,2174.88
SHP_0004095,ORD_0004095,VEH_0027,DRV_0016,2026-05-17 16:19:52,2026-08-05 02:28:39,2026-08-05 04:06:34,334.7,Delivered,15082.66,8279.42
SHP_0004096,ORD_0004096,VEH_0053,DRV_0055,2026-05-29 02:04:56,2026-04-20 13:18:59,2026-05-29 22:29:43,1060.5,Delivered,37376.78,26233.42
SHP_0004097,ORD_0004097,VEH_0058,DRV_0010,2026-08-20 14:47:02,2026-04-24 17:30:13,2026-08-21 11:48:16,1064.4,Delivered,40087.37,23822.29
SHP_0004098,ORD_0004098,VEH_0035,DRV_0008,2026-04-26 19:00:53,2026-05-01 00:14:57,2026-04-30 22:48:18,330.7,Delivered,15608.98,8180.47
SHP_0004099,ORD_0004099,VEH_0008,DRV_0066,2026-08-27 04:11:47,2025-12-22 05:39:17,2025-12-22 12:19:57,153.8,Delivered,7435.24,1700.85
SHP_0004100,ORD_0004100,VEH_0026,DRV_0021,2026-04-15 19:22:01,2026-01-08 08:44:06,2026-04-17 14:27:13,2024.3,Delivered,70989.16,45305.76
SHP_0004101,ORD_0004101,VEH_0023,DRV_0068,2025-11-21 02:23:03,2026-03-06 03:20:57,,2024.3,Cancelled,65571.88,2530.38
SHP_0004102,ORD_0004102,VEH_0049,DRV_0006,2025-12-24 18:52:21,2026-05-12 06:42:54,2026-05-12 19:59:24,1030.7,Delivered,38829.12,11398.33
SHP_0004103,ORD_0004103,VEH_0050,DRV_0043,2026-04-09 22:45:41,2026-01-12 13:40:36,2026-04-10 11:38:50,527.7,Delivered,19243.69,5835.74
SHP_0004104,ORD_0004104,VEH_0024,DRV_0082,2026-03-11 21:33:52,2026-01-12 10:48:50,2026-03-12 18:32:47,1051.2,Delivered,36320.37,17965.96
SHP_0004105,ORD_0004105,VEH_0021,DRV_0039,2026-04-11 06:44:03,2026-01-13 23:18:07,,679.6,Cancelled,24472.52,849.5
SHP_0004106,ORD_0004106,VEH_0032,DRV_0009,2026-09-11 12:31:52,2026-06-06 16:40:38,2026-09-11 13:08:33,25.0,Delivered,7018.68,276.47
SHP_0004107,ORD_0004107,VEH_0023,DRV_0023,2026-04-13 14:56:11,2026-08-10 12:12:00,2026-08-10 08:21:49,1320.4,Delivered,48159.68,1650.5
SHP_0004108,ORD_0004108,VEH_0037,DRV_0078,2026-03-07 16:56:58,2025-12-25 19:10:34,2026-03-09 17:22:54,1953.4,Delivered,64217.44,43718.95
SHP_0004109,ORD_0004109,VEH_0035,DRV_0073,2026-05-11 00:51:37,2026-01-27 04:43:12,2026-05-12 11:42:49,1464.9,Delivered,50265.06,36237.0
SHP_0004110,ORD_0004110,VEH_0050,DRV_0075,2025-11-05 18:54:06,2026-03-09 11:29:28,2026-03-09 09:59:17,1729.3,Delivered,62085.59,19124.02
SHP_0004111,ORD_0004111,VEH_0075,DRV_0088,2026-04-10 05:47:46,2026-05-10 14:05:47,2026-05-10 12:28:07,2219.1,Delivered,72315.66,54893.53
SHP_0004112,ORD_0004112,VEH_0072,DRV_0006,2026-03-21 00:24:17,2026-01-14 03:06:53,2026-03-21 00:57:10,25.0,Delivered,825.23,276.47
SHP_0004113,ORD_0004113,VEH_0073,DRV_0069,2026-02-01 22:59:53,2026-05-30 02:58:09,2026-05-30 12:23:46,231.6,Delivered,12613.23,3958.25
SHP_0004114,ORD_0004114,VEH_0054,DRV_0038,2026-07-21 22:30:25,2026-02-22 12:50:37,2026-07-24 00:39:48,2187.2,Delivered,75702.83,2734.0
SHP_0004115,ORD_0004115,VEH_0070,DRV_0034,2026-03-13 21:19:14,2026-08-26 08:45:31,2026-08-26 08:09:21,1136.9,Delivered,41648.02,28123.32
SHP_0004116,ORD_0004116,VEH_0009,DRV_0052,2026-02-22 05:25:41,2026-04-12 23:55:56,2026-04-13 06:05:01,425.3,Delivered,8186.9,531.62
SHP_0004117,ORD_0004117,VEH_0059,DRV_0047,2026-01-28 20:58:28,2026-05-30 19:26:30,2026-05-30 16:36:48,1385.6,Delivered,45620.59,15323.11
SHP_0004118,ORD_0004118,VEH_0025,DRV_0067,2025-10-30 03:31:39,2025-11-17 08:30:08,2025-11-17 05:41:08,1004.2,Delivered,35777.21,22474.95
SHP_0004119,ORD_0004119,VEH_0036,DRV_0084,2026-07-12 17:56:22,2026-05-23 20:29:58,2026-05-24 06:10:45,2455.1,Delivered,83604.97,27150.52
SHP_0004120,ORD_0004120,VEH_0028,DRV_0041,2025-12-26 14:28:51,2025-12-05 21:12:49,2025-12-26 22:41:18,399.9,Delivered,14053.12,9892.26
SHP_0004121,ORD_0004121,VEH_0032,DRV_0029,2026-04-04 16:40:07,2026-08-16 21:46:22,2026-08-16 19:03:30,253.9,Delivered,11305.06,2807.84
SHP_0004122,ORD_0004122,VEH_0068,DRV_0028,2026-06-10 07:51:34,2025-12-13 17:26:35,2026-06-12 10:02:19,2403.7,Delivered,77673.36,26582.09
SHP_0004123,ORD_0004123,VEH_0074,DRV_0091,2026-07-11 15:22:10,2025-10-12 00:42:49,2026-07-12 04:32:55,654.5,Delivered,26160.44,16190.26
SHP_0004124,ORD_0004124,VEH_0018,DRV_0066,2026-02-16 02:35:03,2026-01-21 04:52:08,2026-02-17 22:29:33,2204.0,Delivered,77886.87,49327.62
SHP_0004125,ORD_0004125,VEH_0057,DRV_0057,2026-08-03 02:49:52,2026-04-12 06:16:43,2026-08-05 09:49:02,2607.1,Delivered,47129.85,28831.46
SHP_0004126,ORD_0004126,VEH_0029,DRV_0063,2026-08-01 14:15:50,2026-07-27 22:38:26,,238.4,Cancelled,9925.26,2636.42
SHP_0004127,ORD_0004127,VEH_0058,DRV_0082,2026-04-07 04:36:19,2026-08-06 10:09:06,2026-08-06 08:53:08,179.3,Delivered,7338.95,4012.9
SHP_0004128,ORD_0004128,VEH_0033,DRV_0045,2026-03-01 00:38:23,2025-12-30 01:09:04,2026-03-01 05:14:05,194.6,Delivered,7033.19,3325.89
SHP_0004129,ORD_0004129,VEH_0030,DRV_0029,2026-05-30 07:20:39,2025-10-16 12:57:32,2026-05-30 15:21:16,330.7,Delivered,6657.38,7401.38
SHP_0004130,ORD_0004130,VEH_0034,DRV_0011,2026-07-28 13:35:34,2025-10-09 07:31:37,2026-07-28 14:09:39,25.0,Delivered,1651.99,276.47
SHP_0004131,ORD_0004131,VEH_0017,DRV_0081,2026-03-26 11:27:32,2026-06-16 07:46:53,2026-06-16 03:54:55,640.1,Delivered,27804.99,14326.05
SHP_0004132,ORD_0004132,VEH_0080,DRV_0080,2026-03-13 09:14:21,2026-06-03 02:42:30,2026-06-03 00:18:17,1049.2,Delivered,38395.24,11602.92
SHP_0004133,ORD_0004133,VEH_0080,DRV_0073,2026-03-16 11:12:21,2026-09-25 08:30:27,2026-09-25 04:38:32,565.4,Delivered,20440.45,6252.66
SHP_0004134,ORD_0004134,VEH_0019,DRV_0057,2025-12-13 12:50:20,2026-05-29 21:14:05,2026-05-30 10:35:54,640.1,Delivered,24429.78,800.12
SHP_0004135,ORD_0004135,VEH_0002,DRV_0051,2025-11-01 13:00:01,2026-03-06 00:23:38,2026-03-05 23:11:19,533.4,Delivered,22295.82,13194.63
SHP_0004136,ORD_0004136,VEH_0015,DRV_0010,2026-05-05 11:14:03,2026-03-03 17:18:11,2026-05-06 19:12:30,1649.7,Delivered,30430.35,2062.12
SHP_0004137,ORD_0004137,VEH_0061,DRV_0072,2025-12-14 05:19:03,2026-08-17 22:46:42,2026-08-17 22:05:50,25.0,Delivered,7362.52,618.42
SHP_0004138,ORD_0004138,VEH_0040,DRV_0085,2026-08-17 22:44:30,2026-03-28 20:11:36,2026-08-18 07:33:40,372.6,Delivered,17495.43,9216.95
SHP_0004139,ORD_0004139,VEH_0029,DRV_0013,2026-05-07 02:38:54,2026-01-07 10:18:22,2026-05-08 16:20:52,1908.6,Delivered,63815.59,21106.87
SHP_0004140,ORD_0004140,VEH_0080,DRV_0063,2025-11-18 01:46:32,2025-12-05 22:00:15,2025-12-05 19:32:56,1959.1,Delivered,68224.25,21665.34
SHP_0004141,ORD_0004141,VEH_0001,DRV_0054,2025-10-16 00:53:01,2026-04-29 00:01:12,2026-04-28 21:25:18,1882.2,Delivered,65031.78,46559.68
SHP_0004142,ORD_0004142,VEH_0052,DRV_0055,2026-06-29 11:34:23,2026-05-10 20:54:01,2026-06-30 22:01:40,1389.0,Delivered,49249.65,34359.47
SHP_0004143,ORD_0004143,VEH_0050,DRV_0042,2026-06-03 07:19:42,2026-02-11 14:15:29,2026-06-05 12:20:14,2500.0,Delivered,86795.49,27647.06
SHP_0004144,ORD_0004144,VEH_0059,DRV_0048,2025-11-28 21:37:23,2025-12-11 23:02:22,2025-12-11 19:21:50,2051.9,Delivered,68497.81,22691.6
SHP_0004145,ORD_0004145,VEH_0054,DRV_0002,2026-01-20 01:04:01,2025-12-29 02:30:24,2025-12-29 05:21:18,1461.9,Delivered,53873.01,1827.38
SHP_0004146,ORD_0004146,VEH_0041,DRV_0062,2025-12-17 10:38:35,2026-08-01 21:40:12,2026-08-01 20:19:35,529.9,Delivered,23905.77,9056.47
SHP_0004147,ORD_0004147,VEH_0042,DRV_0057,2026-05-05 05:05:28,2026-03-24 03:36:47,2026-03-24 21:26:10,1589.2,Delivered,54705.89,35567.81
SHP_0004148,ORD_0004148,VEH_0017,DRV_0030,2025-12-23 00:40:40,2026-08-30 20:55:38,2026-08-30 19:58:06,2383.7,Delivered,79500.41,53349.48
SHP_0004149,ORD_0004149,VEH_0044,DRV_0097,2026-09-12 23:02:17,2025-10-09 09:46:39,2026-09-13 06:05:02,335.6,Delivered,11800.18,7511.05
SHP_0004150,ORD_0004150,VEH_0079,DRV_0069,2025-12-06 18:32:39,2026-06-08 11:22:44,2026-06-08 07:47:12,1380.1,Delivered,45951.23,30887.95
SHP_0004151,ORD_0004151,VEH_0072,DRV_0061,2026-04-19 12:53:18,2026-01-08 08:47:57,2026-04-21 14:01:44,2222.3,Delivered,74038.81,24576.02
SHP_0004152,ORD_0004152,VEH_0049,DRV_0083,2025-11-14 06:55:00,2026-08-18 17:49:15,2026-08-18 14:54:11,536.5,Delivered,22426.29,5933.06
SHP_0004153,ORD_0004153,VEH_0071,DRV_0021,2026-06-20 21:00:25,2026-01-27 01:39:03,2026-06-20 23:19:46,108.6,Delivered,6234.12,1200.99
SHP_0004154,ORD_0004154,VEH_0072,DRV_0022,2026-02-24 21:32:33,2026-07-09 16:07:00,2026-07-10 01:42:28,2379.2,Delivered,78487.19,26311.15
SHP_0004155,ORD_0004155,VEH_0023,DRV_0097,2025-10-30 17:22:46,2026-09-25 22:15:40,2026-09-25 19:08:38,226.1,Delivered,12291.13,282.62
SHP_0004156,ORD_0004156,VEH_0059,DRV_0074,2026-08-17 08:29:30,2025-10-27 16:03:24,2026-08-17 13:15:18,226.9,Delivered,13334.97,2509.25
SHP_0004157,ORD_0004157,VEH_0004,DRV_0082,2026-08-03 19:55:25,2026-07-21 12:02:13,2026-08-05 15:30:54,1763.8,Delivered,32116.93,30144.95
SHP_0004158,ORD_0004158,VEH_0021,DRV_0063,2026-02-21 14:06:19,2026-01-06 09:16:56,2026-01-06 17:07:18,164.1,Delivered,9841.74,205.12
SHP_0004159,ORD_0004159,VEH_0018,DRV_0082,2026-07-11 09:52:24,2026-01-22 06:57:30,2026-07-12 09:53:37,1117.4,Delivered,39133.15,25008.48
SHP_0004160,ORD_0004160,VEH_0062,DRV_0005,2026-09-03 14:59:30,2026-02-06 11:27:03,2026-09-05 04:21:27,1650.7,Delivered,55833.68,28211.96
SHP_0004161,ORD_0004161,VEH_0073,DRV_0068,2026-04-10 02:38:26,2025-11-28 11:37:51,2026-04-10 20:27:38,809.0,Delivered,31520.76,13826.55
SHP_0004162,ORD_0004162,VEH_0039,DRV_0083,2026-08-31 17:32:03,2026-08-13 22:24:00,2026-09-03 03:05:26,2630.2,Delivered,85720.94,58866.38
SHP_0004163,ORD_0004163,VEH_0032,DRV_0061,2026-08-08 13:17:35,2025-12-01 19:48:48,2026-08-08 16:56:03,167.2,Delivered,6323.85,1849.04
SHP_0004164,ORD_0004164,VEH_0056,DRV_0003,2026-05-24 03:10:53,2026-03-19 04:48:25,2026-05-24 11:55:47,417.4,Delivered,16724.75,521.75
SHP_0004165,ORD_0004165,VEH_0011,DRV_0047,2026-07-03 08:26:45,2026-05-17 09:18:11,2026-07-05 02:48:10,2192.6,Delivered,72177.6,54238.0
SHP_0004166,ORD_0004166,VEH_0014,DRV_0080,2026-02-07 04:23:03,2026-09-11 17:25:29,2026-09-11 13:26:04,1951.3,Delivered,64876.78,43671.95
SHP_0004167,ORD_0004167,VEH_0049,DRV_0011,2025-12-30 06:20:08,2026-06-05 01:39:06,2026-06-05 00:43:12,1146.0,Delivered,38415.33,12673.41
SHP_0004168,ORD_0004168,VEH_0050,DRV_0033,2026-01-13 02:26:12,2026-02-26 13:46:32,2026-02-26 10:31:59,262.2,Delivered,12397.49,2899.62
SHP_0004169,ORD_0004169,VEH_0042,DRV_0079,2025-12-01 02:19:52,2026-05-16 07:12:10,2026-05-16 05:38:49,289.0,Delivered,11712.29,6468.1
SHP_0004170,ORD_0004170,VEH_0055,DRV_0003,2026-06-27 08:57:37,2026-04-10 10:49:51,2026-06-29 03:46:46,2014.7,Delivered,67763.6,49837.32
SHP_0004171,ORD_0004171,VEH_0075,DRV_0090,2026-07-08 01:32:55,2026-03-21 15:10:48,2026-07-08 19:26:31,800.1,Delivered,30229.4,19791.95
SHP_0004172,ORD_0004172,VEH_0073,DRV_0096,2026-07-28 19:48:29,2026-05-28 05:33:21,2026-07-30 00:17:37,1252.0,Delivered,46107.92,21397.82
SHP_0004173,ORD_0004173,VEH_0009,DRV_0019,2026-06-15 02:53:06,2026-08-07 04:47:32,2026-08-07 03:07:45,289.9,Delivered,13453.95,362.38
SHP_0004174,ORD_0004174,VEH_0014,DRV_0036,2026-04-13 15:02:52,2025-11-25 00:01:25,2026-04-13 20:04:48,205.3,Delivered,13054.77,4594.81
SHP_0004175,ORD_0004175,VEH_0036,DRV_0100,2025-12-21 11:42:17,2026-04-16 07:40:55,2026-04-16 06:14:56,2067.6,Delivered,72809.29,22865.22
SHP_0004176,ORD_0004176,VEH_0079,DRV_0012,2025-11-21 19:09:58,2026-06-25 07:34:02,2026-06-25 06:41:51,337.5,Delivered,15585.18,7553.57
SHP_0004177,ORD_0004177,VEH_0022,DRV_0049,2026-01-21 21:46:44,2025-10-18 16:39:39,2026-01-23 23:53:25,2212.9,Delivered,76283.6,37820.47
SHP_0004178,ORD_0004178,VEH_0014,DRV_0076,2026-04-17 03:49:55,2026-01-28 21:14:33,2026-04-19 08:14:01,2362.7,Delivered,43048.57,52879.48
SHP_0004179,ORD_0004179,VEH_0062,DRV_0075,2025-10-31 13:49:01,2025-12-28 15:36:07,2025-12-28 12:03:11,2203.3,Delivered,76869.73,37656.4
SHP_0004180,ORD_0004180,VEH_0023,DRV_0003,2026-06-12 21:49:45,2026-07-15 02:42:56,,2376.9,Cancelled,79888.31,2971.13
SHP_0004181,ORD_0004181,VEH_0017,DRV_0077,2026-04-18 12:40:12,2026-05-17 04:03:42,2026-05-17 01:41:12,341.4,Delivered,16240.88,7640.86
SHP_0004182,ORD_0004182,VEH_0036,DRV_0023,2026-01-10 18:53:10,2026-01-15 18:54:28,,145.1,Cancelled,11378.35,1604.64
SHP_0004183,ORD_0004183,VEH_0070,DRV_0026,2025-10-24 07:54:07,2025-12-08 07:45:20,2025-12-08 04:24:27,2208.5,Delivered,77256.54,54631.32
SHP_0004184,ORD_0004184,VEH_0031,DRV_0022,2026-04-28 18:42:57,2026-02-26 18:52:26,2026-02-27 05:50:56,634.6,Delivered,26129.36,793.25
SHP_0004185,ORD_0004185,VEH_0008,DRV_0085,2026-05-29 20:51:26,2025-10-15 17:54:34,,677.7,Cancelled,27915.0,7494.56
SHP_0004186,ORD_0004186,VEH_0059,DRV_0018,2026-06-22 22:32:17,2026-01-17 15:42:21,2026-06-23 05:05:52,335.4,Delivered,11860.77,3709.13
SHP_0004187,ORD_0004187,VEH_0076,DRV_0067,2026-03-15 19:39:30,2026-01-11 19:47:53,2026-03-17 21:13:37,2386.7,Delivered,81098.98,2983.38
SHP_0004188,ORD_0004188,VEH_0078,DRV_0019,2025-10-10 09:12:52,2026-04-18 21:51:20,2026-04-18 19:54:40,1365.7,Delivered,24972.05,1707.12
SHP_0004189,ORD_0004189,VEH_0007,DRV_0012,2025-11-15 00:40:57,2026-04-03 15:57:44,2026-04-03 14:54:47,1190.7,Delivered,43922.76,20350.15
SHP_0004190,ORD_0004190,VEH_0044,DRV_0043,2026-09-15 01:31:53,2026-03-23 21:29:03,2026-09-16 05:29:43,1352.9,Delivered,45987.4,30279.19
SHP_0004191,ORD_0004191,VEH_0030,DRV_0084,2026-06-21 05:04:00,2026-05-05 02:08:45,2026-06-23 10:52:56,2355.1,Delivered,82672.65,52709.38
SHP_0004192,ORD_0004192,VEH_0006,DRV_0004,2025-11-30 12:25:04,2025-10-14 15:29:11,2025-12-01 11:33:51,979.0,Delivered,32973.1,21910.95
SHP_0004193,ORD_0004193,VEH_0025,DRV_0042,2025-11-06 07:00:27,2025-12-11 15:12:51,2025-12-12 00:23:24,1485.5,Delivered,54690.7,33246.9
SHP_0004194,ORD_0004194,VEH_0047,DRV_0078,2026-06-18 20:55:54,2025-11-09 05:44:57,2026-06-20 15:30:49,2182.2,Delivered,72393.19,37295.78
SHP_0004195,ORD_0004195,VEH_0007,DRV_0002,2026-03-11 18:58:19,2026-02-05 06:07:05,2026-03-11 21:38:52,134.7,Delivered,5164.26,2302.15
SHP_0004196,ORD_0004196,VEH_0059,DRV_0064,2026-06-27 15:23:50,2026-04-06 15:42:49,2026-06-29 08:38:07,2052.2,Delivered,68156.57,22694.92
SHP_0004197,ORD_0004197,VEH_0045,DRV_0029,2026-07-28 16:45:45,2026-03-12 00:33:32,2026-07-29 15:58:40,1121.6,Delivered,38866.94,25102.48
SHP_0004198,ORD_0004198,VEH_0009,DRV_0023,2026-03-22 10:16:18,2026-05-27 03:15:58,2026-05-27 00:35:49,995.1,Delivered,35402.76,1243.88
SHP_0004199,ORD_0004199,VEH_0043,DRV_0071,2026-01-06 10:35:27,2025-12-19 13:39:42,2026-01-06 15:05:45,224.5,Delivered,9253.11,280.62
SHP_0004200,ORD_0004200,VEH_0020,DRV_0036,2026-07-29 09:06:16,2026-08-17 17:57:36,2026-08-17 16:48:04,2500.2,Delivered,82490.68,42730.69
SHP_0004201,ORD_0004201,VEH_0014,DRV_0096,2026-07-17 09:51:34,2026-05-16 09:32:43,2026-07-17 23:03:41,642.3,Delivered,27163.24,14375.29
SHP_0004202,ORD_0004202,VEH_0016,DRV_0057,2025-10-22 13:52:37,2026-05-14 17:35:08,2026-05-14 16:10:29,2210.8,Delivered,75924.35,54688.21
SHP_0004203,ORD_0004203,VEH_0058,DRV_0004,2025-11-07 09:23:10,2025-12-09 15:41:07,2025-12-09 14:08:56,1601.7,Delivered,54032.0,35847.57
SHP_0004204,ORD_0004204,VEH_0078,DRV_0061,2026-05-05 03:39:42,2026-05-13 17:50:24,2026-05-13 15:47:49,228.3,Delivered,10736.52,285.38
SHP_0004205,ORD_0004205,VEH_0018,DRV_0062,2026-08-24 05:34:18,2026-09-15 07:20:50,2026-09-15 22:06:31,1688.9,Delivered,60767.05,37799.19
SHP_0004206,ORD_0004206,VEH_0025,DRV_0087,2026-01-05 02:50:31,2026-01-08 10:38:38,2026-01-08 07:35:28,1146.3,Delivered,40430.07,25655.29
SHP_0004207,ORD_0004207,VEH_0038,DRV_0040,2026-05-06 22:21:38,2025-11-03 21:38:01,2025-11-04 01:50:22,619.6,Delivered,21182.23,774.5
SHP_0004208,ORD_0004208,VEH_0038,DRV_0056,2026-06-14 14:06:28,2026-03-03 05:48:51,2026-06-16 04:45:54,1741.1,Delivered,62303.66,2176.38
SHP_0004209,ORD_0004209,VEH_0066,DRV_0062,2026-09-02 11:40:30,2026-01-27 20:29:55,2026-09-04 04:47:36,1710.5,Delivered,58702.09,18916.12
SHP_0004210,ORD_0004210,VEH_0014,DRV_0010,2026-06-29 03:18:28,2026-09-25 17:07:48,,1447.2,Cancelled,48702.57,32389.71
SHP_0004211,ORD_0004211,VEH_0024,DRV_0005,2026-07-21 23:18:22,2026-02-04 15:40:13,2026-07-23 02:32:34,1241.7,Delivered,41270.21,21221.78
SHP_0004212,ORD_0004212,VEH_0059,DRV_0073,2026-06-07 04:00:30,2026-08-24 22:15:08,2026-08-24 18:57:12,220.3,Delivered,14410.55,2436.26
SHP_0004213,ORD_0004213,VEH_0075,DRV_0057,2026-07-28 13:37:51,2025-10-13 05:58:06,2026-07-28 22:36:28,465.8,Delivered,20891.74,11522.42
SHP_0004214,ORD_0004214,VEH_0047,DRV_0075,2025-10-25 15:30:32,2025-10-29 16:54:52,2025-10-29 21:57:55,1018.9,Delivered,38288.22,17413.93
SHP_0004215,ORD_0004215,VEH_0003,DRV_0078,2025-11-17 16:30:20,2026-03-27 05:14:58,2026-03-27 03:08:38,25.0,Delivered,6887.48,559.52
SHP_0004216,ORD_0004216,VEH_0012,DRV_0058,2026-01-09 07:10:40,2025-12-20 01:16:00,2026-01-10 05:39:24,1159.1,Delivered,41248.67,12818.28
SHP_0004217,ORD_0004217,VEH_0014,DRV_0035,2026-08-13 22:41:01,2025-11-17 12:01:15,2026-08-15 22:35:36,2150.8,Delivered,71659.07,48136.95
SHP_0004218,ORD_0004218,VEH_0072,DRV_0013,2026-05-24 21:25:00,2025-11-10 11:09:14,2026-05-25 21:29:46,1162.7,Delivered,43644.31,12858.09
SHP_0004219,ORD_0004219,VEH_0054,DRV_0035,2026-07-08 22:20:20,2026-07-06 16:58:32,2026-07-08 22:51:27,25.0,Delivered,4487.75,31.25
SHP_0004220,ORD_0004220,VEH_0041,DRV_0049,2025-11-22 04:58:16,2026-08-12 13:00:03,2026-08-12 10:22:36,1097.2,Delivered,20249.07,18752.15
SHP_0004221,ORD_0004221,VEH_0021,DRV_0056,2026-08-07 23:37:38,2025-12-24 06:28:33,2026-08-09 18:51:38,1951.3,Delivered,65946.8,2439.12
SHP_0004222,ORD_0004222,VEH_0059,DRV_0010,2026-05-27 00:13:58,2026-09-27 01:39:08,2026-09-26 23:43:51,424.3,Delivered,17222.63,4692.26
SHP_0004223,ORD_0004223,VEH_0033,DRV_0016,2026-04-21 08:04:13,2026-03-07 19:54:37,2026-04-21 20:12:34,555.6,Delivered,23008.69,9495.71
SHP_0004224,ORD_0004224,VEH_0001,DRV_0077,2025-11-15 10:55:16,2025-12-01 16:07:58,2025-12-01 21:55:51,1718.8,Delivered,57281.42,42517.68
SHP_0004225,ORD_0004225,VEH_0052,DRV_0028,2026-07-17 02:36:32,2025-10-31 10:59:53,2026-07-18 01:35:49,1037.9,Delivered,37666.32,25674.37
SHP_0004226,ORD_0004226,VEH_0062,DRV_0072,2025-12-11 12:08:15,2025-10-12 05:49:22,2025-12-12 16:35:06,1389.9,Delivered,46050.86,23754.65
SHP_0004227,ORD_0004227,VEH_0068,DRV_0062,2026-05-19 21:00:07,2026-02-24 07:10:42,2026-02-24 11:03:29,345.2,Delivered,17151.92,3817.51
SHP_0004228,ORD_0004228,VEH_0050,DRV_0064,2026-03-24 14:16:48,2025-10-20 04:50:42,,1954.4,Cancelled,35350.07,21613.36
SHP_0004229,ORD_0004229,VEH_0048,DRV_0003,2026-01-31 11:43:03,2026-07-12 04:35:15,2026-07-12 02:38:08,903.5,Delivered,35185.12,22349.74
SHP_0004230,ORD_0004230,VEH_0036,DRV_0092,2026-08-06 14:45:34,2026-06-04 15:54:55,2026-08-08 11:41:16,2215.5,Delivered,73179.43,24500.82
SHP_0004231,ORD_0004231,VEH_0018,DRV_0020,2026-03-15 06:40:12,2026-07-18 20:44:00,2026-07-18 19:04:31,134.4,Delivered,11361.21,3008.0
SHP_0004232,ORD_0004232,VEH_0013,DRV_0060,2026-08-29 07:14:41,2026-09-08 04:07:21,2026-09-08 03:23:41,1152.2,Delivered,39139.99,19692.15
SHP_0004233,ORD_0004233,VEH_0039,DRV_0053,2026-07-10 18:03:46,2026-07-17 11:27:56,2026-07-17 07:34:52,1983.4,Delivered,66175.01,44390.38
SHP_0004234,ORD_0004234,VEH_0022,DRV_0023,2026-07-19 06:33:00,2025-11-01 10:54:47,2026-07-20 16:49:26,1462.4,Delivered,50835.44,24993.75
SHP_0004235,ORD_0004235,VEH_0033,DRV_0005,2026-06-13 20:19:15,2026-01-28 21:36:14,2026-06-13 20:49:28,25.0,Delivered,5036.91,427.27
SHP_0004236,ORD_0004236,VEH_0076,DRV_0028,2026-04-05 20:14:03,2026-07-23 21:00:40,2026-07-23 17:58:00,657.8,Delivered,23508.46,822.25
SHP_0004237,ORD_0004237,VEH_0016,DRV_0022,2026-02-07 21:47:07,2025-12-01 11:15:12,2026-02-09 05:50:40,1534.7,Delivered,50831.47,37963.63
SHP_0004238,ORD_0004238,VEH_0001,DRV_0091,2026-07-23 03:48:12,2026-03-17 13:54:31,2026-07-24 18:11:34,1686.0,Delivered,59641.57,41706.32
SHP_0004239,ORD_0004239,VEH_0048,DRV_0033,2026-02-23 17:35:49,2025-11-18 10:48:22,2026-02-25 07:38:08,1534.7,Delivered,50273.23,37963.63
SHP_0004240,ORD_0004240,VEH_0056,DRV_0065,2026-09-04 23:24:51,2026-06-11 23:28:20,2026-06-12 16:37:35,1949.4,Delivered,65066.57,2436.75
SHP_0004241,ORD_0004241,VEH_0065,DRV_0048,2026-07-01 00:48:34,2026-01-08 20:15:59,2026-07-02 18:37:24,2020.5,Delivered,36579.51,2525.62
SHP_0004242,ORD_0004242,VEH_0030,DRV_0054,2025-10-30 21:49:32,2025-11-27 18:07:23,2025-11-28 05:39:38,1339.3,Delivered,44116.17,29974.81
SHP_0004243,ORD_0004243,VEH_0024,DRV_0053,2026-06-03 12:21:38,2026-07-22 03:49:49,2026-07-22 01:37:07,1115.0,Delivered,43107.76,19056.36
SHP_0004244,ORD_0004244,VEH_0005,DRV_0091,2026-09-07 07:35:09,2026-03-11 06:09:08,2026-09-07 12:01:05,214.5,Delivered,14052.0,268.12
SHP_0004245,ORD_0004245,VEH_0056,DRV_0012,2026-07-08 21:08:23,2026-08-23 07:15:09,2026-08-23 21:50:10,1704.2,Delivered,56382.82,2130.25
SHP_0004246,ORD_0004246,VEH_0079,DRV_0066,2026-08-06 19:14:33,2026-04-13 18:19:36,2026-04-14 07:16:16,705.9,Delivered,23703.76,15798.71
SHP_0004247,ORD_0004247,VEH_0037,DRV_0064,2025-11-23 10:18:20,2026-03-25 19:15:44,,2091.4,Cancelled,69406.04,46807.52
SHP_0004248,ORD_0004248,VEH_0001,DRV_0075,2026-02-23 00:02:04,2026-05-31 17:19:02,2026-05-31 14:53:22,1650.7,Delivered,56650.6,40833.11
SHP_0004249,ORD_0004249,VEH_0018,DRV_0094,2026-08-28 00:43:06,2026-02-02 00:34:32,2026-08-29 21:42:59,2217.2,Delivered,73773.02,49623.05
SHP_0004250,ORD_0004250,VEH_0054,DRV_0086,2025-12-02 18:22:20,2025-10-12 14:56:25,2025-12-02 22:55:01,226.1,Delivered,4078.62,282.62
SHP_0004251,ORD_0004251,VEH_0020,DRV_0073,2026-05-30 15:11:59,2025-10-06 05:39:04,2026-06-01 04:00:24,1602.0,Delivered,29239.74,27379.64
SHP_0004252,ORD_0004252,VEH_0012,DRV_0057,2026-01-09 01:43:02,2026-02-16 23:52:50,2026-02-17 02:12:23,1116.0,Delivered,42752.03,12341.65
SHP_0004253,ORD_0004253,VEH_0040,DRV_0076,2026-06-11 05:00:07,2026-08-17 16:45:17,2026-08-17 14:32:51,2149.1,Delivered,72777.13,53161.95
SHP_0004254,ORD_0004254,VEH_0065,DRV_0052,2026-05-30 22:20:21,2026-03-18 16:02:13,2026-05-31 02:33:35,214.4,Delivered,8427.84,268.0
SHP_0004255,ORD_0004255,VEH_0007,DRV_0056,2026-01-13 06:44:24,2026-06-21 18:00:41,2026-06-21 15:02:26,261.8,Delivered,11050.0,4474.4
SHP_0004256,ORD_0004256,VEH_0023,DRV_0059,2026-01-15 20:48:56,2026-01-25 11:51:48,2026-01-25 07:55:39,351.7,Delivered,14029.47,439.62
SHP_0004257,ORD_0004257,VEH_0061,DRV_0061,2025-11-29 22:41:50,2026-01-08 22:47:20,2026-01-08 21:37:00,2370.2,Delivered,82533.71,58631.26
SHP_0004258,ORD_0004258,VEH_0075,DRV_0081,2025-11-10 04:05:00,2025-11-15 14:40:28,2025-11-15 12:04:08,1449.5,Delivered,52276.54,35856.05
SHP_0004259,ORD_0004259,VEH_0031,DRV_0081,2026-02-21 19:41:20,2026-05-14 04:11:26,2026-05-14 00:59:46,138.0,Delivered,9043.89,172.5
SHP_0004260,ORD_0004260,VEH_0039,DRV_0041,2026-04-02 03:52:39,2026-02-08 14:37:15,2026-04-02 20:05:12,667.9,Delivered,26409.68,14948.24
SHP_0004261,ORD_0004261,VEH_0009,DRV_0100,2026-03-18 13:51:46,2025-12-02 11:32:56,2025-12-02 17:25:05,429.6,Delivered,16478.22,537.0
SHP_0004262,ORD_0004262,VEH_0024,DRV_0020,2026-01-14 07:10:56,2026-02-01 13:37:38,2026-02-01 10:04:36,923.7,Delivered,33136.31,15786.87
SHP_0004263,ORD_0004263,VEH_0078,DRV_0086,2025-11-10 18:18:59,2025-12-13 00:18:25,2025-12-12 23:08:42,1947.9,Delivered,35651.49,2434.88
SHP_0004264,ORD_0004264,VEH_0056,DRV_0008,2026-05-11 00:03:34,2026-09-13 02:51:34,2026-09-12 23:13:09,1141.6,Delivered,37775.04,1427.0
SHP_0004265,ORD_0004265,VEH_0048,DRV_0089,2026-03-24 02:15:24,2026-05-16 03:05:34,2026-05-16 00:19:50,1709.2,Delivered,58760.79,42280.21
SHP_0004266,ORD_0004266,VEH_0021,DRV_0017,2026-01-05 17:53:30,2026-01-10 14:59:25,2026-01-10 13:26:36,390.6,Delivered,17653.9,488.25
SHP_0004267,ORD_0004267,VEH_0065,DRV_0074,2026-06-18 14:02:13,2025-12-02 04:54:19,2026-06-18 17:46:50,163.1,Delivered,10364.56,203.88
SHP_0004268,ORD_0004268,VEH_0024,DRV_0021,2026-07-10 12:17:11,2026-02-04 09:57:22,2026-07-10 18:18:28,305.8,Delivered,12181.25,5226.4
SHP_0004269,ORD_0004269,VEH_0044,DRV_0030,2026-06-19 02:46:02,2026-01-04 16:23:11,2026-06-20 10:34:55,1319.1,Delivered,44362.51,29522.71
SHP_0004270,ORD_0004270,VEH_0061,DRV_0059,2026-07-22 06:42:43,2026-05-12 16:18:00,2026-07-23 08:24:20,1254.1,Delivered,44103.18,31022.47
SHP_0004271,ORD_0004271,VEH_0007,DRV_0069,2026-07-20 09:14:49,2026-02-10 11:27:16,2026-07-21 08:40:26,1107.9,Delivered,36242.36,18935.02
SHP_0004272,ORD_0004272,VEH_0018,DRV_0046,2026-08-01 06:38:02,2026-08-30 01:31:55,,902.3,Cancelled,35670.52,20194.33
SHP_0004273,ORD_0004273,VEH_0028,DRV_0013,2026-06-14 21:32:00,2025-12-22 15:48:22,2026-06-17 01:17:40,2132.5,Delivered,74192.03,52751.32
SHP_0004274,ORD_0004274,VEH_0069,DRV_0062,2026-09-05 09:45:45,2025-10-02 02:29:21,2025-10-02 08:12:33,771.0,Delivered,31072.42,963.75
SHP_0004275,ORD_0004275,VEH_0010,DRV_0041,2026-02-25 13:48:32,2026-09-04 23:59:07,2026-09-04 20:09:16,25.0,Delivered,4864.67,276.47
SHP_0004276,ORD_0004276,VEH_0040,DRV_0056,2026-03-16 13:34:04,2026-07-29 02:48:15,2026-07-28 23:08:50,231.6,Delivered,9483.42,5729.05
SHP_0004277,ORD_0004277,VEH_0053,DRV_0024,2025-12-22 05:50:17,2026-02-20 23:38:32,2026-02-20 22:56:34,532.6,Delivered,20551.21,13174.84
SHP_0004278,ORD_0004278,VEH_0058,DRV_0018,2026-05-22 12:44:17,2026-03-13 02:19:23,2026-03-13 04:00:33,1250.7,Delivered,40995.11,27991.86
SHP_0004279,ORD_0004279,VEH_0040,DRV_0066,2026-04-17 11:36:25,2026-08-30 01:18:39,2026-08-29 21:43:24,25.0,Delivered,7607.63,618.42
SHP_0004280,ORD_0004280,VEH_0062,DRV_0089,2025-10-21 08:44:08,2026-04-17 20:07:25,,1254.1,Cancelled,41672.94,21433.71
SHP_0004281,ORD_0004281,VEH_0072,DRV_0006,2026-08-13 23:28:19,2025-12-14 17:55:15,2026-08-15 09:13:33,1710.4,Delivered,58051.44,18915.01
SHP_0004282,ORD_0004282,VEH_0026,DRV_0082,2026-02-08 11:04:02,2026-06-27 20:59:33,2026-06-27 18:21:05,2621.8,Delivered,85297.3,58678.38
SHP_0004283,ORD_0004283,VEH_0035,DRV_0069,2026-06-20 07:46:11,2025-12-28 04:48:34,2026-06-21 09:03:25,1143.4,Delivered,41273.26,28284.11
SHP_0004284,ORD_0004284,VEH_0068,DRV_0068,2026-04-18 23:02:27,2026-05-11 04:07:03,2026-05-11 01:33:58,136.5,Delivered,6076.02,1509.53
SHP_0004285,ORD_0004285,VEH_0017,DRV_0043,2025-10-26 01:10:12,2026-03-21 13:49:13,2026-03-21 09:56:30,519.2,Delivered,22356.52,11620.19
SHP_0004286,ORD_0004286,VEH_0060,DRV_0026,2025-12-14 13:10:35,2026-02-04 16:35:25,2026-02-04 14:39:24,184.3,Delivered,11591.96,2038.14
SHP_0004287,ORD_0004287,VEH_0065,DRV_0099,2026-09-08 18:31:51,2026-04-22 23:17:33,2026-09-09 18:55:32,1255.0,Delivered,42036.54,1568.75
SHP_0004288,ORD_0004288,VEH_0038,DRV_0065,2026-01-14 03:51:16,2026-04-18 19:05:23,2026-04-18 17:46:05,1371.7,Delivered,47386.7,1714.62
SHP_0004289,ORD_0004289,VEH_0076,DRV_0038,2026-01-31 17:47:42,2026-05-03 19:01:09,2026-05-03 15:11:29,1100.1,Delivered,40696.2,1375.12
SHP_0004290,ORD_0004290,VEH_0016,DRV_0099,2025-10-28 16:17:28,2025-10-06 17:23:58,2025-10-28 19:32:20,145.1,Delivered,9813.76,3589.32
SHP_0004291,ORD_0004291,VEH_0008,DRV_0096,2026-04-27 21:49:27,2026-01-08 22:58:42,,119.5,Cancelled,9374.35,1321.53
SHP_0004292,ORD_0004292,VEH_0079,DRV_0071,2026-02-04 02:59:52,2026-03-27 18:17:53,2026-03-27 15:41:59,889.5,Delivered,31999.46,19907.86
SHP_0004293,ORD_0004293,VEH_0017,DRV_0031,2026-04-21 08:29:54,2026-04-09 14:11:41,2026-04-22 21:18:04,1748.1,Delivered,60747.34,39124.14
SHP_0004294,ORD_0004294,VEH_0075,DRV_0085,2026-08-15 05:08:56,2026-03-08 10:33:33,2026-08-16 03:10:17,1034.4,Delivered,36494.66,25587.79
SHP_0004295,ORD_0004295,VEH_0003,DRV_0047,2026-06-04 08:04:20,2025-10-23 10:02:20,2026-06-04 18:13:40,446.1,Delivered,18771.84,9984.14
SHP_0004296,ORD_0004296,VEH_0064,DRV_0065,2026-07-09 19:38:39,2026-05-16 11:07:08,2026-07-10 20:02:21,1217.7,Delivered,40784.57,30122.05
SHP_0004297,ORD_0004297,VEH_0063,DRV_0079,2025-11-09 00:24:30,2026-08-05 22:01:36,2026-08-05 21:05:48,2000.6,Delivered,69496.91,44775.33
SHP_0004298,ORD_0004298,VEH_0024,DRV_0087,2025-12-17 03:09:46,2025-12-14 13:37:58,2025-12-17 07:29:34,179.3,Delivered,3447.9,3064.4
SHP_0004299,ORD_0004299,VEH_0037,DRV_0008,2025-10-20 01:50:46,2026-09-19 11:09:29,,327.7,Cancelled,12062.63,7334.24
SHP_0004300,ORD_0004300,VEH_0036,DRV_0048,2026-04-17 20:47:03,2026-03-31 14:44:21,2026-04-18 01:41:19,228.3,Delivered,13505.46,2524.73
SHP_0004301,ORD_0004301,VEH_0061,DRV_0054,2026-08-07 05:18:10,2026-07-21 19:40:01,2026-08-08 23:41:17,1949.4,Delivered,65294.87,48222.0
SHP_0004302,ORD_0004302,VEH_0024,DRV_0011,2026-01-30 09:04:26,2025-12-01 08:34:11,2026-01-31 11:59:45,1159.1,Delivered,38732.86,19810.07
SHP_0004303,ORD_0004303,VEH_0033,DRV_0097,2026-04-14 04:25:17,2025-10-20 04:04:01,2025-10-20 10:01:45,430.8,Delivered,16318.12,7362.76
SHP_0004304,ORD_0004304,VEH_0061,DRV_0078,2026-05-31 08:40:33,2026-05-22 20:23:51,2026-05-31 22:21:29,614.2,Delivered,23141.47,15193.37
SHP_0004305,ORD_0004305,VEH_0048,DRV_0027,2026-03-20 11:07:09,2025-12-08 10:26:44,2026-03-22 10:08:48,2355.0,Delivered,82670.99,58255.26
SHP_0004306,ORD_0004306,VEH_0045,DRV_0018,2025-11-05 03:48:53,2025-10-26 19:54:38,2025-11-06 00:56:54,1050.8,Delivered,37628.47,23517.9
SHP_0004307,ORD_0004307,VEH_0009,DRV_0014,2026-04-21 19:14:16,2025-11-19 12:22:19,,25.0,Cancelled,7358.28,31.25
SHP_0004308,ORD_0004308,VEH_0018,DRV_0093,2026-03-14 20:31:26,2025-11-24 07:59:23,2026-03-16 20:38:26,1953.5,Delivered,67303.85,43721.19
SHP_0004309,ORD_0004309,VEH_0077,DRV_0028,2025-12-15 06:18:58,2026-05-22 21:28:12,2026-05-22 20:08:46,1650.7,Delivered,57109.03,28211.96
SHP_0004310,ORD_0004310,VEH_0053,DRV_0038,2025-11-02 03:09:11,2026-05-14 18:56:45,2026-05-14 17:33:41,392.2,Delivered,19209.69,9701.79
SHP_0004311,ORD_0004311,VEH_0079,DRV_0054,2026-06-04 00:55:27,2026-01-12 20:42:03,2026-06-05 14:04:51,1748.1,Delivered,62014.68,39124.14
SHP_0004312,ORD_0004312,VEH_0003,DRV_0015,2025-10-08 08:30:07,2026-03-04 11:33:06,2026-03-04 10:48:20,2209.9,Delivered,73948.6,49459.67
SHP_0004313,ORD_0004313,VEH_0037,DRV_0062,2026-01-01 07:07:26,2025-11-15 13:31:31,2026-01-02 09:01:47,1241.0,Delivered,47027.49,27774.76
SHP_0004314,ORD_0004314,VEH_0050,DRV_0073,2025-12-30 14:32:23,2026-09-22 17:55:33,2026-09-22 15:36:19,305.8,Delivered,16383.69,3381.79
SHP_0004315,ORD_0004315,VEH_0071,DRV_0046,2026-08-29 23:38:03,2026-02-22 08:25:22,2026-08-30 02:49:15,147.9,Delivered,6548.58,1635.6
SHP_0004316,ORD_0004316,VEH_0037,DRV_0020,2025-10-24 09:31:51,2026-03-20 07:49:52,2026-03-20 20:14:42,642.0,Delivered,25005.21,14368.57
SHP_0004317,ORD_0004317,VEH_0042,DRV_0089,2025-11-30 13:22:12,2026-08-31 18:11:52,2026-08-31 14:51:44,664.1,Delivered,27316.74,14863.19
SHP_0004318,ORD_0004318,VEH_0070,DRV_0061,2026-01-04 07:17:23,2026-05-06 21:53:51,2026-05-06 21:07:14,2187.9,Delivered,75372.9,54121.74
SHP_0004319,ORD_0004319,VEH_0020,DRV_0090,2025-12-25 11:09:10,2026-09-28 01:16:59,2026-09-28 10:07:09,2624.8,Delivered,47769.33,44860.22
SHP_0004320,ORD_0004320,VEH_0075,DRV_0098,2026-09-11 06:22:00,2026-03-09 21:35:36,2026-09-11 12:23:27,296.5,Delivered,10428.16,7334.47
SHP_0004321,ORD_0004321,VEH_0057,DRV_0044,2026-06-20 09:05:41,2025-11-28 06:53:18,2026-06-20 15:42:16,276.7,Delivered,9855.15,3059.98
SHP_0004322,ORD_0004322,VEH_0007,DRV_0096,2026-02-02 07:00:49,2026-08-23 14:29:52,2026-08-24 05:10:06,904.7,Delivered,32097.48,15462.15
SHP_0004323,ORD_0004323,VEH_0028,DRV_0030,2026-04-03 08:38:40,2025-12-21 03:48:08,2026-04-03 15:56:20,305.6,Delivered,16214.46,7559.58
SHP_0004324,ORD_0004324,VEH_0009,DRV_0005,2026-04-30 07:11:45,2026-01-28 00:33:07,2026-05-01 07:09:20,1217.7,Delivered,44129.48,1522.13
SHP_0004325,ORD_0004325,VEH_0034,DRV_0025,2026-06-23 20:04:28,2026-03-19 15:48:23,2026-06-24 09:35:34,636.1,Delivered,21939.69,7034.52
SHP_0004326,ORD_0004326,VEH_0068,DRV_0060,2026-01-10 20:52:56,2025-11-23 21:54:23,2026-01-12 17:42:42,1946.4,Delivered,67969.88,21524.89
SHP_0004327,ORD_0004327,VEH_0007,DRV_0079,2026-07-15 01:26:05,2025-12-19 05:02:00,2026-07-17 00:43:59,2202.4,Delivered,71453.12,37641.02
SHP_0004328,ORD_0004328,VEH_0079,DRV_0070,2026-07-18 18:18:54,2026-06-22 05:45:38,2026-07-19 04:41:13,521.8,Delivered,22401.15,11678.38
SHP_0004329,ORD_0004329,VEH_0075,DRV_0068,2026-08-20 03:07:46,2025-12-20 04:41:02,2026-08-20 06:28:09,142.8,Delivered,3015.7,3532.42
SHP_0004330,ORD_0004330,VEH_0024,DRV_0060,2026-03-09 03:30:48,2026-04-29 22:03:57,2026-04-30 03:31:13,1251.6,Delivered,42678.09,21390.98
SHP_0004331,ORD_0004331,VEH_0070,DRV_0079,2026-05-31 20:50:10,2026-08-11 17:24:34,2026-08-11 15:53:21,535.8,Delivered,21125.25,13254.0
SHP_0004332,ORD_0004332,VEH_0058,DRV_0006,2026-05-10 22:48:16,2026-03-16 00:09:15,2026-05-11 10:10:04,541.2,Delivered,23109.81,12112.57
SHP_0004333,ORD_0004333,VEH_0059,DRV_0075,2026-05-19 19:04:49,2026-09-23 15:54:38,2026-09-23 14:39:10,127.7,Delivered,9617.42,1412.21
SHP_0004334,ORD_0004334,VEH_0048,DRV_0063,2025-12-04 06:27:29,2026-07-14 16:41:02,2026-07-15 03:29:15,1046.9,Delivered,40635.51,25897.0
SHP_0004335,ORD_0004335,VEH_0061,DRV_0002,2026-07-17 10:42:27,2025-11-17 13:43:18,2026-07-17 23:35:14,623.0,Delivered,24558.9,15411.05
SHP_0004336,ORD_0004336,VEH_0027,DRV_0093,2026-04-15 20:46:15,2025-12-03 23:29:33,,1381.5,Cancelled,46764.43,34173.95
SHP_0004337,ORD_0004337,VEH_0037,DRV_0073,2026-01-28 18:18:44,2025-11-01 01:17:19,2026-01-30 10:05:13,2054.8,Delivered,71227.78,45988.38
SHP_0004338,ORD_0004338,VEH_0046,DRV_0010,2026-08-03 12:45:55,2026-06-27 03:05:44,2026-08-04 03:21:18,718.2,Delivered,27650.01,7942.45
SHP_0004339,ORD_0004339,VEH_0041,DRV_0094,2026-01-05 11:23:20,2026-03-04 11:57:23,2026-03-04 09:54:50,2194.0,Delivered,72627.66,37497.45
SHP_0004340,ORD_0004340,VEH_0021,DRV_0094,2026-03-25 11:07:50,2026-07-07 08:32:18,2026-07-07 04:52:57,2011.4,Delivered,70906.87,2514.25
SHP_0004341,ORD_0004341,VEH_0068,DRV_0014,2026-07-21 16:19:48,2025-11-14 10:13:18,,1009.8,Cancelled,18653.74,11167.2
SHP_0004342,ORD_0004342,VEH_0047,DRV_0040,2026-01-30 15:58:27,2026-08-01 11:23:29,2026-08-01 07:37:08,639.1,Delivered,11600.09,10922.8
SHP_0004343,ORD_0004343,VEH_0075,DRV_0073,2026-01-10 10:22:45,2026-08-02 10:39:40,2026-08-02 09:23:21,2352.5,Delivered,43035.14,58193.42
SHP_0004344,ORD_0004344,VEH_0052,DRV_0048,2026-03-30 20:50:38,2025-12-04 23:12:51,2026-03-31 00:10:34,171.6,Delivered,3189.19,4244.84
SHP_0004345,ORD_0004345,VEH_0037,DRV_0021,2025-11-30 11:20:45,2026-03-16 03:37:12,2026-03-15 23:58:04,25.0,Delivered,2022.79,559.52
SHP_0004346,ORD_0004346,VEH_0044,DRV_0003,2025-10-30 00:07:42,2026-04-22 00:41:44,2026-04-21 21:40:04,228.3,Delivered,9679.2,5109.57
SHP_0004347,ORD_0004347,VEH_0021,DRV_0050,2026-02-03 05:14:26,2026-02-02 08:00:31,2026-02-04 04:58:15,1145.5,Delivered,43310.33,1431.88
SHP_0004348,ORD_0004348,VEH_0028,DRV_0081,2026-04-08 18:50:33,2025-11-20 02:12:54,2025-11-20 15:17:51,639.1,Delivered,11708.94,15809.32
SHP_0004349,ORD_0004349,VEH_0023,DRV_0073,2026-04-10 21:28:32,2025-11-25 07:47:17,2025-11-25 13:39:47,1009.8,Delivered,36655.95,1262.25
SHP_0004350,ORD_0004350,VEH_0010,DRV_0054,2026-03-25 02:48:33,2025-11-20 00:52:12,2026-03-27 03:54:03,1999.6,Delivered,66600.32,22113.22
SHP_0004351,ORD_0004351,VEH_0023,DRV_0004,2026-05-25 05:11:53,2026-03-30 03:37:52,2026-05-25 23:07:51,809.5,Delivered,30925.82,1011.87
SHP_0004352,ORD_0004352,VEH_0005,DRV_0072,2026-02-09 06:54:57,2026-07-02 10:55:19,,1365.7,Cancelled,47026.99,1707.12
SHP_0004353,ORD_0004353,VEH_0003,DRV_0067,2025-10-11 06:42:27,2025-12-17 01:33:50,2025-12-16 23:00:44,350.0,Delivered,15501.26,7833.33
SHP_0004354,ORD_0004354,VEH_0022,DRV_0013,2025-12-29 19:24:03,2026-07-07 14:40:35,2026-07-07 11:24:51,1706.9,Delivered,58750.05,29172.47
SHP_0004355,ORD_0004355,VEH_0037,DRV_0061,2025-11-19 13:55:13,2026-09-11 07:36:42,2026-09-11 06:30:48,2610.7,Delivered,88256.72,58429.95
SHP_0004356,ORD_0004356,VEH_0033,DRV_0010,2025-12-28 16:42:45,2026-02-06 18:21:17,2026-02-06 17:44:57,2390.6,Delivered,82816.64,40857.53
SHP_0004357,ORD_0004357,VEH_0018,DRV_0024,2025-11-21 00:38:10,2026-08-24 20:24:16,2026-08-24 17:31:50,1139.4,Delivered,40099.69,25500.86
SHP_0004358,ORD_0004358,VEH_0008,DRV_0087,2026-04-13 11:33:34,2026-06-16 09:37:53,,1696.4,Cancelled,55322.37,18760.19
SHP_0004359,ORD_0004359,VEH_0014,DRV_0004,2025-11-14 07:23:34,2025-10-15 21:54:11,2025-11-15 19:06:03,1579.2,Delivered,56884.41,35344.0
SHP_0004360,ORD_0004360,VEH_0061,DRV_0027,2026-05-02 03:24:02,2026-04-05 13:56:23,2026-05-04 00:29:29,2053.6,Delivered,66764.01,50799.58
SHP_0004361,ORD_0004361,VEH_0035,DRV_0091,2026-04-18 16:58:20,2026-07-05 10:59:37,2026-07-05 10:10:46,1115.0,Delivered,42118.43,27581.58
SHP_0004362,ORD_0004362,VEH_0075,DRV_0011,2026-06-09 19:31:55,2026-08-23 22:24:28,2026-08-23 20:01:18,1871.7,Delivered,65583.09,46299.95
SHP_0004363,ORD_0004363,VEH_0033,DRV_0015,2025-12-17 01:24:28,2026-02-04 23:20:15,2026-02-04 22:08:09,1393.3,Delivered,46988.01,23812.76
SHP_0004364,ORD_0004364,VEH_0071,DRV_0077,2025-11-18 14:38:19,2026-05-09 00:32:31,2026-05-08 21:41:46,388.7,Delivered,19046.69,4298.56
SHP_0004365,ORD_0004365,VEH_0068,DRV_0067,2026-03-17 11:06:39,2026-09-18 08:54:00,2026-09-18 06:07:24,25.0,Delivered,6840.53,276.47
SHP_0004366,ORD_0004366,VEH_0037,DRV_0067,2025-10-05 03:03:08,2025-11-03 04:17:52,2025-11-03 09:26:11,2222.6,Delivered,73769.2,49743.9
SHP_0004367,ORD_0004367,VEH_0024,DRV_0032,2025-10-09 08:34:23,2025-11-11 11:47:12,2025-11-11 10:27:54,2053.6,Delivered,72335.51,35097.89
SHP_0004368,ORD_0004368,VEH_0022,DRV_0050,2026-08-06 12:25:10,2025-11-28 20:52:44,2026-08-06 21:13:20,425.3,Delivered,16621.1,7268.76
SHP_0004369,ORD_0004369,VEH_0029,DRV_0077,2025-11-09 01:42:42,2026-02-21 03:09:31,,641.3,Cancelled,25797.08,7092.02
SHP_0004370,ORD_0004370,VEH_0026,DRV_0033,2025-12-18 20:53:31,2026-01-13 23:13:21,2026-01-13 20:40:31,2624.4,Delivered,84986.67,58736.57
SHP_0004371,ORD_0004371,VEH_0044,DRV_0084,2025-11-13 02:18:36,2026-09-07 02:58:37,2026-09-07 00:20:18,565.4,Delivered,10228.18,12654.19
SHP_0004372,ORD_0004372,VEH_0069,DRV_0004,2026-04-12 16:05:32,2025-12-30 04:42:29,2026-04-14 16:00:16,2198.4,Delivered,74484.59,2748.0
SHP_0004373,ORD_0004373,VEH_0039,DRV_0061,2026-02-14 06:14:11,2026-08-23 04:41:56,2026-08-23 03:17:02,1585.3,Delivered,28704.88,35480.52
SHP_0004374,ORD_0004374,VEH_0059,DRV_0045,2026-04-08 00:51:34,2026-08-07 12:39:43,2026-08-07 11:06:50,2081.6,Delivered,69572.02,23020.05
SHP_0004375,ORD_0004375,VEH_0050,DRV_0053,2025-12-05 03:50:37,2026-01-17 14:24:46,2026-01-17 10:45:28,2060.1,Delivered,68776.2,22782.28
SHP_0004376,ORD_0004376,VEH_0033,DRV_0008,2026-07-28 04:27:21,2025-10-03 21:59:28,2026-07-28 22:16:10,917.5,Delivered,33063.59,15680.91
SHP_0004377,ORD_0004377,VEH_0044,DRV_0023,2025-11-18 00:45:25,2025-12-06 15:52:39,2025-12-06 13:02:16,298.6,Delivered,16589.04,6682.95
SHP_0004378,ORD_0004378,VEH_0026,DRV_0072,2026-03-18 01:19:21,2026-03-11 01:35:25,2026-03-20 02:09:11,2352.4,Delivered,80581.25,52648.95
SHP_0004379,ORD_0004379,VEH_0012,DRV_0030,2025-12-18 01:51:32,2026-05-09 22:42:13,2026-05-09 21:31:41,1914.9,Delivered,68072.32,21176.54
SHP_0004380,ORD_0004380,VEH_0075,DRV_0004,2025-10-06 20:54:27,2026-04-24 07:10:49,2026-04-24 05:52:30,2133.8,Delivered,38943.04,52783.47
SHP_0004381,ORD_0004381,VEH_0069,DRV_0094,2026-03-29 23:59:39,2025-12-09 17:04:54,2026-03-31 03:24:56,1246.5,Delivered,47020.38,1558.12
SHP_0004382,ORD_0004382,VEH_0003,DRV_0086,2026-02-16 05:42:48,2026-09-08 10:33:42,2026-09-08 08:37:06,1344.6,Delivered,49239.24,30093.43
SHP_0004383,ORD_0004383,VEH_0030,DRV_0027,2026-02-14 22:12:52,2026-08-06 05:13:16,2026-08-06 01:50:30,1800.4,Delivered,60474.31,40294.67
SHP_0004384,ORD_0004384,VEH_0053,DRV_0034,2025-12-13 17:27:37,2026-03-07 08:12:56,2026-03-07 07:23:56,392.2,Delivered,15878.82,9701.79
SHP_0004385,ORD_0004385,VEH_0026,DRV_0043,2025-11-23 22:50:52,2026-08-15 06:53:33,2026-08-15 05:51:06,1260.6,Delivered,43772.64,28213.43
SHP_0004386,ORD_0004386,VEH_0061,DRV_0046,2026-04-12 09:42:58,2026-03-27 03:39:30,2026-04-13 12:40:16,1194.1,Delivered,43814.75,29538.26
SHP_0004387,ORD_0004387,VEH_0010,DRV_0005,2026-09-07 11:07:55,2026-04-23 02:44:08,2026-09-08 10:40:04,1100.1,Delivered,37262.43,12165.81
SHP_0004388,ORD_0004388,VEH_0053,DRV_0005,2026-05-04 21:18:13,2026-07-20 16:05:35,2026-07-20 12:50:27,340.2,Delivered,14255.11,8415.47
SHP_0004389,ORD_0004389,VEH_0037,DRV_0050,2025-11-10 21:35:44,2025-11-05 19:16:54,2025-11-12 19:56:19,2067.6,Delivered,68503.86,46274.86
SHP_0004390,ORD_0004390,VEH_0026,DRV_0068,2026-03-11 01:22:46,2026-06-16 03:55:39,2026-06-16 02:06:52,220.3,Delivered,9470.89,4930.52
SHP_0004391,ORD_0004391,VEH_0060,DRV_0067,2025-11-08 05:55:08,2026-05-27 19:51:49,2026-05-27 17:06:19,1044.1,Delivered,36425.66,11546.52
SHP_0004392,ORD_0004392,VEH_0047,DRV_0050,2026-03-30 09:37:56,2026-07-08 19:28:30,2026-07-08 16:25:04,25.0,Delivered,6065.16,427.27
SHP_0004393,ORD_0004393,VEH_0039,DRV_0068,2026-02-25 15:59:35,2026-06-27 08:40:38,2026-06-27 06:51:08,1868.9,Delivered,60880.24,41827.76
SHP_0004394,ORD_0004394,VEH_0049,DRV_0039,2026-08-07 10:14:01,2025-11-21 02:40:47,2025-11-21 06:35:45,1145.5,Delivered,40449.95,12667.88
SHP_0004395,ORD_0004395,VEH_0018,DRV_0049,2026-04-21 23:54:29,2026-02-04 18:54:09,2026-04-23 01:22:48,1319.8,Delivered,48022.81,29538.38
SHP_0004396,ORD_0004396,VEH_0080,DRV_0011,2026-03-26 20:07:02,2025-12-13 05:21:03,2026-03-28 10:14:15,1969.1,Delivered,68337.94,21775.93
SHP_0004397,ORD_0004397,VEH_0049,DRV_0083,2026-08-05 23:57:02,2025-11-07 17:50:11,2026-08-06 12:43:46,619.6,Delivered,11614.22,6852.05
SHP_0004398,ORD_0004398,VEH_0073,DRV_0094,2026-01-08 00:03:58,2026-03-20 15:30:37,2026-03-20 18:29:29,1865.3,Delivered,62242.4,31879.67
SHP_0004399,ORD_0004399,VEH_0080,DRV_0077,2026-04-08 12:15:44,2026-09-07 18:16:55,2026-09-07 15:47:30,1763.8,Delivered,63600.57,19505.55
SHP_0004400,ORD_0004400,VEH_0075,DRV_0024,2026-04-28 01:28:21,2025-12-27 05:03:40,2025-12-27 19:26:46,530.9,Delivered,22328.8,13132.79
SHP_0004401,ORD_0004401,VEH_0036,DRV_0017,2026-02-23 23:11:44,2026-05-15 15:51:42,2026-05-15 14:37:25,239.5,Delivered,14997.28,2648.59
SHP_0004402,ORD_0004402,VEH_0053,DRV_0003,2026-08-16 20:01:35,2025-11-04 08:09:11,2026-08-16 20:33:57,25.0,Delivered,522.69,618.42
SHP_0004403,ORD_0004403,VEH_0071,DRV_0012,2025-11-13 11:09:46,2026-01-22 00:47:06,2026-01-21 20:47:37,446.1,Delivered,16144.31,4933.34
SHP_0004404,ORD_0004404,VEH_0068,DRV_0088,2026-06-22 10:32:27,2026-09-17 08:37:45,2026-09-17 07:36:03,1685.9,Delivered,59111.91,18644.07
SHP_0004405,ORD_0004405,VEH_0075,DRV_0003,2026-03-24 17:38:56,2026-07-06 01:05:46,2026-07-06 07:41:43,96.8,Delivered,8796.42,2394.53
SHP_0004406,ORD_0004406,VEH_0018,DRV_0086,2026-05-13 05:55:53,2026-05-25 10:17:11,2026-05-25 21:54:23,354.1,Delivered,13034.9,7925.1
SHP_0004407,ORD_0004407,VEH_0032,DRV_0087,2026-01-25 01:37:42,2026-04-17 15:38:36,2026-04-18 00:49:41,915.4,Delivered,34067.22,10123.25
SHP_0004408,ORD_0004408,VEH_0009,DRV_0019,2026-06-01 13:14:59,2026-09-08 14:38:20,2026-09-08 11:11:36,1953.4,Delivered,35459.97,2441.75
SHP_0004409,ORD_0004409,VEH_0062,DRV_0100,2026-05-01 00:32:49,2026-04-09 14:26:12,2026-05-01 14:55:03,627.2,Delivered,23327.76,10719.42
SHP_0004410,ORD_0004410,VEH_0014,DRV_0069,2026-08-17 06:17:54,2026-05-03 00:40:38,2026-05-03 14:40:09,25.0,Delivered,4136.72,559.52
SHP_0004411,ORD_0004411,VEH_0076,DRV_0096,2026-07-31 15:31:12,2026-03-05 10:21:30,2026-08-01 14:19:23,1077.7,Delivered,41067.41,1347.12
SHP_0004412,ORD_0004412,VEH_0041,DRV_0050,2026-02-16 22:17:57,2026-02-09 10:03:16,2026-02-18 18:04:05,2014.7,Delivered,66154.27,34433.05
SHP_0004413,ORD_0004413,VEH_0035,DRV_0081,2026-08-07 00:10:21,2026-04-30 09:41:13,2026-08-08 21:35:11,2020.5,Delivered,71618.87,49980.79
SHP_0004414,ORD_0004414,VEH_0061,DRV_0022,2025-10-02 00:06:48,2025-10-02 18:53:23,2025-10-02 17:53:16,791.9,Delivered,30008.17,19589.11
SHP_0004415,ORD_0004415,VEH_0034,DRV_0011,2026-07-23 22:32:57,2026-02-14 13:05:00,,100.3,Cancelled,5046.6,1109.2
SHP_0004416,ORD_0004416,VEH_0013,DRV_0080,2026-01-18 17:29:50,2026-01-02 14:33:08,2026-01-20 10:30:59,1768.7,Delivered,60075.16,30228.69
SHP_0004417,ORD_0004417,VEH_0015,DRV_0051,2026-08-16 14:55:30,2026-03-17 15:52:43,2026-08-18 00:38:28,1384.9,Delivered,47493.82,1731.13
SHP_0004418,ORD_0004418,VEH_0064,DRV_0017,2026-08-18 09:09:01,2026-05-18 02:11:56,,160.8,Cancelled,8773.33,3977.68
SHP_0004419,ORD_0004419,VEH_0013,DRV_0040,2026-06-21 10:08:25,2026-02-19 19:23:14,2026-06-23 05:19:21,2012.7,Delivered,68174.01,34398.87
SHP_0004420,ORD_0004420,VEH_0021,DRV_0086,2026-06-26 04:54:46,2025-11-29 16:07:14,2026-06-26 08:43:55,182.7,Delivered,10161.06,228.38
SHP_0004421,ORD_0004421,VEH_0043,DRV_0084,2026-05-16 03:33:48,2026-09-12 11:55:07,,1121.5,Cancelled,20193.56,1401.88
SHP_0004422,ORD_0004422,VEH_0067,DRV_0087,2026-04-23 16:49:35,2025-10-28 23:55:06,2025-10-29 12:04:14,215.6,Delivered,10345.76,3684.8
SHP_0004423,ORD_0004423,VEH_0037,DRV_0039,2026-09-06 10:42:42,2026-04-19 14:58:44,2026-09-08 03:17:08,1991.1,Delivered,70311.87,44562.71
SHP_0004424,ORD_0004424,VEH_0002,DRV_0038,2026-06-22 00:40:02,2026-01-28 15:40:30,,1883.1,Cancelled,66384.42,46581.95
SHP_0004425,ORD_0004425,VEH_0070,DRV_0097,2025-11-16 22:53:19,2026-01-31 12:49:00,2026-01-31 11:30:52,1685.4,Delivered,56830.8,41691.47
SHP_0004426,ORD_0004426,VEH_0002,DRV_0008,2026-05-15 07:14:56,2025-11-14 22:30:57,2025-11-15 01:02:14,1983.4,Delivered,65733.85,49063.05
SHP_0004427,ORD_0004427,VEH_0007,DRV_0044,2025-10-22 18:25:08,2025-10-31 19:19:07,2025-10-31 15:25:15,2052.2,Delivered,72316.16,35073.96
SHP_0004428,ORD_0004428,VEH_0021,DRV_0069,2026-07-31 05:48:26,2025-11-10 19:00:19,,134.7,Cancelled,11757.15,168.38
SHP_0004429,ORD_0004429,VEH_0020,DRV_0041,2025-12-02 19:27:56,2026-09-24 22:38:44,2026-09-24 21:05:43,537.2,Delivered,21671.41,9181.24
SHP_0004430,ORD_0004430,VEH_0047,DRV_0071,2026-05-14 08:22:27,2025-11-14 12:39:43,2026-05-16 01:52:35,2145.4,Delivered,72398.87,36666.84
SHP_0004431,ORD_0004431,VEH_0018,DRV_0097,2026-03-17 16:20:27,2025-11-15 01:57:48,2026-03-17 16:55:18,25.0,Delivered,6546.05,559.52
SHP_0004432,ORD_0004432,VEH_0042,DRV_0096,2026-02-16 03:39:43,2026-04-22 08:42:55,2026-04-22 06:28:12,100.3,Delivered,7490.01,2244.81
SHP_0004433,ORD_0004433,VEH_0060,DRV_0081,2026-08-15 16:11:02,2025-12-25 16:35:45,2026-08-16 10:06:50,892.9,Delivered,33194.21,9874.42
SHP_0004434,ORD_0004434,VEH_0076,DRV_0032,2026-01-30 03:36:26,2026-04-11 09:11:32,2026-04-11 07:18:04,2077.3,Delivered,73309.58,2596.62
SHP_0004435,ORD_0004435,VEH_0074,DRV_0074,2026-01-14 06:42:52,2026-05-11 04:10:07,2026-05-11 00:46:27,2364.9,Delivered,43073.82,58500.16
SHP_0004436,ORD_0004436,VEH_0059,DRV_0040,2026-01-10 23:58:47,2026-01-19 00:02:02,2026-01-18 23:10:23,2383.4,Delivered,79215.39,26357.6
SHP_0004437,ORD_0004437,VEH_0018,DRV_0060,2025-11-22 06:00:05,2026-01-07 09:43:18,,399.9,Cancelled,20023.93,8950.14
SHP_0004438,ORD_0004438,VEH_0029,DRV_0017,2026-03-17 01:26:18,2026-06-30 02:54:40,2026-06-30 11:02:42,1339.3,Delivered,43754.27,14811.08
SHP_0004439,ORD_0004439,VEH_0013,DRV_0067,2025-12-04 07:05:12,2026-05-12 06:41:11,2026-05-12 03:26:07,2621.8,Delivered,88718.38,44808.95
SHP_0004440,ORD_0004440,VEH_0001,DRV_0081,2026-04-24 05:23:53,2025-10-24 05:08:29,2026-04-25 04:34:48,1043.0,Delivered,39044.98,25800.53
SHP_0004441,ORD_0004441,VEH_0070,DRV_0021,2026-07-27 09:13:31,2026-03-10 23:33:50,2026-07-29 01:54:59,1741.2,Delivered,57663.22,43071.79
SHP_0004442,ORD_0004442,VEH_0048,DRV_0039,2026-05-09 09:23:00,2026-09-27 01:08:09,2026-09-26 22:03:54,1114.1,Delivered,20203.97,27559.32
SHP_0004443,ORD_0004443,VEH_0021,DRV_0067,2026-04-15 20:52:44,2026-07-21 15:45:30,2026-07-21 13:33:35,657.8,Delivered,24167.35,822.25
SHP_0004444,ORD_0004444,VEH_0062,DRV_0070,2026-05-23 12:38:10,2026-06-22 03:20:11,,390.6,Cancelled,16111.34,6675.71
SHP_0004445,ORD_0004445,VEH_0070,DRV_0002,2026-02-26 06:23:36,2025-11-25 15:52:00,2026-02-26 11:16:04,224.3,Delivered,4227.93,5548.47
SHP_0004446,ORD_0004446,VEH_0044,DRV_0025,2026-05-02 08:00:07,2026-09-11 19:08:07,2026-09-12 07:16:46,525.6,Delivered,21569.91,11763.43
SHP_0004447,ORD_0004447,VEH_0009,DRV_0082,2026-05-11 16:46:31,2026-04-28 14:13:51,2026-04-29 08:05:29,183.2,Delivered,9700.27,229.0
SHP_0004448,ORD_0004448,VEH_0079,DRV_0032,2026-01-08 11:12:31,2026-08-19 08:32:21,2026-08-19 06:08:24,25.0,Delivered,2411.62,559.52
SHP_0004449,ORD_0004449,VEH_0065,DRV_0087,2026-04-08 08:21:34,2026-08-28 22:06:28,2026-08-28 20:47:41,160.8,Delivered,9227.31,201.0
SHP_0004450,ORD_0004450,VEH_0067,DRV_0095,2026-03-04 03:21:16,2026-07-13 06:58:16,2026-07-13 05:37:07,1094.7,Delivered,40857.53,18709.42
SHP_0004451,ORD_0004451,VEH_0075,DRV_0061,2025-12-03 23:54:28,2026-04-22 08:22:32,2026-04-22 07:45:34,432.0,Delivered,20613.67,10686.32
SHP_0004452,ORD_0004452,VEH_0012,DRV_0087,2025-10-15 20:01:05,2026-05-14 18:03:09,2026-05-14 14:30:30,248.7,Delivered,14189.73,2750.33
SHP_0004453,ORD_0004453,VEH_0033,DRV_0094,2026-08-12 18:44:40,2026-06-19 08:47:22,2026-08-13 06:14:37,562.6,Delivered,25019.42,9615.35
SHP_0004454,ORD_0004454,VEH_0074,DRV_0033,2026-06-15 12:09:13,2026-04-29 03:09:52,2026-06-17 10:45:33,2219.4,Delivered,72442.83,54900.95
SHP_0004455,ORD_0004455,VEH_0028,DRV_0012,2026-04-14 10:25:03,2026-02-04 13:32:23,2026-04-16 11:17:36,2024.3,Delivered,71832.7,50074.79
SHP_0004456,ORD_0004456,VEH_0039,DRV_0096,2026-05-26 03:40:37,2026-06-11 15:08:45,2026-06-11 12:33:52,2017.7,Delivered,65739.99,45158.05
SHP_0004457,ORD_0004457,VEH_0044,DRV_0071,2026-09-07 22:03:18,2026-07-29 04:57:23,2026-09-08 14:56:48,686.6,Delivered,23067.16,15366.76
SHP_0004458,ORD_0004458,VEH_0034,DRV_0081,2026-02-04 18:12:34,2026-01-21 18:13:54,2026-02-04 22:57:23,231.9,Delivered,4182.89,2564.54
SHP_0004459,ORD_0004459,VEH_0037,DRV_0096,2025-11-20 07:37:12,2025-11-11 02:50:10,2025-11-22 07:57:31,2207.6,Delivered,74890.15,49408.19
SHP_0004460,ORD_0004460,VEH_0050,DRV_0058,2026-03-22 05:23:09,2026-06-15 06:53:23,2026-06-15 06:22:17,228.3,Delivered,4302.33,2524.73
SHP_0004461,ORD_0004461,VEH_0047,DRV_0025,2026-06-09 03:34:05,2026-04-22 10:08:22,2026-06-10 07:58:57,1380.1,Delivered,49179.06,23587.16
SHP_0004462,ORD_0004462,VEH_0045,DRV_0049,2026-04-03 01:36:38,2026-09-16 21:47:46,2026-09-16 18:37:51,235.1,Delivered,9410.07,5261.76
SHP_0004463,ORD_0004463,VEH_0059,DRV_0014,2026-08-09 18:08:36,2025-12-13 08:35:14,2026-08-10 11:37:02,906.2,Delivered,35180.74,10021.51
SHP_0004464,ORD_0004464,VEH_0074,DRV_0059,2026-07-10 07:50:18,2026-02-28 04:52:13,2026-07-11 08:51:36,1121.6,Delivered,42988.36,27744.84
SHP_0004465,ORD_0004465,VEH_0002,DRV_0091,2026-04-13 06:56:07,2026-04-17 13:40:07,2026-04-17 10:45:17,268.4,Delivered,10873.09,6639.37
SHP_0004466,ORD_0004466,VEH_0076,DRV_0013,2026-01-02 13:24:36,2026-01-17 01:47:06,2026-01-16 22:08:50,1154.9,Delivered,43786.78,1443.62
SHP_0004467,ORD_0004467,VEH_0015,DRV_0093,2025-11-13 09:01:14,2026-02-22 09:29:22,2026-02-22 08:20:32,1591.8,Delivered,57149.79,1989.75
SHP_0004468,ORD_0004468,VEH_0055,DRV_0060,2026-08-27 02:16:36,2026-04-20 12:32:45,2026-04-21 02:18:00,2224.8,Delivered,40483.88,55034.53
SHP_0004469,ORD_0004469,VEH_0055,DRV_0026,2026-05-13 11:55:49,2026-01-11 20:30:13,2026-05-14 03:41:50,640.5,Delivered,25545.97,15843.95
SHP_0004470,ORD_0004470,VEH_0006,DRV_0073,2025-10-29 02:58:13,2026-05-28 02:57:13,2026-05-28 00:34:11,2194.0,Delivered,77273.46,49103.81
SHP_0004471,ORD_0004471,VEH_0080,DRV_0093,2026-02-28 10:54:47,2026-04-08 05:54:02,,108.6,Cancelled,6803.97,1200.99
SHP_0004472,ORD_0004472,VEH_0029,DRV_0002,2026-03-21 13:44:25,2026-05-24 02:29:50,2026-05-24 01:15:11,2261.3,Delivered,76990.03,25007.32
SHP_0004473,ORD_0004473,VEH_0072,DRV_0067,2025-10-30 04:03:58,2026-01-24 23:10:35,2026-01-24 19:36:20,633.4,Delivered,21110.33,7004.66
SHP_0004474,ORD_0004474,VEH_0035,DRV_0045,2026-02-23 23:44:37,2026-07-16 06:04:40,2026-07-16 04:03:03,220.3,Delivered,4450.97,5449.53
SHP_0004475,ORD_0004475,VEH_0067,DRV_0021,2026-04-11 16:20:56,2026-05-12 10:22:14,2026-05-12 08:48:32,1966.2,Delivered,70151.57,33604.15
SHP_0004476,ORD_0004476,VEH_0046,DRV_0079,2026-05-18 05:03:25,2025-12-14 07:46:01,2026-05-20 03:52:48,2133.8,Delivered,38802.58,23597.32
SHP_0004477,ORD_0004477,VEH_0059,DRV_0015,2025-11-15 16:10:57,2025-11-17 13:23:10,2025-11-18 04:11:30,1458.4,Delivered,48177.53,16128.19
SHP_0004478,ORD_0004478,VEH_0075,DRV_0036,2026-01-20 12:28:32,2026-08-09 15:32:37,2026-08-09 12:33:36,476.0,Delivered,17687.65,11774.74
SHP_0004479,ORD_0004479,VEH_0026,DRV_0080,2026-01-14 11:29:16,2026-01-26 06:58:40,2026-01-26 04:16:22,131.6,Delivered,5215.26,2945.33
SHP_0004480,ORD_0004480,VEH_0079,DRV_0024,2026-09-13 22:04:13,2025-11-24 07:32:38,2026-09-15 23:11:21,2017.7,Delivered,68452.57,45158.05
SHP_0004481,ORD_0004481,VEH_0068,DRV_0052,2026-08-28 21:53:44,2026-03-10 04:53:17,2026-03-10 22:28:53,1047.1,Delivered,19042.4,11579.69
SHP_0004482,ORD_0004482,VEH_0004,DRV_0046,2026-06-23 22:26:20,2026-02-22 10:25:11,2026-06-24 01:02:41,129.3,Delivered,2749.23,2209.85
SHP_0004483,ORD_0004483,VEH_0005,DRV_0004,2026-01-14 23:15:22,2026-06-09 19:16:21,2026-06-09 17:54:46,2209.6,Delivered,74740.28,2762.0
SHP_0004484,ORD_0004484,VEH_0080,DRV_0093,2026-06-30 08:42:45,2026-04-14 17:13:18,,2612.9,Cancelled,86778.73,28895.6
SHP_0004485,ORD_0004485,VEH_0015,DRV_0056,2026-06-17 20:41:50,2025-12-06 18:34:44,2026-06-18 21:41:02,1018.9,Delivered,35482.19,1273.62
SHP_0004486,ORD_0004486,VEH_0063,DRV_0008,2026-05-26 19:16:43,2025-11-12 08:23:27,2025-11-12 20:47:07,1255.0,Delivered,22832.1,28088.1
SHP_0004487,ORD_0004487,VEH_0042,DRV_0024,2026-04-24 04:50:45,2026-02-23 00:48:21,2026-04-25 21:52:14,2077.3,Delivered,69858.59,46491.95
SHP_0004488,ORD_0004488,VEH_0011,DRV_0023,2026-06-24 07:10:57,2026-01-13 23:30:48,2026-06-26 07:13:52,2038.4,Delivered,69798.65,50423.58
SHP_0004489,ORD_0004489,VEH_0055,DRV_0094,2025-10-29 02:37:35,2026-06-07 05:18:32,2026-06-07 01:55:52,2054.8,Delivered,68754.62,50829.26
SHP_0004490,ORD_0004490,VEH_0004,DRV_0095,2026-05-23 17:33:24,2026-06-15 20:53:26,2026-06-15 18:26:37,2051.9,Delivered,67387.84,35068.84
SHP_0004491,ORD_0004491,VEH_0032,DRV_0045,2025-12-16 16:34:04,2026-04-10 18:59:43,2026-04-10 17:27:18,663.0,Delivered,23764.56,7332.0
SHP_0004492,ORD_0004492,VEH_0051,DRV_0028,2026-07-15 17:28:49,2026-06-23 14:35:38,,377.1,Cancelled,13563.65,6444.98
SHP_0004493,ORD_0004493,VEH_0051,DRV_0031,2025-11-07 15:46:46,2025-10-11 07:25:36,2025-11-07 19:04:34,140.6,Delivered,11469.51,2402.98
SHP_0004494,ORD_0004494,VEH_0032,DRV_0035,2025-12-05 00:05:05,2026-06-22 12:25:10,2026-06-22 21:03:49,134.7,Delivered,10403.67,1489.62
SHP_0004495,ORD_0004495,VEH_0004,DRV_0017,2026-09-05 16:23:06,2025-12-13 02:03:32,2026-09-06 04:13:51,530.9,Delivered,17970.91,9073.56
SHP_0004496,ORD_0004496,VEH_0002,DRV_0074,2025-12-31 20:31:17,2026-02-08 08:39:52,2026-02-08 06:55:57,540.1,Delivered,18683.76,13360.37
SHP_0004497,ORD_0004497,VEH_0057,DRV_0009,2026-06-19 14:10:59,2026-09-25 22:26:51,,1485.1,Cancelled,50187.26,16423.46
SHP_0004498,ORD_0004498,VEH_0027,DRV_0028,2026-07-07 08:40:50,2025-12-03 08:15:27,2026-07-08 01:25:37,699.0,Delivered,24606.47,17291.05
SHP_0004499,ORD_0004499,VEH_0026,DRV_0088,2025-10-01 06:04:44,2026-06-11 01:07:08,2026-06-10 22:51:21,375.3,Delivered,14492.97,8399.57
SHP_0004500,ORD_0004500,VEH_0028,DRV_0011,2026-06-27 15:07:42,2025-12-08 01:50:18,2026-06-28 02:53:55,534.8,Delivered,9778.22,13229.26
SHP_0004501,ORD_0004501,VEH_0046,DRV_0079,2026-04-10 08:57:03,2026-08-06 23:50:36,2026-08-06 21:53:44,2355.0,Delivered,77624.64,26043.53
SHP_0004502,ORD_0004502,VEH_0032,DRV_0078,2026-06-04 04:26:54,2026-05-18 05:04:24,2026-06-05 17:38:30,1706.5,Delivered,61585.29,18871.88
SHP_0004503,ORD_0004503,VEH_0009,DRV_0040,2026-04-12 11:35:19,2025-12-30 23:34:00,2026-04-13 09:48:20,913.9,Delivered,16512.1,1142.38
SHP_0004504,ORD_0004504,VEH_0014,DRV_0066,2026-01-02 09:08:13,2026-05-09 19:23:12,2026-05-09 15:31:22,1485.5,Delivered,52129.33,33246.9
SHP_0004505,ORD_0004505,VEH_0065,DRV_0002,2026-09-08 13:25:05,2025-10-07 08:09:45,2026-09-09 15:16:12,1250.6,Delivered,45844.9,1563.25
SHP_0004506,ORD_0004506,VEH_0048,DRV_0046,2026-09-11 04:32:34,2025-10-20 08:48:06,2026-09-11 10:34:12,287.5,Delivered,16200.11,7111.84
SHP_0004507,ORD_0004507,VEH_0071,DRV_0071,2026-05-27 00:50:02,2026-09-04 12:42:58,2026-09-04 09:27:07,702.0,Delivered,12750.89,7763.29
SHP_0004508,ORD_0004508,VEH_0030,DRV_0044,2026-06-27 08:47:20,2026-01-15 09:59:51,2026-06-29 04:44:51,2145.4,Delivered,72968.45,48016.1
SHP_0004509,ORD_0004509,VEH_0058,DRV_0017,2026-03-09 14:49:56,2026-06-25 21:11:49,2026-06-25 19:30:50,235.1,Delivered,10026.9,5261.76
SHP_0004510,ORD_0004510,VEH_0075,DRV_0077,2026-05-19 20:01:05,2025-11-23 19:28:18,2026-05-20 16:48:16,1068.7,Delivered,37615.26,26436.26
SHP_0004511,ORD_0004511,VEH_0063,DRV_0040,2026-01-21 13:42:26,2026-02-02 19:00:53,2026-02-02 16:07:20,659.6,Delivered,23261.58,14762.48
SHP_0004512,ORD_0004512,VEH_0038,DRV_0066,2026-03-23 11:30:59,2026-06-06 23:37:06,2026-06-06 20:24:02,532.0,Delivered,22468.08,665.0
SHP_0004513,ORD_0004513,VEH_0037,DRV_0068,2025-10-06 22:48:54,2026-07-24 08:49:56,2026-07-24 07:14:39,2052.2,Delivered,72443.49,45930.19
SHP_0004514,ORD_0004514,VEH_0055,DRV_0099,2025-11-25 20:45:00,2025-10-30 11:59:18,2025-11-26 02:19:33,235.1,Delivered,8834.44,5815.63
SHP_0004515,ORD_0004515,VEH_0067,DRV_0019,2026-06-24 17:34:29,2026-04-04 16:02:06,2026-06-25 16:08:10,1103.3,Delivered,41480.07,18856.4
SHP_0004516,ORD_0004516,VEH_0068,DRV_0045,2026-05-04 21:30:49,2026-07-09 09:21:13,2026-07-09 05:36:49,408.2,Delivered,18199.79,4514.21
SHP_0004517,ORD_0004517,VEH_0026,DRV_0028,2025-11-13 22:11:50,2026-05-30 20:59:43,2026-05-30 18:54:00,924.8,Delivered,33485.28,20697.9
SHP_0004518,ORD_0004518,VEH_0009,DRV_0044,2026-02-27 11:32:13,2026-07-05 05:35:26,2026-07-05 04:18:46,494.3,Delivered,17050.8,617.88
SHP_0004519,ORD_0004519,VEH_0004,DRV_0062,2026-06-18 20:23:24,2026-06-29 11:20:50,2026-06-29 07:23:22,1051.3,Delivered,39828.49,17967.67
SHP_0004520,ORD_0004520,VEH_0014,DRV_0093,2026-07-30 22:07:56,2026-03-10 21:54:33,2026-07-31 11:34:28,673.9,Delivered,23411.56,15082.52
SHP_0004521,ORD_0004521,VEH_0016,DRV_0033,2026-08-28 16:24:02,2026-01-16 23:31:56,2026-08-30 07:51:38,1962.7,Delivered,65378.29,48551.0
SHP_0004522,ORD_0004522,VEH_0025,DRV_0033,2025-11-19 01:46:17,2026-09-26 20:17:03,,907.3,Cancelled,34777.99,20306.24
SHP_0004523,ORD_0004523,VEH_0037,DRV_0020,2026-07-06 14:34:38,2026-01-29 13:33:03,,2384.5,Cancelled,82017.9,53367.38
SHP_0004524,ORD_0004524,VEH_0019,DRV_0030,2026-01-15 13:11:23,2025-10-26 17:08:34,2026-01-16 01:03:56,538.6,Delivered,22103.75,673.25
SHP_0004525,ORD_0004525,VEH_0076,DRV_0092,2025-10-27 19:27:16,2026-01-02 17:52:07,,2004.3,Cancelled,65840.13,2505.38
SHP_0004526,ORD_0004526,VEH_0080,DRV_0004,2026-01-20 11:28:04,2025-11-02 19:54:01,2026-01-22 12:21:59,2017.7,Delivered,67306.82,22313.39
SHP_0004527,ORD_0004527,VEH_0012,DRV_0045,2025-10-14 03:21:00,2026-05-08 19:32:45,2026-05-09 10:08:35,533.0,Delivered,20393.54,5894.35
SHP_0004528,ORD_0004528,VEH_0048,DRV_0053,2026-06-11 02:32:53,2026-04-02 20:23:41,,773.3,Cancelled,27335.23,19129.0
SHP_0004529,ORD_0004529,VEH_0001,DRV_0099,2026-01-19 05:27:47,2026-01-15 16:31:11,2026-01-20 04:58:18,1049.2,Delivered,38429.63,25953.89
SHP_0004530,ORD_0004530,VEH_0061,DRV_0010,2025-12-05 21:28:37,2026-08-15 22:37:30,2026-08-16 11:35:42,562.6,Delivered,20325.95,13916.95
SHP_0004531,ORD_0004531,VEH_0007,DRV_0056,2025-11-05 13:42:54,2026-07-29 01:20:23,2026-07-28 23:45:23,334.4,Delivered,17823.08,5715.2
SHP_0004532,ORD_0004532,VEH_0003,DRV_0031,2026-08-26 05:12:27,2026-09-15 13:36:12,2026-09-15 10:12:10,1240.4,Delivered,22476.67,27761.33
SHP_0004533,ORD_0004533,VEH_0033,DRV_0037,2026-03-29 12:49:24,2026-03-10 05:16:26,2026-03-30 23:15:03,1589.2,Delivered,52063.13,27160.87
SHP_0004534,ORD_0004534,VEH_0006,DRV_0045,2026-02-26 13:04:18,2026-03-23 18:12:23,2026-03-23 16:57:16,1389.9,Delivered,51693.84,31107.29
SHP_0004535,ORD_0004535,VEH_0068,DRV_0070,2026-01-11 21:56:11,2026-08-15 06:53:57,2026-08-15 04:07:42,535.8,Delivered,20471.37,5925.32
SHP_0004536,ORD_0004536,VEH_0013,DRV_0064,2026-07-25 03:27:00,2026-02-18 04:15:34,2026-07-27 04:53:56,2210.8,Delivered,72587.81,37784.58
SHP_0004537,ORD_0004537,VEH_0046,DRV_0004,2026-01-31 02:45:55,2026-06-30 06:45:58,,1241.0,Cancelled,40521.89,13724.0
SHP_0004538,ORD_0004538,VEH_0031,DRV_0029,2026-06-14 02:15:13,2025-10-04 10:00:26,2026-06-15 00:46:50,1040.2,Delivered,34135.1,1300.25
SHP_0004539,ORD_0004539,VEH_0074,DRV_0066,2025-11-15 05:32:35,2026-06-01 05:56:49,2026-06-01 03:16:11,375.3,Delivered,16523.69,9283.74
SHP_0004540,ORD_0004540,VEH_0002,DRV_0079,2025-10-05 01:50:04,2025-12-26 23:20:28,2025-12-26 22:01:20,1203.9,Delivered,41458.46,29780.68
SHP_0004541,ORD_0004541,VEH_0018,DRV_0060,2025-12-22 01:33:24,2026-08-29 16:05:44,2026-08-29 15:08:00,2217.6,Delivered,72763.18,49632.0
SHP_0004542,ORD_0004542,VEH_0047,DRV_0099,2026-03-22 07:56:08,2026-06-12 16:22:25,2026-06-12 14:27:08,377.5,Delivered,18367.74,6451.82
SHP_0004543,ORD_0004543,VEH_0027,DRV_0078,2026-04-17 17:41:51,2026-05-02 22:25:02,2026-05-03 00:34:03,1598.0,Delivered,57538.54,39529.47
SHP_0004544,ORD_0004544,VEH_0032,DRV_0052,2026-03-20 08:43:08,2026-05-31 08:07:03,2026-05-31 07:33:13,1084.2,Delivered,37515.87,11989.98
SHP_0004545,ORD_0004545,VEH_0008,DRV_0033,2026-04-22 04:58:20,2026-07-02 08:42:47,2026-07-02 08:12:16,2197.6,Delivered,39577.86,24302.87
SHP_0004546,ORD_0004546,VEH_0070,DRV_0042,2025-12-21 07:42:19,2026-02-15 10:49:40,2026-02-15 07:34:35,465.8,Delivered,20108.6,11522.42
SHP_0004547,ORD_0004547,VEH_0058,DRV_0050,2026-04-20 21:28:31,2025-10-29 12:51:57,2026-04-21 01:48:39,221.1,Delivered,12584.44,4948.43
SHP_0004548,ORD_0004548,VEH_0047,DRV_0020,2026-05-20 07:57:16,2026-04-05 08:50:09,2026-05-20 11:56:56,184.3,Delivered,11151.67,3149.85
SHP_0004549,ORD_0004549,VEH_0001,DRV_0009,2026-05-14 16:05:58,2026-03-19 17:08:58,2026-05-16 16:40:13,2385.7,Delivered,80639.16,59014.68
SHP_0004550,ORD_0004550,VEH_0047,DRV_0064,2026-07-05 12:44:29,2026-05-14 07:54:25,2026-07-06 02:25:00,663.0,Delivered,23400.38,11331.27
SHP_0004551,ORD_0004551,VEH_0029,DRV_0095,2026-05-15 01:53:53,2026-02-18 23:04:22,2026-05-17 13:30:03,2496.9,Delivered,82924.54,27612.78
SHP_0004552,ORD_0004552,VEH_0077,DRV_0005,2025-10-17 08:47:52,2025-12-01 18:26:09,2025-12-01 15:04:25,272.0,Delivered,5638.43,4648.73
SHP_0004553,ORD_0004553,VEH_0003,DRV_0024,2026-04-16 18:24:39,2026-06-09 17:52:32,2026-06-09 15:36:38,133.7,Delivered,10241.22,2992.33
SHP_0004554,ORD_0004554,VEH_0046,DRV_0046,2025-12-05 00:52:02,2026-09-17 15:57:01,2026-09-17 14:04:26,129.3,Delivered,7801.49,1429.91
SHP_0004555,ORD_0004555,VEH_0047,DRV_0077,2026-08-24 00:06:40,2026-05-30 05:51:22,2026-08-26 00:40:01,2384.5,Delivered,82532.46,40753.27
SHP_0004556,ORD_0004556,VEH_0025,DRV_0050,2026-08-01 10:08:07,2026-04-04 03:15:10,2026-08-01 21:37:53,519.9,Delivered,20817.36,11635.86
SHP_0004557,ORD_0004557,VEH_0036,DRV_0070,2026-08-04 12:21:50,2026-04-04 03:11:14,2026-08-06 07:16:03,2219.1,Delivered,76393.98,24540.64
SHP_0004558,ORD_0004558,VEH_0059,DRV_0066,2025-12-04 22:21:31,2026-05-01 10:28:17,2026-05-01 09:16:29,1601.7,Delivered,29291.21,17712.92
SHP_0004559,ORD_0004559,VEH_0006,DRV_0047,2026-08-18 11:11:58,2025-12-11 20:01:05,2026-08-19 01:21:37,704.1,Delivered,25928.33,15758.43
SHP_0004560,ORD_0004560,VEH_0054,DRV_0005,2026-07-12 22:13:40,2026-03-14 07:52:48,2026-07-13 10:56:36,630.0,Delivered,23612.78,787.5
SHP_0004561,ORD_0004561,VEH_0037,DRV_0052,2026-09-08 19:02:45,2026-02-28 09:23:52,2026-09-09 18:22:47,1191.2,Delivered,39100.66,26660.19
SHP_0004562,ORD_0004562,VEH_0041,DRV_0004,2026-03-01 16:57:13,2025-12-09 12:34:50,2026-03-04 01:51:25,2390.0,Delivered,82409.34,40847.27
SHP_0004563,ORD_0004563,VEH_0024,DRV_0018,2026-06-29 23:11:52,2026-03-22 23:09:38,2026-06-30 12:27:53,534.0,Delivered,20585.19,9126.55
SHP_0004564,ORD_0004564,VEH_0026,DRV_0073,2026-05-19 05:57:57,2026-02-09 01:12:11,2026-05-20 07:26:34,1161.2,Delivered,41257.86,25988.76
SHP_0004565,ORD_0004565,VEH_0079,DRV_0049,2026-03-12 16:43:09,2026-01-21 15:51:53,2026-01-21 20:45:31,2266.0,Delivered,77237.87,50715.24
SHP_0004566,ORD_0004566,VEH_0077,DRV_0069,2025-11-23 19:29:49,2025-11-10 00:14:01,2025-11-10 08:51:32,1550.2,Delivered,56076.51,26494.33
SHP_0004567,ORD_0004567,VEH_0070,DRV_0086,2025-12-23 06:47:07,2026-01-11 16:32:01,2026-01-11 14:54:08,2081.6,Delivered,69698.33,51492.21
SHP_0004568,ORD_0004568,VEH_0015,DRV_0073,2026-01-21 20:05:21,2025-10-20 05:54:20,2026-01-23 16:54:41,1867.6,Delivered,63180.54,2334.5
SHP_0004569,ORD_0004569,VEH_0043,DRV_0065,2026-08-07 00:30:41,2026-09-26 13:19:19,2026-09-26 12:36:50,2619.8,Delivered,88870.86,3274.75
SHP_0004570,ORD_0004570,VEH_0007,DRV_0054,2026-07-04 09:29:37,2026-08-23 21:12:04,2026-08-23 20:12:09,214.5,Delivered,14325.93,3666.0
SHP_0004571,ORD_0004571,VEH_0041,DRV_0020,2026-03-31 16:46:14,2026-01-21 17:35:17,2026-04-02 01:13:24,1361.1,Delivered,45434.44,23262.44
SHP_0004572,ORD_0004572,VEH_0017,DRV_0048,2026-07-24 15:07:41,2025-12-23 11:55:32,2026-07-25 00:00:17,367.1,Delivered,13048.12,8216.05
SHP_0004573,ORD_0004573,VEH_0079,DRV_0064,2026-08-03 01:17:54,2026-05-17 18:27:46,2026-05-17 20:17:59,303.3,Delivered,11058.54,6788.14
SHP_0004574,ORD_0004574,VEH_0075,DRV_0046,2026-08-27 22:53:36,2025-10-31 02:06:57,2026-08-28 08:05:29,404.4,Delivered,14863.12,10003.58
SHP_0004575,ORD_0004575,VEH_0068,DRV_0096,2025-10-19 20:31:11,2026-06-17 00:51:29,2026-06-16 23:18:20,912.4,Delivered,35531.18,10090.07
SHP_0004576,ORD_0004576,VEH_0008,DRV_0002,2025-11-11 16:27:17,2026-04-24 19:08:38,2026-04-24 15:58:41,1135.3,Delivered,42876.82,12555.08
SHP_0004577,ORD_0004577,VEH_0041,DRV_0024,2026-02-22 18:25:37,2025-11-06 06:24:12,2026-02-22 21:43:33,138.0,Delivered,5840.62,2358.55
SHP_0004578,ORD_0004578,VEH_0059,DRV_0068,2025-10-11 23:59:40,2026-01-11 09:55:47,2026-01-11 09:05:20,2209.9,Delivered,77490.17,24438.89
SHP_0004579,ORD_0004579,VEH_0018,DRV_0041,2026-06-22 04:32:43,2026-01-05 04:44:25,2026-06-24 02:10:26,2145.4,Delivered,71374.06,48016.1
SHP_0004580,ORD_0004580,VEH_0014,DRV_0039,2026-07-16 09:46:00,2025-11-16 00:05:54,2026-07-16 10:16:23,25.0,Delivered,6653.75,559.52
SHP_0004581,ORD_0004581,VEH_0029,DRV_0066,2026-04-08 01:01:15,2026-07-25 10:41:08,2026-07-25 20:09:45,1373.8,Delivered,49606.08,15192.61
SHP_0004582,ORD_0004582,VEH_0030,DRV_0013,2026-01-13 07:39:50,2026-03-19 08:14:07,2026-03-19 06:24:03,289.9,Delivered,10105.13,6488.24
SHP_0004583,ORD_0004583,VEH_0053,DRV_0063,2025-10-28 09:36:51,2026-04-06 03:49:49,2026-04-06 02:43:03,2031.0,Delivered,66505.5,50240.53
SHP_0004584,ORD_0004584,VEH_0025,DRV_0005,2026-07-02 15:10:51,2026-02-20 02:20:30,2026-07-03 16:55:30,1154.9,Delivered,42867.4,25847.76
SHP_0004585,ORD_0004585,VEH_0043,DRV_0097,2026-01-23 06:41:58,2025-12-05 03:16:15,2026-01-25 13:10:09,2619.8,Delivered,89324.7,3274.75
SHP_0004586,ORD_0004586,VEH_0009,DRV_0073,2025-12-03 01:57:02,2026-05-25 16:37:22,2026-05-25 13:40:51,25.0,Delivered,7495.33,31.25
SHP_0004587,ORD_0004587,VEH_0043,DRV_0082,2026-03-27 01:30:18,2026-04-26 10:24:08,2026-04-26 08:22:24,1651.7,Delivered,58766.56,2064.62
SHP_0004588,ORD_0004588,VEH_0058,DRV_0037,2026-01-29 08:04:16,2026-03-27 21:50:19,2026-03-27 18:32:55,1543.1,Delivered,54834.94,34536.05
SHP_0004589,ORD_0004589,VEH_0013,DRV_0024,2026-04-27 23:17:49,2026-04-27 14:32:59,2026-04-29 21:51:14,2387.3,Delivered,77487.1,40801.13
SHP_0004590,ORD_0004590,VEH_0074,DRV_0011,2026-03-23 09:12:43,2026-03-24 01:11:29,2026-03-24 09:48:32,144.9,Delivered,2872.88,3584.37
SHP_0004591,ORD_0004591,VEH_0074,DRV_0008,2026-01-17 09:17:31,2026-02-01 12:20:29,2026-02-01 10:21:48,1235.1,Delivered,41410.53,30552.47
SHP_0004592,ORD_0004592,VEH_0077,DRV_0045,2025-12-15 11:07:11,2026-01-11 23:03:51,2026-01-11 20:10:28,2455.1,Delivered,84345.01,41959.89
SHP_0004593,ORD_0004593,VEH_0020,DRV_0045,2026-03-17 23:45:57,2026-08-14 07:39:49,2026-08-15 00:33:50,1962.7,Delivered,69935.52,33544.33
SHP_0004594,ORD_0004594,VEH_0045,DRV_0063,2026-06-28 23:01:52,2025-12-02 23:28:17,2026-06-29 04:22:23,249.6,Delivered,15315.56,5586.29
SHP_0004595,ORD_0004595,VEH_0057,DRV_0084,2026-01-28 13:09:35,2026-07-11 12:59:00,2026-07-11 09:55:44,548.1,Delivered,21551.7,6061.34
SHP_0004596,ORD_0004596,VEH_0033,DRV_0084,2026-04-04 20:21:38,2025-11-17 06:25:11,2026-04-05 10:26:09,656.5,Delivered,22021.85,11220.18
SHP_0004597,ORD_0004597,VEH_0058,DRV_0090,2026-08-12 16:49:31,2025-10-28 12:13:25,2026-08-13 00:31:08,393.5,Delivered,17739.37,8806.9
SHP_0004598,ORD_0004598,VEH_0063,DRV_0005,2025-11-01 13:52:28,2025-12-29 18:48:07,2025-12-29 15:10:08,1943.2,Delivered,63219.86,43490.67
SHP_0004599,ORD_0004599,VEH_0017,DRV_0006,2025-11-15 13:57:34,2026-08-11 09:21:36,2026-08-11 05:53:10,1685.9,Delivered,56752.93,37732.05
SHP_0004600,ORD_0004600,VEH_0058,DRV_0062,2026-01-31 05:41:48,2025-11-04 13:22:02,2026-02-02 03:11:47,1944.2,Delivered,63189.67,43513.05
SHP_0004601,ORD_0004601,VEH_0068,DRV_0070,2026-09-30 04:09:13,2026-01-10 15:21:49,,539.5,In Transit,10094.85,5966.24
SHP_0004602,ORD_0004602,VEH_0069,DRV_0014,2026-09-30 06:19:16,2026-02-01 01:24:01,,185.4,In Transit,9977.26,231.75
SHP_0004603,ORD_0004603,VEH_0033,DRV_0002,2026-09-29 00:28:21,2025-12-12 18:54:04,,575.9,In Transit,22436.44,9842.65
SHP_0004605,ORD_0004605,VEH_0072,DRV_0028,2026-09-29 12:23:02,2026-01-01 02:40:09,,1864.9,In Transit,66158.27,20623.6
SHP_0004606,ORD_0004606,VEH_0035,DRV_0003,2026-09-29 16:39:49,2025-11-08 16:53:06,,1258.4,In Transit,42971.8,31128.84
SHP_0004607,ORD_0004607,VEH_0012,DRV_0015,2026-09-30 11:23:42,2026-03-26 12:39:04,,1116.0,In Transit,36924.45,12341.65
SHP_0004608,ORD_0004608,VEH_0076,DRV_0006,2026-09-29 12:34:02,2025-12-15 07:14:32,,540.1,In Transit,20832.38,675.12
SHP_0004609,ORD_0004609,VEH_0036,DRV_0002,2026-09-29 21:08:31,2026-07-08 15:35:23,,133.5,In Transit,8643.6,1476.35
SHP_0004610,ORD_0004610,VEH_0050,DRV_0047,2026-09-28 19:18:04,2026-05-12 06:17:50,,1193.1,In Transit,39122.61,13194.28
SHP_0004611,ORD_0004611,VEH_0051,DRV_0012,2026-09-29 03:36:09,2026-03-01 12:24:06,,2198.4,In Transit,73199.12,37572.65
SHP_0004612,ORD_0004612,VEH_0051,DRV_0007,2026-09-30 14:30:42,2025-10-05 23:02:11,,1200.6,In Transit,44224.6,20519.35
SHP_0004613,ORD_0004613,VEH_0019,DRV_0034,2026-09-28 22:17:19,2026-06-24 16:26:04,,1343.5,In Transit,49552.55,1679.38
SHP_0004614,ORD_0004614,VEH_0077,DRV_0075,2026-09-30 10:01:28,2026-03-25 14:36:55,,183.2,In Transit,7518.46,3131.05
SHP_0004615,ORD_0004615,VEH_0003,DRV_0072,2026-09-29 19:09:11,2026-04-02 10:22:46,,446.1,In Transit,19799.52,9984.14
SHP_0004616,ORD_0004616,VEH_0030,DRV_0032,2026-09-28 22:01:07,2026-08-19 21:37:58,,25.0,In Transit,1120.49,559.52
SHP_0004617,ORD_0004617,VEH_0036,DRV_0032,2026-09-29 16:40:44,2026-07-03 00:00:46,,2348.4,In Transit,76016.78,25970.54
SHP_0004618,ORD_0004618,VEH_0021,DRV_0027,2026-09-29 11:44:44,2026-08-22 14:48:13,,337.5,In Transit,15187.68,421.88
SHP_0004620,ORD_0004620,VEH_0017,DRV_0027,2026-09-29 07:49:51,2026-02-20 05:41:46,,25.0,In Transit,4545.85,559.52
SHP_0004622,ORD_0004622,VEH_0030,DRV_0007,2026-09-29 23:14:40,2026-03-08 04:39:35,,155.9,In Transit,7756.74,3489.19
SHP_0004623,ORD_0004623,VEH_0062,DRV_0061,2026-09-28 18:36:26,2026-01-18 07:20:50,,1644.7,In Transit,29635.13,28109.42
SHP_0004624,ORD_0004624,VEH_0026,DRV_0093,2026-09-28 21:53:15,2026-08-27 08:24:25,,2607.1,In Transit,86672.43,58349.38
SHP_0004625,ORD_0004625,VEH_0064,DRV_0083,2026-09-30 16:32:43,2026-05-02 03:02:13,,1651.7,In Transit,53957.08,40857.84
SHP_0004626,ORD_0004626,VEH_0035,DRV_0020,2026-09-28 21:28:45,2026-07-05 16:09:56,,664.1,In Transit,12409.32,16427.74
SHP_0004627,ORD_0004627,VEH_0037,DRV_0082,2026-09-28 22:12:53,2025-11-15 11:02:21,,130.4,In Transit,2433.66,2918.48
SHP_0004628,ORD_0004628,VEH_0025,DRV_0019,2026-09-28 23:04:18,2026-03-11 13:25:51,,1454.1,In Transit,49158.61,32544.14
SHP_0004629,ORD_0004629,VEH_0050,DRV_0091,2026-09-29 20:22:04,2026-04-12 05:50:39,,2389.5,In Transit,82481.67,26425.06
SHP_0004630,ORD_0004630,VEH_0029,DRV_0066,2026-09-30 00:36:11,2026-08-29 03:11:01,,1697.0,In Transit,57872.36,18766.82
SHP_0004631,ORD_0004631,VEH_0026,DRV_0089,2026-09-28 20:37:00,2026-06-05 00:52:43,,795.2,In Transit,14764.62,17797.33
SHP_0004632,ORD_0004632,VEH_0035,DRV_0078,2026-09-30 04:42:29,2026-03-29 12:22:11,,1710.5,In Transit,59808.73,42312.37
SHP_0004633,ORD_0004633,VEH_0003,DRV_0072,2026-09-29 18:32:23,2025-10-28 23:48:53,,974.2,In Transit,32356.09,21803.52
SHP_0004634,ORD_0004634,VEH_0034,DRV_0060,2026-09-29 02:08:49,2026-06-21 17:23:40,,1696.4,In Transit,57866.49,18760.19
SHP_0004635,ORD_0004635,VEH_0053,DRV_0018,2026-09-29 12:03:38,2026-08-11 21:44:51,,25.0,In Transit,6444.53,618.42
SHP_0004636,ORD_0004636,VEH_0028,DRV_0081,2026-09-29 03:11:41,2025-12-12 23:56:30,,2624.4,In Transit,90925.18,64919.37
SHP_0004637,ORD_0004637,VEH_0073,DRV_0041,2026-09-30 01:16:40,2026-09-12 13:43:49,,1115.0,In Transit,37481.9,19056.36
SHP_0004638,ORD_0004638,VEH_0053,DRV_0062,2026-09-29 22:43:11,2026-06-17 09:31:27,,1544.4,In Transit,55626.93,38203.58
SHP_0004639,ORD_0004639,VEH_0072,DRV_0022,2026-09-30 00:25:34,2026-09-25 18:14:26,,225.6,In Transit,14513.94,2494.87
SHP_0004640,ORD_0004640,VEH_0048,DRV_0071,2026-09-30 06:10:13,2026-09-23 02:41:35,,2362.7,In Transit,76682.96,58445.74
SHP_0004641,ORD_0004641,VEH_0049,DRV_0057,2026-09-30 06:24:33,2026-08-22 03:25:19,,25.0,In Transit,3030.88,276.47
SHP_0004642,ORD_0004642,VEH_0010,DRV_0100,2026-09-29 11:51:20,2026-08-19 14:47:26,,1686.1,In Transit,58647.57,18646.28
SHP_0004643,ORD_0004643,VEH_0035,DRV_0059,2026-09-29 07:40:33,2026-06-11 10:07:03,,2202.3,In Transit,73468.41,54477.95
SHP_0004644,ORD_0004644,VEH_0041,DRV_0037,2026-09-29 11:25:10,2026-03-21 02:44:58,,1118.2,In Transit,41462.75,19111.05
SHP_0004645,ORD_0004645,VEH_0059,DRV_0082,2026-09-29 04:07:14,2026-03-25 20:03:34,,1718.8,In Transit,60146.97,19007.91
SHP_0004646,ORD_0004646,VEH_0021,DRV_0055,2026-09-28 23:53:45,2026-09-06 07:39:26,,145.7,In Transit,6894.14,182.12
SHP_0004647,ORD_0004647,VEH_0009,DRV_0078,2026-09-29 23:38:25,2026-08-28 11:17:45,,1250.6,In Transit,42667.07,1563.25
SHP_0004648,ORD_0004648,VEH_0030,DRV_0091,2026-09-29 06:56:27,2026-07-16 03:03:12,,2016.6,In Transit,70311.93,45133.43
SHP_0004650,ORD_0004650,VEH_0072,DRV_0032,2026-09-29 18:45:02,2025-10-19 07:41:37,,1644.7,In Transit,57000.67,18188.45
SHP_0004651,ORD_0004651,VEH_0061,DRV_0038,2026-09-30 01:55:04,2025-10-21 14:24:29,,2194.0,In Transit,75952.41,54272.63
SHP_0004652,ORD_0004652,VEH_0076,DRV_0058,2026-09-30 11:36:34,2026-02-13 06:40:09,,222.3,In Transit,8556.12,277.88
SHP_0004653,ORD_0004653,VEH_0051,DRV_0047,2026-09-30 12:34:03,2026-06-10 18:03:21,,995.1,In Transit,35277.35,17007.16
SHP_0004654,ORD_0004654,VEH_0042,DRV_0079,2026-09-29 15:55:59,2025-11-13 01:11:40,,2202.2,In Transit,73781.56,49287.33
SHP_0004655,ORD_0004655,VEH_0060,DRV_0056,2026-09-29 00:56:10,2025-10-06 11:53:07,,664.1,In Transit,12470.1,7344.16
SHP_0004656,ORD_0004656,VEH_0057,DRV_0008,2026-09-30 15:09:14,2026-07-18 13:19:03,,1951.7,In Transit,66734.04,21583.51
SHP_0004657,ORD_0004657,VEH_0074,DRV_0025,2026-09-30 03:38:04,2025-12-30 01:11:02,,352.9,In Transit,6788.68,8729.63
SHP_0004658,ORD_0004658,VEH_0042,DRV_0096,2026-09-30 07:26:19,2026-01-12 14:43:19,,639.4,In Transit,26805.77,14310.38
SHP_0004659,ORD_0004659,VEH_0036,DRV_0038,2026-09-30 00:05:15,2026-09-22 08:17:50,,25.0,In Transit,5221.37,276.47
SHP_0004660,ORD_0004660,VEH_0039,DRV_0054,2026-09-30 11:27:16,2026-06-04 01:29:03,,370.5,In Transit,16300.4,8292.14
SHP_0004661,ORD_0004661,VEH_0068,DRV_0092,2026-09-29 21:15:15,2025-11-14 23:37:30,,562.6,In Transit,21505.4,6221.69
SHP_0004662,ORD_0004662,VEH_0046,DRV_0088,2026-09-29 02:51:39,2025-10-05 09:52:27,,2460.0,In Transit,84010.37,27204.71
SHP_0004663,ORD_0004663,VEH_0051,DRV_0002,2026-09-30 09:43:45,2026-09-06 03:50:57,,1958.1,In Transit,67725.54,33465.71
SHP_0004665,ORD_0004665,VEH_0009,DRV_0072,2026-09-29 00:39:19,2026-02-09 19:51:04,,1200.6,In Transit,41910.75,1500.75
SHP_0004666,ORD_0004666,VEH_0068,DRV_0019,2026-09-30 03:02:28,2025-12-16 20:23:35,,25.0,In Transit,4266.2,276.47
SHP_0004667,ORD_0004667,VEH_0049,DRV_0046,2026-09-28 23:00:29,2026-03-29 01:33:56,,1246.5,In Transit,43817.75,13784.82
SHP_0004668,ORD_0004668,VEH_0035,DRV_0072,2026-09-29 05:36:35,2026-08-31 00:36:31,,494.3,In Transit,18614.12,12227.42
SHP_0004669,ORD_0004669,VEH_0060,DRV_0065,2026-09-28 18:48:27,2026-04-05 12:19:54,,2122.9,In Transit,68719.75,23476.78
SHP_0004670,ORD_0004670,VEH_0008,DRV_0077,2026-09-29 13:19:19,2026-02-07 11:04:38,,338.1,In Transit,17660.78,3738.99
SHP_0004672,ORD_0004672,VEH_0032,DRV_0084,2026-09-29 20:25:33,2026-09-05 05:30:41,,2150.5,In Transit,39054.22,23782.0
SHP_0004673,ORD_0004673,VEH_0061,DRV_0003,2026-09-29 05:51:23,2026-08-18 01:26:31,,358.8,In Transit,16017.89,8875.58
SHP_0004674,ORD_0004674,VEH_0052,DRV_0024,2026-09-30 12:57:55,2026-02-13 19:42:16,,519.9,In Transit,9430.71,12860.68
SHP_0004675,ORD_0004675,VEH_0019,DRV_0083,2026-09-29 03:53:16,2026-01-21 10:22:10,,1868.8,In Transit,64492.47,2336.0
SHP_0004676,ORD_0004676,VEH_0055,DRV_0082,2026-09-29 11:53:59,2026-07-12 20:08:00,,2069.8,In Transit,72387.94,51200.32
SHP_0004677,ORD_0004677,VEH_0004,DRV_0013,2026-09-29 11:38:17,2026-07-03 07:10:11,,2003.0,In Transit,67966.26,34233.09
SHP_0004678,ORD_0004678,VEH_0018,DRV_0085,2026-09-29 17:42:14,2026-07-30 04:44:46,,2494.3,In Transit,87242.83,55824.81
SHP_0004679,ORD_0004679,VEH_0022,DRV_0020,2026-09-28 23:27:43,2026-01-25 08:24:35,,335.4,In Transit,14090.28,5732.29
SHP_0004680,ORD_0004680,VEH_0049,DRV_0096,2026-09-29 02:16:02,2026-06-29 12:16:32,,809.5,In Transit,27091.17,8952.12
SHP_0004682,ORD_0004682,VEH_0060,DRV_0082,2026-09-29 08:37:30,2025-10-19 14:29:55,,2011.4,In Transit,66207.52,22243.72
SHP_0004683,ORD_0004683,VEH_0070,DRV_0032,2026-09-29 03:45:58,2025-10-15 19:37:35,,1250.7,In Transit,44206.05,30938.37
SHP_0004684,ORD_0004684,VEH_0043,DRV_0003,2026-09-28 17:58:04,2026-04-10 06:18:00,,777.4,In Transit,26722.02,971.75
SHP_0004685,ORD_0004685,VEH_0012,DRV_0067,2026-09-30 14:06:36,2026-02-13 23:24:34,,2470.4,In Transit,80270.15,27319.72
SHP_0004686,ORD_0004686,VEH_0069,DRV_0054,2026-09-29 20:23:54,2026-01-24 11:30:59,,1686.1,In Transit,55056.2,2107.62
SHP_0004687,ORD_0004687,VEH_0052,DRV_0091,2026-09-29 16:20:31,2025-12-06 23:56:01,,1377.4,In Transit,46108.61,34072.53
SHP_0004688,ORD_0004688,VEH_0020,DRV_0054,2026-09-29 03:29:42,2026-01-08 20:30:24,,354.9,In Transit,18728.64,6065.56
SHP_0004689,ORD_0004689,VEH_0080,DRV_0014,2026-09-29 01:25:14,2026-01-07 03:32:53,,2150.8,In Transit,72952.67,23785.32
SHP_0004690,ORD_0004690,VEH_0011,DRV_0097,2026-09-28 23:47:38,2025-10-06 02:51:18,,1969.1,In Transit,70229.21,48709.32
SHP_0004691,ORD_0004691,VEH_0039,DRV_0041,2026-09-30 10:57:09,2026-03-10 09:20:31,,1386.0,In Transit,46336.68,31020.0
SHP_0004692,ORD_0004692,VEH_0035,DRV_0059,2026-09-30 01:32:53,2026-01-22 22:47:37,,108.6,In Transit,10764.83,2686.42
SHP_0004693,ORD_0004693,VEH_0023,DRV_0025,2026-09-29 04:29:22,2026-03-10 17:46:15,,1958.1,In Transit,68221.9,2447.62
SHP_0004694,ORD_0004694,VEH_0066,DRV_0083,2026-09-30 06:42:25,2026-06-11 10:59:28,,2501.9,In Transit,86486.28,27668.07
SHP_0004695,ORD_0004695,VEH_0072,DRV_0028,2026-09-28 20:14:13,2026-03-04 23:58:22,,151.8,In Transit,12261.45,1678.73
SHP_0004696,ORD_0004696,VEH_0049,DRV_0084,2026-09-29 03:43:55,2026-03-27 13:12:10,,205.2,In Transit,9034.29,2269.27
SHP_0004697,ORD_0004697,VEH_0067,DRV_0020,2026-09-29 21:49:34,2026-06-04 14:06:19,,688.0,In Transit,26166.67,11758.55
SHP_0004698,ORD_0004698,VEH_0023,DRV_0072,2026-09-30 10:57:26,2026-05-21 11:28:14,,362.8,In Transit,15516.01,453.5
SHP_0004699,ORD_0004699,VEH_0009,DRV_0021,2026-09-29 13:36:21,2026-07-20 09:06:59,,2629.2,In Transit,87018.58,3286.5
SHP_0004700,ORD_0004700,VEH_0028,DRV_0046,2026-09-29 15:18:17,2026-05-14 02:02:23,,1030.7,In Transit,36808.84,25496.26
SHP_0004701,ORD_0004701,VEH_0054,DRV_0062,2026-09-29 20:20:22,2026-03-30 10:16:55,,205.2,In Transit,11016.72,256.5
SHP_0004702,ORD_0004702,VEH_0038,DRV_0081,2026-09-30 02:45:09,2026-06-20 08:13:12,,220.3,In Transit,11743.46,275.38
SHP_0004703,ORD_0004703,VEH_0034,DRV_0093,2026-09-29 02:29:58,2026-06-02 04:35:15,,2364.7,In Transit,76664.97,26150.8
SHP_0004704,ORD_0004704,VEH_0049,DRV_0063,2026-09-29 10:51:08,2026-09-09 19:13:13,,228.3,In Transit,8812.55,2524.73
SHP_0004705,ORD_0004705,VEH_0060,DRV_0041,2026-09-29 16:39:18,2026-07-18 13:37:10,,102.8,In Transit,5365.28,1136.85
SHP_0004706,ORD_0004706,VEH_0023,DRV_0054,2026-09-29 05:04:45,2026-09-25 07:24:34,,899.1,In Transit,32212.28,1123.88
SHP_0004707,ORD_0004707,VEH_0022,DRV_0076,2026-09-30 02:58:10,2026-01-13 16:38:19,,155.9,In Transit,10527.82,2664.47
SHP_0004708,ORD_0004708,VEH_0007,DRV_0010,2026-09-28 23:14:57,2026-09-03 19:43:43,,1241.7,In Transit,41156.22,21221.78
SHP_0004709,ORD_0004709,VEH_0054,DRV_0024,2026-09-29 02:20:31,2026-01-03 07:36:43,,327.2,In Transit,11358.72,409.0
SHP_0004710,ORD_0004710,VEH_0032,DRV_0016,2026-09-30 15:46:55,2026-06-25 02:26:06,,392.7,In Transit,17150.99,4342.8
SHP_0004711,ORD_0004711,VEH_0073,DRV_0023,2026-09-29 02:12:01,2026-09-20 22:44:11,,1121.6,In Transit,40299.43,19169.16
SHP_0004712,ORD_0004712,VEH_0075,DRV_0012,2026-09-28 21:15:17,2026-09-05 10:44:28,,1871.7,In Transit,62645.65,46299.95
SHP_0004713,ORD_0004713,VEH_0013,DRV_0006,2026-09-29 13:03:16,2026-05-24 11:40:26,,1245.9,In Transit,22606.8,21293.56
SHP_0004714,ORD_0004714,VEH_0002,DRV_0042,2026-09-29 18:48:34,2026-06-25 22:11:31,,230.3,In Transit,12306.52,5696.89
SHP_0004715,ORD_0004715,VEH_0050,DRV_0031,2026-09-29 06:40:19,2026-01-01 22:28:39,,2501.9,In Transit,85501.06,27668.07
SHP_0004716,ORD_0004716,VEH_0067,DRV_0053,2026-09-28 19:18:03,2025-10-17 09:07:12,,1211.9,In Transit,45066.91,20712.47
SHP_0004717,ORD_0004717,VEH_0065,DRV_0043,2026-09-30 13:02:32,2026-05-24 12:58:14,,341.4,In Transit,16388.56,426.75
SHP_0004718,ORD_0004718,VEH_0063,DRV_0039,2026-09-30 11:43:22,2026-09-25 13:42:37,,1648.4,In Transit,59482.2,36892.76
SHP_0004719,ORD_0004719,VEH_0027,DRV_0097,2026-09-28 18:29:35,2026-01-26 06:23:05,,809.5,In Transit,29934.26,20024.47
SHP_0004720,ORD_0004720,VEH_0051,DRV_0033,2026-09-29 02:16:43,2026-04-03 22:40:44,,225.6,In Transit,7984.9,3855.71
SHP_0004721,ORD_0004721,VEH_0009,DRV_0085,2026-09-29 22:01:11,2025-11-06 00:14:38,,446.1,In Transit,17364.71,557.63
SHP_0004722,ORD_0004722,VEH_0014,DRV_0015,2026-09-30 07:52:01,2026-09-08 16:36:21,,2203.3,In Transit,72842.99,49311.95
SHP_0004723,ORD_0004723,VEH_0043,DRV_0040,2026-09-28 22:00:05,2026-05-24 13:37:28,,2186.7,In Transit,71377.11,2733.38
SHP_0004724,ORD_0004724,VEH_0017,DRV_0030,2026-09-29 21:20:46,2026-04-09 09:20:57,,2063.1,In Transit,73497.72,46174.14
SHP_0004725,ORD_0004725,VEH_0019,DRV_0048,2026-09-29 03:28:39,2026-06-09 03:34:32,,296.1,In Transit,16168.88,370.12
SHP_0004726,ORD_0004726,VEH_0066,DRV_0065,2026-09-29 10:17:21,2026-06-28 00:00:00,,1146.3,In Transit,42489.51,12676.73
SHP_0004727,ORD_0004727,VEH_0017,DRV_0016,2026-09-29 01:39:43,2025-11-01 11:31:56,,1130.6,In Transit,43029.77,25303.9
SHP_0004728,ORD_0004728,VEH_0012,DRV_0083,2026-09-30 00:56:30,2026-06-07 20:40:21,,2122.9,In Transit,72616.99,23476.78
SHP_0004729,ORD_0004729,VEH_0050,DRV_0030,2026-09-29 22:33:27,2026-05-18 20:50:34,,2210.8,In Transit,72662.14,24448.85
SHP_0004730,ORD_0004730,VEH_0012,DRV_0081,2026-09-28 17:53:20,2026-03-19 12:50:19,,2054.8,In Transit,72756.94,22723.67
SHP_0004731,ORD_0004731,VEH_0004,DRV_0040,2026-09-29 08:25:27,2026-06-20 00:38:09,,1593.2,In Transit,29112.66,27229.24
SHP_0004732,ORD_0004732,VEH_0024,DRV_0049,2026-09-28 21:04:59,2025-10-21 21:26:22,,1973.8,In Transit,66958.85,33734.04
SHP_0004733,ORD_0004733,VEH_0017,DRV_0007,2026-09-28 20:13:43,2026-04-30 04:51:34,,1706.9,In Transit,57608.58,38202.05
SHP_0004734,ORD_0004734,VEH_0074,DRV_0030,2026-09-29 21:12:33,2026-07-07 04:08:08,,621.7,In Transit,21203.45,15378.89
SHP_0004735,ORD_0004735,VEH_0032,DRV_0037,2026-09-30 13:53:31,2026-07-11 05:58:46,,428.2,In Transit,16390.85,4735.39
SHP_0004736,ORD_0004736,VEH_0007,DRV_0074,2026-09-29 22:07:44,2026-02-01 23:12:54,,231.3,In Transit,8440.82,3953.13
SHP_0004737,ORD_0004737,VEH_0023,DRV_0027,2026-09-29 17:43:02,2026-09-13 13:10:37,,795.2,In Transit,29989.93,994.0
SHP_0004738,ORD_0004738,VEH_0015,DRV_0039,2026-09-29 13:36:32,2026-08-01 10:45:33,,1712.4,In Transit,62030.19,2140.5
SHP_0004739,ORD_0004739,VEH_0075,DRV_0067,2026-09-29 06:05:28,2025-10-18 02:59:33,,264.0,In Transit,15015.43,6530.53
SHP_0004740,ORD_0004740,VEH_0028,DRV_0006,2026-09-30 09:42:30,2026-07-06 20:10:16,,1938.2,In Transit,35032.65,47944.95
SHP_0004741,ORD_0004741,VEH_0046,DRV_0085,2026-09-30 01:27:12,2026-06-30 00:58:17,,231.6,In Transit,4399.34,2561.22
SHP_0004742,ORD_0004742,VEH_0032,DRV_0050,2026-09-28 23:23:42,2026-03-22 20:32:00,,2147.7,In Transit,71979.45,23751.04
SHP_0004743,ORD_0004743,VEH_0044,DRV_0041,2026-09-30 16:42:29,2026-03-11 16:42:01,,2202.4,In Transit,73020.83,49291.81
SHP_0004744,ORD_0004744,VEH_0071,DRV_0008,2026-09-30 01:35:04,2026-05-04 17:23:31,,1759.7,In Transit,59308.47,19460.21
SHP_0004745,ORD_0004745,VEH_0060,DRV_0091,2026-09-28 19:24:21,2026-03-11 12:58:39,,2355.1,In Transit,76617.72,26044.64
SHP_0004747,ORD_0004747,VEH_0054,DRV_0065,2026-09-29 22:46:46,2026-07-02 10:23:30,,1475.8,In Transit,49440.6,1844.75
SHP_0004748,ORD_0004748,VEH_0041,DRV_0059,2026-09-29 22:46:37,2026-05-22 18:13:10,,382.2,In Transit,16384.46,6532.15
SHP_0004749,ORD_0004749,VEH_0037,DRV_0015,2026-09-30 12:02:09,2026-09-10 01:44:18,,777.4,In Transit,28020.24,17398.95
SHP_0004750,ORD_0004750,VEH_0077,DRV_0002,2026-09-29 02:17:07,2026-04-21 09:08:26,,1959.1,In Transit,66984.1,33482.8
SHP_0004751,ORD_0004751,VEH_0034,DRV_0098,2026-09-30 04:53:39,2026-09-05 10:55:21,,1960.1,In Transit,63495.04,21676.4
SHP_0004752,ORD_0004752,VEH_0004,DRV_0088,2026-09-28 21:06:52,2025-10-16 18:47:47,,330.7,In Transit,16887.4,5651.96
SHP_0004753,ORD_0004753,VEH_0075,DRV_0091,2026-09-30 10:42:37,2026-08-21 02:51:51,,1685.9,In Transit,30358.24,41703.84
SHP_0004754,ORD_0004754,VEH_0017,DRV_0065,2026-09-29 05:00:54,2026-04-29 06:43:42,,382.2,In Transit,15939.42,8554.0
SHP_0004756,ORD_0004756,VEH_0080,DRV_0053,2026-09-30 02:27:15,2026-01-23 00:21:15,,353.9,In Transit,12411.72,3913.72
SHP_0004757,ORD_0004757,VEH_0065,DRV_0024,2026-09-29 10:25:09,2026-09-03 20:08:39,,1148.3,In Transit,43727.82,1435.38
SHP_0004758,ORD_0004758,VEH_0062,DRV_0030,2026-09-29 22:58:56,2025-12-04 05:03:18,,1457.4,In Transit,47473.98,24908.29
SHP_0004759,ORD_0004759,VEH_0004,DRV_0041,2026-09-30 01:51:57,2026-01-13 17:57:42,,1221.6,In Transit,39897.91,20878.25
SHP_0004760,ORD_0004760,VEH_0010,DRV_0055,2026-09-29 03:04:37,2026-09-24 23:02:10,,25.0,In Transit,6052.81,276.47
SHP_0004761,ORD_0004761,VEH_0019,DRV_0041,2026-09-28 17:40:21,2026-09-08 06:59:42,,1973.7,In Transit,65646.6,2467.12
SHP_0004762,ORD_0004762,VEH_0009,DRV_0019,2026-09-30 13:45:10,2026-06-14 15:59:11,,1700.1,In Transit,57713.16,2125.12
SHP_0004763,ORD_0004763,VEH_0074,DRV_0033,2026-09-30 03:25:28,2026-09-16 07:37:31,,777.4,In Transit,27288.54,19230.42
SHP_0004764,ORD_0004764,VEH_0019,DRV_0058,2026-09-29 17:00:55,2026-04-17 11:49:44,,1953.4,In Transit,67718.26,2441.75
SHP_0004765,ORD_0004765,VEH_0071,DRV_0092,2026-09-30 13:07:09,2025-10-20 09:45:15,,1121.5,In Transit,38457.21,12402.47
SHP_0004766,ORD_0004766,VEH_0001,DRV_0098,2026-09-30 13:35:20,2025-10-23 18:00:16,,2213.9,In Transit,76869.9,54764.89
SHP_0004767,ORD_0004767,VEH_0064,DRV_0082,2026-09-30 15:02:44,2026-01-26 15:09:01,,1327.2,In Transit,49810.46,32830.74
SHP_0004768,ORD_0004768,VEH_0031,DRV_0095,2026-09-28 22:31:44,2026-06-16 00:40:19,,625.4,In Transit,26191.19,781.75
SHP_0004769,ORD_0004769,VEH_0046,DRV_0084,2026-09-29 05:12:04,2026-03-06 13:21:27,,2390.0,In Transit,43510.33,26430.59
SHP_0004770,ORD_0004770,VEH_0064,DRV_0093,2026-09-30 03:52:37,2026-01-23 23:47:20,,1240.0,In Transit,41308.22,30673.68
SHP_0004771,ORD_0004771,VEH_0031,DRV_0004,2026-09-29 03:16:43,2026-05-06 18:22:46,,2390.1,In Transit,82089.54,2987.62
SHP_0004772,ORD_0004772,VEH_0029,DRV_0038,2026-09-29 13:48:47,2026-08-08 04:24:12,,235.1,In Transit,13000.94,2599.93
SHP_0004773,ORD_0004773,VEH_0077,DRV_0057,2026-09-29 07:12:45,2026-06-19 03:09:46,,806.2,In Transit,28269.94,13778.69
SHP_0004775,ORD_0004775,VEH_0030,DRV_0095,2026-09-29 21:14:21,2025-12-08 06:05:57,,396.4,In Transit,7718.52,8871.81
SHP_0004777,ORD_0004777,VEH_0046,DRV_0023,2026-09-30 00:22:11,2026-07-27 22:25:58,,25.0,In Transit,2707.36,276.47
SHP_0004778,ORD_0004778,VEH_0032,DRV_0092,2026-09-30 03:54:07,2026-07-04 19:32:02,,1034.6,In Transit,39721.91,11441.46
SHP_0004779,ORD_0004779,VEH_0038,DRV_0077,2026-09-28 21:02:48,2025-11-11 08:19:07,,1365.7,In Transit,46417.58,1707.12
SHP_0004781,ORD_0004781,VEH_0045,DRV_0019,2026-09-30 13:11:42,2026-09-03 10:38:02,,636.1,In Transit,21232.64,14236.52
SHP_0004782,ORD_0004782,VEH_0051,DRV_0086,2026-09-30 12:40:55,2026-05-16 23:19:10,,2019.5,In Transit,69804.84,34515.09
SHP_0004783,ORD_0004783,VEH_0015,DRV_0053,2026-09-30 02:13:46,2026-02-13 15:01:00,,666.0,In Transit,27003.28,832.5
SHP_0004784,ORD_0004784,VEH_0079,DRV_0002,2026-09-29 13:07:42,2025-12-28 19:02:57,,230.3,In Transit,9861.26,5154.33
SHP_0004785,ORD_0004785,VEH_0052,DRV_0042,2026-09-29 22:03:22,2025-11-14 19:16:13,,532.0,In Transit,22546.25,13160.0
SHP_0004786,ORD_0004786,VEH_0008,DRV_0060,2026-09-29 13:58:47,2026-02-26 19:17:06,,1089.7,In Transit,20236.94,12050.8
SHP_0004787,ORD_0004787,VEH_0062,DRV_0019,2026-09-30 11:42:41,2026-09-15 19:44:41,,226.1,In Transit,14606.47,3864.25
SHP_0004788,ORD_0004788,VEH_0048,DRV_0029,2026-09-30 03:55:59,2025-10-25 10:28:45,,998.9,In Transit,35670.08,24709.63
SHP_0004789,ORD_0004789,VEH_0059,DRV_0086,2026-09-30 11:28:28,2025-10-10 23:21:36,,1139.4,In Transit,43834.04,12600.42
SHP_0004790,ORD_0004790,VEH_0011,DRV_0005,2026-09-29 10:40:21,2026-02-17 08:04:50,,2386.7,In Transit,80819.66,59039.42
SHP_0004791,ORD_0004791,VEH_0017,DRV_0005,2026-09-29 10:09:02,2026-02-10 08:10:05,,1486.7,In Transit,51679.36,33273.76
SHP_0004792,ORD_0004792,VEH_0065,DRV_0008,2026-09-30 05:19:19,2026-05-26 06:04:02,,402.3,In Transit,7603.55,502.88
SHP_0004793,ORD_0004793,VEH_0042,DRV_0026,2026-09-30 09:11:54,2026-06-01 22:24:31,,617.1,In Transit,26382.67,13811.29
SHP_0004794,ORD_0004794,VEH_0002,DRV_0011,2026-09-29 12:54:05,2026-08-07 08:23:55,,2267.6,In Transit,74237.69,56093.26
SHP_0004795,ORD_0004795,VEH_0008,DRV_0043,2026-09-28 18:56:58,2025-11-15 18:47:05,,773.3,In Transit,27122.06,8551.79
SHP_0004796,ORD_0004796,VEH_0038,DRV_0017,2026-09-30 01:35:32,2026-04-29 01:18:09,,1763.8,In Transit,32060.55,2204.75
SHP_0004797,ORD_0004797,VEH_0065,DRV_0024,2026-09-28 22:15:10,2025-12-27 20:25:27,,2220.0,In Transit,40617.0,2775.0
SHP_0004798,ORD_0004798,VEH_0062,DRV_0072,2026-09-29 08:45:08,2025-12-01 02:15:29,,494.1,In Transit,23107.76,8444.62
SHP_0004799,ORD_0004799,VEH_0065,DRV_0055,2026-09-29 09:15:59,2026-01-12 07:27:13,,1468.7,In Transit,49062.97,1835.88
SHP_0004800,ORD_0004800,VEH_0032,DRV_0039,2026-09-29 22:49:13,2026-08-03 08:41:36,,309.1,In Transit,12004.66,3418.28
SHP_0004801,ORD_0004801,VEH_0003,DRV_0049,2026-09-30 08:29:28,2026-09-26 20:15:00,,617.3,In Transit,22881.43,13815.76
SHP_0004802,ORD_0004802,VEH_0053,DRV_0095,2026-09-29 01:15:45,2026-03-06 11:03:22,,526.2,In Transit,23649.86,13016.53
SHP_0004803,ORD_0004803,VEH_0076,DRV_0012,2026-09-29 06:38:21,2026-04-17 17:33:19,,25.0,In Transit,2013.82,31.25
SHP_0004804,ORD_0004804,VEH_0044,DRV_0039,2026-09-29 02:47:42,2026-01-14 06:12:03,,398.0,In Transit,19645.27,8907.62
SHP_0004805,ORD_0004805,VEH_0069,DRV_0060,2026-09-30 11:42:47,2026-05-25 00:54:19,,442.5,In Transit,19489.36,553.12
SHP_0004806,ORD_0004806,VEH_0080,DRV_0064,2026-09-28 16:48:14,2025-12-16 05:51:44,,1697.8,In Transit,55148.3,18775.67
SHP_0004807,ORD_0004807,VEH_0058,DRV_0094,2026-09-30 15:01:45,2025-12-12 13:28:25,,624.2,In Transit,27293.59,13970.19
SHP_0004808,ORD_0004808,VEH_0077,DRV_0086,2026-09-29 22:47:10,2026-05-18 19:52:33,,145.7,In Transit,10228.42,2490.15
SHP_0004809,ORD_0004809,VEH_0051,DRV_0011,2026-09-30 01:30:03,2026-03-17 21:13:34,,1644.7,In Transit,53410.83,28109.42
SHP_0004810,ORD_0004810,VEH_0038,DRV_0064,2026-09-30 05:40:40,2026-07-16 10:29:18,,1647.1,In Transit,59687.51,2058.88
SHP_0004811,ORD_0004811,VEH_0004,DRV_0054,2026-09-30 08:48:11,2025-10-12 23:11:11,,533.4,In Transit,21053.24,9116.29
SHP_0004812,ORD_0004812,VEH_0080,DRV_0046,2026-09-30 14:20:53,2026-07-26 09:08:10,,25.0,In Transit,3044.95,276.47
SHP_0004813,ORD_0004813,VEH_0017,DRV_0014,2026-09-29 15:35:24,2026-05-08 12:44:59,,1558.6,In Transit,51508.67,34882.95
SHP_0004816,ORD_0004816,VEH_0013,DRV_0047,2026-09-28 16:56:48,2026-09-12 23:16:48,,1902.9,In Transit,67278.11,32522.29
SHP_0004818,ORD_0004818,VEH_0057,DRV_0058,2026-09-30 10:29:40,2026-09-08 23:14:11,,1250.6,In Transit,44267.2,13830.16
SHP_0004819,ORD_0004819,VEH_0064,DRV_0100,2026-09-30 07:52:55,2025-11-11 14:19:10,,2403.7,In Transit,82837.31,59459.95
SHP_0004820,ORD_0004820,VEH_0047,DRV_0002,2026-09-30 05:00:05,2026-08-28 16:01:14,,300.1,In Transit,15421.87,5128.98
SHP_0004821,ORD_0004821,VEH_0065,DRV_0059,2026-09-30 07:37:07,2026-06-03 17:38:16,,1686.0,In Transit,57664.33,2107.5
SHP_0004822,ORD_0004822,VEH_0048,DRV_0012,2026-09-30 09:26:09,2026-07-24 22:15:48,,795.2,In Transit,14961.0,19670.74
SHP_0004823,ORD_0004823,VEH_0053,DRV_0001,2026-09-29 10:49:46,2026-05-29 11:38:25,,1246.5,In Transit,42271.5,30834.47
SHP_0004824,ORD_0004824,VEH_0015,DRV_0061,2026-09-28 17:37:32,2026-07-11 01:26:35,,2225.0,In Transit,77987.41,2781.25
SHP_0004825,ORD_0004825,VEH_0015,DRV_0020,2026-09-29 06:25:43,2026-02-25 02:43:16,,1449.5,In Transit,26449.56,1811.88
SHP_0004826,ORD_0004826,VEH_0040,DRV_0087,2026-09-29 04:10:39,2026-04-18 15:53:49,,2081.6,In Transit,72695.82,51492.21
SHP_0004827,ORD_0004827,VEH_0054,DRV_0070,2026-09-30 11:44:57,2026-05-16 04:16:58,,1223.3,In Transit,44868.11,1529.12
SHP_0004828,ORD_0004828,VEH_0009,DRV_0025,2026-09-30 14:53:19,2026-07-14 20:51:40,,647.2,In Transit,27081.44,809.0
SHP_0004829,ORD_0004829,VEH_0062,DRV_0093,2026-09-30 08:16:51,2026-07-23 21:23:06,,225.6,In Transit,4171.99,3855.71
SHP_0004830,ORD_0004830,VEH_0045,DRV_0054,2026-09-30 10:53:28,2026-08-25 07:22:03,,424.3,In Transit,18522.99,9496.24
SHP_0004831,ORD_0004831,VEH_0072,DRV_0021,2026-09-29 05:51:30,2025-10-31 17:23:31,,537.0,In Transit,22523.43,5938.59
SHP_0004832,ORD_0004832,VEH_0050,DRV_0049,2026-09-29 21:14:05,2025-11-25 13:05:40,,669.5,In Transit,23955.61,7403.88
SHP_0004833,ORD_0004833,VEH_0066,DRV_0072,2026-09-29 01:11:44,2025-11-24 07:16:44,,1244.2,In Transit,47013.28,13759.39
SHP_0004834,ORD_0004834,VEH_0070,DRV_0098,2026-09-29 02:46:23,2025-10-26 13:48:42,,283.3,In Transit,11836.07,7007.95
SHP_0004835,ORD_0004835,VEH_0070,DRV_0082,2026-09-29 19:50:45,2026-08-02 04:44:00,,519.2,In Transit,22626.13,12843.37
SHP_0004836,ORD_0004836,VEH_0022,DRV_0067,2026-09-29 04:34:36,2026-05-13 12:01:57,,1651.7,In Transit,59123.25,28229.05
SHP_0004837,ORD_0004837,VEH_0034,DRV_0080,2026-09-30 00:54:56,2026-08-07 16:19:54,,2355.1,In Transit,81667.22,26044.64
SHP_0004839,ORD_0004839,VEH_0002,DRV_0018,2026-09-29 11:51:00,2026-08-31 22:38:34,,564.9,In Transit,22310.7,13973.84
SHP_0004840,ORD_0004840,VEH_0013,DRV_0090,2026-09-30 06:18:22,2026-07-11 23:26:00,,1489.8,In Transit,49126.32,25462.04
SHP_0004841,ORD_0004841,VEH_0042,DRV_0073,2026-09-29 12:39:33,2026-03-06 02:59:28,,1916.6,In Transit,35149.77,42895.33
SHP_0004842,ORD_0004842,VEH_0027,DRV_0010,2026-09-29 09:04:03,2025-12-28 04:37:25,,1352.9,In Transit,46671.87,33466.47
SHP_0004843,ORD_0004843,VEH_0023,DRV_0005,2026-09-29 22:49:56,2026-03-14 15:29:27,,534.0,In Transit,18876.84,667.5
SHP_0004845,ORD_0004845,VEH_0034,DRV_0006,2026-09-29 06:09:23,2025-11-30 20:40:23,,446.1,In Transit,20947.53,4933.34
SHP_0004846,ORD_0004846,VEH_0071,DRV_0038,2026-09-29 22:00:22,2025-12-05 13:32:10,,2020.7,In Transit,71186.99,22346.56
SHP_0004847,ORD_0004847,VEH_0059,DRV_0093,2026-09-30 09:03:13,2026-02-27 04:29:24,,311.3,In Transit,14820.64,3442.61
SHP_0004848,ORD_0004848,VEH_0041,DRV_0088,2026-09-29 01:29:01,2025-11-15 23:56:43,,2064.9,In Transit,71500.29,35291.02
SHP_0004849,ORD_0004849,VEH_0020,DRV_0071,2026-09-30 12:26:50,2026-07-18 23:09:48,,138.1,In Transit,7193.42,2360.25
SHP_0004850,ORD_0004850,VEH_0057,DRV_0024,2026-09-28 21:40:48,2026-03-22 18:38:19,,197.2,In Transit,8611.49,2180.8
SHP_0004851,ORD_0004851,VEH_0035,DRV_0075,2026-09-30 05:24:06,2026-09-19 07:31:50,,529.9,In Transit,21067.99,13108.05
SHP_0004852,ORD_0004852,VEH_0006,DRV_0021,2026-09-29 06:50:02,2026-03-29 19:57:32,,624.2,In Transit,21225.18,13970.19
SHP_0004853,ORD_0004853,VEH_0069,DRV_0008,2026-09-28 20:41:06,2026-08-14 21:27:38,,252.9,In Transit,12493.26,316.12
SHP_0004854,ORD_0004854,VEH_0059,DRV_0077,2026-09-30 16:27:35,2025-10-03 16:18:57,,1708.3,In Transit,61790.99,18891.79
SHP_0004855,ORD_0004855,VEH_0044,DRV_0012,2026-09-28 18:06:59,2026-05-11 13:03:13,,1154.9,In Transit,43670.59,25847.76
SHP_0004857,ORD_0004857,VEH_0072,DRV_0033,2026-09-29 19:48:54,2026-06-08 18:37:52,,326.4,In Transit,11527.33,3609.6
SHP_0004858,ORD_0004858,VEH_0056,DRV_0032,2026-09-28 19:08:26,2026-03-16 13:27:47,,341.4,In Transit,13881.61,426.75
SHP_0004859,ORD_0004859,VEH_0028,DRV_0042,2026-09-30 11:40:18,2026-01-04 01:23:23,,1460.7,In Transit,49702.8,36133.11
SHP_0004860,ORD_0004860,VEH_0054,DRV_0068,2026-09-29 15:24:44,2026-04-20 11:24:02,,1058.5,In Transit,40114.82,1323.12
SHP_0004861,ORD_0004861,VEH_0002,DRV_0098,2026-09-28 21:05:34,2026-07-25 20:03:43,,619.6,In Transit,23744.75,15326.95
SHP_0004863,ORD_0004863,VEH_0033,DRV_0063,2026-09-29 13:52:16,2026-03-12 06:48:31,,350.0,In Transit,15966.95,5981.82
SHP_0004864,ORD_0004864,VEH_0040,DRV_0005,2026-09-29 21:11:35,2026-09-11 23:44:26,,575.9,In Transit,20157.58,14245.95
SHP_0004865,ORD_0004865,VEH_0018,DRV_0077,2026-09-30 10:09:13,2026-05-02 08:53:24,,408.2,In Transit,15869.81,9135.9
SHP_0004866,ORD_0004866,VEH_0073,DRV_0056,2026-09-28 22:18:04,2026-01-12 02:21:28,,230.3,In Transit,13691.65,3936.04
SHP_0004867,ORD_0004867,VEH_0077,DRV_0078,2026-09-28 20:56:15,2026-04-19 13:25:09,,781.1,In Transit,32469.92,13349.71
SHP_0004868,ORD_0004868,VEH_0078,DRV_0037,2026-09-29 21:53:43,2026-03-25 02:33:38,,795.2,In Transit,27661.53,994.0
SHP_0004869,ORD_0004869,VEH_0041,DRV_0055,2026-09-29 23:53:41,2025-12-17 10:28:46,,2208.8,In Transit,76479.51,37750.4
SHP_0004870,ORD_0004870,VEH_0070,DRV_0081,2026-09-29 21:31:24,2026-08-09 07:28:07,,1249.9,In Transit,45847.03,30918.58
SHP_0004871,ORD_0004871,VEH_0024,DRV_0015,2026-09-29 00:28:08,2026-07-12 15:59:40,,432.0,In Transit,18882.1,7383.27
SHP_0004872,ORD_0004872,VEH_0056,DRV_0087,2026-09-30 02:22:04,2026-01-27 06:51:32,,562.6,In Transit,22375.9,703.25
SHP_0004874,ORD_0004874,VEH_0046,DRV_0070,2026-09-29 00:53:56,2026-07-01 06:20:27,,643.3,In Transit,27457.7,7114.14
SHP_0004875,ORD_0004875,VEH_0075,DRV_0095,2026-09-30 07:53:24,2026-07-16 06:53:25,,25.0,In Transit,759.52,618.42
SHP_0004876,ORD_0004876,VEH_0038,DRV_0073,2026-09-29 11:01:56,2026-08-27 19:44:35,,390.6,In Transit,17472.44,488.25
SHP_0004877,ORD_0004877,VEH_0066,DRV_0079,2026-09-30 07:23:05,2026-02-26 13:50:41,,795.2,In Transit,29072.4,8793.98
SHP_0004878,ORD_0004878,VEH_0056,DRV_0061,2026-09-30 12:39:33,2025-12-23 07:27:01,,1703.1,In Transit,59444.56,2128.87
SHP_0004880,ORD_0004880,VEH_0055,DRV_0020,2026-09-28 22:35:11,2026-03-09 22:19:28,,153.6,In Transit,9928.65,3799.58
SHP_0004881,ORD_0004881,VEH_0005,DRV_0097,2026-09-29 11:20:05,2026-05-14 18:34:30,,1741.1,In Transit,59157.77,2176.38
SHP_0004884,ORD_0004884,VEH_0023,DRV_0014,2026-09-29 00:25:34,2026-09-08 00:03:22,,1686.0,In Transit,55262.89,2107.5
SHP_0004885,ORD_0004885,VEH_0066,DRV_0056,2026-09-29 17:01:52,2025-11-26 18:05:30,,2604.9,In Transit,88701.56,28807.13
SHP_0004886,ORD_0004886,VEH_0058,DRV_0087,2026-09-29 15:12:48,2025-10-05 00:13:21,,1534.7,In Transit,52866.4,34348.05
SHP_0004887,ORD_0004887,VEH_0068,DRV_0052,2026-09-29 18:20:29,2025-11-13 04:22:11,,544.1,In Transit,20808.51,6017.11
SHP_0004888,ORD_0004888,VEH_0070,DRV_0044,2026-09-29 08:15:48,2026-02-06 04:20:50,,1094.7,In Transit,42413.78,27079.42
SHP_0004889,ORD_0004889,VEH_0064,DRV_0023,2026-09-29 22:50:58,2025-12-25 01:28:41,,1373.8,In Transit,47704.25,33983.47
SHP_0004890,ORD_0004890,VEH_0038,DRV_0064,2026-09-29 09:26:54,2025-12-19 12:39:37,,661.6,In Transit,27034.79,827.0
SHP_0004891,ORD_0004891,VEH_0073,DRV_0063,2026-09-30 05:06:41,2026-02-21 19:26:38,,1093.1,In Transit,40087.72,18682.07
SHP_0004892,ORD_0004892,VEH_0020,DRV_0066,2026-09-29 19:59:55,2025-12-08 23:25:10,,235.1,In Transit,12527.09,4018.07
SHP_0004895,ORD_0004895,VEH_0044,DRV_0019,2026-09-29 00:23:31,2026-05-24 15:37:24,,2150.8,In Transit,75497.0,48136.95
SHP_0004896,ORD_0004896,VEH_0011,DRV_0092,2026-09-29 11:56:37,2026-05-26 18:24:20,,1461.9,In Transit,48975.09,36162.79
SHP_0004897,ORD_0004897,VEH_0001,DRV_0043,2026-09-30 03:31:26,2026-07-18 18:42:21,,2024.3,In Transit,69675.8,50074.79
SHP_0004899,ORD_0004899,VEH_0059,DRV_0054,2026-09-30 01:33:21,2026-06-18 05:44:24,,521.8,In Transit,17779.98,5770.49
SHP_0004900,ORD_0004900,VEH_0018,DRV_0035,2026-09-29 10:47:58,2025-10-03 13:55:36,,1464.9,In Transit,52655.87,32785.86
SHP_0004901,ORD_0004901,VEH_0020,DRV_0065,2026-09-30 11:37:35,2026-06-10 15:33:15,,335.4,In Transit,15980.2,5732.29
SHP_0004902,ORD_0004902,VEH_0010,DRV_0011,2026-09-29 01:36:58,2026-04-27 03:52:45,,25.0,In Transit,6342.9,276.47
SHP_0004904,ORD_0004904,VEH_0045,DRV_0055,2026-09-29 19:50:45,2026-06-20 11:32:45,,1714.1,In Transit,58288.63,38363.19
SHP_0004905,ORD_0004905,VEH_0054,DRV_0032,2026-09-29 06:46:03,2026-01-23 07:46:33,,1194.1,In Transit,41030.01,1492.62
SHP_0004906,ORD_0004906,VEH_0027,DRV_0069,2026-09-30 14:26:29,2026-08-30 11:31:39,,2187.9,In Transit,76652.94,54121.74
SHP_0004907,ORD_0004907,VEH_0025,DRV_0020,2026-09-29 15:03:53,2026-05-06 17:51:48,,2385.7,In Transit,79949.97,53394.24
SHP_0004908,ORD_0004908,VEH_0050,DRV_0006,2026-09-29 12:16:28,2026-06-13 18:16:12,,1577.0,In Transit,56432.05,17439.76
SHP_0004909,ORD_0004909,VEH_0075,DRV_0070,2026-09-29 13:57:20,2026-08-03 04:57:54,,2014.7,In Transit,67819.17,49837.32
SHP_0004910,ORD_0004910,VEH_0044,DRV_0026,2026-09-29 19:35:10,2026-06-04 05:21:11,,1966.8,In Transit,68151.75,44018.86
SHP_0004911,ORD_0004911,VEH_0037,DRV_0056,2026-09-28 20:15:19,2026-04-05 02:19:30,,2460.9,In Transit,85056.48,55077.29
SHP_0004912,ORD_0004912,VEH_0026,DRV_0062,2026-09-30 04:56:52,2025-11-29 23:09:43,,1348.9,In Transit,45726.34,30189.67
SHP_0004913,ORD_0004913,VEH_0029,DRV_0064,2026-09-29 01:04:01,2026-03-09 12:18:01,,25.0,In Transit,2163.83,276.47
SHP_0004914,ORD_0004914,VEH_0012,DRV_0076,2026-09-29 15:30:48,2026-02-05 19:35:03,,2455.1,In Transit,80491.66,27150.52
SHP_0004915,ORD_0004915,VEH_0063,DRV_0045,2026-09-28 18:19:26,2025-12-14 20:43:46,,1598.8,In Transit,56322.0,35782.67
SHP_0004916,ORD_0004916,VEH_0026,DRV_0089,2026-09-29 14:47:02,2026-05-14 02:19:34,,1652.4,In Transit,29967.85,36982.29
SHP_0004917,ORD_0004917,VEH_0027,DRV_0043,2026-09-28 20:39:27,2026-06-29 17:24:17,,585.2,In Transit,23438.43,14476.0
SHP_0004918,ORD_0004918,VEH_0073,DRV_0076,2026-09-29 21:30:56,2025-12-13 07:07:22,,1486.7,In Transit,49885.6,25409.05
SHP_0004919,ORD_0004919,VEH_0020,DRV_0057,2026-09-29 13:11:28,2026-05-01 08:43:21,,1237.1,In Transit,40480.67,21143.16
SHP_0004920,ORD_0004920,VEH_0068,DRV_0085,2026-09-29 16:22:19,2025-12-24 11:27:48,,1958.1,In Transit,35945.52,21654.28
SHP_0004921,ORD_0004921,VEH_0001,DRV_0098,2026-09-30 10:54:00,2025-10-09 17:05:30,,2008.6,In Transit,69929.33,49686.42
SHP_0004922,ORD_0004922,VEH_0045,DRV_0100,2026-09-29 14:56:57,2026-01-31 11:02:52,,25.0,In Transit,3387.1,559.52
SHP_0004923,ORD_0004923,VEH_0041,DRV_0037,2026-09-29 20:22:18,2026-07-30 10:58:03,,25.0,In Transit,582.32,427.27
SHP_0004924,ORD_0004924,VEH_0014,DRV_0090,2026-09-30 00:06:27,2026-02-06 02:08:49,,294.6,In Transit,10714.34,6593.43
SHP_0004925,ORD_0004925,VEH_0006,DRV_0021,2026-09-29 03:13:33,2026-08-03 20:35:03,,322.9,In Transit,15132.03,7226.81
SHP_0004926,ORD_0004926,VEH_0053,DRV_0063,2026-09-30 01:18:03,2026-09-11 01:59:51,,770.9,In Transit,30563.23,19069.63
SHP_0004927,ORD_0004927,VEH_0063,DRV_0093,2026-09-29 12:55:05,2026-04-11 18:39:49,,2217.2,In Transit,72740.39,49623.05
SHP_0004928,ORD_0004928,VEH_0030,DRV_0028,2026-09-30 11:48:57,2025-11-03 23:57:56,,2001.5,In Transit,68062.06,44795.48
SHP_0004929,ORD_0004929,VEH_0062,DRV_0011,2026-09-30 14:20:05,2026-07-13 00:05:18,,1959.1,In Transit,68169.54,33482.8
SHP_0004930,ORD_0004930,VEH_0062,DRV_0011,2026-09-30 10:16:01,2025-12-18 08:23:54,,2215.9,In Transit,76106.27,37871.75
SHP_0004931,ORD_0004931,VEH_0042,DRV_0091,2026-09-29 19:59:07,2026-09-04 11:00:44,,100.3,In Transit,8000.1,2244.81
SHP_0004932,ORD_0004932,VEH_0023,DRV_0005,2026-09-29 14:45:53,2026-04-02 17:30:22,,1155.8,In Transit,40448.95,1444.75
SHP_0004933,ORD_0004933,VEH_0052,DRV_0063,2026-09-30 09:28:50,2026-01-30 05:09:38,,1884.5,In Transit,66802.9,46616.58
SHP_0004934,ORD_0004934,VEH_0009,DRV_0022,2026-09-30 13:43:40,2025-10-30 09:11:43,,1054.8,In Transit,19364.91,1318.5
SHP_0004935,ORD_0004935,VEH_0039,DRV_0070,2026-09-30 00:17:42,2026-07-30 03:41:05,,1983.4,In Transit,70131.98,44390.38
SHP_0004936,ORD_0004936,VEH_0038,DRV_0070,2026-09-28 23:01:51,2025-12-25 17:17:07,,1034.6,In Transit,36948.41,1293.25
SHP_0004937,ORD_0004937,VEH_0012,DRV_0071,2026-09-29 15:52:36,2026-06-08 05:57:06,,186.9,In Transit,12860.91,2066.89
SHP_0004938,ORD_0004938,VEH_0019,DRV_0043,2026-09-28 19:15:19,2026-02-12 18:49:13,,924.8,In Transit,30829.99,1156.0
SHP_0004940,ORD_0004940,VEH_0069,DRV_0073,2026-09-30 02:00:54,2025-11-29 00:11:48,,2150.5,In Transit,73766.57,2688.12
SHP_0004941,ORD_0004941,VEH_0066,DRV_0098,2026-09-29 07:31:48,2026-08-20 18:59:02,,1869.2,In Transit,65055.88,20671.15
SHP_0004942,ORD_0004942,VEH_0079,DRV_0012,2026-09-29 09:29:56,2026-04-21 11:20:07,,634.6,In Transit,24752.38,14202.95
SHP_0004943,ORD_0004943,VEH_0062,DRV_0038,2026-09-30 06:26:14,2025-10-08 11:13:35,,1884.5,In Transit,64722.93,32207.82
SHP_0004944,ORD_0004944,VEH_0044,DRV_0072,2026-09-29 17:47:34,2026-02-26 19:17:58,,369.9,In Transit,15756.13,8278.71
SHP_0004945,ORD_0004945,VEH_0065,DRV_0094,2026-09-28 17:39:03,2026-05-25 07:23:45,,2222.6,In Transit,72119.88,2778.25
SHP_0004946,ORD_0004946,VEH_0055,DRV_0088,2026-09-28 20:44:56,2026-02-14 22:34:36,,230.3,In Transit,10049.42,5696.89
SHP_0004947,ORD_0004947,VEH_0007,DRV_0095,2026-09-28 17:23:03,2026-06-01 13:29:12,,151.8,In Transit,10996.62,2594.4
SHP_0004948,ORD_0004948,VEH_0037,DRV_0008,2026-09-29 22:01:21,2026-05-03 17:21:36,,185.4,In Transit,11319.09,4149.43
SHP_0004949,ORD_0004949,VEH_0037,DRV_0016,2026-09-29 10:58:11,2026-04-09 14:44:31,,144.9,In Transit,2766.63,3243.0
SHP_0004950,ORD_0004950,VEH_0033,DRV_0054,2026-09-29 15:02:35,2026-03-19 18:25:20,,535.5,In Transit,18647.19,9152.18
SHP_0004951,ORD_0004951,VEH_0011,DRV_0063,2026-09-29 03:57:47,2026-03-10 05:26:13,,902.8,In Transit,33851.76,22332.42
SHP_0004952,ORD_0004952,VEH_0019,DRV_0022,2026-09-29 01:21:08,2026-02-11 10:11:27,,555.6,In Transit,21622.26,694.5
SHP_0004953,ORD_0004953,VEH_0059,DRV_0087,2026-09-29 21:13:42,2026-03-02 09:43:48,,1969.3,In Transit,66529.51,21778.14
SHP_0004955,ORD_0004955,VEH_0024,DRV_0046,2026-09-30 02:40:54,2026-07-16 09:36:58,,107.0,In Transit,10013.93,1828.73
SHP_0004956,ORD_0004956,VEH_0069,DRV_0007,2026-09-29 09:00:38,2026-01-25 07:45:32,,634.1,In Transit,22865.62,792.62
SHP_0004957,ORD_0004957,VEH_0025,DRV_0034,2026-09-29 21:43:42,2026-04-17 03:23:20,,130.4,In Transit,9909.73,2918.48
SHP_0004959,ORD_0004959,VEH_0057,DRV_0089,2026-09-30 05:44:41,2025-11-24 09:40:49,,565.4,In Transit,24944.85,6252.66
SHP_0004960,ORD_0004960,VEH_0057,DRV_0042,2026-09-29 13:21:20,2026-08-02 19:03:12,,1197.2,In Transit,44044.15,13239.62
SHP_0004961,ORD_0004961,VEH_0003,DRV_0045,2026-09-28 21:35:54,2026-02-28 15:08:47,,643.8,In Transit,26451.79,14408.86
SHP_0004962,ORD_0004962,VEH_0002,DRV_0001,2026-09-29 00:12:34,2025-10-18 16:00:33,,429.6,In Transit,17700.36,10626.95
SHP_0004963,ORD_0004963,VEH_0053,DRV_0016,2026-09-29 10:23:18,2026-02-18 06:29:40,,25.0,In Transit,2786.93,618.42
SHP_0004964,ORD_0004964,VEH_0029,DRV_0056,2026-09-28 20:44:44,2026-07-24 19:26:34,,1054.8,In Transit,37395.74,11664.85
SHP_0004965,ORD_0004965,VEH_0045,DRV_0080,2026-09-30 06:02:31,2026-08-02 01:02:13,,1146.0,In Transit,39705.15,25648.57
SHP_0004966,ORD_0004966,VEH_0067,DRV_0057,2026-09-30 03:33:56,2025-11-08 17:46:28,,915.6,In Transit,35816.03,15648.44
SHP_0004968,ORD_0004968,VEH_0039,DRV_0030,2026-09-30 10:13:45,2025-12-03 11:42:03,,526.2,In Transit,18975.77,11776.86
SHP_0004969,ORD_0004969,VEH_0010,DRV_0095,2026-09-29 00:02:31,2026-05-08 01:25:20,,333.2,In Transit,15329.83,3684.8
SHP_0004970,ORD_0004970,VEH_0027,DRV_0043,2026-09-28 22:01:28,2025-12-22 13:38:00,,1652.6,In Transit,54111.1,40880.11
SHP_0004972,ORD_0004972,VEH_0080,DRV_0033,2026-09-30 13:32:52,2026-05-06 16:33:11,,1458.4,In Transit,50227.99,16128.19
SHP_0004974,ORD_0004974,VEH_0079,DRV_0100,2026-09-29 17:06:30,2026-04-09 23:50:37,,1118.3,In Transit,41926.19,25028.62
SHP_0004975,ORD_0004975,VEH_0044,DRV_0010,2026-09-30 05:01:59,2025-12-31 12:09:45,,2386.7,In Transit,79302.11,53416.62
SHP_0004976,ORD_0004976,VEH_0068,DRV_0085,2026-09-28 20:12:34,2026-07-26 09:58:34,,2150.5,In Transit,73364.04,23782.0
SHP_0004978,ORD_0004978,VEH_0026,DRV_0069,2026-09-28 22:38:21,2026-03-11 09:57:16,,1057.8,In Transit,35023.53,23674.57
SHP_0004979,ORD_0004979,VEH_0016,DRV_0021,2026-09-29 02:28:36,2026-09-22 00:03:06,,1121.5,In Transit,37406.22,27742.37
SHP_0004981,ORD_0004981,VEH_0045,DRV_0062,2026-09-29 23:26:56,2026-03-14 14:33:00,,1146.3,In Transit,39755.25,25655.29
SHP_0004982,ORD_0004982,VEH_0038,DRV_0042,2026-09-28 22:39:01,2026-07-27 17:48:30,,446.1,In Transit,21546.63,557.63
SHP_0004983,ORD_0004983,VEH_0008,DRV_0100,2026-09-29 23:05:24,2026-06-06 08:30:55,,1715.7,In Transit,58218.33,18973.62
SHP_0004984,ORD_0004984,VEH_0011,DRV_0096,2026-09-30 07:43:01,2026-02-05 18:43:50,,1016.4,In Transit,34432.82,25142.53
SHP_0004985,ORD_0004985,VEH_0063,DRV_0057,2026-09-29 05:03:00,2025-11-19 13:32:17,,1965.5,In Transit,67802.76,43989.76
SHP_0004986,ORD_0004986,VEH_0061,DRV_0026,2026-09-29 08:14:21,2026-04-22 10:45:00,,1044.1,In Transit,34262.75,25827.74
SHP_0004987,ORD_0004987,VEH_0011,DRV_0079,2026-09-29 01:42:56,2026-03-24 12:11:01,,1200.9,In Transit,21653.3,29706.47
SHP_0004988,ORD_0004988,VEH_0038,DRV_0088,2026-09-30 02:52:53,2026-02-11 21:50:33,,2220.7,In Transit,40195.81,2775.87
SHP_0004990,ORD_0004990,VEH_0022,DRV_0016,2026-09-30 15:17:00,2025-12-17 16:34:57,,1199.5,In Transit,42533.22,20500.55
SHP_0004991,ORD_0004991,VEH_0027,DRV_0017,2026-09-29 10:56:36,2025-12-23 17:19:36,,687.4,In Transit,24763.04,17004.11
SHP_0004992,ORD_0004992,VEH_0053,DRV_0054,2026-09-29 03:16:24,2026-02-08 05:15:30,,1434.8,In Transit,49788.73,35492.42
SHP_0004993,ORD_0004993,VEH_0045,DRV_0007,2026-09-29 21:00:00,2026-02-10 22:36:35,,702.0,In Transit,24514.03,15711.43
SHP_0004994,ORD_0004994,VEH_0015,DRV_0093,2026-09-30 01:50:26,2026-05-04 17:32:10,,1385.6,In Transit,47523.76,1732.0
SHP_0004995,ORD_0004995,VEH_0043,DRV_0048,2026-09-29 21:14:40,2026-09-03 08:03:56,,351.9,In Transit,6376.18,439.88
SHP_0004996,ORD_0004996,VEH_0027,DRV_0087,2026-09-30 14:48:23,2026-05-05 06:06:35,,1240.4,In Transit,41590.12,30683.58
SHP_0004997,ORD_0004997,VEH_0048,DRV_0009,2026-09-30 04:42:07,2026-01-13 17:49:16,,1190.0,In Transit,44076.0,29436.84
SHP_0004998,ORD_0004998,VEH_0051,DRV_0021,2026-09-29 06:17:48,2026-08-06 05:40:18,,606.6,In Transit,21468.22,10367.35
SHP_0004999,ORD_0004999,VEH_0072,DRV_0048,2026-09-29 03:36:20,2026-05-23 08:38:21,,1648.8,In Transit,55387.93,18233.79
SHP_0005000,ORD_0005000,VEH_0060,DRV_0079,2026-09-30 16:02:27,2025-10-21 18:39:53,,1983.4,In Transit,65059.43,21934.07
