Vehicle_ID,Timestamp,Latitude,Longitude,Speed_KMH,Fuel_Level,Engine_Status
VEH_0068,2026-09-30 14:09:08,19.630593,72.845641,39.98,89.29,Running
VEH_0068,2026-09-30 14:07:08,20.183304,72.809371,55.38,83.57,Running
VEH_0068,2026-09-30 14:23:08,20.736377,72.750811,52.38,77.86,Running
VEH_0068,2026-09-30 14:48:08,21.30981,72.711936,41.62,72.14,Running
VEH_0068,2026-09-30 14:57:08,21.845156,72.665359,68.32,66.43,Running
VEH_0068,2026-09-30 15:16:08,22.397805,72.617041,70.24,60.71,Running
VEH_0069,2026-09-30 13:35:08,11.528876,77.986477,45.3,90.56,Running
VEH_0069,2026-09-30 13:21:08,11.459853,77.855452,49.59,86.11,Running
VEH_0069,2026-09-30 13:57:08,11.404786,77.709905,40.16,81.67,Running
VEH_0069,2026-09-30 14:17:08,11.323364,77.57737,55.17,77.22,Running
VEH_0069,2026-09-30 14:47:08,11.272118,77.449844,52.77,72.78,Running
VEH_0069,2026-09-30 14:51:08,11.200276,77.298025,44.21,68.33,Running
VEH_0069,2026-09-30 14:55:08,11.122409,77.160065,59.71,63.89,Running
VEH_0069,2026-09-30 15:17:08,11.044278,77.020592,49.87,59.44,Running
VEH_0033,2026-09-30 13:57:08,10.312812,76.621486,46.8,89.29,Running
VEH_0033,2026-09-30 13:47:08,10.729051,77.021968,48.59,83.57,Running
VEH_0033,2026-09-30 14:07:08,11.152982,77.428564,62.8,77.86,Running
VEH_0033,2026-09-30 14:42:08,11.61046,77.84951,59.44,72.14,Running
VEH_0033,2026-09-30 15:11:08,12.022337,78.26851,38.83,66.43,Running
VEH_0033,2026-09-30 15:09:08,12.450771,78.685088,58.82,60.71,Running
VEH_0072,2026-09-30 13:51:08,21.514763,72.984146,57.83,90.56,Running
VEH_0072,2026-09-30 13:28:08,20.068125,73.410188,55.76,86.11,Running
VEH_0072,2026-09-30 14:03:08,18.630197,73.803053,41.47,81.67,Running
VEH_0072,2026-09-30 13:52:08,17.210712,74.211585,39.75,77.22,Running
VEH_0072,2026-09-30 14:35:08,15.767567,74.61839,68.98,72.78,Running
VEH_0072,2026-09-30 14:51:08,14.311411,75.028712,44.28,68.33,Running
VEH_0072,2026-09-30 14:55:08,12.892169,75.424798,46.83,63.89,Running
VEH_0072,2026-09-30 15:10:08,11.440104,75.849084,45.11,59.44,Running
VEH_0035,2026-09-30 14:27:08,12.704221,77.36664,53.94,89.29,Running
VEH_0035,2026-09-30 14:47:08,13.786371,76.612725,59.11,83.57,Running
VEH_0035,2026-09-30 14:11:08,14.838598,75.892796,70.93,77.86,Running
VEH_0035,2026-09-30 14:33:08,15.919565,75.148631,47.69,72.14,Running
VEH_0035,2026-09-30 14:55:08,16.998185,74.381998,54.91,66.43,Running
VEH_0035,2026-09-30 15:16:08,18.079356,73.658336,52.69,60.71,Running
VEH_0012,2026-09-30 14:15:08,17.106548,74.656137,58.55,87.0,Running
VEH_0012,2026-09-30 14:33:08,15.727094,75.515882,48.83,79.0,Running
VEH_0012,2026-09-30 15:09:08,14.350791,76.393364,60.12,71.0,Running
VEH_0012,2026-09-30 15:14:08,12.980396,77.255397,57.6,63.0,Running
VEH_0076,2026-09-30 13:21:08,13.178497,79.272911,39.76,90.0,Running
VEH_0076,2026-09-30 14:21:08,12.741911,79.129751,53.89,85.0,Running
VEH_0076,2026-09-30 14:32:08,12.278745,78.959605,50.89,80.0,Running
VEH_0076,2026-09-30 14:23:08,11.81651,78.803753,65.42,75.0,Running
VEH_0076,2026-09-30 15:00:08,11.359385,78.643634,68.34,70.0,Running
VEH_0076,2026-09-30 15:05:08,10.89809,78.488656,51.87,65.0,Running
VEH_0076,2026-09-30 15:08:08,10.432001,78.318623,61.77,60.0,Running
VEH_0036,2026-09-30 13:21:08,11.500922,78.166723,46.41,90.0,Running
VEH_0036,2026-09-30 14:09:08,11.416994,78.254837,68.7,85.0,Running
VEH_0036,2026-09-30 14:12:08,11.313916,78.318894,57.76,80.0,Running
VEH_0036,2026-09-30 14:27:08,11.228874,78.396943,64.82,75.0,Running
VEH_0036,2026-09-30 14:45:08,11.127245,78.482405,47.17,70.0,Running
VEH_0036,2026-09-30 15:07:08,11.045647,78.566447,48.64,65.0,Running
VEH_0036,2026-09-30 15:16:08,10.937154,78.642645,46.61,60.0,Running
VEH_0050,2026-09-30 13:28:08,18.368738,73.691701,49.49,90.0,Running
VEH_0050,2026-09-30 13:39:08,17.580262,74.474707,54.1,85.0,Running
VEH_0050,2026-09-30 14:27:08,16.797444,75.234224,70.02,80.0,Running
VEH_0050,2026-09-30 14:23:08,16.023197,76.026668,61.5,75.0,Running
VEH_0050,2026-09-30 14:33:08,15.254078,76.802624,67.56,70.0,Running
VEH_0050,2026-09-30 15:07:08,14.472074,77.562458,51.34,65.0,Running
VEH_0050,2026-09-30 15:14:08,13.715687,78.334751,54.24,60.0,Running
VEH_0051,2026-09-30 14:42:08,26.138885,77.159923,64.76,88.33,Running
VEH_0051,2026-09-30 14:47:08,23.498744,77.245246,49.5,81.67,Running
VEH_0051,2026-09-30 14:51:08,20.855001,77.302391,55.62,75.0,Running
VEH_0051,2026-09-30 15:07:08,18.240377,77.386722,48.46,68.33,Running
VEH_0051,2026-09-30 15:16:08,15.598345,77.452901,58.58,61.67,Running
VEH_0051,2026-09-30 13:28:08,25.868004,75.510727,64.1,90.0,Running
VEH_0051,2026-09-30 14:39:08,24.802364,75.265519,51.64,85.0,Running
VEH_0051,2026-09-30 14:32:08,23.76683,75.010119,68.47,80.0,Running
VEH_0051,2026-09-30 14:51:08,22.688648,74.764267,41.85,75.0,Running
VEH_0051,2026-09-30 14:48:08,21.637985,74.527897,71.34,70.0,Running
VEH_0051,2026-09-30 14:55:08,20.591074,74.279905,41.82,65.0,Running
VEH_0051,2026-09-30 15:17:08,19.525002,74.014592,46.81,60.0,Running
VEH_0019,2026-09-30 13:28:08,17.940329,73.335315,47.81,90.0,Running
VEH_0019,2026-09-30 13:51:08,16.825065,73.743725,41.43,85.0,Running
VEH_0019,2026-09-30 14:22:08,15.666785,74.161993,55.98,80.0,Running
VEH_0019,2026-09-30 14:31:08,14.54249,74.605773,68.42,75.0,Running
VEH_0019,2026-09-30 14:54:08,13.409986,75.015016,46.99,70.0,Running
VEH_0019,2026-09-30 15:09:08,12.257511,75.448951,68.21,65.0,Running
VEH_0019,2026-09-30 15:17:08,11.110181,75.857297,45.92,60.0,Running
VEH_0077,2026-09-30 13:43:08,9.978026,76.279353,48.46,90.56,Running
VEH_0077,2026-09-30 14:17:08,10.130221,76.35148,60.09,86.11,Running
VEH_0077,2026-09-30 14:27:08,10.233491,76.430731,60.65,81.67,Running
VEH_0077,2026-09-30 14:32:08,10.360583,76.49942,60.83,77.22,Running
VEH_0077,2026-09-30 14:07:08,10.505888,76.584526,69.53,72.78,Running
VEH_0077,2026-09-30 14:51:08,10.626218,76.676547,69.27,68.33,Running
VEH_0077,2026-09-30 14:57:08,10.754687,76.746395,71.0,63.89,Running
VEH_0077,2026-09-30 15:11:08,10.855196,76.822946,49.9,59.44,Running
VEH_0003,2026-09-30 14:03:08,12.522496,77.343232,71.86,89.29,Running
VEH_0003,2026-09-30 14:32:08,12.109015,77.170861,58.94,83.57,Running
VEH_0003,2026-09-30 14:43:08,11.697083,76.987941,57.42,77.86,Running
VEH_0003,2026-09-30 14:36:08,11.267792,76.824855,60.56,72.14,Running
VEH_0003,2026-09-30 15:07:08,10.845333,76.627443,39.75,66.43,Running
VEH_0003,2026-09-30 15:19:08,10.423247,76.450296,48.28,60.71,Running
VEH_0030,2026-09-30 13:03:08,17.318243,78.45023,71.58,90.56,Running
VEH_0030,2026-09-30 13:56:08,17.333654,78.442276,61.64,86.11,Running
VEH_0030,2026-09-30 14:15:08,17.348249,78.446003,58.65,81.67,Running
VEH_0030,2026-09-30 14:47:08,17.353202,78.472242,68.92,77.22,Running
VEH_0030,2026-09-30 14:07:08,17.352638,78.466217,69.22,72.78,Running
VEH_0030,2026-09-30 15:00:08,17.388285,78.485563,67.72,68.33,Running
VEH_0030,2026-09-30 14:47:08,17.379318,78.466788,67.89,63.89,Running
VEH_0030,2026-09-30 15:19:08,17.38502,78.480969,63.13,59.44,Running
VEH_0036,2026-09-30 13:03:08,11.865883,76.212449,55.43,90.56,Running
VEH_0036,2026-09-30 13:07:08,13.726782,76.176626,41.81,86.11,Running
VEH_0036,2026-09-30 14:15:08,15.601129,76.09425,69.68,81.67,Running
VEH_0036,2026-09-30 14:47:08,17.47948,76.039641,40.35,77.22,Running
VEH_0036,2026-09-30 14:11:08,19.381134,75.993888,47.92,72.78,Running
VEH_0036,2026-09-30 15:03:08,21.250531,75.921004,58.58,68.33,Running
VEH_0036,2026-09-30 15:01:08,23.117934,75.865958,51.12,63.89,Running
VEH_0036,2026-09-30 15:16:08,25.008129,75.793662,46.59,59.44,Running
VEH_0021,2026-09-30 12:55:08,11.449708,77.901412,54.26,90.56,Running
VEH_0021,2026-09-30 13:49:08,11.271528,77.714169,43.65,86.11,Running
VEH_0021,2026-09-30 13:45:08,11.069212,77.501173,63.94,81.67,Running
VEH_0021,2026-09-30 14:22:08,10.88656,77.287513,68.33,77.22,Running
VEH_0021,2026-09-30 14:27:08,10.702997,77.10174,67.14,72.78,Running
VEH_0021,2026-09-30 14:42:08,10.544348,76.878529,61.85,68.33,Running
VEH_0021,2026-09-30 15:05:08,10.355164,76.701535,51.46,63.89,Running
VEH_0021,2026-09-30 15:19:08,10.169101,76.499123,68.09,59.44,Running
VEH_0017,2026-09-30 14:15:08,13.593097,79.403225,41.69,89.29,Running
VEH_0017,2026-09-30 14:42:08,13.599697,79.395545,63.04,83.57,Running
VEH_0017,2026-09-30 14:23:08,13.604219,79.400697,44.2,77.86,Running
VEH_0017,2026-09-30 14:36:08,13.632728,79.413053,43.58,72.14,Running
VEH_0017,2026-09-30 14:47:08,13.644153,79.426378,48.52,66.43,Running
VEH_0017,2026-09-30 15:14:08,13.637994,79.44532,51.05,60.71,Running
VEH_0030,2026-09-30 13:47:08,13.022314,80.027428,47.45,88.33,Running
VEH_0030,2026-09-30 14:23:08,13.010965,79.835082,47.07,81.67,Running
VEH_0030,2026-09-30 15:03:08,12.965118,79.651056,54.16,75.0,Running
VEH_0030,2026-09-30 14:53:08,12.956291,79.475588,61.06,68.33,Running
VEH_0030,2026-09-30 15:16:08,12.91014,79.277432,62.2,61.67,Running
VEH_0062,2026-09-30 14:27:08,27.729334,78.972436,68.73,88.33,Running
VEH_0062,2026-09-30 14:47:08,26.70666,80.839791,71.12,81.67,Running
VEH_0062,2026-09-30 14:45:08,25.680174,82.738919,57.8,75.0,Running
VEH_0062,2026-09-30 14:47:08,24.687705,84.606253,43.78,68.33,Running
VEH_0062,2026-09-30 15:10:08,23.665001,86.4874,65.53,61.67,Running
VEH_0026,2026-09-30 14:47:08,25.613479,76.957311,50.25,88.33,Running
VEH_0026,2026-09-30 14:23:08,22.496381,76.821307,40.34,81.67,Running
VEH_0026,2026-09-30 15:03:08,19.356602,76.685751,39.21,75.0,Running
VEH_0026,2026-09-30 14:57:08,16.241609,76.545401,50.23,68.33,Running
VEH_0026,2026-09-30 15:12:08,13.100882,76.432097,45.99,61.67,Running
VEH_0064,2026-09-30 13:49:08,27.99559,78.483402,62.29,90.0,Running
VEH_0064,2026-09-30 13:27:08,27.199385,79.884219,45.98,85.0,Running
VEH_0064,2026-09-30 14:37:08,26.407376,81.291318,50.68,80.0,Running
VEH_0064,2026-09-30 14:07:08,25.622473,82.688283,50.52,75.0,Running
VEH_0064,2026-09-30 14:57:08,24.863259,84.083038,44.04,70.0,Running
VEH_0064,2026-09-30 15:07:08,24.060803,85.479066,51.66,65.0,Running
VEH_0064,2026-09-30 15:14:08,23.275401,86.887719,47.73,60.0,Running
VEH_0035,2026-09-30 12:47:08,26.442594,75.396186,66.22,90.56,Running
VEH_0035,2026-09-30 13:35:08,26.035676,75.025716,47.2,86.11,Running
VEH_0035,2026-09-30 13:57:08,25.601219,74.690016,42.88,81.67,Running
VEH_0035,2026-09-30 14:47:08,25.183757,74.329341,42.55,77.22,Running
VEH_0035,2026-09-30 14:11:08,24.773685,73.967052,58.12,72.78,Running
VEH_0035,2026-09-30 14:30:08,24.331477,73.615288,53.02,68.33,Running
VEH_0035,2026-09-30 15:05:08,23.90797,73.266473,59.93,63.89,Running
VEH_0035,2026-09-30 15:17:08,23.498856,72.899603,42.15,59.44,Running
VEH_0037,2026-09-30 14:24:08,13.528176,79.553502,56.3,90.0,Running
VEH_0037,2026-09-30 14:09:08,13.450581,79.67448,67.53,85.0,Running
VEH_0037,2026-09-30 13:57:08,13.403717,79.769891,63.95,80.0,Running
VEH_0037,2026-09-30 14:51:08,13.362077,79.873551,50.71,75.0,Running
VEH_0037,2026-09-30 14:45:08,13.278228,79.970708,70.15,70.0,Running
VEH_0037,2026-09-30 15:07:08,13.247175,80.091439,40.92,65.0,Running
VEH_0037,2026-09-30 15:12:08,13.171577,80.189531,51.88,60.0,Running
VEH_0025,2026-09-30 14:02:08,11.496528,77.279008,62.61,88.33,Running
VEH_0025,2026-09-30 14:55:08,13.01739,76.410131,64.16,81.67,Running
VEH_0025,2026-09-30 14:48:08,14.567078,75.546726,65.75,75.0,Running
VEH_0025,2026-09-30 14:49:08,16.064159,74.670837,63.59,68.33,Running
VEH_0025,2026-09-30 15:10:08,17.598585,73.78351,43.9,61.67,Running
VEH_0050,2026-09-30 14:43:08,15.040527,77.890513,59.46,87.0,Running
VEH_0050,2026-09-30 14:54:08,18.451134,77.684498,71.68,79.0,Running
VEH_0050,2026-09-30 15:03:08,21.888561,77.483544,45.61,71.0,Running
VEH_0050,2026-09-30 15:15:08,25.337188,77.286996,48.83,63.0,Running
VEH_0029,2026-09-30 14:27:08,14.91995,80.698112,43.7,89.29,Running
VEH_0029,2026-09-30 13:57:08,16.196183,81.978965,54.58,83.57,Running
VEH_0029,2026-09-30 14:39:08,17.440691,83.244973,45.4,77.86,Running
VEH_0029,2026-09-30 14:30:08,18.710121,84.503629,39.68,72.14,Running
VEH_0029,2026-09-30 15:11:08,19.989328,85.757899,65.05,66.43,Running
VEH_0029,2026-09-30 15:18:08,21.244665,87.028886,38.14,60.71,Running
VEH_0026,2026-09-30 12:55:08,16.680729,78.402244,60.46,90.56,Running
VEH_0026,2026-09-30 14:10:08,16.048084,78.368311,59.26,86.11,Running
VEH_0026,2026-09-30 14:27:08,15.394833,78.333197,56.99,81.67,Running
VEH_0026,2026-09-30 14:37:08,14.775123,78.281634,60.12,77.22,Running
VEH_0026,2026-09-30 14:11:08,14.139997,78.2472,40.72,72.78,Running
VEH_0026,2026-09-30 14:30:08,13.51475,78.205114,61.21,68.33,Running
VEH_0026,2026-09-30 14:47:08,12.880283,78.164335,52.17,63.89,Running
VEH_0026,2026-09-30 15:18:08,12.241851,78.153143,70.35,59.44,Running
VEH_0035,2026-09-30 12:47:08,14.586586,80.438657,55.96,90.56,Running
VEH_0035,2026-09-30 13:35:08,15.576313,81.427767,38.37,86.11,Running
VEH_0035,2026-09-30 13:45:08,16.560165,82.407877,62.54,81.67,Running
VEH_0035,2026-09-30 14:22:08,17.558216,83.381655,48.58,77.22,Running
VEH_0035,2026-09-30 14:07:08,18.562335,84.393875,43.74,72.78,Running
VEH_0035,2026-09-30 14:57:08,19.556699,85.357774,63.23,68.33,Running
VEH_0035,2026-09-30 14:55:08,20.551227,86.35061,68.3,63.89,Running
VEH_0035,2026-09-30 15:17:08,21.548328,87.330104,50.77,59.44,Running
VEH_0003,2026-09-30 14:31:08,24.199523,73.455214,45.78,87.0,Running
VEH_0003,2026-09-30 15:00:08,25.347023,74.384085,62.2,79.0,Running
VEH_0003,2026-09-30 14:51:08,26.483201,75.267916,38.34,71.0,Running
VEH_0003,2026-09-30 15:18:08,27.635533,76.182885,68.18,63.0,Running
VEH_0034,2026-09-30 13:39:08,14.464946,81.344858,56.48,89.29,Running
VEH_0034,2026-09-30 13:52:08,15.815925,82.524966,48.1,83.57,Running
VEH_0034,2026-09-30 14:35:08,17.162942,83.674098,61.76,77.86,Running
VEH_0034,2026-09-30 14:30:08,18.511447,84.829631,61.68,72.14,Running
VEH_0034,2026-09-30 14:53:08,19.864946,85.986649,48.23,66.43,Running
VEH_0034,2026-09-30 15:15:08,21.201022,87.163119,65.63,60.71,Running
VEH_0053,2026-09-30 14:07:08,19.144445,72.909648,47.34,90.56,Running
VEH_0053,2026-09-30 13:35:08,19.142264,72.928612,66.54,86.11,Running
VEH_0053,2026-09-30 13:39:08,19.132519,72.9001,54.93,81.67,Running
VEH_0053,2026-09-30 14:27:08,19.143512,72.913113,68.2,77.22,Running
VEH_0053,2026-09-30 14:07:08,19.141106,72.921179,42.95,72.78,Running
VEH_0053,2026-09-30 14:42:08,19.150897,72.896338,47.39,68.33,Running
VEH_0053,2026-09-30 14:53:08,19.162271,72.890707,41.82,63.89,Running
VEH_0053,2026-09-30 15:12:08,19.142616,72.891598,52.38,59.44,Running
VEH_0028,2026-09-30 13:45:08,12.567953,76.318086,55.24,89.29,Running
VEH_0028,2026-09-30 14:42:08,15.252554,76.447149,55.57,83.57,Running
VEH_0028,2026-09-30 14:43:08,17.936058,76.581469,65.25,77.86,Running
VEH_0028,2026-09-30 14:36:08,20.630109,76.705905,38.98,72.14,Running
VEH_0028,2026-09-30 15:05:08,23.344323,76.84666,66.44,66.43,Running
VEH_0028,2026-09-30 15:08:08,26.019958,76.958868,41.72,60.71,Running
VEH_0073,2026-09-30 14:37:08,17.360774,74.544544,59.93,88.33,Running
VEH_0073,2026-09-30 14:43:08,16.206217,75.257635,66.95,81.67,Running
VEH_0073,2026-09-30 14:36:08,15.050641,75.951494,63.53,75.0,Running
VEH_0073,2026-09-30 15:05:08,13.918995,76.692299,45.41,68.33,Running
VEH_0073,2026-09-30 15:14:08,12.766308,77.382443,68.66,61.67,Running
VEH_0053,2026-09-30 13:14:08,21.699859,73.172953,70.19,90.0,Running
VEH_0053,2026-09-30 14:27:08,20.441845,73.807689,54.33,85.0,Running
VEH_0053,2026-09-30 14:42:08,19.204328,74.450782,55.93,80.0,Running
VEH_0053,2026-09-30 14:43:08,17.930737,75.060638,65.17,75.0,Running
VEH_0053,2026-09-30 15:03:08,16.69747,75.71107,64.74,70.0,Running
VEH_0053,2026-09-30 15:01:08,15.437743,76.341514,48.47,65.0,Running
VEH_0053,2026-09-30 15:14:08,14.177129,76.960186,47.28,60.0,Running
VEH_0072,2026-09-30 13:33:08,10.068998,77.939705,39.15,89.29,Running
VEH_0072,2026-09-30 13:57:08,10.219979,77.79167,42.13,83.57,Running
VEH_0072,2026-09-30 14:39:08,10.356715,77.588119,62.73,77.86,Running
VEH_0072,2026-09-30 15:00:08,10.533033,77.43178,52.27,72.14,Running
VEH_0072,2026-09-30 14:49:08,10.694707,77.251498,71.19,66.43,Running
VEH_0072,2026-09-30 15:19:08,10.840636,77.07686,59.52,60.71,Running
VEH_0048,2026-09-30 13:14:08,20.939632,86.779579,66.67,90.0,Running
VEH_0048,2026-09-30 14:09:08,19.390108,85.300254,58.03,85.0,Running
VEH_0048,2026-09-30 14:47:08,17.801005,83.775049,42.12,80.0,Running
VEH_0048,2026-09-30 14:47:08,16.234547,82.273318,52.55,75.0,Running
VEH_0048,2026-09-30 14:42:08,14.675982,80.789271,53.58,70.0,Running
VEH_0048,2026-09-30 14:53:08,13.116711,79.293014,44.01,65.0,Running
VEH_0048,2026-09-30 15:13:08,11.540822,77.794335,46.42,60.0,Running
VEH_0049,2026-09-30 14:43:08,11.613032,78.119754,49.4,87.0,Running
VEH_0049,2026-09-30 14:54:08,11.600341,78.111881,71.06,79.0,Running
VEH_0049,2026-09-30 14:53:08,11.608309,78.096875,60.11,71.0,Running
VEH_0049,2026-09-30 15:16:08,11.602897,78.109185,68.03,63.0,Running
VEH_0010,2026-09-30 14:39:08,26.316005,77.635113,54.04,89.29,Running
VEH_0010,2026-09-30 14:02:08,25.719125,79.437132,69.01,83.57,Running
VEH_0010,2026-09-30 14:15:08,25.093616,81.213275,56.83,77.86,Running
VEH_0010,2026-09-30 14:42:08,24.477787,83.006117,57.9,72.14,Running
VEH_0010,2026-09-30 15:05:08,23.885538,84.782244,47.3,66.43,Running
VEH_0010,2026-09-30 15:13:08,23.250836,86.591135,48.19,60.71,Running
VEH_0035,2026-09-30 13:57:08,20.858133,86.649671,48.73,89.29,Running
VEH_0035,2026-09-30 14:17:08,19.205609,85.049213,38.0,83.57,Running
VEH_0035,2026-09-30 14:39:08,17.56769,83.417069,66.94,77.86,Running
VEH_0035,2026-09-30 15:00:08,15.926878,81.780807,69.12,72.14,Running
VEH_0035,2026-09-30 14:49:08,14.270476,80.154569,44.0,66.43,Running
VEH_0035,2026-09-30 15:12:08,12.635436,78.520046,51.61,60.71,Running
VEH_0041,2026-09-30 13:14:08,17.622734,74.331058,41.27,90.0,Running
VEH_0041,2026-09-30 13:33:08,16.757837,74.861828,47.44,85.0,Running
VEH_0041,2026-09-30 13:52:08,15.899008,75.399199,69.61,80.0,Running
VEH_0041,2026-09-30 14:15:08,15.032144,75.930634,52.7,75.0,Running
VEH_0041,2026-09-30 14:51:08,14.162581,76.46807,70.25,70.0,Running
VEH_0041,2026-09-30 15:01:08,13.312974,77.023965,62.49,65.0,Running
VEH_0041,2026-09-30 15:13:08,12.464895,77.548127,60.75,60.0,Running
VEH_0059,2026-09-30 14:07:08,15.106064,78.750363,60.57,87.0,Running
VEH_0059,2026-09-30 14:39:08,17.107226,77.217629,42.13,79.0,Running
VEH_0059,2026-09-30 15:03:08,19.080778,75.641731,46.19,71.0,Running
VEH_0059,2026-09-30 15:07:08,21.092637,74.093594,56.65,63.0,Running
VEH_0021,2026-09-30 13:35:08,18.558147,73.71101,51.12,90.0,Running
VEH_0021,2026-09-30 13:39:08,18.649133,73.593557,71.9,85.0,Running
VEH_0021,2026-09-30 14:37:08,18.702634,73.463309,67.37,80.0,Running
VEH_0021,2026-09-30 14:23:08,18.781825,73.36443,42.42,75.0,Running
VEH_0021,2026-09-30 14:57:08,18.867309,73.235278,63.52,70.0,Running
VEH_0021,2026-09-30 14:47:08,18.925848,73.149584,63.53,65.0,Running
VEH_0021,2026-09-30 15:17:08,19.006264,73.015814,38.74,60.0,Running
VEH_0009,2026-09-30 13:45:08,17.395652,74.50967,38.51,89.29,Running
VEH_0009,2026-09-30 14:27:08,16.310524,75.214379,41.61,83.57,Running
VEH_0009,2026-09-30 14:51:08,15.209313,75.907424,66.18,77.86,Running
VEH_0009,2026-09-30 14:54:08,14.108101,76.621983,66.52,72.14,Running
VEH_0009,2026-09-30 14:59:08,13.03335,77.309488,46.39,66.43,Running
VEH_0009,2026-09-30 15:14:08,11.929447,78.021904,56.22,60.71,Running
VEH_0030,2026-09-30 13:57:08,22.595834,86.055256,45.21,89.29,Running
VEH_0030,2026-09-30 14:42:08,22.653251,83.80182,62.03,83.57,Running
VEH_0030,2026-09-30 14:27:08,22.747363,81.557795,66.12,77.86,Running
VEH_0030,2026-09-30 14:51:08,22.819351,79.310229,62.49,72.14,Running
VEH_0030,2026-09-30 14:51:08,22.896148,77.043736,44.3,66.43,Running
VEH_0030,2026-09-30 15:11:08,22.984808,74.800228,65.52,60.71,Running
VEH_0072,2026-09-30 14:47:08,27.719199,78.963442,53.39,88.33,Running
VEH_0072,2026-09-30 14:51:08,26.702631,80.856802,68.76,81.67,Running
VEH_0072,2026-09-30 14:27:08,25.703688,82.724465,67.9,75.0,Running
VEH_0072,2026-09-30 15:01:08,24.677381,84.596235,39.87,68.33,Running
VEH_0072,2026-09-30 15:07:08,23.661174,86.498865,59.41,61.67,Running
VEH_0061,2026-09-30 13:33:08,12.706981,78.609092,55.36,89.29,Running
VEH_0061,2026-09-30 14:37:08,14.334096,80.235771,41.55,83.57,Running
VEH_0061,2026-09-30 14:07:08,15.984986,81.8441,44.69,77.86,Running
VEH_0061,2026-09-30 15:03:08,17.621943,83.454122,40.33,72.14,Running
VEH_0061,2026-09-30 14:59:08,19.276236,85.082895,68.31,66.43,Running
VEH_0061,2026-09-30 15:17:08,20.919061,86.708455,51.51,60.71,Running
VEH_0076,2026-09-30 14:32:08,10.814172,77.105166,70.73,88.33,Running
VEH_0076,2026-09-30 14:15:08,10.665044,77.332342,62.32,81.67,Running
VEH_0076,2026-09-30 14:30:08,10.475503,77.53983,64.86,75.0,Running
VEH_0076,2026-09-30 14:55:08,10.316297,77.731898,44.83,68.33,Running
VEH_0076,2026-09-30 15:12:08,10.140582,77.960697,41.36,61.67,Running
VEH_0051,2026-09-30 14:17:08,14.251061,78.733829,44.71,90.0,Running
VEH_0051,2026-09-30 14:33:08,14.854986,78.053476,48.16,85.0,Running
VEH_0051,2026-09-30 14:27:08,15.446625,77.369355,67.11,80.0,Running
VEH_0051,2026-09-30 14:35:08,16.050762,76.696854,48.45,75.0,Running
VEH_0051,2026-09-30 15:00:08,16.660958,76.002253,44.5,70.0,Running
VEH_0051,2026-09-30 15:03:08,17.256749,75.296855,68.3,65.0,Running
VEH_0051,2026-09-30 15:08:08,17.881417,74.620085,57.77,60.0,Running
VEH_0042,2026-09-30 13:19:08,12.810375,76.754779,58.03,90.56,Running
VEH_0042,2026-09-30 13:42:08,14.584582,76.614244,52.74,86.11,Running
VEH_0042,2026-09-30 14:03:08,16.34585,76.502773,65.13,81.67,Running
VEH_0042,2026-09-30 14:07:08,18.105416,76.3664,67.58,77.22,Running
VEH_0042,2026-09-30 14:23:08,19.841643,76.263004,52.64,72.78,Running
VEH_0042,2026-09-30 15:00:08,21.602575,76.121114,62.52,68.33,Running
VEH_0042,2026-09-30 15:11:08,23.350359,76.002444,40.27,63.89,Running
VEH_0042,2026-09-30 15:16:08,25.115629,75.86745,49.12,59.44,Running
VEH_0060,2026-09-30 14:47:08,23.697527,73.094942,39.16,88.33,Running
VEH_0060,2026-09-30 14:27:08,24.326685,73.636213,70.07,81.67,Running
VEH_0060,2026-09-30 14:45:08,24.977176,74.161573,43.16,75.0,Running
VEH_0060,2026-09-30 14:51:08,25.611149,74.679578,53.22,68.33,Running
VEH_0060,2026-09-30 15:10:08,26.239241,75.205493,56.62,61.67,Running
VEH_0057,2026-09-30 13:43:08,21.513238,73.170982,42.06,90.56,Running
VEH_0057,2026-09-30 13:14:08,20.067328,73.790393,38.85,86.11,Running
VEH_0057,2026-09-30 13:57:08,18.617327,74.410831,48.85,81.67,Running
VEH_0057,2026-09-30 13:52:08,17.188479,75.041433,41.85,77.22,Running
VEH_0057,2026-09-30 14:27:08,15.730677,75.652265,51.06,72.78,Running
VEH_0057,2026-09-30 14:42:08,14.285522,76.298953,58.81,68.33,Running
VEH_0057,2026-09-30 15:09:08,12.863861,76.926107,49.69,63.89,Running
VEH_0057,2026-09-30 15:09:08,11.402478,77.537477,50.46,59.44,Running
VEH_0074,2026-09-30 14:24:08,12.943183,77.909254,52.73,90.0,Running
VEH_0074,2026-09-30 14:33:08,12.985389,78.245298,50.28,85.0,Running
VEH_0074,2026-09-30 13:47:08,13.000676,78.569481,57.2,80.0,Running
VEH_0074,2026-09-30 14:15:08,13.003492,78.88603,53.09,75.0,Running
VEH_0074,2026-09-30 14:48:08,13.052458,79.224595,46.4,70.0,Running
VEH_0074,2026-09-30 15:07:08,13.07083,79.543166,71.46,65.0,Running
VEH_0074,2026-09-30 15:10:08,13.06949,79.881454,68.64,60.0,Running
VEH_0042,2026-09-30 13:47:08,18.293938,74.600943,45.24,88.33,Running
VEH_0042,2026-09-30 14:11:08,18.112297,75.367827,41.99,81.67,Running
VEH_0042,2026-09-30 14:30:08,17.905374,76.166034,44.22,75.0,Running
VEH_0042,2026-09-30 14:53:08,17.724556,76.949013,41.21,68.33,Running
VEH_0042,2026-09-30 15:12:08,17.52753,77.732152,39.49,61.67,Running
VEH_0036,2026-09-30 13:27:08,10.815956,78.629001,55.49,90.56,Running
VEH_0036,2026-09-30 14:31:08,10.832203,78.640689,49.23,86.11,Running
VEH_0036,2026-09-30 13:45:08,10.841647,78.672733,56.95,81.67,Running
VEH_0036,2026-09-30 13:52:08,10.836974,78.679068,63.02,77.22,Running
VEH_0036,2026-09-30 14:51:08,10.841654,78.688576,51.78,72.78,Running
VEH_0036,2026-09-30 14:27:08,10.851531,78.682939,71.29,68.33,Running
VEH_0036,2026-09-30 15:09:08,10.835822,78.695637,63.09,63.89,Running
VEH_0036,2026-09-30 15:14:08,10.827298,78.704992,40.14,59.44,Running
VEH_0039,2026-09-30 13:27:08,10.001653,76.560199,54.62,89.29,Running
VEH_0039,2026-09-30 14:12:08,10.153113,76.911641,70.99,83.57,Running
VEH_0039,2026-09-30 14:07:08,10.291379,77.270844,67.6,77.86,Running
VEH_0039,2026-09-30 15:03:08,10.409578,77.633952,58.13,72.14,Running
VEH_0039,2026-09-30 14:51:08,10.573001,77.991306,69.47,66.43,Running
VEH_0039,2026-09-30 15:07:08,10.717033,78.353467,43.06,60.71,Running
VEH_0068,2026-09-30 14:55:08,10.575668,76.851192,59.79,87.0,Running
VEH_0068,2026-09-30 14:48:08,11.180141,77.413511,43.32,79.0,Running
VEH_0068,2026-09-30 15:05:08,11.765329,77.965368,66.4,71.0,Running
VEH_0068,2026-09-30 15:19:08,12.353695,78.539864,41.58,63.0,Running
VEH_0046,2026-09-30 14:42:08,14.004667,77.0127,63.61,88.33,Running
VEH_0046,2026-09-30 14:23:08,16.961383,77.004056,56.38,81.67,Running
VEH_0046,2026-09-30 14:39:08,19.924553,77.036198,57.23,75.0,Running
VEH_0046,2026-09-30 14:47:08,22.877566,77.041037,50.67,68.33,Running
VEH_0046,2026-09-30 15:14:08,25.823188,77.068912,51.45,61.67,Running
VEH_0051,2026-09-30 12:55:08,21.499253,73.19457,48.44,90.56,Running
VEH_0051,2026-09-30 13:42:08,20.058858,73.807579,46.55,86.11,Running
VEH_0051,2026-09-30 14:27:08,18.613667,74.4322,48.09,81.67,Running
VEH_0051,2026-09-30 14:02:08,17.171125,75.045304,60.01,77.22,Running
VEH_0051,2026-09-30 14:43:08,15.710053,75.664503,57.35,72.78,Running
VEH_0051,2026-09-30 14:45:08,14.253542,76.269102,57.34,68.33,Running
VEH_0051,2026-09-30 14:51:08,12.794189,76.895372,56.97,63.89,Running
VEH_0051,2026-09-30 15:14:08,11.342036,77.52475,42.28,59.44,Running
VEH_0009,2026-09-30 14:03:08,19.525008,74.016853,63.74,90.0,Running
VEH_0009,2026-09-30 14:39:08,20.579615,74.264676,70.63,85.0,Running
VEH_0009,2026-09-30 14:42:08,21.656869,74.534035,67.57,80.0,Running
VEH_0009,2026-09-30 14:23:08,22.688446,74.764528,69.4,75.0,Running
VEH_0009,2026-09-30 14:45:08,23.76163,75.00803,63.33,70.0,Running
VEH_0009,2026-09-30 15:11:08,24.81466,75.253504,49.55,65.0,Running
VEH_0009,2026-09-30 15:08:08,25.871549,75.488608,57.57,60.0,Running
VEH_0068,2026-09-30 13:27:08,23.042662,72.566426,59.68,90.56,Running
VEH_0068,2026-09-30 13:42:08,23.031083,72.563473,71.28,86.11,Running
VEH_0068,2026-09-30 14:21:08,23.02777,72.557898,55.22,81.67,Running
VEH_0068,2026-09-30 14:42:08,23.032424,72.567222,38.73,77.22,Running
VEH_0068,2026-09-30 14:11:08,23.008883,72.556686,48.59,72.78,Running
VEH_0068,2026-09-30 14:36:08,22.981777,72.5556,45.9,68.33,Running
VEH_0068,2026-09-30 15:11:08,22.976157,72.558238,39.44,63.89,Running
VEH_0068,2026-09-30 15:16:08,22.97065,72.56816,40.19,59.44,Running
VEH_0049,2026-09-30 14:23:08,16.955966,74.775825,71.1,87.0,Running
VEH_0049,2026-09-30 14:45:08,15.410265,75.740142,68.39,79.0,Running
VEH_0049,2026-09-30 15:09:08,13.88954,76.707286,41.05,71.0,Running
VEH_0049,2026-09-30 15:10:08,12.362478,77.673456,39.81,63.0,Running
VEH_0035,2026-09-30 14:47:08,13.074876,78.930002,55.82,87.0,Running
VEH_0035,2026-09-30 14:57:08,12.559821,78.427299,52.93,79.0,Running
VEH_0035,2026-09-30 15:11:08,12.067516,77.918276,50.83,71.0,Running
VEH_0035,2026-09-30 15:07:08,11.567627,77.392921,62.01,63.0,Running
VEH_0060,2026-09-30 14:17:08,26.88088,77.374806,55.91,90.0,Running
VEH_0060,2026-09-30 14:27:08,24.990641,77.686563,49.12,85.0,Running
VEH_0060,2026-09-30 14:12:08,23.103308,77.970558,61.5,80.0,Running
VEH_0060,2026-09-30 14:19:08,21.217264,78.254941,50.16,75.0,Running
VEH_0060,2026-09-30 14:42:08,19.334562,78.562633,40.36,70.0,Running
VEH_0060,2026-09-30 14:59:08,17.430054,78.848604,53.73,65.0,Running
VEH_0060,2026-09-30 15:10:08,15.5325,79.145099,42.66,60.0,Running
VEH_0008,2026-09-30 13:45:08,13.350719,79.234257,67.72,89.29,Running
VEH_0008,2026-09-30 14:22:08,13.057334,79.066851,71.95,83.57,Running
VEH_0008,2026-09-30 14:23:08,12.764051,78.86001,62.54,77.86,Running
VEH_0008,2026-09-30 14:51:08,12.474378,78.683584,56.49,72.14,Running
VEH_0008,2026-09-30 14:55:08,12.193711,78.489281,39.51,66.43,Running
VEH_0008,2026-09-30 15:12:08,11.890681,78.296853,47.68,60.71,Running
VEH_0032,2026-09-30 13:51:08,25.215006,76.114808,60.63,90.56,Running
VEH_0032,2026-09-30 14:31:08,23.522694,76.362651,71.6,86.11,Running
VEH_0032,2026-09-30 13:51:08,21.811355,76.615022,66.74,81.67,Running
VEH_0032,2026-09-30 13:47:08,20.11858,76.840476,52.59,77.22,Running
VEH_0032,2026-09-30 14:07:08,18.402591,77.120193,60.31,72.78,Running
VEH_0032,2026-09-30 14:27:08,16.711813,77.351517,50.8,68.33,Running
VEH_0032,2026-09-30 15:09:08,15.01632,77.609146,48.96,63.89,Running
VEH_0032,2026-09-30 15:12:08,13.301143,77.860778,58.48,59.44,Running
VEH_0061,2026-09-30 14:10:08,10.095074,76.562403,65.9,90.0,Running
VEH_0061,2026-09-30 14:33:08,10.222033,76.849405,41.81,85.0,Running
VEH_0061,2026-09-30 14:47:08,10.308419,77.168723,52.67,80.0,Running
VEH_0061,2026-09-30 14:47:08,10.410079,77.479063,69.58,75.0,Running
VEH_0061,2026-09-30 14:42:08,10.53545,77.791937,68.52,70.0,Running
VEH_0061,2026-09-30 14:59:08,10.626692,78.116132,54.99,65.0,Running
VEH_0061,2026-09-30 15:12:08,10.746564,78.408638,65.11,60.0,Running
VEH_0052,2026-09-30 14:07:08,11.462235,77.632041,51.03,87.0,Running
VEH_0052,2026-09-30 15:03:08,11.882525,78.269784,63.5,79.0,Running
VEH_0052,2026-09-30 14:47:08,12.292495,78.914296,48.47,71.0,Running
VEH_0052,2026-09-30 15:08:08,12.689532,79.566801,59.69,63.0,Running
VEH_0019,2026-09-30 14:15:08,11.417512,75.859123,70.6,90.56,Running
VEH_0019,2026-09-30 13:07:08,12.873488,75.47354,42.43,86.11,Running
VEH_0019,2026-09-30 14:15:08,14.310386,75.050598,70.36,81.67,Running
VEH_0019,2026-09-30 14:32:08,15.763852,74.63827,43.17,77.22,Running
VEH_0019,2026-09-30 14:15:08,17.191761,74.221395,55.33,72.78,Running
VEH_0019,2026-09-30 14:42:08,18.6464,73.813559,39.36,68.33,Running
VEH_0019,2026-09-30 14:47:08,20.085619,73.410882,54.33,63.89,Running
VEH_0019,2026-09-30 15:13:08,21.512898,73.006193,43.17,59.44,Running
VEH_0055,2026-09-30 12:55:08,21.214703,87.215809,41.33,90.56,Running
VEH_0055,2026-09-30 14:17:08,19.916015,86.141171,60.84,86.11,Running
VEH_0055,2026-09-30 13:27:08,18.616604,85.072681,40.18,81.67,Running
VEH_0055,2026-09-30 14:22:08,17.322323,84.003439,49.17,77.22,Running
VEH_0055,2026-09-30 14:39:08,16.001968,82.912682,49.4,72.78,Running
VEH_0055,2026-09-30 14:33:08,14.716527,81.837195,38.56,68.33,Running
VEH_0055,2026-09-30 14:51:08,13.407474,80.792921,45.73,63.89,Running
VEH_0055,2026-09-30 15:18:08,12.116467,79.718685,59.65,59.44,Running
VEH_0004,2026-09-30 13:43:08,25.3655,76.13943,65.97,90.56,Running
VEH_0004,2026-09-30 13:14:08,23.795466,76.50676,46.49,86.11,Running
VEH_0004,2026-09-30 14:21:08,22.248775,76.911499,53.29,81.67,Running
VEH_0004,2026-09-30 13:52:08,20.684279,77.273677,51.2,77.22,Running
VEH_0004,2026-09-30 14:35:08,19.12426,77.670249,60.15,72.78,Running
VEH_0004,2026-09-30 14:39:08,17.553627,78.0446,71.73,68.33,Running
VEH_0004,2026-09-30 14:55:08,16.006816,78.437484,58.62,63.89,Running
VEH_0004,2026-09-30 15:18:08,14.444187,78.819248,59.92,59.44,Running
VEH_0018,2026-09-30 14:43:08,14.439484,78.403147,44.58,87.0,Running
VEH_0018,2026-09-30 14:54:08,18.014246,78.067265,48.26,79.0,Running
VEH_0018,2026-09-30 15:11:08,21.579324,77.725669,44.06,71.0,Running
VEH_0018,2026-09-30 15:08:08,25.149509,77.414977,52.2,63.0,Running
VEH_0022,2026-09-30 14:39:08,10.203228,76.533458,64.34,89.29,Running
VEH_0022,2026-09-30 14:12:08,10.462201,76.807765,71.6,83.57,Running
VEH_0022,2026-09-30 14:23:08,10.672526,77.058093,42.9,77.86,Running
VEH_0022,2026-09-30 14:57:08,10.908805,77.317153,52.99,72.14,Running
VEH_0022,2026-09-30 14:57:08,11.141831,77.589178,50.8,66.43,Running
VEH_0022,2026-09-30 15:11:08,11.381295,77.848509,63.93,60.71,Running
VEH_0049,2026-09-30 14:21:08,12.423082,78.158616,51.08,89.29,Running
VEH_0049,2026-09-30 14:07:08,13.250056,78.211111,49.26,83.57,Running
VEH_0049,2026-09-30 14:15:08,14.094108,78.264291,65.08,77.86,Running
VEH_0049,2026-09-30 14:33:08,14.919506,78.314645,46.77,72.14,Running
VEH_0049,2026-09-30 14:49:08,15.744607,78.378109,53.61,66.43,Running
VEH_0049,2026-09-30 15:11:08,16.590567,78.449609,55.88,60.71,Running
VEH_0060,2026-09-30 14:03:08,14.773264,79.67286,65.13,90.0,Running
VEH_0060,2026-09-30 13:33:08,16.518032,79.143886,55.16,85.0,Running
VEH_0060,2026-09-30 13:47:08,18.265756,78.577799,71.53,80.0,Running
VEH_0060,2026-09-30 14:47:08,19.992849,78.024935,58.66,75.0,Running
VEH_0060,2026-09-30 14:48:08,21.715307,77.496069,59.94,70.0,Running
VEH_0060,2026-09-30 14:55:08,23.463115,76.935326,40.4,65.0,Running
VEH_0060,2026-09-30 15:12:08,25.198597,76.401756,67.71,60.0,Running
VEH_0070,2026-09-30 13:35:08,12.080016,76.474248,71.53,90.0,Running
VEH_0070,2026-09-30 14:15:08,13.09542,75.958851,56.55,85.0,Running
VEH_0070,2026-09-30 14:42:08,14.101529,75.45802,53.36,80.0,Running
VEH_0070,2026-09-30 14:55:08,15.100959,74.932816,51.87,75.0,Running
VEH_0070,2026-09-30 14:39:08,16.111373,74.447271,39.05,70.0,Running
VEH_0070,2026-09-30 15:03:08,17.146509,73.933222,45.37,65.0,Running
VEH_0070,2026-09-30 15:13:08,18.153369,73.416386,57.4,60.0,Running
VEH_0043,2026-09-30 14:35:08,17.707852,77.395096,39.4,87.0,Running
VEH_0043,2026-09-30 14:30:08,18.060424,76.275657,47.69,79.0,Running
VEH_0043,2026-09-30 14:57:08,18.401327,75.164176,65.57,71.0,Running
VEH_0043,2026-09-30 15:09:08,18.76893,74.040927,51.06,63.0,Running
VEH_0012,2026-09-30 13:57:08,25.813694,77.034486,55.25,88.33,Running
VEH_0012,2026-09-30 14:43:08,22.825919,77.004742,52.6,81.67,Running
VEH_0012,2026-09-30 14:36:08,19.882317,76.978245,57.31,75.0,Running
VEH_0012,2026-09-30 15:05:08,16.905705,76.947717,57.94,68.33,Running
VEH_0012,2026-09-30 15:08:08,13.953566,76.927699,47.52,61.67,Running
VEH_0069,2026-09-30 14:03:08,23.199287,86.798216,60.05,90.0,Running
VEH_0069,2026-09-30 13:57:08,23.709447,85.221911,39.28,85.0,Running
VEH_0069,2026-09-30 13:57:08,24.254529,83.664434,50.6,80.0,Running
VEH_0069,2026-09-30 14:43:08,24.791251,82.097867,68.88,75.0,Running
VEH_0069,2026-09-30 14:36:08,25.310927,80.545294,55.01,70.0,Running
VEH_0069,2026-09-30 14:59:08,25.846009,78.979812,62.99,65.0,Running
VEH_0069,2026-09-30 15:15:08,26.405859,77.400343,42.33,60.0,Running
VEH_0052,2026-09-30 13:56:08,18.51781,78.110332,53.35,90.0,Running
VEH_0052,2026-09-30 14:21:08,19.718123,77.793688,46.65,85.0,Running
VEH_0052,2026-09-30 13:57:08,20.910591,77.468217,48.84,80.0,Running
VEH_0052,2026-09-30 14:11:08,22.102854,77.145805,63.53,75.0,Running
VEH_0052,2026-09-30 14:27:08,23.306563,76.817098,57.42,70.0,Running
VEH_0052,2026-09-30 15:01:08,24.514721,76.503577,67.27,65.0,Running
VEH_0052,2026-09-30 15:13:08,25.735742,76.179997,69.18,60.0,Running
VEH_0020,2026-09-30 12:55:08,11.407145,77.905722,70.52,90.56,Running
VEH_0020,2026-09-30 13:56:08,11.208715,77.688368,53.51,86.11,Running
VEH_0020,2026-09-30 13:39:08,11.020043,77.484288,56.86,81.67,Running
VEH_0020,2026-09-30 14:32:08,10.834685,77.253538,63.79,77.22,Running
VEH_0020,2026-09-30 14:23:08,10.626784,77.038636,58.58,72.78,Running
VEH_0020,2026-09-30 15:03:08,10.441018,76.826371,61.27,68.33,Running
VEH_0020,2026-09-30 15:05:08,10.25444,76.636795,71.72,63.89,Running
VEH_0020,2026-09-30 15:13:08,10.048659,76.415287,52.44,59.44,Running
VEH_0080,2026-09-30 14:07:08,24.358537,76.226949,56.22,88.33,Running
VEH_0080,2026-09-30 14:07:08,21.82039,76.603413,50.15,81.67,Running
VEH_0080,2026-09-30 15:03:08,19.250122,76.972443,64.42,75.0,Running
VEH_0080,2026-09-30 15:03:08,16.718,77.344834,51.74,68.33,Running
VEH_0080,2026-09-30 15:11:08,14.150024,77.71433,69.99,61.67,Running
VEH_0011,2026-09-30 14:03:08,19.069731,75.903347,46.01,89.29,Running
VEH_0011,2026-09-30 13:47:08,19.656431,77.976471,40.21,83.57,Running
VEH_0011,2026-09-30 14:39:08,20.24029,80.046114,56.52,77.86,Running
VEH_0011,2026-09-30 14:33:08,20.809321,82.111013,67.96,72.14,Running
VEH_0011,2026-09-30 15:05:08,21.405734,84.181861,66.34,66.43,Running
VEH_0011,2026-09-30 15:15:08,21.976231,86.259065,38.66,60.71,Running
VEH_0039,2026-09-30 14:15:08,11.77185,78.082078,53.5,90.56,Running
VEH_0039,2026-09-30 14:10:08,12.665826,77.416365,60.9,86.11,Running
VEH_0039,2026-09-30 14:33:08,13.578461,76.792879,44.46,81.67,Running
VEH_0039,2026-09-30 14:47:08,14.516932,76.149917,68.86,77.22,Running
VEH_0039,2026-09-30 14:11:08,15.412772,75.496416,51.96,72.78,Running
VEH_0039,2026-09-30 14:42:08,16.349308,74.834194,45.67,68.33,Running
VEH_0039,2026-09-30 14:53:08,17.259648,74.204716,58.98,63.89,Running
VEH_0039,2026-09-30 15:12:08,18.158027,73.552859,43.32,59.44,Running
VEH_0035,2026-09-30 13:21:08,13.552378,79.408015,39.06,90.0,Running
VEH_0035,2026-09-30 14:21:08,13.484044,79.362903,54.83,85.0,Running
VEH_0035,2026-09-30 14:17:08,13.379256,79.309926,41.63,80.0,Running
VEH_0035,2026-09-30 14:23:08,13.301987,79.276719,44.83,75.0,Running
VEH_0035,2026-09-30 15:00:08,13.205949,79.227517,48.4,70.0,Running
VEH_0035,2026-09-30 15:11:08,13.12957,79.199934,69.06,65.0,Running
VEH_0035,2026-09-30 15:09:08,13.017567,79.137423,46.12,60.0,Running
VEH_0023,2026-09-30 14:10:08,11.54702,77.4304,68.7,90.0,Running
VEH_0023,2026-09-30 13:39:08,13.163511,76.743508,39.9,85.0,Running
VEH_0023,2026-09-30 13:57:08,14.795696,76.049933,38.37,80.0,Running
VEH_0023,2026-09-30 14:11:08,16.426808,75.356505,59.11,75.0,Running
VEH_0023,2026-09-30 14:54:08,18.059796,74.680258,57.4,70.0,Running
VEH_0023,2026-09-30 14:57:08,19.703047,73.983541,58.37,65.0,Running
VEH_0023,2026-09-30 15:13:08,21.342952,73.290182,68.59,60.0,Running
VEH_0066,2026-09-30 14:07:08,12.831207,78.466672,54.61,90.56,Running
VEH_0066,2026-09-30 13:35:08,14.798987,78.290948,57.19,86.11,Running
VEH_0066,2026-09-30 14:09:08,16.79939,78.115348,48.19,81.67,Running
VEH_0066,2026-09-30 13:47:08,18.808767,77.940323,54.4,77.22,Running
VEH_0066,2026-09-30 14:55:08,20.782012,77.77188,46.78,72.78,Running
VEH_0066,2026-09-30 14:54:08,22.782039,77.601753,58.71,68.33,Running
VEH_0066,2026-09-30 14:55:08,24.770414,77.412317,67.72,63.89,Running
VEH_0066,2026-09-30 15:10:08,26.783857,77.239781,67.46,59.44,Running
VEH_0072,2026-09-30 13:57:08,12.960273,79.283369,57.65,88.33,Running
VEH_0072,2026-09-30 14:35:08,12.973438,79.474658,43.21,81.67,Running
VEH_0072,2026-09-30 14:48:08,13.004245,79.678853,54.79,75.0,Running
VEH_0072,2026-09-30 14:59:08,13.020317,79.860962,61.04,68.33,Running
VEH_0072,2026-09-30 15:14:08,13.018357,80.041736,54.64,61.67,Running
VEH_0049,2026-09-30 14:07:08,12.729445,77.627261,67.73,88.33,Running
VEH_0049,2026-09-30 14:23:08,12.498419,77.723099,43.64,81.67,Running
VEH_0049,2026-09-30 14:54:08,12.288896,77.815377,70.92,75.0,Running
VEH_0049,2026-09-30 15:01:08,12.050694,77.900657,53.0,68.33,Running
VEH_0049,2026-09-30 15:16:08,11.82618,78.025402,38.35,61.67,Running
VEH_0067,2026-09-30 13:19:08,10.340995,76.696117,63.05,90.56,Running
VEH_0067,2026-09-30 13:07:08,10.692894,77.132266,41.31,86.11,Running
VEH_0067,2026-09-30 14:21:08,11.019856,77.579478,60.81,81.67,Running
VEH_0067,2026-09-30 14:42:08,11.342055,78.019869,49.11,77.22,Running
VEH_0067,2026-09-30 14:47:08,11.694311,78.464587,69.98,72.78,Running
VEH_0067,2026-09-30 14:30:08,12.017779,78.911651,51.96,68.33,Running
VEH_0067,2026-09-30 14:49:08,12.358619,79.347396,44.28,63.89,Running
VEH_0067,2026-09-30 15:12:08,12.708767,79.786296,45.92,59.44,Running
VEH_0023,2026-09-30 14:33:08,12.979306,77.905807,50.67,89.29,Running
VEH_0023,2026-09-30 13:47:08,13.008267,78.28689,51.86,83.57,Running
VEH_0023,2026-09-30 14:47:08,13.009878,78.66341,59.9,77.86,Running
VEH_0023,2026-09-30 15:03:08,13.047076,79.058697,43.63,72.14,Running
VEH_0023,2026-09-30 14:59:08,13.073391,79.442308,58.89,66.43,Running
VEH_0023,2026-09-30 15:09:08,13.070557,79.803634,60.97,60.71,Running
VEH_0009,2026-09-30 14:42:08,13.02235,76.360523,60.33,88.33,Running
VEH_0009,2026-09-30 14:27:08,16.160811,76.501888,45.26,81.67,Running
VEH_0009,2026-09-30 14:39:08,19.329188,76.624198,43.95,75.0,Running
VEH_0009,2026-09-30 14:49:08,22.470705,76.768121,47.33,68.33,Running
VEH_0009,2026-09-30 15:16:08,25.619346,76.933468,38.75,61.67,Running
VEH_0028,2026-09-30 13:57:08,16.091324,78.455448,40.14,88.33,Running
VEH_0028,2026-09-30 14:39:08,14.874873,78.384708,62.11,81.67,Running
VEH_0028,2026-09-30 14:57:08,13.62733,78.341541,53.9,75.0,Running
VEH_0028,2026-09-30 14:55:08,12.413793,78.287521,57.39,68.33,Running
VEH_0028,2026-09-30 15:10:08,11.161933,78.252002,38.88,61.67,Running
VEH_0054,2026-09-30 14:15:08,11.786712,78.027058,40.17,89.29,Running
VEH_0054,2026-09-30 14:02:08,11.984816,77.934053,55.7,83.57,Running
VEH_0054,2026-09-30 14:55:08,12.196411,77.871617,67.7,77.86,Running
VEH_0054,2026-09-30 15:03:08,12.391494,77.774851,40.38,72.14,Running
VEH_0054,2026-09-30 15:01:08,12.567747,77.696177,68.16,66.43,Running
VEH_0054,2026-09-30 15:12:08,12.7609,77.602704,52.99,60.71,Running
VEH_0038,2026-09-30 14:21:08,10.918781,77.139743,50.18,89.29,Running
VEH_0038,2026-09-30 13:52:08,10.746894,77.321675,39.6,83.57,Running
VEH_0038,2026-09-30 14:11:08,10.612888,77.476593,42.57,77.86,Running
VEH_0038,2026-09-30 15:03:08,10.450939,77.652711,59.23,72.14,Running
VEH_0038,2026-09-30 14:57:08,10.282956,77.814934,66.07,66.43,Running
VEH_0038,2026-09-30 15:14:08,10.126106,77.995377,51.89,60.71,Running
VEH_0034,2026-09-30 14:03:08,11.579219,77.73951,45.43,90.0,Running
VEH_0034,2026-09-30 13:57:08,13.122485,79.256177,40.36,85.0,Running
VEH_0034,2026-09-30 14:47:08,14.685242,80.751624,52.83,80.0,Running
VEH_0034,2026-09-30 14:27:08,16.258959,82.279319,62.32,75.0,Running
VEH_0034,2026-09-30 15:03:08,17.823604,83.771593,51.48,70.0,Running
VEH_0034,2026-09-30 14:55:08,19.38486,85.289141,62.74,65.0,Running
VEH_0034,2026-09-30 15:11:08,20.957397,86.789375,53.83,60.0,Running
VEH_0049,2026-09-30 13:47:08,12.938711,77.814003,47.31,88.33,Running
VEH_0049,2026-09-30 14:27:08,12.918521,78.084571,67.85,81.67,Running
VEH_0049,2026-09-30 14:51:08,12.931882,78.361247,44.06,75.0,Running
VEH_0049,2026-09-30 14:51:08,12.904715,78.649222,40.16,68.33,Running
VEH_0049,2026-09-30 15:13:08,12.890706,78.917149,65.59,61.67,Running
VEH_0060,2026-09-30 13:19:08,12.969921,79.242015,59.32,90.56,Running
VEH_0060,2026-09-30 14:31:08,13.033422,79.272796,40.03,86.11,Running
VEH_0060,2026-09-30 13:51:08,13.101205,79.275095,56.9,81.67,Running
VEH_0060,2026-09-30 14:17:08,13.179112,79.303358,39.54,77.22,Running
VEH_0060,2026-09-30 14:43:08,13.273974,79.355553,46.91,72.78,Running
VEH_0060,2026-09-30 14:27:08,13.330933,79.382441,41.89,68.33,Running
VEH_0060,2026-09-30 15:09:08,13.406335,79.389766,45.61,63.89,Running
VEH_0060,2026-09-30 15:09:08,13.487781,79.425031,67.97,59.44,Running
VEH_0023,2026-09-30 14:32:08,16.296554,78.242734,60.61,88.33,Running
VEH_0023,2026-09-30 14:47:08,15.235512,77.969825,65.55,81.67,Running
VEH_0023,2026-09-30 14:57:08,14.193396,77.694768,42.08,75.0,Running
VEH_0023,2026-09-30 15:07:08,13.150658,77.404445,42.44,68.33,Running
VEH_0023,2026-09-30 15:08:08,12.099784,77.161302,55.95,61.67,Running
VEH_0022,2026-09-30 14:02:08,13.02045,80.038925,57.77,88.33,Running
VEH_0022,2026-09-30 14:35:08,13.006201,79.855904,39.59,81.67,Running
VEH_0022,2026-09-30 14:33:08,12.985315,79.646811,69.0,75.0,Running
VEH_0022,2026-09-30 14:49:08,12.954267,79.474137,67.67,68.33,Running
VEH_0022,2026-09-30 15:17:08,12.924538,79.274802,65.89,61.67,Running
VEH_0007,2026-09-30 14:31:08,18.083962,73.424873,69.07,90.0,Running
VEH_0007,2026-09-30 14:03:08,17.090981,73.928394,47.95,85.0,Running
VEH_0007,2026-09-30 13:47:08,16.067122,74.42262,69.85,80.0,Running
VEH_0007,2026-09-30 14:43:08,15.089116,74.9613,42.0,75.0,Running
VEH_0007,2026-09-30 14:27:08,14.087638,75.457957,64.11,70.0,Running
VEH_0007,2026-09-30 14:57:08,13.082256,75.957743,58.7,65.0,Running
VEH_0007,2026-09-30 15:07:08,12.064865,76.490661,66.59,60.0,Running
VEH_0054,2026-09-30 13:47:08,11.938367,78.349459,67.01,88.33,Running
VEH_0054,2026-09-30 14:27:08,12.274132,78.563074,45.39,81.67,Running
VEH_0054,2026-09-30 14:33:08,12.605906,78.798288,46.9,75.0,Running
VEH_0054,2026-09-30 15:11:08,12.91835,78.997352,46.56,68.33,Running
VEH_0054,2026-09-30 15:09:08,13.258606,79.225341,71.72,61.67,Running
VEH_0032,2026-09-30 13:59:08,11.275337,77.239644,60.45,90.56,Running
VEH_0032,2026-09-30 14:03:08,11.473649,77.482985,62.39,86.11,Running
VEH_0032,2026-09-30 14:27:08,11.655952,77.740299,65.77,81.67,Running
VEH_0032,2026-09-30 13:52:08,11.856988,77.961645,67.57,77.22,Running
VEH_0032,2026-09-30 14:23:08,12.081323,78.219753,65.04,72.78,Running
VEH_0032,2026-09-30 14:42:08,12.27727,78.452154,63.09,68.33,Running
VEH_0032,2026-09-30 14:57:08,12.487326,78.720494,38.98,63.89,Running
VEH_0032,2026-09-30 15:19:08,12.667512,78.946987,64.2,59.44,Running
VEH_0073,2026-09-30 14:47:08,17.217784,74.315406,44.71,88.33,Running
VEH_0073,2026-09-30 14:23:08,15.995555,74.831756,54.36,81.67,Running
VEH_0073,2026-09-30 14:51:08,14.722296,75.329693,41.57,75.0,Running
VEH_0073,2026-09-30 14:59:08,13.486622,75.871342,50.48,68.33,Running
VEH_0073,2026-09-30 15:07:08,12.253159,76.389833,68.78,61.67,Running
VEH_0075,2026-09-30 13:33:08,21.212509,73.447397,63.31,89.29,Running
VEH_0075,2026-09-30 14:32:08,19.479357,74.317132,70.16,83.57,Running
VEH_0075,2026-09-30 14:51:08,17.769157,75.189064,61.68,77.86,Running
VEH_0075,2026-09-30 14:48:08,16.04603,76.091314,48.61,72.14,Running
VEH_0075,2026-09-30 15:07:08,14.311762,76.957618,47.03,66.43,Running
VEH_0075,2026-09-30 15:13:08,12.562644,77.835801,51.77,60.71,Running
VEH_0013,2026-09-30 13:14:08,18.077604,73.409523,38.88,90.0,Running
VEH_0013,2026-09-30 14:15:08,17.059567,73.910079,62.45,85.0,Running
VEH_0013,2026-09-30 14:02:08,16.03524,74.397969,45.32,80.0,Running
VEH_0013,2026-09-30 14:07:08,15.033627,74.904063,38.45,75.0,Running
VEH_0013,2026-09-30 14:54:08,14.019442,75.393387,64.33,70.0,Running
VEH_0013,2026-09-30 15:09:08,13.014704,75.889561,70.55,65.0,Running
VEH_0013,2026-09-30 15:18:08,12.010731,76.415745,63.5,60.0,Running
VEH_0002,2026-09-30 13:11:08,10.061098,78.058112,57.36,90.56,Running
VEH_0002,2026-09-30 13:56:08,10.173153,77.912518,66.02,86.11,Running
VEH_0002,2026-09-30 14:03:08,10.273896,77.770372,56.7,81.67,Running
VEH_0002,2026-09-30 13:47:08,10.406667,77.608006,41.48,77.22,Running
VEH_0002,2026-09-30 14:31:08,10.508843,77.477811,41.91,72.78,Running
VEH_0002,2026-09-30 14:57:08,10.643963,77.34294,46.85,68.33,Running
VEH_0002,2026-09-30 14:53:08,10.759617,77.19332,40.88,63.89,Running
VEH_0002,2026-09-30 15:16:08,10.888421,77.049663,61.88,59.44,Running
VEH_0050,2026-09-30 14:55:08,14.413062,78.318503,67.27,87.0,Running
VEH_0050,2026-09-30 14:30:08,18.010506,78.00508,67.64,79.0,Running
VEH_0050,2026-09-30 14:59:08,21.577054,77.698132,41.22,71.0,Running
VEH_0050,2026-09-30 15:07:08,25.162389,77.397538,48.18,63.0,Running
VEH_0067,2026-09-30 13:33:08,18.249426,73.791364,59.04,89.29,Running
VEH_0067,2026-09-30 14:07:08,17.374544,74.708023,65.27,83.57,Running
VEH_0067,2026-09-30 14:35:08,16.474591,75.609283,63.78,77.86,Running
VEH_0067,2026-09-30 14:36:08,15.570231,76.488148,60.3,72.14,Running
VEH_0067,2026-09-30 15:01:08,14.677848,77.397403,71.96,66.43,Running
VEH_0067,2026-09-30 15:16:08,13.770314,78.303749,61.93,60.71,Running
VEH_0065,2026-09-30 13:27:08,10.691019,78.289608,65.56,89.29,Running
VEH_0065,2026-09-30 13:57:08,10.571159,77.970859,51.96,83.57,Running
VEH_0065,2026-09-30 14:27:08,10.452117,77.628318,64.31,77.86,Running
VEH_0065,2026-09-30 14:48:08,10.357011,77.278375,53.36,72.14,Running
VEH_0065,2026-09-30 15:07:08,10.223604,76.950815,49.0,66.43,Running
VEH_0065,2026-09-30 15:13:08,10.106716,76.617073,38.11,60.71,Running
VEH_0063,2026-09-30 14:07:08,27.741269,78.959124,69.89,88.33,Running
VEH_0063,2026-09-30 14:07:08,26.724077,80.84139,63.09,81.67,Running
VEH_0063,2026-09-30 14:39:08,25.716824,82.714034,50.28,75.0,Running
VEH_0063,2026-09-30 14:51:08,24.677908,84.587702,63.54,68.33,Running
VEH_0063,2026-09-30 15:16:08,23.672026,86.468862,38.51,61.67,Running
VEH_0027,2026-09-30 12:55:08,16.757481,78.439496,53.5,90.56,Running
VEH_0027,2026-09-30 13:49:08,16.103784,78.398015,71.33,86.11,Running
VEH_0027,2026-09-30 14:21:08,15.4842,78.348948,43.17,81.67,Running
VEH_0027,2026-09-30 14:07:08,14.831996,78.319439,56.96,77.22,Running
VEH_0027,2026-09-30 14:11:08,14.187974,78.279389,68.39,72.78,Running
VEH_0027,2026-09-30 14:30:08,13.52947,78.247546,40.09,68.33,Running
VEH_0027,2026-09-30 15:01:08,12.890766,78.201026,60.09,63.89,Running
VEH_0027,2026-09-30 15:18:08,12.249355,78.148698,49.23,59.44,Running
VEH_0051,2026-09-30 14:32:08,10.09459,77.919989,38.51,88.33,Running
VEH_0051,2026-09-30 14:55:08,10.253373,77.711419,48.47,81.67,Running
VEH_0051,2026-09-30 15:03:08,10.444029,77.518877,55.91,75.0,Running
VEH_0051,2026-09-30 14:53:08,10.61918,77.304203,50.88,68.33,Running
VEH_0051,2026-09-30 15:09:08,10.81137,77.112709,69.0,61.67,Running
VEH_0009,2026-09-30 14:42:08,10.470555,76.492667,54.42,88.33,Running
VEH_0009,2026-09-30 14:47:08,10.964105,76.685154,59.27,81.67,Running
VEH_0009,2026-09-30 14:51:08,11.472943,76.915857,42.3,75.0,Running
VEH_0009,2026-09-30 15:05:08,11.976303,77.114557,43.14,68.33,Running
VEH_0009,2026-09-30 15:16:08,12.448935,77.320076,60.52,61.67,Running
VEH_0014,2026-09-30 14:55:08,14.222603,76.739139,68.61,87.0,Running
VEH_0014,2026-09-30 14:33:08,17.376923,76.496732,47.54,79.0,Running
VEH_0014,2026-09-30 14:59:08,20.540716,76.254779,38.25,71.0,Running
VEH_0014,2026-09-30 15:16:08,23.702235,75.992364,71.48,63.0,Running
VEH_0043,2026-09-30 13:52:08,20.593633,86.419449,55.36,88.33,Running
VEH_0043,2026-09-30 14:19:08,18.701596,84.538221,41.59,81.67,Running
VEH_0043,2026-09-30 14:45:08,16.787948,82.630918,65.0,75.0,Running
VEH_0043,2026-09-30 14:51:08,14.8757,80.764575,57.65,68.33,Running
VEH_0043,2026-09-30 15:09:08,12.958226,78.857304,58.68,61.67,Running
VEH_0017,2026-09-30 14:39:08,19.644277,75.121188,61.61,89.29,Running
VEH_0017,2026-09-30 14:12:08,20.136197,77.328545,42.53,83.57,Running
VEH_0017,2026-09-30 14:11:08,20.649143,79.535935,65.88,77.86,Running
VEH_0017,2026-09-30 14:27:08,21.146159,81.742451,41.33,72.14,Running
VEH_0017,2026-09-30 14:59:08,21.648184,83.941303,71.88,66.43,Running
VEH_0017,2026-09-30 15:17:08,22.153472,86.146869,55.95,60.71,Running
VEH_0019,2026-09-30 14:17:08,11.164932,78.716368,71.75,88.33,Running
VEH_0019,2026-09-30 14:35:08,11.511596,78.8178,58.42,81.67,Running
VEH_0019,2026-09-30 14:39:08,11.862298,78.910653,45.01,75.0,Running
VEH_0019,2026-09-30 15:03:08,12.179338,79.022947,51.93,68.33,Running
VEH_0019,2026-09-30 15:12:08,12.529551,79.094032,47.59,61.67,Running
VEH_0066,2026-09-30 12:47:08,20.007043,73.232326,40.31,90.56,Running
VEH_0066,2026-09-30 13:28:08,20.85348,73.569934,57.22,86.11,Running
VEH_0066,2026-09-30 14:39:08,21.716866,73.909558,66.73,81.67,Running
VEH_0066,2026-09-30 14:27:08,22.592927,74.226869,48.28,77.22,Running
VEH_0066,2026-09-30 14:55:08,23.447236,74.539335,65.87,72.78,Running
VEH_0066,2026-09-30 14:42:08,24.313696,74.881661,68.24,68.33,Running
VEH_0066,2026-09-30 14:57:08,25.181758,75.189393,50.05,63.89,Running
VEH_0066,2026-09-30 15:15:08,26.051037,75.539949,55.2,59.44,Running
VEH_0017,2026-09-30 13:33:08,17.691683,74.833177,56.23,89.29,Running
VEH_0017,2026-09-30 14:02:08,16.922066,75.72903,56.92,83.57,Running
VEH_0017,2026-09-30 14:31:08,16.141935,76.625818,57.84,77.86,Running
VEH_0017,2026-09-30 14:48:08,15.362841,77.524688,67.24,72.14,Running
VEH_0017,2026-09-30 14:57:08,14.603398,78.420656,69.79,66.43,Running
VEH_0017,2026-09-30 15:17:08,13.83641,79.326011,41.93,60.71,Running
VEH_0012,2026-09-30 14:10:08,15.536238,79.130755,69.95,90.0,Running
VEH_0012,2026-09-30 14:09:08,17.440808,78.861785,59.11,85.0,Running
VEH_0012,2026-09-30 14:47:08,19.30822,78.573882,59.23,80.0,Running
VEH_0012,2026-09-30 14:43:08,21.224433,78.25314,46.14,75.0,Running
VEH_0012,2026-09-30 15:00:08,23.114637,77.965219,64.43,70.0,Running
VEH_0012,2026-09-30 14:53:08,24.999328,77.666322,44.81,65.0,Running
VEH_0012,2026-09-30 15:13:08,26.871997,77.376195,61.54,60.0,Running
VEH_0050,2026-09-30 14:15:08,11.374598,79.271981,55.02,90.56,Running
VEH_0050,2026-09-30 13:21:08,12.755394,80.414182,43.45,86.11,Running
VEH_0050,2026-09-30 13:27:08,14.156236,81.546772,59.26,81.67,Running
VEH_0050,2026-09-30 14:42:08,15.555132,82.677474,58.87,77.22,Running
VEH_0050,2026-09-30 14:23:08,16.970184,83.795684,51.34,72.78,Running
VEH_0050,2026-09-30 14:42:08,18.361006,84.942962,63.68,68.33,Running
VEH_0050,2026-09-30 14:47:08,19.760072,86.054381,64.67,63.89,Running
VEH_0050,2026-09-30 15:14:08,21.158022,87.196696,69.69,59.44,Running
VEH_0012,2026-09-30 13:19:08,19.50737,74.630989,53.67,90.56,Running
VEH_0012,2026-09-30 14:24:08,19.879259,76.355025,46.5,86.11,Running
VEH_0012,2026-09-30 13:57:08,20.263355,78.042765,39.87,81.67,Running
VEH_0012,2026-09-30 14:17:08,20.648129,79.775335,50.8,77.22,Running
VEH_0012,2026-09-30 14:39:08,21.030692,81.490042,70.32,72.78,Running
VEH_0012,2026-09-30 14:33:08,21.413846,83.196272,57.23,68.33,Running
VEH_0012,2026-09-30 14:59:08,21.8066,84.899832,58.26,63.89,Running
VEH_0012,2026-09-30 15:16:08,22.176618,86.599979,62.87,59.44,Running
VEH_0004,2026-09-30 14:43:08,19.611566,78.23052,65.88,87.0,Running
VEH_0004,2026-09-30 14:45:08,21.901407,77.932465,49.87,79.0,Running
VEH_0004,2026-09-30 14:53:08,24.17524,77.654682,64.29,71.0,Running
VEH_0004,2026-09-30 15:16:08,26.463922,77.361471,51.52,63.0,Running
VEH_0024,2026-09-30 14:23:08,20.42728,73.691378,49.45,87.0,Running
VEH_0024,2026-09-30 14:36:08,17.817368,74.812838,42.07,79.0,Running
VEH_0024,2026-09-30 14:51:08,15.181246,75.928894,43.89,71.0,Running
VEH_0024,2026-09-30 15:13:08,12.561298,77.075976,61.76,63.0,Running
VEH_0017,2026-09-30 14:47:08,20.972358,74.119989,66.75,87.0,Running
VEH_0017,2026-09-30 14:42:08,18.999166,75.632437,43.25,79.0,Running
VEH_0017,2026-09-30 14:53:08,17.017422,77.175411,59.6,71.0,Running
VEH_0017,2026-09-30 15:15:08,15.023187,78.705235,67.19,63.0,Running
VEH_0074,2026-09-30 13:21:08,13.579673,77.635868,52.12,90.0,Running
VEH_0074,2026-09-30 14:39:08,14.1253,77.776851,65.01,85.0,Running
VEH_0074,2026-09-30 14:22:08,14.68587,77.880894,63.69,80.0,Running
VEH_0074,2026-09-30 14:43:08,15.23397,78.010924,48.15,75.0,Running
VEH_0074,2026-09-30 14:30:08,15.780321,78.122627,50.75,70.0,Running
VEH_0074,2026-09-30 15:11:08,16.308425,78.251795,54.33,65.0,Running
VEH_0074,2026-09-30 15:13:08,16.873799,78.373874,54.17,60.0,Running
VEH_0032,2026-09-30 14:03:08,10.330175,78.282688,63.68,90.0,Running
VEH_0032,2026-09-30 13:27:08,10.698436,78.40889,45.41,85.0,Running
VEH_0032,2026-09-30 14:42:08,11.069073,78.561734,58.82,80.0,Running
VEH_0032,2026-09-30 14:47:08,11.414414,78.681067,57.71,75.0,Running
VEH_0032,2026-09-30 14:51:08,11.783998,78.820042,70.61,70.0,Running
VEH_0032,2026-09-30 14:57:08,12.142364,78.927534,46.79,65.0,Running
VEH_0032,2026-09-30 15:10:08,12.502809,79.066706,53.57,60.0,Running
VEH_0007,2026-09-30 14:10:08,11.749837,78.22128,68.27,90.0,Running
VEH_0007,2026-09-30 13:51:08,11.933179,78.361416,38.31,85.0,Running
VEH_0007,2026-09-30 14:32:08,12.101883,78.4799,64.33,80.0,Running
VEH_0007,2026-09-30 14:23:08,12.258586,78.595919,54.42,75.0,Running
VEH_0007,2026-09-30 14:36:08,12.440896,78.737145,61.0,70.0,Running
VEH_0007,2026-09-30 15:07:08,12.608479,78.873855,44.71,65.0,Running
VEH_0007,2026-09-30 15:17:08,12.785171,78.980064,56.99,60.0,Running
VEH_0023,2026-09-30 14:23:08,16.683011,78.411938,47.15,90.56,Running
VEH_0023,2026-09-30 13:07:08,16.02688,78.357763,64.32,86.11,Running
VEH_0023,2026-09-30 13:51:08,15.401316,78.323986,55.44,81.67,Running
VEH_0023,2026-09-30 14:37:08,14.780069,78.297142,55.14,77.22,Running
VEH_0023,2026-09-30 14:07:08,14.150102,78.250521,62.57,72.78,Running
VEH_0023,2026-09-30 14:51:08,13.487343,78.213908,61.48,68.33,Running
VEH_0023,2026-09-30 15:09:08,12.867811,78.16508,63.72,63.89,Running
VEH_0023,2026-09-30 15:13:08,12.217169,78.142257,52.84,59.44,Running
VEH_0015,2026-09-30 14:39:08,15.090838,78.669103,71.06,87.0,Running
VEH_0015,2026-09-30 14:48:08,17.078918,77.154823,65.73,79.0,Running
VEH_0015,2026-09-30 14:47:08,19.077047,75.62548,69.28,71.0,Running
VEH_0015,2026-09-30 15:13:08,21.067293,74.081302,66.55,63.0,Running
VEH_0075,2026-09-30 14:17:08,13.111233,77.838745,44.0,88.33,Running
VEH_0075,2026-09-30 14:11:08,13.201147,78.157501,59.18,81.67,Running
VEH_0075,2026-09-30 14:33:08,13.316361,78.476536,48.45,75.0,Running
VEH_0075,2026-09-30 14:47:08,13.387122,78.779106,59.96,68.33,Running
VEH_0075,2026-09-30 15:17:08,13.488386,79.085513,51.47,61.67,Running
VEH_0028,2026-09-30 13:57:08,21.140422,86.767573,51.06,89.29,Running
VEH_0028,2026-09-30 14:07:08,19.786804,85.206707,67.51,83.57,Running
VEH_0028,2026-09-30 14:39:08,18.442206,83.670013,61.07,77.86,Running
VEH_0028,2026-09-30 14:45:08,17.10245,82.128607,55.55,72.14,Running
VEH_0028,2026-09-30 14:57:08,15.750706,80.607257,44.58,66.43,Running
VEH_0028,2026-09-30 15:13:08,14.374837,79.065115,53.23,60.71,Running
VEH_0046,2026-09-30 14:27:08,10.836187,77.118085,45.6,87.0,Running
VEH_0046,2026-09-30 14:54:08,10.639658,77.37606,70.93,79.0,Running
VEH_0046,2026-09-30 14:47:08,10.411152,77.632154,49.53,71.0,Running
VEH_0046,2026-09-30 15:17:08,10.18177,77.899489,70.34,63.0,Running
VEH_0032,2026-09-30 14:22:08,14.185626,77.726114,57.08,88.33,Running
VEH_0032,2026-09-30 14:39:08,16.731461,77.363229,44.62,81.67,Running
VEH_0032,2026-09-30 14:39:08,19.274113,76.971212,69.25,75.0,Running
VEH_0032,2026-09-30 15:01:08,21.809426,76.613429,53.23,68.33,Running
VEH_0032,2026-09-30 15:16:08,24.388722,76.2179,51.09,61.67,Running
VEH_0044,2026-09-30 14:12:08,26.119795,77.156678,69.94,88.33,Running
VEH_0044,2026-09-30 14:23:08,23.494057,77.233599,39.37,81.67,Running
VEH_0044,2026-09-30 14:42:08,20.85133,77.325349,64.67,75.0,Running
VEH_0044,2026-09-30 14:51:08,18.214717,77.421361,58.33,68.33,Running
VEH_0044,2026-09-30 15:15:08,15.555619,77.517192,41.18,61.67,Running
VEH_0071,2026-09-30 13:21:08,21.458159,73.08322,40.59,90.0,Running
VEH_0071,2026-09-30 14:27:08,19.973325,73.625538,59.39,85.0,Running
VEH_0071,2026-09-30 14:42:08,18.477995,74.190364,43.74,80.0,Running
VEH_0071,2026-09-30 14:35:08,16.983026,74.734255,56.34,75.0,Running
VEH_0071,2026-09-30 14:27:08,15.488407,75.264333,54.7,70.0,Running
VEH_0071,2026-09-30 14:47:08,13.97118,75.81433,48.59,65.0,Running
VEH_0071,2026-09-30 15:10:08,12.497318,76.350704,68.6,60.0,Running
VEH_0060,2026-09-30 14:47:08,13.366084,76.203207,65.44,87.0,Running
VEH_0060,2026-09-30 14:48:08,16.750634,76.119346,63.51,79.0,Running
VEH_0060,2026-09-30 15:07:08,20.135962,76.027264,67.32,71.0,Running
VEH_0060,2026-09-30 15:07:08,23.524934,75.930516,38.16,63.0,Running
VEH_0054,2026-09-30 13:03:08,21.923778,87.201996,50.61,90.56,Running
VEH_0054,2026-09-30 13:14:08,21.361169,86.111186,61.65,86.11,Running
VEH_0054,2026-09-30 13:27:08,20.764553,85.001608,55.43,81.67,Running
VEH_0054,2026-09-30 14:22:08,20.195978,83.914839,50.41,77.22,Running
VEH_0054,2026-09-30 14:47:08,19.614937,82.813535,47.53,72.78,Running
VEH_0054,2026-09-30 14:33:08,19.029854,81.723407,67.44,68.33,Running
VEH_0054,2026-09-30 14:53:08,18.459066,80.613365,57.18,63.89,Running
VEH_0054,2026-09-30 15:09:08,17.876967,79.546248,44.63,59.44,Running
VEH_0041,2026-09-30 13:47:08,12.584751,78.743577,68.76,88.33,Running
VEH_0041,2026-09-30 14:47:08,12.280803,78.371753,46.49,81.67,Running
VEH_0041,2026-09-30 14:33:08,11.989296,78.040024,53.69,75.0,Running
VEH_0041,2026-09-30 14:51:08,11.665487,77.699544,53.54,68.33,Running
VEH_0041,2026-09-30 15:13:08,11.371889,77.326993,50.88,61.67,Running
VEH_0037,2026-09-30 13:47:08,18.842231,73.858258,70.37,88.33,Running
VEH_0037,2026-09-30 14:55:08,18.522172,74.786458,63.23,81.67,Running
VEH_0037,2026-09-30 14:45:08,18.24446,75.703749,70.21,75.0,Running
VEH_0037,2026-09-30 14:59:08,17.929545,76.642427,55.51,68.33,Running
VEH_0037,2026-09-30 15:11:08,17.641461,77.568911,51.76,61.67,Running
VEH_0077,2026-09-30 13:28:08,11.522601,77.425669,39.88,90.0,Running
VEH_0077,2026-09-30 13:33:08,13.175256,76.7316,48.31,85.0,Running
VEH_0077,2026-09-30 13:47:08,14.805348,76.029969,68.32,80.0,Running
VEH_0077,2026-09-30 14:39:08,16.438547,75.347879,48.28,75.0,Running
VEH_0077,2026-09-30 15:03:08,18.064528,74.649802,51.95,70.0,Running
VEH_0077,2026-09-30 15:11:08,19.676366,73.949689,70.34,65.0,Running
VEH_0077,2026-09-30 15:16:08,21.313065,73.260337,43.82,60.0,Running
VEH_0034,2026-09-30 13:28:08,25.16463,75.982411,43.15,90.0,Running
VEH_0034,2026-09-30 14:33:08,23.42383,76.197023,70.3,85.0,Running
VEH_0034,2026-09-30 14:02:08,21.6807,76.448774,67.19,80.0,Running
VEH_0034,2026-09-30 14:15:08,19.923958,76.658769,69.12,75.0,Running
VEH_0034,2026-09-30 14:33:08,18.170105,76.902974,45.46,70.0,Running
VEH_0034,2026-09-30 15:03:08,16.425685,77.128898,41.73,65.0,Running
VEH_0034,2026-09-30 15:08:08,14.668333,77.365032,43.44,60.0,Running
VEH_0004,2026-09-30 13:33:08,13.306032,79.268849,54.44,89.29,Running
VEH_0004,2026-09-30 14:07:08,13.01695,79.062956,69.49,83.57,Running
VEH_0004,2026-09-30 14:07:08,12.731813,78.88408,70.19,77.86,Running
VEH_0004,2026-09-30 14:39:08,12.443627,78.693105,62.11,72.14,Running
VEH_0004,2026-09-30 15:05:08,12.149179,78.495003,69.7,66.43,Running
VEH_0004,2026-09-30 15:16:08,11.891173,78.307931,54.41,60.71,Running
VEH_0075,2026-09-30 13:19:08,26.435136,77.235169,40.22,90.56,Running
VEH_0075,2026-09-30 13:28:08,25.947591,78.608465,38.92,86.11,Running
VEH_0075,2026-09-30 14:33:08,25.457973,80.003615,66.17,81.67,Running
VEH_0075,2026-09-30 14:22:08,24.985267,81.404973,45.24,77.22,Running
VEH_0075,2026-09-30 14:27:08,24.513371,82.764352,38.96,72.78,Running
VEH_0075,2026-09-30 14:45:08,24.02736,84.174122,54.35,68.33,Running
VEH_0075,2026-09-30 14:55:08,23.512679,85.543045,59.15,63.89,Running
VEH_0075,2026-09-30 15:18:08,23.052418,86.932899,53.99,59.44,Running
VEH_0017,2026-09-30 14:23:08,11.429011,77.41205,65.27,87.0,Running
VEH_0017,2026-09-30 14:39:08,11.806661,77.81412,70.67,79.0,Running
VEH_0017,2026-09-30 15:01:08,12.159395,78.235415,52.11,71.0,Running
VEH_0017,2026-09-30 15:12:08,12.526094,78.665855,58.75,63.0,Running
VEH_0080,2026-09-30 13:27:08,11.413378,77.894188,51.98,90.56,Running
VEH_0080,2026-09-30 14:31:08,11.210211,77.689504,39.73,86.11,Running
VEH_0080,2026-09-30 13:27:08,11.019078,77.459998,69.54,81.67,Running
VEH_0080,2026-09-30 14:27:08,10.824729,77.27277,41.89,77.22,Running
VEH_0080,2026-09-30 14:11:08,10.627698,77.050136,59.85,72.78,Running
VEH_0080,2026-09-30 14:36:08,10.436174,76.822514,70.79,68.33,Running
VEH_0080,2026-09-30 14:55:08,10.260342,76.611381,45.99,63.89,Running
VEH_0080,2026-09-30 15:18:08,10.046224,76.40609,40.47,59.44,Running
VEH_0065,2026-09-30 13:33:08,20.201009,73.318768,59.12,89.29,Running
VEH_0065,2026-09-30 14:47:08,21.336895,73.73189,42.06,83.57,Running
VEH_0065,2026-09-30 14:07:08,22.434776,74.111605,66.01,77.86,Running
VEH_0065,2026-09-30 14:27:08,23.578236,74.522198,59.73,72.14,Running
VEH_0065,2026-09-30 15:05:08,24.687531,74.93045,50.7,66.43,Running
VEH_0065,2026-09-30 15:07:08,25.790088,75.353993,57.04,60.71,Running
VEH_0062,2026-09-30 14:19:08,11.756481,77.151027,50.92,87.0,Running
VEH_0062,2026-09-30 14:42:08,13.59781,76.078197,61.94,79.0,Running
VEH_0062,2026-09-30 15:09:08,15.421504,75.015531,43.0,71.0,Running
VEH_0062,2026-09-30 15:13:08,17.245567,73.971818,59.82,63.0,Running
VEH_0004,2026-09-30 14:12:08,17.049037,74.324527,59.63,88.33,Running
VEH_0004,2026-09-30 14:43:08,15.64219,74.711033,70.99,81.67,Running
VEH_0004,2026-09-30 14:36:08,14.242508,75.092844,55.67,75.0,Running
VEH_0004,2026-09-30 14:49:08,12.805566,75.504966,39.39,68.33,Running
VEH_0004,2026-09-30 15:11:08,11.396457,75.8815,70.85,61.67,Running
VEH_0010,2026-09-30 14:31:08,22.964456,72.598383,49.76,87.0,Running
VEH_0010,2026-09-30 14:39:08,22.951501,72.563874,43.1,79.0,Running
VEH_0010,2026-09-30 15:07:08,22.963563,72.558137,58.9,71.0,Running
VEH_0010,2026-09-30 15:11:08,22.945046,72.568224,56.63,63.0,Running
VEH_0019,2026-09-30 14:10:08,11.556645,77.419268,65.27,90.0,Running
VEH_0019,2026-09-30 13:51:08,13.196664,76.723564,51.64,85.0,Running
VEH_0019,2026-09-30 14:27:08,14.835617,76.025818,66.34,80.0,Running
VEH_0019,2026-09-30 14:51:08,16.498541,75.342503,55.97,75.0,Running
VEH_0019,2026-09-30 15:00:08,18.14193,74.650246,59.59,70.0,Running
VEH_0019,2026-09-30 14:57:08,19.779378,73.9632,68.25,65.0,Running
VEH_0019,2026-09-30 15:15:08,21.421379,73.267905,50.16,60.0,Running
VEH_0009,2026-09-30 14:31:08,20.980768,74.076739,58.5,87.0,Running
VEH_0009,2026-09-30 14:42:08,19.005794,75.603645,44.2,79.0,Running
VEH_0009,2026-09-30 14:55:08,17.049597,77.132764,65.93,71.0,Running
VEH_0009,2026-09-30 15:07:08,15.070997,78.659354,41.44,63.0,Running
VEH_0074,2026-09-30 14:17:08,17.576503,77.800578,49.09,90.0,Running
VEH_0074,2026-09-30 14:21:08,17.79705,77.094402,41.1,85.0,Running
VEH_0074,2026-09-30 14:32:08,18.024966,76.401699,38.78,80.0,Running
VEH_0074,2026-09-30 14:51:08,18.221409,75.706036,39.14,75.0,Running
VEH_0074,2026-09-30 15:03:08,18.445484,75.008753,48.03,70.0,Running
VEH_0074,2026-09-30 14:57:08,18.679371,74.32265,52.83,65.0,Running
VEH_0074,2026-09-30 15:16:08,18.894667,73.607524,49.73,60.0,Running
VEH_0019,2026-09-30 13:51:08,14.500531,77.32412,40.92,90.56,Running
VEH_0019,2026-09-30 13:35:08,16.072615,77.15471,66.67,86.11,Running
VEH_0019,2026-09-30 14:39:08,17.624095,76.955246,52.4,81.67,Running
VEH_0019,2026-09-30 13:47:08,19.161952,76.782537,65.14,77.22,Running
VEH_0019,2026-09-30 14:35:08,20.726587,76.579554,49.66,72.78,Running
VEH_0019,2026-09-30 14:57:08,22.27652,76.392227,68.99,68.33,Running
VEH_0019,2026-09-30 14:59:08,23.8348,76.22002,41.38,63.89,Running
VEH_0019,2026-09-30 15:19:08,25.373762,76.049855,39.15,59.44,Running
VEH_0071,2026-09-30 14:42:08,12.232829,76.393029,57.16,88.33,Running
VEH_0071,2026-09-30 14:35:08,13.493277,75.875152,48.28,81.67,Running
VEH_0071,2026-09-30 14:33:08,14.737107,75.365434,51.48,75.0,Running
VEH_0071,2026-09-30 14:59:08,15.983617,74.853836,38.82,68.33,Running
VEH_0071,2026-09-30 15:16:08,17.236181,74.327279,68.98,61.67,Running
VEH_0001,2026-09-30 14:37:08,26.171688,77.609771,58.51,88.33,Running
VEH_0001,2026-09-30 14:47:08,23.560667,78.139804,49.17,81.67,Running
VEH_0001,2026-09-30 14:48:08,20.933088,78.645579,67.33,75.0,Running
VEH_0001,2026-09-30 14:55:08,18.314616,79.152647,47.04,68.33,Running
VEH_0001,2026-09-30 15:19:08,15.721674,79.667853,57.44,61.67,Running
VEH_0064,2026-09-30 14:24:08,17.396239,74.315888,65.15,90.0,Running
VEH_0064,2026-09-30 14:27:08,16.346299,74.879007,66.08,85.0,Running
VEH_0064,2026-09-30 14:47:08,15.250456,75.415982,55.34,80.0,Running
VEH_0064,2026-09-30 14:15:08,14.202387,75.968794,63.92,75.0,Running
VEH_0064,2026-09-30 14:39:08,13.109787,76.501002,39.23,70.0,Running
VEH_0064,2026-09-30 15:01:08,12.041835,77.042418,64.04,65.0,Running
VEH_0064,2026-09-30 15:10:08,10.981532,77.594866,39.53,60.0,Running
VEH_0031,2026-09-30 14:17:08,16.775748,78.386428,64.91,90.0,Running
VEH_0031,2026-09-30 13:33:08,16.235883,78.281523,61.86,85.0,Running
VEH_0031,2026-09-30 13:57:08,15.691983,78.165316,63.01,80.0,Running
VEH_0031,2026-09-30 14:39:08,15.147773,78.040271,52.27,75.0,Running
VEH_0031,2026-09-30 14:27:08,14.577754,77.934325,39.21,70.0,Running
VEH_0031,2026-09-30 15:09:08,14.015526,77.810917,41.23,65.0,Running
VEH_0031,2026-09-30 15:07:08,13.467396,77.693963,50.58,60.0,Running
VEH_0046,2026-09-30 14:03:08,20.74805,86.596988,68.06,89.29,Running
VEH_0046,2026-09-30 13:57:08,18.943062,84.855274,69.02,83.57,Running
VEH_0046,2026-09-30 14:39:08,17.109821,83.119891,44.45,77.86,Running
VEH_0046,2026-09-30 14:39:08,15.312541,81.410225,44.53,72.14,Running
VEH_0046,2026-09-30 15:05:08,13.501848,79.674391,38.27,66.43,Running
VEH_0046,2026-09-30 15:17:08,11.684142,77.924964,64.6,60.71,Running
VEH_0064,2026-09-30 13:27:08,11.705988,78.184916,43.22,90.56,Running
VEH_0064,2026-09-30 14:10:08,12.533277,77.660937,46.92,86.11,Running
VEH_0064,2026-09-30 14:15:08,13.388746,77.126064,67.36,81.67,Running
VEH_0064,2026-09-30 14:27:08,14.238582,76.594553,46.15,77.22,Running
VEH_0064,2026-09-30 14:07:08,15.094633,76.071079,42.96,72.78,Running
VEH_0064,2026-09-30 14:33:08,15.933807,75.513582,50.5,68.33,Running
VEH_0064,2026-09-30 15:03:08,16.782662,75.000836,57.0,63.89,Running
VEH_0064,2026-09-30 15:14:08,17.634261,74.473558,57.63,59.44,Running
VEH_0031,2026-09-30 14:10:08,13.734504,77.981313,49.42,90.0,Running
VEH_0031,2026-09-30 13:45:08,15.896198,77.845123,45.24,85.0,Running
VEH_0031,2026-09-30 14:27:08,18.027441,77.720531,63.31,80.0,Running
VEH_0031,2026-09-30 14:07:08,20.194523,77.596493,67.79,75.0,Running
VEH_0031,2026-09-30 14:45:08,22.3369,77.478793,68.0,70.0,Running
VEH_0031,2026-09-30 15:01:08,24.474438,77.354478,51.67,65.0,Running
VEH_0031,2026-09-30 15:19:08,26.621621,77.213257,54.8,60.0,Running
VEH_0029,2026-09-30 13:27:08,10.910257,77.064754,60.32,89.29,Running
VEH_0029,2026-09-30 13:47:08,10.749441,77.228304,56.93,83.57,Running
VEH_0029,2026-09-30 14:35:08,10.574583,77.403081,60.98,77.86,Running
VEH_0029,2026-09-30 14:42:08,10.40558,77.586451,69.77,72.14,Running
VEH_0029,2026-09-30 15:01:08,10.233394,77.781944,47.24,66.43,Running
VEH_0029,2026-09-30 15:12:08,10.065434,77.944288,48.44,60.71,Running
VEH_0077,2026-09-30 13:43:08,16.753406,78.447893,49.95,90.56,Running
VEH_0077,2026-09-30 13:28:08,16.13259,78.414994,41.84,86.11,Running
VEH_0077,2026-09-30 13:57:08,15.482441,78.377068,52.35,81.67,Running
VEH_0077,2026-09-30 14:12:08,14.838368,78.333626,47.48,77.22,Running
VEH_0077,2026-09-30 14:39:08,14.200958,78.267794,62.83,72.78,Running
VEH_0077,2026-09-30 14:27:08,13.555323,78.237273,70.78,68.33,Running
VEH_0077,2026-09-30 14:49:08,12.89335,78.202015,43.27,63.89,Running
VEH_0077,2026-09-30 15:17:08,12.273469,78.161554,43.47,59.44,Running
VEH_0030,2026-09-30 12:55:08,13.272237,79.323693,69.7,90.56,Running
VEH_0030,2026-09-30 14:17:08,12.96915,79.241796,39.17,86.11,Running
VEH_0030,2026-09-30 14:39:08,12.648905,79.131803,47.81,81.67,Running
VEH_0030,2026-09-30 13:52:08,12.361936,79.069358,67.31,77.22,Running
VEH_0030,2026-09-30 14:07:08,12.042321,78.976307,63.04,72.78,Running
VEH_0030,2026-09-30 14:36:08,11.746196,78.878484,69.96,68.33,Running
VEH_0030,2026-09-30 15:01:08,11.428903,78.806508,55.3,63.89,Running
VEH_0030,2026-09-30 15:19:08,11.142401,78.716075,50.61,59.44,Running
VEH_0046,2026-09-30 14:43:08,18.494181,73.813027,50.27,87.0,Running
VEH_0046,2026-09-30 14:54:08,18.471894,73.805843,39.72,79.0,Running
VEH_0046,2026-09-30 14:51:08,18.47914,73.798259,65.89,71.0,Running
VEH_0046,2026-09-30 15:17:08,18.491934,73.781908,51.55,63.0,Running
VEH_0032,2026-09-30 14:03:08,10.836868,78.18454,56.42,90.0,Running
VEH_0032,2026-09-30 14:21:08,11.750413,78.207004,70.1,85.0,Running
VEH_0032,2026-09-30 14:32:08,12.687777,78.276886,49.03,80.0,Running
VEH_0032,2026-09-30 14:39:08,13.617525,78.300259,71.68,75.0,Running
VEH_0032,2026-09-30 14:30:08,14.559578,78.357306,62.09,70.0,Running
VEH_0032,2026-09-30 14:51:08,15.495427,78.4175,71.83,65.0,Running
VEH_0032,2026-09-30 15:09:08,16.399832,78.454666,39.12,60.0,Running
VEH_0038,2026-09-30 14:55:08,19.301464,77.95515,59.14,87.0,Running
VEH_0038,2026-09-30 15:00:08,21.229263,77.422651,58.94,79.0,Running
VEH_0038,2026-09-30 14:59:08,23.119212,76.903208,40.89,71.0,Running
VEH_0038,2026-09-30 15:17:08,25.011734,76.38785,54.65,63.0,Running
VEH_0045,2026-09-30 13:33:08,17.549704,77.811385,45.18,89.29,Running
VEH_0045,2026-09-30 14:42:08,17.723158,77.172574,64.21,83.57,Running
VEH_0045,2026-09-30 14:07:08,17.879559,76.490888,67.87,77.86,Running
VEH_0045,2026-09-30 14:42:08,18.018564,75.830249,51.07,72.14,Running
VEH_0045,2026-09-30 14:57:08,18.191815,75.156994,55.19,66.43,Running
VEH_0045,2026-09-30 15:17:08,18.339045,74.485922,51.14,60.71,Running
VEH_0051,2026-09-30 13:52:08,22.640023,85.684013,63.03,88.33,Running
VEH_0051,2026-09-30 14:27:08,22.727801,83.054712,55.12,81.67,Running
VEH_0051,2026-09-30 14:45:08,22.817112,80.447209,56.46,75.0,Running
VEH_0051,2026-09-30 14:55:08,22.908111,77.806077,59.71,68.33,Running
VEH_0051,2026-09-30 15:13:08,22.983967,75.180181,52.63,61.67,Running
VEH_0015,2026-09-30 14:27:08,13.049715,78.899806,44.04,88.33,Running
VEH_0015,2026-09-30 14:27:08,12.435674,78.393816,44.06,81.67,Running
VEH_0015,2026-09-30 14:54:08,11.811764,77.860806,43.35,75.0,Running
VEH_0015,2026-09-30 15:03:08,11.195179,77.329599,47.48,68.33,Running
VEH_0015,2026-09-30 15:18:08,10.587816,76.822721,68.8,61.67,Running
VEH_0079,2026-09-30 13:57:08,10.811079,77.126147,52.83,88.33,Running
VEH_0079,2026-09-30 14:15:08,10.643181,77.324624,53.88,81.67,Running
VEH_0079,2026-09-30 14:39:08,10.475994,77.542292,50.31,75.0,Running
VEH_0079,2026-09-30 15:07:08,10.29597,77.758653,58.7,68.33,Running
VEH_0079,2026-09-30 15:16:08,10.102139,77.980101,61.68,61.67,Running
VEH_0052,2026-09-30 14:27:08,11.469591,77.546042,67.7,87.0,Running
VEH_0052,2026-09-30 14:57:08,11.860003,78.202178,55.02,79.0,Running
VEH_0052,2026-09-30 14:53:08,12.265503,78.88119,70.77,71.0,Running
VEH_0052,2026-09-30 15:16:08,12.641987,79.542137,39.85,63.0,Running
VEH_0008,2026-09-30 14:12:08,22.028142,73.563489,53.61,88.33,Running
VEH_0008,2026-09-30 14:47:08,21.098683,74.564453,42.15,81.67,Running
VEH_0008,2026-09-30 14:48:08,20.170873,75.544237,57.85,75.0,Running
VEH_0008,2026-09-30 15:11:08,19.246029,76.524429,67.35,68.33,Running
VEH_0008,2026-09-30 15:17:08,18.327331,77.510444,66.2,61.67,Running
VEH_0062,2026-09-30 14:32:08,10.260211,78.152054,65.1,88.33,Running
VEH_0062,2026-09-30 14:51:08,10.515334,78.139168,44.44,81.67,Running
VEH_0062,2026-09-30 15:00:08,10.801935,78.144179,50.35,75.0,Running
VEH_0062,2026-09-30 14:47:08,11.070908,78.130266,49.88,68.33,Running
VEH_0062,2026-09-30 15:10:08,11.325261,78.112276,61.23,61.67,Running
VEH_0048,2026-09-30 13:14:08,14.180324,78.720297,45.14,90.0,Running
VEH_0048,2026-09-30 14:39:08,14.79172,78.023348,62.47,85.0,Running
VEH_0048,2026-09-30 14:12:08,15.408188,77.36041,70.9,80.0,Running
VEH_0048,2026-09-30 14:19:08,16.017925,76.668917,69.91,75.0,Running
VEH_0048,2026-09-30 14:33:08,16.638623,75.965314,61.98,70.0,Running
VEH_0048,2026-09-30 14:47:08,17.248594,75.307175,38.96,65.0,Running
VEH_0048,2026-09-30 15:07:08,17.856816,74.60129,45.45,60.0,Running
VEH_0059,2026-09-30 13:42:08,20.132097,73.257453,55.29,90.0,Running
VEH_0059,2026-09-30 14:39:08,21.085934,73.609053,39.62,85.0,Running
VEH_0059,2026-09-30 14:37:08,22.071064,73.955927,69.71,80.0,Running
VEH_0059,2026-09-30 14:11:08,23.034463,74.31822,70.51,75.0,Running
VEH_0059,2026-09-30 14:54:08,24.007306,74.670571,59.0,70.0,Running
VEH_0059,2026-09-30 15:05:08,24.979956,75.038527,70.68,65.0,Running
VEH_0059,2026-09-30 15:16:08,25.959594,75.395835,38.18,60.0,Running
VEH_0011,2026-09-30 14:55:08,15.050807,77.918842,60.27,87.0,Running
VEH_0011,2026-09-30 14:27:08,18.49208,77.69853,42.25,79.0,Running
VEH_0011,2026-09-30 14:49:08,21.90714,77.476668,56.96,71.0,Running
VEH_0011,2026-09-30 15:12:08,25.323958,77.286567,38.28,63.0,Running
VEH_0017,2026-09-30 14:43:08,26.713054,76.448119,54.77,87.0,Running
VEH_0017,2026-09-30 15:00:08,24.65382,75.825594,71.67,79.0,Running
VEH_0017,2026-09-30 14:57:08,22.589724,75.204607,42.5,71.0,Running
VEH_0017,2026-09-30 15:12:08,20.540156,74.548045,58.52,63.0,Running
VEH_0065,2026-09-30 13:28:08,11.179427,78.812604,68.31,90.0,Running
VEH_0065,2026-09-30 13:45:08,11.556937,78.914274,43.8,85.0,Running
VEH_0065,2026-09-30 13:57:08,11.891595,78.996808,43.41,80.0,Running
VEH_0065,2026-09-30 14:15:08,12.238156,79.091295,64.91,75.0,Running
VEH_0065,2026-09-30 14:36:08,12.585636,79.16355,63.62,70.0,Running
VEH_0065,2026-09-30 15:01:08,12.949866,79.269082,48.98,65.0,Running
VEH_0065,2026-09-30 15:15:08,13.287726,79.341455,45.45,60.0,Running
VEH_0042,2026-09-30 14:21:08,16.693266,78.297239,52.51,89.29,Running
VEH_0042,2026-09-30 14:12:08,16.071432,78.188746,49.83,83.57,Running
VEH_0042,2026-09-30 14:47:08,15.445874,78.047809,59.61,77.86,Running
VEH_0042,2026-09-30 14:51:08,14.813831,77.922073,44.24,72.14,Running
VEH_0042,2026-09-30 14:55:08,14.204027,77.775048,49.36,66.43,Running
VEH_0042,2026-09-30 15:10:08,13.584163,77.639108,48.01,60.71,Running
VEH_0002,2026-09-30 14:19:08,14.057901,78.089447,42.83,87.0,Running
VEH_0002,2026-09-30 14:39:08,17.254731,77.508486,66.93,79.0,Running
VEH_0002,2026-09-30 15:11:08,20.471834,76.958,53.27,71.0,Running
VEH_0002,2026-09-30 15:17:08,23.702993,76.409177,70.63,63.0,Running
VEH_0008,2026-09-30 14:15:08,17.7545,77.369819,67.44,87.0,Running
VEH_0008,2026-09-30 14:30:08,18.068817,76.257514,51.3,79.0,Running
VEH_0008,2026-09-30 14:53:08,18.419279,75.146627,42.25,71.0,Running
VEH_0008,2026-09-30 15:15:08,18.750234,74.017797,38.27,63.0,Running
VEH_0038,2026-09-30 13:27:08,12.399011,76.402815,51.32,90.56,Running
VEH_0038,2026-09-30 14:10:08,13.722806,75.909783,62.19,86.11,Running
VEH_0038,2026-09-30 14:09:08,15.081402,75.428613,52.13,81.67,Running
VEH_0038,2026-09-30 13:57:08,16.391383,74.969197,53.82,77.22,Running
VEH_0038,2026-09-30 14:11:08,17.722084,74.489317,48.56,72.78,Running
VEH_0038,2026-09-30 14:45:08,19.074548,73.994307,69.3,68.33,Running
VEH_0038,2026-09-30 14:57:08,20.410115,73.525875,53.88,63.89,Running
VEH_0038,2026-09-30 15:13:08,21.744295,73.042098,42.21,59.44,Running
VEH_0065,2026-09-30 14:07:08,14.650987,78.974023,71.23,90.56,Running
VEH_0065,2026-09-30 14:03:08,16.401341,78.73119,64.69,86.11,Running
VEH_0065,2026-09-30 13:51:08,18.170782,78.493373,61.02,81.67,Running
VEH_0065,2026-09-30 14:12:08,19.935049,78.274049,40.73,77.22,Running
VEH_0065,2026-09-30 14:43:08,21.679176,78.034231,54.55,72.78,Running
VEH_0065,2026-09-30 14:51:08,23.436427,77.779688,65.5,68.33,Running
VEH_0065,2026-09-30 14:59:08,25.194942,77.562675,53.59,63.89,Running
VEH_0065,2026-09-30 15:17:08,26.95966,77.329754,42.12,59.44,Running
VEH_0062,2026-09-30 14:39:08,11.522182,77.398277,53.68,87.0,Running
VEH_0062,2026-09-30 15:03:08,12.03165,77.907495,66.52,79.0,Running
VEH_0062,2026-09-30 14:57:08,12.54467,78.388465,62.79,71.0,Running
VEH_0062,2026-09-30 15:14:08,13.054231,78.914784,53.44,63.0,Running
VEH_0065,2026-09-30 14:32:08,18.259364,80.126179,67.08,88.33,Running
VEH_0065,2026-09-30 14:43:08,19.131605,81.75842,68.65,81.67,Running
VEH_0065,2026-09-30 14:39:08,19.972419,83.408153,54.78,75.0,Running
VEH_0065,2026-09-30 15:05:08,20.843238,85.056,43.58,68.33,Running
VEH_0065,2026-09-30 15:10:08,21.700625,86.68331,71.55,61.67,Running
VEH_0032,2026-09-30 14:42:08,27.196806,75.954086,58.26,88.33,Running
VEH_0032,2026-09-30 14:35:08,27.509855,76.192341,40.51,81.67,Running
VEH_0032,2026-09-30 15:00:08,27.818165,76.395496,54.64,75.0,Running
VEH_0032,2026-09-30 14:55:08,28.129886,76.624314,57.9,68.33,Running
VEH_0032,2026-09-30 15:19:08,28.451387,76.858779,50.68,61.67,Running
VEH_0003,2026-09-30 14:09:08,13.569176,79.016257,65.17,89.29,Running
VEH_0003,2026-09-30 14:12:08,14.205306,78.923626,67.91,83.57,Running
VEH_0003,2026-09-30 14:31:08,14.818463,78.852839,62.39,77.86,Running
VEH_0003,2026-09-30 14:51:08,15.448431,78.755793,45.3,72.14,Running
VEH_0003,2026-09-30 14:53:08,16.094758,78.687492,57.9,66.43,Running
VEH_0003,2026-09-30 15:08:08,16.716995,78.579627,53.0,60.71,Running
VEH_0053,2026-09-30 14:32:08,12.581071,79.849827,67.92,88.33,Running
VEH_0053,2026-09-30 14:31:08,12.024245,79.495671,47.11,81.67,Running
VEH_0053,2026-09-30 14:36:08,11.491167,79.168061,71.52,75.0,Running
VEH_0053,2026-09-30 14:47:08,10.975773,78.804364,66.07,68.33,Running
VEH_0053,2026-09-30 15:13:08,10.446129,78.484195,52.7,61.67,Running
VEH_0076,2026-09-30 13:59:08,10.813551,78.641898,55.78,90.56,Running
VEH_0076,2026-09-30 13:42:08,10.81963,78.658062,38.06,86.11,Running
VEH_0076,2026-09-30 13:51:08,10.844439,78.665975,44.63,81.67,Running
VEH_0076,2026-09-30 14:37:08,10.82934,78.686403,54.16,77.22,Running
VEH_0076,2026-09-30 14:07:08,10.820744,78.680109,65.46,72.78,Running
VEH_0076,2026-09-30 14:27:08,10.828163,78.69325,65.7,68.33,Running
VEH_0076,2026-09-30 15:07:08,10.845655,78.698547,48.78,63.89,Running
VEH_0076,2026-09-30 15:12:08,10.8388,78.722535,49.82,59.44,Running
VEH_0044,2026-09-30 14:24:08,11.217012,77.18354,52.13,90.0,Running
VEH_0044,2026-09-30 13:33:08,11.460365,77.450172,49.32,85.0,Running
VEH_0044,2026-09-30 13:52:08,11.707127,77.710312,50.85,80.0,Running
VEH_0044,2026-09-30 14:11:08,11.956087,78.001704,57.88,75.0,Running
VEH_0044,2026-09-30 14:36:08,12.186133,78.26091,70.3,70.0,Running
VEH_0044,2026-09-30 14:57:08,12.405878,78.545586,50.41,65.0,Running
VEH_0044,2026-09-30 15:09:08,12.666024,78.827062,47.2,60.0,Running
VEH_0069,2026-09-30 14:22:08,12.509196,77.633939,68.29,88.33,Running
VEH_0069,2026-09-30 14:43:08,12.000053,77.726871,54.78,81.67,Running
VEH_0069,2026-09-30 14:30:08,11.472815,77.839419,51.0,75.0,Running
VEH_0069,2026-09-30 14:51:08,10.962681,77.924474,67.16,68.33,Running
VEH_0069,2026-09-30 15:11:08,10.430525,78.015326,44.81,61.67,Running
VEH_0080,2026-09-30 13:27:08,21.540046,73.679882,54.81,89.29,Running
VEH_0080,2026-09-30 14:37:08,20.144176,74.750853,56.12,83.57,Running
VEH_0080,2026-09-30 14:31:08,18.736021,75.857117,64.97,77.86,Running
VEH_0080,2026-09-30 15:00:08,17.341347,76.928486,57.85,72.14,Running
VEH_0080,2026-09-30 15:03:08,15.931857,78.018236,68.49,66.43,Running
VEH_0080,2026-09-30 15:14:08,14.512156,79.11039,50.33,60.71,Running
VEH_0058,2026-09-30 14:47:08,13.615808,79.082897,50.85,88.33,Running
VEH_0058,2026-09-30 14:23:08,14.355863,78.957209,55.89,81.67,Running
VEH_0058,2026-09-30 14:36:08,15.080241,78.834959,40.78,75.0,Running
VEH_0058,2026-09-30 14:49:08,15.829782,78.678832,44.49,68.33,Running
VEH_0058,2026-09-30 15:08:08,16.556429,78.555338,69.09,61.67,Running
VEH_0077,2026-09-30 13:52:08,18.586598,73.670414,38.07,88.33,Running
VEH_0077,2026-09-30 14:07:08,18.700507,73.510558,65.86,81.67,Running
VEH_0077,2026-09-30 14:57:08,18.783343,73.369825,43.91,75.0,Running
VEH_0077,2026-09-30 14:59:08,18.878392,73.209457,71.76,68.33,Running
VEH_0077,2026-09-30 15:07:08,18.992051,73.051801,48.12,61.67,Running
VEH_0051,2026-09-30 13:35:08,27.973163,78.509009,50.19,90.0,Running
VEH_0051,2026-09-30 14:33:08,27.202815,79.91277,57.03,85.0,Running
VEH_0051,2026-09-30 13:47:08,26.439337,81.30866,60.48,80.0,Running
VEH_0051,2026-09-30 14:15:08,25.694508,82.711045,58.05,75.0,Running
VEH_0051,2026-09-30 14:51:08,24.91852,84.126071,54.45,70.0,Running
VEH_0051,2026-09-30 15:11:08,24.165339,85.53664,63.81,65.0,Running
VEH_0051,2026-09-30 15:08:08,23.405877,86.956625,47.7,60.0,Running
VEH_0038,2026-09-30 14:51:08,27.489459,79.338016,64.98,87.0,Running
VEH_0038,2026-09-30 14:54:08,26.262375,81.576052,63.51,79.0,Running
VEH_0038,2026-09-30 15:11:08,25.036704,83.830906,52.85,71.0,Running
VEH_0038,2026-09-30 15:12:08,23.786816,86.078154,42.21,63.0,Running
VEH_0004,2026-09-30 14:42:08,22.326957,72.626121,54.94,88.33,Running
VEH_0004,2026-09-30 14:23:08,21.677684,72.686577,55.32,81.67,Running
VEH_0004,2026-09-30 15:00:08,21.03105,72.750208,53.09,75.0,Running
VEH_0004,2026-09-30 15:05:08,20.396738,72.805406,42.27,68.33,Running
VEH_0004,2026-09-30 15:11:08,19.777656,72.868497,71.58,61.67,Running
VEH_0080,2026-09-30 14:22:08,13.051635,80.236822,53.6,88.33,Running
VEH_0080,2026-09-30 14:39:08,13.06978,80.247391,41.83,81.67,Running
VEH_0080,2026-09-30 14:57:08,13.077109,80.276101,51.19,75.0,Running
VEH_0080,2026-09-30 15:07:08,13.091374,80.283963,63.31,68.33,Running
VEH_0080,2026-09-30 15:15:08,13.111968,80.301854,61.96,61.67,Running
VEH_0017,2026-09-30 14:07:08,14.620983,76.760404,71.05,88.33,Running
VEH_0017,2026-09-30 14:27:08,16.302764,75.904181,48.65,81.67,Running
VEH_0017,2026-09-30 14:36:08,17.990134,75.091317,59.83,75.0,Running
VEH_0017,2026-09-30 15:11:08,19.678316,74.252557,46.8,68.33,Running
VEH_0017,2026-09-30 15:11:08,21.385011,73.395521,41.33,61.67,Running
VEH_0013,2026-09-30 13:28:08,25.269266,76.293575,42.62,90.0,Running
VEH_0013,2026-09-30 13:33:08,23.595147,76.735339,41.67,85.0,Running
VEH_0013,2026-09-30 14:17:08,21.937446,77.189226,46.52,80.0,Running
VEH_0013,2026-09-30 14:55:08,20.289895,77.648585,53.3,75.0,Running
VEH_0013,2026-09-30 14:36:08,18.631189,78.093141,39.7,70.0,Running
VEH_0013,2026-09-30 15:05:08,16.957452,78.539165,38.74,65.0,Running
VEH_0013,2026-09-30 15:17:08,15.313514,78.980577,69.55,60.0,Running
VEH_0057,2026-09-30 14:15:08,17.625065,74.32719,58.2,90.56,Running
VEH_0057,2026-09-30 14:17:08,16.780434,74.878484,38.82,86.11,Running
VEH_0057,2026-09-30 14:33:08,15.93101,75.438458,66.24,81.67,Running
VEH_0057,2026-09-30 14:12:08,15.088872,75.989142,39.28,77.22,Running
VEH_0057,2026-09-30 14:23:08,14.229996,76.538375,62.43,72.78,Running
VEH_0057,2026-09-30 14:33:08,13.399577,77.068203,62.49,68.33,Running
VEH_0057,2026-09-30 14:57:08,12.558332,77.617556,70.57,63.89,Running
VEH_0057,2026-09-30 15:08:08,11.694019,78.16016,47.6,59.44,Running
VEH_0064,2026-09-30 14:35:08,12.432985,78.621537,39.03,87.0,Running
VEH_0064,2026-09-30 14:48:08,14.988482,81.065962,66.26,79.0,Running
VEH_0064,2026-09-30 14:55:08,17.54249,83.491668,61.69,71.0,Running
VEH_0064,2026-09-30 15:19:08,20.092884,85.93368,64.97,63.0,Running
VEH_0047,2026-09-30 13:21:08,28.494457,76.925893,51.48,90.0,Running
VEH_0047,2026-09-30 13:39:08,28.26404,76.749157,50.13,85.0,Running
VEH_0047,2026-09-30 14:32:08,28.054237,76.574062,54.22,80.0,Running
VEH_0047,2026-09-30 14:39:08,27.827997,76.405393,48.57,75.0,Running
VEH_0047,2026-09-30 14:51:08,27.604671,76.251612,71.11,70.0,Running
VEH_0047,2026-09-30 15:09:08,27.38367,76.095304,70.5,65.0,Running
VEH_0047,2026-09-30 15:10:08,27.155945,75.901616,51.19,60.0,Running
VEH_0065,2026-09-30 13:33:08,21.204248,87.182161,65.4,89.29,Running
VEH_0065,2026-09-30 13:52:08,19.866085,86.039455,56.0,83.57,Running
VEH_0065,2026-09-30 14:23:08,18.522288,84.875911,50.61,77.86,Running
VEH_0065,2026-09-30 15:03:08,17.169806,83.736477,42.74,72.14,Running
VEH_0065,2026-09-30 14:53:08,15.811333,82.58754,61.6,66.43,Running
VEH_0065,2026-09-30 15:10:08,14.464772,81.447244,70.86,60.71,Running
VEH_0048,2026-09-30 13:11:08,12.227775,78.135316,65.98,90.56,Running
VEH_0048,2026-09-30 13:56:08,12.85985,78.16884,43.72,86.11,Running
VEH_0048,2026-09-30 14:09:08,13.510912,78.215749,43.75,81.67,Running
VEH_0048,2026-09-30 14:42:08,14.129605,78.263336,69.21,77.22,Running
VEH_0048,2026-09-30 14:35:08,14.757899,78.303678,49.79,72.78,Running
VEH_0048,2026-09-30 14:30:08,15.41169,78.333845,62.27,68.33,Running
VEH_0048,2026-09-30 14:49:08,16.030415,78.376433,46.38,63.89,Running
VEH_0048,2026-09-30 15:15:08,16.667837,78.393639,43.49,59.44,Running
VEH_0053,2026-09-30 14:10:08,12.070333,76.482936,57.58,90.0,Running
VEH_0053,2026-09-30 14:15:08,13.085691,75.980331,40.19,85.0,Running
VEH_0053,2026-09-30 13:57:08,14.103268,75.470442,59.29,80.0,Running
VEH_0053,2026-09-30 14:55:08,15.103231,74.953704,54.44,75.0,Running
VEH_0053,2026-09-30 14:36:08,16.120358,74.449305,41.28,70.0,Running
VEH_0053,2026-09-30 15:01:08,17.099651,73.928978,68.21,65.0,Running
VEH_0053,2026-09-30 15:12:08,18.127317,73.426355,39.06,60.0,Running
VEH_0015,2026-09-30 14:12:08,15.518182,78.84658,41.27,88.33,Running
VEH_0015,2026-09-30 14:07:08,18.18542,78.478247,43.43,81.67,Running
VEH_0015,2026-09-30 14:48:08,20.836022,78.124731,41.0,75.0,Running
VEH_0015,2026-09-30 15:07:08,23.48052,77.794944,52.68,68.33,Running
VEH_0015,2026-09-30 15:09:08,26.103002,77.429063,44.48,61.67,Running
VEH_0015,2026-09-30 14:39:08,11.793621,77.100228,71.27,87.0,Running
VEH_0015,2026-09-30 14:39:08,13.617329,76.070031,56.28,79.0,Running
VEH_0015,2026-09-30 15:07:08,15.433482,75.009972,44.69,71.0,Running
VEH_0015,2026-09-30 15:15:08,17.250405,73.971385,66.44,63.0,Running
VEH_0040,2026-09-30 13:27:08,12.145649,79.785495,48.35,90.56,Running
VEH_0040,2026-09-30 13:49:08,13.463813,80.853319,64.66,86.11,Running
VEH_0040,2026-09-30 13:51:08,14.786722,81.932836,65.46,81.67,Running
VEH_0040,2026-09-30 14:02:08,16.106709,82.998657,56.0,77.22,Running
VEH_0040,2026-09-30 14:47:08,17.402535,84.071093,50.06,72.78,Running
VEH_0040,2026-09-30 14:45:08,18.709985,85.158819,48.74,68.33,Running
VEH_0040,2026-09-30 15:01:08,20.035683,86.232076,48.68,63.89,Running
VEH_0040,2026-09-30 15:10:08,21.325831,87.288609,63.64,59.44,Running
VEH_0054,2026-09-30 14:37:08,11.404555,75.840681,58.21,88.33,Running
VEH_0054,2026-09-30 14:43:08,12.840898,75.416658,46.69,81.67,Running
VEH_0054,2026-09-30 14:36:08,14.228272,75.023344,39.25,75.0,Running
VEH_0054,2026-09-30 14:57:08,15.660198,74.612442,40.94,68.33,Running
VEH_0054,2026-09-30 15:14:08,17.052553,74.181461,64.98,61.67,Running
VEH_0009,2026-09-30 14:15:08,22.464182,72.727593,66.3,90.56,Running
VEH_0009,2026-09-30 14:17:08,21.971515,72.900085,70.74,86.11,Running
VEH_0009,2026-09-30 13:33:08,21.473479,73.040224,48.33,81.67,Running
VEH_0009,2026-09-30 14:37:08,20.962335,73.199302,54.73,77.22,Running
VEH_0009,2026-09-30 14:19:08,20.461276,73.329897,70.79,72.78,Running
VEH_0009,2026-09-30 14:36:08,19.970153,73.477947,56.66,68.33,Running
VEH_0009,2026-09-30 14:49:08,19.485317,73.638129,57.84,63.89,Running
VEH_0009,2026-09-30 15:11:08,18.98415,73.784307,50.11,59.44,Running
VEH_0062,2026-09-30 14:07:08,10.805714,77.112587,49.0,88.33,Running
VEH_0062,2026-09-30 14:51:08,10.642064,77.320126,42.5,81.67,Running
VEH_0062,2026-09-30 14:30:08,10.460152,77.521455,71.04,75.0,Running
VEH_0062,2026-09-30 14:51:08,10.27731,77.718807,57.94,68.33,Running
VEH_0062,2026-09-30 15:08:08,10.087155,77.924221,56.7,61.67,Running
VEH_0045,2026-09-30 13:03:08,10.251799,78.136043,64.32,90.56,Running
VEH_0045,2026-09-30 13:49:08,10.592123,78.065939,59.88,86.11,Running
VEH_0045,2026-09-30 14:27:08,10.923158,77.98661,42.97,81.67,Running
VEH_0045,2026-09-30 14:47:08,11.264665,77.919694,60.63,77.22,Running
VEH_0045,2026-09-30 14:43:08,11.595198,77.856418,43.06,72.78,Running
VEH_0045,2026-09-30 14:30:08,11.931193,77.783144,39.33,68.33,Running
VEH_0045,2026-09-30 14:55:08,12.263118,77.74163,39.79,63.89,Running
VEH_0045,2026-09-30 15:13:08,12.595673,77.655244,70.65,59.44,Running
VEH_0072,2026-09-30 13:43:08,13.991312,79.300687,65.6,90.56,Running
VEH_0072,2026-09-30 13:28:08,14.41468,79.188007,58.59,86.11,Running
VEH_0072,2026-09-30 13:39:08,14.828658,79.094812,47.91,81.67,Running
VEH_0072,2026-09-30 14:07:08,15.236114,78.99188,41.68,77.22,Running
VEH_0072,2026-09-30 14:43:08,15.672078,78.887584,39.05,72.78,Running
VEH_0072,2026-09-30 14:48:08,16.072569,78.813386,56.76,68.33,Running
VEH_0072,2026-09-30 15:09:08,16.506153,78.703721,41.66,63.89,Running
VEH_0072,2026-09-30 15:07:08,16.930845,78.610019,45.49,59.44,Running
VEH_0050,2026-09-30 14:27:08,26.149856,75.12069,49.44,87.0,Running
VEH_0050,2026-09-30 14:36:08,25.375433,74.470748,40.46,79.0,Running
VEH_0050,2026-09-30 14:53:08,24.598222,73.825272,48.02,71.0,Running
VEH_0050,2026-09-30 15:15:08,23.843767,73.19933,63.44,63.0,Running
VEH_0066,2026-09-30 13:42:08,12.068252,76.381357,46.91,90.0,Running
VEH_0066,2026-09-30 13:33:08,13.082436,75.883749,50.04,85.0,Running
VEH_0066,2026-09-30 14:12:08,14.089732,75.384612,54.12,80.0,Running
VEH_0066,2026-09-30 14:07:08,15.108846,74.887388,71.38,75.0,Running
VEH_0066,2026-09-30 14:39:08,16.111359,74.395528,63.3,70.0,Running
VEH_0066,2026-09-30 14:49:08,17.130905,73.885397,53.09,65.0,Running
VEH_0066,2026-09-30 15:09:08,18.139715,73.409159,55.9,60.0,Running
VEH_0070,2026-09-30 13:56:08,11.303765,77.060857,39.81,90.0,Running
VEH_0070,2026-09-30 13:57:08,11.546295,77.112663,42.57,85.0,Running
VEH_0070,2026-09-30 14:02:08,11.807462,77.191043,67.18,80.0,Running
VEH_0070,2026-09-30 14:27:08,12.038944,77.263893,42.65,75.0,Running
VEH_0070,2026-09-30 14:54:08,12.288798,77.325958,71.71,70.0,Running
VEH_0070,2026-09-30 14:53:08,12.534903,77.402406,61.15,65.0,Running
VEH_0070,2026-09-30 15:17:08,12.800484,77.449506,70.38,60.0,Running
VEH_0070,2026-09-30 14:09:08,12.775194,79.757056,41.45,89.29,Running
VEH_0070,2026-09-30 14:27:08,12.485578,79.299449,59.51,83.57,Running
VEH_0070,2026-09-30 14:35:08,12.198882,78.824985,46.67,77.86,Running
VEH_0070,2026-09-30 14:48:08,11.927137,78.360967,53.92,72.14,Running
VEH_0070,2026-09-30 15:07:08,11.622117,77.907778,65.78,66.43,Running
VEH_0070,2026-09-30 15:10:08,11.353194,77.442817,45.81,60.71,Running
VEH_0022,2026-09-30 14:37:08,27.729721,78.934089,64.58,88.33,Running
VEH_0022,2026-09-30 14:51:08,26.666127,80.809841,71.45,81.67,Running
VEH_0022,2026-09-30 14:45:08,25.643353,82.678397,59.72,75.0,Running
VEH_0022,2026-09-30 14:53:08,24.588403,84.548506,55.49,68.33,Running
VEH_0022,2026-09-30 15:09:08,23.54874,86.419909,41.01,61.67,Running
VEH_0034,2026-09-30 14:23:08,13.384675,76.202957,60.59,87.0,Running
VEH_0034,2026-09-30 14:30:08,16.771283,76.114221,67.91,79.0,Running
VEH_0034,2026-09-30 14:51:08,20.161805,76.015922,45.67,71.0,Running
VEH_0034,2026-09-30 15:07:08,23.533529,75.944255,53.72,63.0,Running
VEH_0002,2026-09-30 14:55:08,10.602509,76.823145,67.9,87.0,Running
VEH_0002,2026-09-30 14:48:08,11.165866,77.383659,42.6,79.0,Running
VEH_0002,2026-09-30 15:07:08,11.752776,77.977784,42.36,71.0,Running
VEH_0002,2026-09-30 15:17:08,12.353732,78.532652,41.54,63.0,Running
VEH_0013,2026-09-30 14:31:08,27.486179,76.675254,71.87,90.0,Running
VEH_0013,2026-09-30 14:03:08,26.18293,76.260529,65.09,85.0,Running
VEH_0013,2026-09-30 14:07:08,24.893736,75.829907,41.26,80.0,Running
VEH_0013,2026-09-30 14:27:08,23.63057,75.420451,55.87,75.0,Running
VEH_0013,2026-09-30 14:42:08,22.344626,75.015948,53.8,70.0,Running
VEH_0013,2026-09-30 15:11:08,21.036098,74.615719,61.14,65.0,Running
VEH_0013,2026-09-30 15:08:08,19.755233,74.184167,63.71,60.0,Running
VEH_0042,2026-09-30 14:51:08,16.25744,78.729387,50.19,87.0,Running
VEH_0042,2026-09-30 14:36:08,18.919242,77.981922,41.12,79.0,Running
VEH_0042,2026-09-30 14:59:08,21.595898,77.224011,52.69,71.0,Running
VEH_0042,2026-09-30 15:19:08,24.261852,76.504119,59.56,63.0,Running
VEH_0027,2026-09-30 13:35:08,18.146848,73.282704,49.03,90.56,Running
VEH_0027,2026-09-30 13:35:08,17.110639,73.652566,51.75,86.11,Running
VEH_0027,2026-09-30 13:33:08,16.093671,74.039596,45.76,81.67,Running
VEH_0027,2026-09-30 14:27:08,15.070422,74.403293,45.82,77.22,Running
VEH_0027,2026-09-30 14:47:08,14.062378,74.779023,70.63,72.78,Running
VEH_0027,2026-09-30 14:27:08,13.033333,75.163607,46.61,68.33,Running
VEH_0027,2026-09-30 14:53:08,12.026833,75.546352,58.87,63.89,Running
VEH_0027,2026-09-30 15:10:08,11.018198,75.896188,62.29,59.44,Running
VEH_0023,2026-09-30 13:59:08,19.56767,72.889975,57.1,90.56,Running
VEH_0023,2026-09-30 13:35:08,19.971358,72.856616,43.89,86.11,Running
VEH_0023,2026-09-30 14:09:08,20.420993,72.814523,60.87,81.67,Running
VEH_0023,2026-09-30 14:42:08,20.835145,72.760745,71.53,77.22,Running
VEH_0023,2026-09-30 14:23:08,21.24404,72.750019,68.6,72.78,Running
VEH_0023,2026-09-30 14:27:08,21.67165,72.689674,57.15,68.33,Running
VEH_0023,2026-09-30 15:03:08,22.120993,72.669104,51.72,63.89,Running
VEH_0023,2026-09-30 15:10:08,22.525846,72.615238,53.16,59.44,Running
VEH_0034,2026-09-30 13:45:08,12.522235,77.339424,45.46,89.29,Running
VEH_0034,2026-09-30 14:47:08,12.098603,77.158472,45.93,83.57,Running
VEH_0034,2026-09-30 14:47:08,11.688352,76.999709,62.96,77.86,Running
VEH_0034,2026-09-30 14:27:08,11.266658,76.800404,44.4,72.14,Running
VEH_0034,2026-09-30 15:03:08,10.822533,76.645767,43.08,66.43,Running
VEH_0034,2026-09-30 15:08:08,10.412698,76.462642,70.28,60.71,Running
VEH_0071,2026-09-30 13:27:08,22.621924,86.07464,50.24,89.29,Running
VEH_0071,2026-09-30 14:47:08,22.667333,83.817003,45.28,83.57,Running
VEH_0071,2026-09-30 14:39:08,22.717133,81.572444,48.8,77.86,Running
VEH_0071,2026-09-30 14:51:08,22.771618,79.304794,46.36,72.14,Running
VEH_0071,2026-09-30 14:59:08,22.83853,77.056575,48.0,66.43,Running
VEH_0071,2026-09-30 15:16:08,22.888447,74.804062,43.24,60.71,Running
VEH_0059,2026-09-30 14:22:08,27.189937,75.969248,38.87,88.33,Running
VEH_0059,2026-09-30 14:43:08,27.51977,76.189938,64.24,81.67,Running
VEH_0059,2026-09-30 15:00:08,27.835697,76.413852,60.09,75.0,Running
VEH_0059,2026-09-30 14:53:08,28.137084,76.64884,66.38,68.33,Running
VEH_0059,2026-09-30 15:13:08,28.452727,76.860937,58.65,61.67,Running
VEH_0041,2026-09-30 13:35:08,19.600782,74.832518,71.27,90.0,Running
VEH_0041,2026-09-30 14:33:08,20.042243,76.755407,39.5,85.0,Running
VEH_0041,2026-09-30 13:57:08,20.467804,78.697579,55.11,80.0,Running
VEH_0041,2026-09-30 14:51:08,20.902758,80.631104,57.42,75.0,Running
VEH_0041,2026-09-30 14:51:08,21.351825,82.57548,60.62,70.0,Running
VEH_0041,2026-09-30 15:05:08,21.788503,84.497715,68.02,65.0,Running
VEH_0041,2026-09-30 15:07:08,22.211457,86.437176,53.89,60.0,Running
VEH_0020,2026-09-30 14:10:08,13.176521,80.189797,64.95,90.0,Running
VEH_0020,2026-09-30 13:51:08,13.266833,80.092437,61.04,85.0,Running
VEH_0020,2026-09-30 14:02:08,13.305254,79.977306,48.43,80.0,Running
VEH_0020,2026-09-30 14:35:08,13.374535,79.861454,48.78,75.0,Running
VEH_0020,2026-09-30 15:00:08,13.449139,79.747236,65.46,70.0,Running
VEH_0020,2026-09-30 14:47:08,13.519095,79.647536,57.79,65.0,Running
VEH_0020,2026-09-30 15:09:08,13.586453,79.559068,68.82,60.0,Running
VEH_0057,2026-09-30 14:15:08,12.660878,77.691659,70.86,87.0,Running
VEH_0057,2026-09-30 14:27:08,12.386385,77.795921,48.19,79.0,Running
VEH_0057,2026-09-30 15:03:08,12.122291,77.891911,71.49,71.0,Running
VEH_0057,2026-09-30 15:19:08,11.871635,78.001218,61.57,63.0,Running
VEH_0035,2026-09-30 13:27:08,19.575924,72.868752,61.87,90.56,Running
VEH_0035,2026-09-30 14:17:08,19.995303,72.828866,68.32,86.11,Running
VEH_0035,2026-09-30 14:39:08,20.435272,72.77829,51.53,81.67,Running
VEH_0035,2026-09-30 13:52:08,20.834966,72.737078,71.61,77.22,Running
VEH_0035,2026-09-30 14:07:08,21.270102,72.716061,55.86,72.78,Running
VEH_0035,2026-09-30 14:51:08,21.675787,72.665478,53.92,68.33,Running
VEH_0035,2026-09-30 14:55:08,22.108283,72.631509,39.81,63.89,Running
VEH_0035,2026-09-30 15:13:08,22.543178,72.597412,65.19,59.44,Running
VEH_0006,2026-09-30 14:35:08,13.774111,79.0605,39.07,87.0,Running
VEH_0006,2026-09-30 14:51:08,14.660937,78.894805,69.18,79.0,Running
VEH_0006,2026-09-30 14:47:08,15.54767,78.738303,38.91,71.0,Running
VEH_0006,2026-09-30 15:17:08,16.409192,78.590321,48.31,63.0,Running
VEH_0069,2026-09-30 14:12:08,10.897557,78.396241,57.32,88.33,Running
VEH_0069,2026-09-30 14:31:08,10.9112,78.103743,44.82,81.67,Running
VEH_0069,2026-09-30 14:48:08,10.969408,77.80983,51.01,75.0,Running
VEH_0069,2026-09-30 15:11:08,11.003433,77.479601,70.08,68.33,Running
VEH_0069,2026-09-30 15:12:08,11.035049,77.171992,65.48,61.67,Running
VEH_0059,2026-09-30 14:09:08,14.853392,80.674389,40.96,89.29,Running
VEH_0059,2026-09-30 14:07:08,16.123184,81.933816,55.25,83.57,Running
VEH_0059,2026-09-30 14:11:08,17.414815,83.210764,40.34,77.86,Running
VEH_0059,2026-09-30 14:27:08,18.669607,84.488174,60.13,72.14,Running
VEH_0059,2026-09-30 15:07:08,19.959719,85.764565,49.12,66.43,Running
VEH_0059,2026-09-30 15:09:08,21.238623,87.033388,40.47,60.71,Running
VEH_0044,2026-09-30 14:37:08,14.567475,78.343808,55.69,88.33,Running
VEH_0044,2026-09-30 14:15:08,15.475944,77.264106,58.52,81.67,Running
VEH_0044,2026-09-30 14:54:08,16.378014,76.170076,66.81,75.0,Running
VEH_0044,2026-09-30 14:55:08,17.310888,75.095275,64.58,68.33,Running
VEH_0044,2026-09-30 15:19:08,18.216186,74.014627,56.6,61.67,Running
VEH_0072,2026-09-30 13:57:08,13.234021,79.173771,39.57,88.33,Running
VEH_0072,2026-09-30 14:23:08,12.920357,78.977152,71.79,81.67,Running
VEH_0072,2026-09-30 14:33:08,12.596734,78.760879,38.2,75.0,Running
VEH_0072,2026-09-30 14:55:08,12.248892,78.532437,58.29,68.33,Running
VEH_0072,2026-09-30 15:18:08,11.921437,78.304941,41.59,61.67,Running
VEH_0056,2026-09-30 14:31:08,10.09682,76.564782,61.0,90.0,Running
VEH_0056,2026-09-30 13:39:08,10.197257,76.869335,57.26,85.0,Running
VEH_0056,2026-09-30 13:47:08,10.297294,77.16281,69.6,80.0,Running
VEH_0056,2026-09-30 14:07:08,10.418065,77.472961,40.9,75.0,Running
VEH_0056,2026-09-30 14:30:08,10.503066,77.746091,64.06,70.0,Running
VEH_0056,2026-09-30 15:07:08,10.619302,78.047562,67.55,65.0,Running
VEH_0056,2026-09-30 15:07:08,10.720213,78.344231,60.76,60.0,Running
VEH_0028,2026-09-30 13:45:08,11.222159,77.370505,54.11,89.29,Running
VEH_0028,2026-09-30 14:37:08,12.538861,76.655358,47.48,83.57,Running
VEH_0028,2026-09-30 14:15:08,13.851334,75.898105,40.9,77.86,Running
VEH_0028,2026-09-30 14:45:08,15.188868,75.149238,48.53,72.14,Running
VEH_0028,2026-09-30 14:53:08,16.487117,74.40335,62.47,66.43,Running
VEH_0028,2026-09-30 15:17:08,17.807819,73.668259,70.12,60.71,Running
VEH_0054,2026-09-30 13:33:08,16.263809,78.139266,55.26,89.29,Running
VEH_0054,2026-09-30 14:37:08,15.223362,77.835137,69.67,83.57,Running
VEH_0054,2026-09-30 14:39:08,14.16068,77.527771,55.48,77.86,Running
VEH_0054,2026-09-30 14:54:08,13.118781,77.216116,42.84,72.14,Running
VEH_0054,2026-09-30 14:51:08,12.076295,76.889458,59.21,66.43,Running
VEH_0054,2026-09-30 15:10:08,11.037173,76.586099,49.25,60.71,Running
VEH_0002,2026-09-30 13:14:08,13.473633,77.69438,69.79,90.0,Running
VEH_0002,2026-09-30 14:27:08,14.010118,77.809529,39.19,85.0,Running
VEH_0002,2026-09-30 13:47:08,14.574995,77.899841,41.67,80.0,Running
VEH_0002,2026-09-30 14:47:08,15.115974,78.029195,66.18,75.0,Running
VEH_0002,2026-09-30 14:30:08,15.656354,78.1281,49.84,70.0,Running
VEH_0002,2026-09-30 14:53:08,16.220748,78.221173,62.06,65.0,Running
VEH_0002,2026-09-30 15:08:08,16.766098,78.337686,45.87,60.0,Running
VEH_0033,2026-09-30 13:28:08,12.920494,79.925725,68.79,90.0,Running
VEH_0033,2026-09-30 14:15:08,12.736713,79.684437,53.45,85.0,Running
VEH_0033,2026-09-30 14:37:08,12.553391,79.401755,61.72,80.0,Running
VEH_0033,2026-09-30 14:23:08,12.351517,79.142484,71.57,75.0,Running
VEH_0033,2026-09-30 14:48:08,12.181186,78.889054,38.18,70.0,Running
VEH_0033,2026-09-30 15:09:08,11.993905,78.632261,58.96,65.0,Running
VEH_0033,2026-09-30 15:11:08,11.797637,78.368622,48.3,60.0,Running
VEH_0040,2026-09-30 14:15:08,12.278494,78.499969,66.69,87.0,Running
VEH_0040,2026-09-30 15:00:08,11.674292,77.917887,54.69,79.0,Running
VEH_0040,2026-09-30 14:51:08,11.064273,77.368591,66.19,71.0,Running
VEH_0040,2026-09-30 15:16:08,10.457255,76.78508,70.79,63.0,Running
VEH_0018,2026-09-30 14:31:08,11.179891,78.730514,56.08,90.0,Running
VEH_0018,2026-09-30 13:57:08,11.519806,78.8251,56.82,85.0,Running
VEH_0018,2026-09-30 14:07:08,11.873185,78.92939,44.57,80.0,Running
VEH_0018,2026-09-30 14:55:08,12.231742,79.042576,40.89,75.0,Running
VEH_0018,2026-09-30 14:45:08,12.590584,79.129213,47.76,70.0,Running
VEH_0018,2026-09-30 14:55:08,12.930537,79.246326,41.16,65.0,Running
VEH_0018,2026-09-30 15:17:08,13.285286,79.321867,51.93,60.0,Running
VEH_0073,2026-09-30 14:27:08,10.81397,77.108264,54.41,88.33,Running
VEH_0073,2026-09-30 14:39:08,10.636128,77.343006,52.72,81.67,Running
VEH_0073,2026-09-30 14:36:08,10.475566,77.551749,54.73,75.0,Running
VEH_0073,2026-09-30 14:47:08,10.284935,77.761698,52.28,68.33,Running
VEH_0073,2026-09-30 15:09:08,10.118356,77.974802,49.36,61.67,Running
VEH_0077,2026-09-30 13:03:08,18.96736,73.519962,61.23,90.56,Running
VEH_0077,2026-09-30 13:14:08,18.750605,74.144136,68.62,86.11,Running
VEH_0077,2026-09-30 13:51:08,18.538776,74.766915,64.11,81.67,Running
VEH_0077,2026-09-30 14:37:08,18.357107,75.397306,56.32,77.22,Running
VEH_0077,2026-09-30 14:07:08,18.137106,76.019795,44.49,72.78,Running
VEH_0077,2026-09-30 14:42:08,17.959569,76.643088,67.78,68.33,Running
VEH_0077,2026-09-30 15:07:08,17.746727,77.265151,46.17,63.89,Running
VEH_0077,2026-09-30 15:14:08,17.539876,77.874168,67.29,59.44,Running
VEH_0078,2026-09-30 14:15:08,12.733618,78.185262,60.47,87.0,Running
VEH_0078,2026-09-30 14:33:08,13.893337,78.23352,66.9,79.0,Running
VEH_0078,2026-09-30 14:57:08,15.021892,78.308882,43.73,71.0,Running
VEH_0078,2026-09-30 15:10:08,16.17495,78.36594,46.56,63.0,Running
VEH_0041,2026-09-30 14:15:08,12.835188,76.748048,60.0,90.56,Running
VEH_0041,2026-09-30 13:56:08,14.577652,76.616912,62.35,86.11,Running
VEH_0041,2026-09-30 14:21:08,16.365313,76.507041,45.1,81.67,Running
VEH_0041,2026-09-30 14:47:08,18.12525,76.362666,48.31,77.22,Running
VEH_0041,2026-09-30 14:55:08,19.883288,76.240463,59.44,72.78,Running
VEH_0041,2026-09-30 15:03:08,21.622925,76.120401,40.6,68.33,Running
VEH_0041,2026-09-30 15:01:08,23.39202,75.999199,59.82,63.89,Running
VEH_0041,2026-09-30 15:16:08,25.167337,75.864721,50.46,59.44,Running
VEH_0070,2026-09-30 13:57:08,12.693147,77.379964,40.94,89.29,Running
VEH_0070,2026-09-30 13:52:08,13.755919,76.632859,57.32,83.57,Running
VEH_0070,2026-09-30 14:23:08,14.80716,75.875309,42.49,77.86,Running
VEH_0070,2026-09-30 14:45:08,15.872832,75.135183,41.6,72.14,Running
VEH_0070,2026-09-30 15:09:08,16.93975,74.384884,69.04,66.43,Running
VEH_0070,2026-09-30 15:18:08,18.027637,73.662381,40.9,60.71,Running
VEH_0024,2026-09-30 13:51:08,12.61058,79.00537,52.21,90.56,Running
VEH_0024,2026-09-30 13:56:08,12.275942,78.899353,41.48,86.11,Running
VEH_0024,2026-09-30 13:27:08,11.946647,78.781778,66.86,81.67,Running
VEH_0024,2026-09-30 13:52:08,11.614419,78.698457,41.94,77.22,Running
VEH_0024,2026-09-30 14:43:08,11.293867,78.577481,58.2,72.78,Running
VEH_0024,2026-09-30 14:45:08,10.953058,78.4771,68.74,68.33,Running
VEH_0024,2026-09-30 15:07:08,10.628399,78.369241,43.16,63.89,Running
VEH_0024,2026-09-30 15:19:08,10.295541,78.271256,57.6,59.44,Running
VEH_0056,2026-09-30 13:51:08,12.615827,78.800754,62.78,90.56,Running
VEH_0056,2026-09-30 13:35:08,12.284446,78.488451,58.33,86.11,Running
VEH_0056,2026-09-30 14:33:08,11.968191,78.17674,43.83,81.67,Running
VEH_0056,2026-09-30 14:47:08,11.612286,77.861744,56.85,77.22,Running
VEH_0056,2026-09-30 14:11:08,11.28877,77.539117,70.99,72.78,Running
VEH_0056,2026-09-30 14:45:08,10.980115,77.217228,49.5,68.33,Running
VEH_0056,2026-09-30 14:53:08,10.641809,76.908333,51.02,63.89,Running
VEH_0056,2026-09-30 15:10:08,10.322885,76.588404,69.65,59.44,Running
VEH_0046,2026-09-30 14:23:08,13.975387,79.946813,66.9,87.0,Running
VEH_0046,2026-09-30 14:51:08,14.849172,79.579683,47.87,79.0,Running
VEH_0046,2026-09-30 14:59:08,15.690035,79.226203,38.62,71.0,Running
VEH_0046,2026-09-30 15:16:08,16.541733,78.865188,59.86,63.0,Running
VEH_0075,2026-09-30 14:35:08,28.754456,77.101251,67.48,87.0,Running
VEH_0075,2026-09-30 14:39:08,28.760668,77.076584,65.35,79.0,Running
VEH_0075,2026-09-30 15:07:08,28.757686,77.096683,45.17,71.0,Running
VEH_0075,2026-09-30 15:15:08,28.778688,77.06259,68.06,63.0,Running
VEH_0038,2026-09-30 14:27:08,13.018008,79.268959,44.47,87.0,Running
VEH_0038,2026-09-30 14:33:08,12.487042,79.131857,43.54,79.0,Running
VEH_0038,2026-09-30 14:59:08,11.945179,78.988227,51.91,71.0,Running
VEH_0038,2026-09-30 15:10:08,11.383397,78.868468,68.85,63.0,Running
VEH_0066,2026-09-30 14:07:08,12.558397,78.170236,69.37,88.33,Running
VEH_0066,2026-09-30 14:19:08,13.506661,78.215517,68.39,81.67,Running
VEH_0066,2026-09-30 14:45:08,14.439635,78.267917,50.14,75.0,Running
VEH_0066,2026-09-30 15:01:08,15.394599,78.327247,71.26,68.33,Running
VEH_0066,2026-09-30 15:11:08,16.343177,78.376136,66.99,61.67,Running
VEH_0056,2026-09-30 14:07:08,21.021777,86.809318,64.26,88.33,Running
VEH_0056,2026-09-30 14:11:08,19.529921,85.333399,70.34,81.67,Running
VEH_0056,2026-09-30 14:39:08,18.049723,83.887734,47.16,75.0,Running
VEH_0056,2026-09-30 15:05:08,16.541453,82.389864,60.09,68.33,Running
VEH_0056,2026-09-30 15:11:08,15.062275,80.940778,66.99,61.67,Running
VEH_0055,2026-09-30 13:42:08,10.034741,78.197803,45.7,90.0,Running
VEH_0055,2026-09-30 14:09:08,10.146564,78.281491,50.11,85.0,Running
VEH_0055,2026-09-30 13:47:08,10.258206,78.351739,39.76,80.0,Running
VEH_0055,2026-09-30 14:31:08,10.361879,78.425859,57.78,75.0,Running
VEH_0055,2026-09-30 14:45:08,10.501036,78.51373,67.26,70.0,Running
VEH_0055,2026-09-30 15:09:08,10.612728,78.581059,48.91,65.0,Running
VEH_0055,2026-09-30 15:19:08,10.731175,78.640203,59.55,60.0,Running
VEH_0005,2026-09-30 14:07:08,20.672328,73.655296,67.97,87.0,Running
VEH_0005,2026-09-30 14:45:08,18.403956,74.764804,63.63,79.0,Running
VEH_0005,2026-09-30 15:01:08,16.155956,75.901584,48.63,71.0,Running
VEH_0005,2026-09-30 15:17:08,13.866118,77.00243,67.86,63.0,Running
VEH_0023,2026-09-30 14:27:08,20.674997,86.721587,62.25,87.0,Running
VEH_0023,2026-09-30 15:03:08,18.79636,85.098471,55.83,79.0,Running
VEH_0023,2026-09-30 15:03:08,16.891758,83.509263,53.23,71.0,Running
VEH_0023,2026-09-30 15:08:08,15.000152,81.90451,39.87,63.0,Running
VEH_0066,2026-09-30 13:03:08,12.069873,76.325876,38.86,90.56,Running
VEH_0066,2026-09-30 13:42:08,14.16073,76.418994,65.41,86.11,Running
VEH_0066,2026-09-30 13:33:08,16.25114,76.510763,52.08,81.67,Running
VEH_0066,2026-09-30 14:42:08,18.340041,76.604342,46.38,77.22,Running
VEH_0066,2026-09-30 14:23:08,20.420007,76.696557,61.07,72.78,Running
VEH_0066,2026-09-30 15:03:08,22.498132,76.792901,61.99,68.33,Running
VEH_0066,2026-09-30 15:07:08,24.55899,76.893646,66.66,63.89,Running
VEH_0066,2026-09-30 15:18:08,26.648882,76.987971,42.87,59.44,Running
VEH_0058,2026-09-30 12:47:08,21.855872,73.127578,51.15,90.56,Running
VEH_0058,2026-09-30 13:21:08,20.740396,73.692265,55.6,86.11,Running
VEH_0058,2026-09-30 13:57:08,19.626583,74.23577,51.85,81.67,Running
VEH_0058,2026-09-30 14:02:08,18.510377,74.788756,51.66,77.22,Running
VEH_0058,2026-09-30 14:43:08,17.39393,75.337642,48.4,72.78,Running
VEH_0058,2026-09-30 14:30:08,16.289341,75.881353,53.91,68.33,Running
VEH_0058,2026-09-30 14:57:08,15.183623,76.435647,40.88,63.89,Running
VEH_0058,2026-09-30 15:19:08,14.081051,76.976206,45.01,59.44,Running
VEH_0068,2026-09-30 12:47:08,13.238584,79.299911,46.42,90.56,Running
VEH_0068,2026-09-30 13:35:08,12.815324,79.157557,53.13,86.11,Running
VEH_0068,2026-09-30 13:27:08,12.415874,79.023956,49.92,81.67,Running
VEH_0068,2026-09-30 14:37:08,12.009541,78.876753,54.49,77.22,Running
VEH_0068,2026-09-30 14:35:08,11.590393,78.73853,66.37,72.78,Running
VEH_0068,2026-09-30 14:39:08,11.160328,78.620361,40.93,68.33,Running
VEH_0068,2026-09-30 15:05:08,10.761221,78.456337,71.78,63.89,Running
VEH_0068,2026-09-30 15:17:08,10.34869,78.340612,58.18,59.44,Running
VEH_0070,2026-09-30 14:23:08,17.952015,77.779689,55.06,90.56,Running
VEH_0070,2026-09-30 14:24:08,18.576814,77.142204,63.42,86.11,Running
VEH_0070,2026-09-30 14:33:08,19.196483,76.49945,64.69,81.67,Running
VEH_0070,2026-09-30 14:02:08,19.831203,75.846031,60.61,77.22,Running
VEH_0070,2026-09-30 14:23:08,20.446982,75.199584,63.21,72.78,Running
VEH_0070,2026-09-30 15:03:08,21.070118,74.554329,66.7,68.33,Running
VEH_0070,2026-09-30 15:03:08,21.708178,73.890172,40.22,63.89,Running
VEH_0070,2026-09-30 15:16:08,22.345269,73.229887,58.17,59.44,Running
VEH_0064,2026-09-30 13:52:08,25.290315,76.184138,59.72,88.33,Running
VEH_0064,2026-09-30 14:11:08,23.692033,76.635363,53.87,81.67,Running
VEH_0064,2026-09-30 14:30:08,22.087107,77.083719,50.48,75.0,Running
VEH_0064,2026-09-30 14:57:08,20.506768,77.533517,41.42,68.33,Running
VEH_0064,2026-09-30 15:11:08,18.908421,77.995514,61.18,61.67,Running
VEH_0038,2026-09-30 14:21:08,13.0762,78.992131,39.52,89.29,Running
VEH_0038,2026-09-30 14:12:08,12.563022,78.548909,53.29,83.57,Running
VEH_0038,2026-09-30 14:23:08,12.034295,78.088806,53.86,77.86,Running
VEH_0038,2026-09-30 14:48:08,11.531475,77.609771,67.48,72.14,Running
VEH_0038,2026-09-30 14:55:08,11.035011,77.168185,47.03,66.43,Running
VEH_0038,2026-09-30 15:08:08,10.506532,76.702414,63.52,60.71,Running
VEH_0073,2026-09-30 14:42:08,16.150111,78.098531,42.47,88.33,Running
VEH_0073,2026-09-30 14:55:08,14.908908,77.745156,66.5,81.67,Running
VEH_0073,2026-09-30 14:54:08,13.647655,77.33476,55.33,75.0,Running
VEH_0073,2026-09-30 15:09:08,12.384786,76.957933,40.75,68.33,Running
VEH_0073,2026-09-30 15:10:08,11.125873,76.583101,53.91,61.67,Running
VEH_0020,2026-09-30 13:35:08,10.140286,78.176668,56.44,90.0,Running
VEH_0020,2026-09-30 14:03:08,10.345913,78.166381,52.32,85.0,Running
VEH_0020,2026-09-30 13:52:08,10.552738,78.16829,54.6,80.0,Running
VEH_0020,2026-09-30 14:43:08,10.773183,78.15583,44.83,75.0,Running
VEH_0020,2026-09-30 14:30:08,10.977847,78.150028,62.07,70.0,Running
VEH_0020,2026-09-30 15:01:08,11.208283,78.143147,60.51,65.0,Running
VEH_0020,2026-09-30 15:12:08,11.41559,78.124007,46.32,60.0,Running
VEH_0044,2026-09-30 13:43:08,25.22912,76.101231,60.02,90.56,Running
VEH_0044,2026-09-30 14:17:08,23.519829,76.363231,60.35,86.11,Running
VEH_0044,2026-09-30 13:51:08,21.803095,76.611756,41.9,81.67,Running
VEH_0044,2026-09-30 14:27:08,20.098768,76.85691,59.03,77.22,Running
VEH_0044,2026-09-30 14:27:08,18.417264,77.105122,45.99,72.78,Running
VEH_0044,2026-09-30 14:27:08,16.69851,77.340715,43.24,68.33,Running
VEH_0044,2026-09-30 14:59:08,15.018269,77.617647,64.4,63.89,Running
VEH_0044,2026-09-30 15:13:08,13.306368,77.838101,46.17,59.44,Running
VEH_0011,2026-09-30 13:56:08,11.070959,77.536584,45.2,90.0,Running
VEH_0011,2026-09-30 13:51:08,12.240129,76.884097,62.18,85.0,Running
VEH_0011,2026-09-30 14:22:08,13.379904,76.224581,61.58,80.0,Running
VEH_0011,2026-09-30 14:31:08,14.53086,75.573505,47.07,75.0,Running
VEH_0011,2026-09-30 14:45:08,15.673442,74.888638,47.57,70.0,Running
VEH_0011,2026-09-30 14:47:08,16.816023,74.24204,40.74,65.0,Running
VEH_0011,2026-09-30 15:19:08,17.968306,73.571021,67.94,60.0,Running
VEH_0001,2026-09-30 12:55:08,23.031378,74.306102,55.97,90.56,Running
VEH_0001,2026-09-30 13:56:08,22.966459,76.061805,42.54,86.11,Running
VEH_0001,2026-09-30 14:39:08,22.925661,77.818197,69.19,81.67,Running
VEH_0001,2026-09-30 14:07:08,22.872776,79.586648,40.51,77.22,Running
VEH_0001,2026-09-30 14:23:08,22.829047,81.35448,60.14,72.78,Running
VEH_0001,2026-09-30 14:39:08,22.783594,83.097527,62.98,68.33,Running
VEH_0001,2026-09-30 14:51:08,22.739441,84.858976,71.59,63.89,Running
VEH_0001,2026-09-30 15:10:08,22.700391,86.606756,51.17,59.44,Running
VEH_0059,2026-09-30 14:47:08,12.530431,79.871194,62.46,88.33,Running
VEH_0059,2026-09-30 14:55:08,12.002125,79.524553,57.16,81.67,Running
VEH_0059,2026-09-30 15:03:08,11.479201,79.188651,51.73,75.0,Running
VEH_0059,2026-09-30 15:09:08,10.958608,78.840577,49.92,68.33,Running
VEH_0059,2026-09-30 15:18:08,10.427702,78.490659,60.29,61.67,Running
VEH_0018,2026-09-30 13:57:08,17.827115,73.646714,40.88,89.29,Running
VEH_0018,2026-09-30 14:27:08,16.501412,74.403927,53.44,83.57,Running
VEH_0018,2026-09-30 14:51:08,15.198732,75.130213,62.87,77.86,Running
VEH_0018,2026-09-30 14:39:08,13.861492,75.876729,55.75,72.14,Running
VEH_0018,2026-09-30 15:09:08,12.533964,76.634387,61.14,66.43,Running
VEH_0018,2026-09-30 15:12:08,11.229584,77.370161,38.03,60.71,Running
VEH_0020,2026-09-30 14:55:08,11.270688,77.755188,43.28,87.0,Running
VEH_0020,2026-09-30 14:54:08,10.962837,77.383556,62.52,79.0,Running
VEH_0020,2026-09-30 15:03:08,10.627344,77.014912,53.46,71.0,Running
VEH_0020,2026-09-30 15:17:08,10.317295,76.637899,66.58,63.0,Running
VEH_0010,2026-09-30 14:27:08,9.916461,78.118127,59.41,88.33,Running
VEH_0010,2026-09-30 14:47:08,9.934712,78.150486,55.75,81.67,Running
VEH_0010,2026-09-30 14:51:08,9.941958,78.132589,47.63,75.0,Running
VEH_0010,2026-09-30 15:05:08,9.960537,78.153318,43.83,68.33,Running
VEH_0010,2026-09-30 15:15:08,9.950159,78.15533,54.37,61.67,Running
VEH_0045,2026-09-30 14:47:08,14.639141,81.594017,40.58,88.33,Running
VEH_0045,2026-09-30 14:07:08,16.248473,82.93362,71.59,81.67,Running
VEH_0045,2026-09-30 15:00:08,17.864317,84.285517,63.66,75.0,Running
VEH_0045,2026-09-30 14:59:08,19.464953,85.662395,46.0,68.33,Running
VEH_0045,2026-09-30 15:16:08,21.058496,87.00748,57.97,61.67,Running
VEH_0054,2026-09-30 12:47:08,19.407486,74.004477,66.44,90.56,Running
VEH_0054,2026-09-30 14:10:08,20.333156,74.208033,40.17,86.11,Running
VEH_0054,2026-09-30 14:03:08,21.275459,74.447755,63.26,81.67,Running
VEH_0054,2026-09-30 14:32:08,22.216895,74.659385,45.15,77.22,Running
VEH_0054,2026-09-30 14:23:08,23.14854,74.866257,40.95,72.78,Running
VEH_0054,2026-09-30 14:33:08,24.079817,75.087083,66.69,68.33,Running
VEH_0054,2026-09-30 14:55:08,25.007871,75.313779,54.95,63.89,Running
VEH_0054,2026-09-30 15:11:08,25.943114,75.52488,60.26,59.44,Running
VEH_0027,2026-09-30 14:27:08,15.648813,77.457437,40.59,88.33,Running
VEH_0027,2026-09-30 14:51:08,18.290615,77.370672,71.89,81.67,Running
VEH_0027,2026-09-30 15:03:08,20.904521,77.307651,69.88,75.0,Running
VEH_0027,2026-09-30 15:01:08,23.518276,77.251935,52.12,68.33,Running
VEH_0027,2026-09-30 15:13:08,26.145301,77.159556,61.85,61.67,Running
VEH_0025,2026-09-30 14:03:08,11.799701,77.96657,53.52,89.29,Running
VEH_0025,2026-09-30 14:37:08,13.616674,79.691873,71.25,83.57,Running
VEH_0025,2026-09-30 14:31:08,15.423853,81.450753,67.83,77.86,Running
VEH_0025,2026-09-30 15:03:08,17.244368,83.17291,71.87,72.14,Running
VEH_0025,2026-09-30 14:51:08,19.029047,84.894181,66.05,66.43,Running
VEH_0025,2026-09-30 15:15:08,20.834159,86.647943,63.39,60.71,Running
VEH_0050,2026-09-30 14:15:08,14.677722,78.683825,55.45,90.56,Running
VEH_0050,2026-09-30 14:24:08,15.733028,77.925234,56.57,86.11,Running
VEH_0050,2026-09-30 14:09:08,16.743664,77.155592,39.08,81.67,Running
VEH_0050,2026-09-30 14:12:08,17.786879,76.405016,57.68,77.22,Running
VEH_0050,2026-09-30 14:39:08,18.821136,75.626558,38.79,72.78,Running
VEH_0050,2026-09-30 14:39:08,19.863698,74.880463,57.06,68.33,Running
VEH_0050,2026-09-30 14:47:08,20.886007,74.11787,65.34,63.89,Running
VEH_0050,2026-09-30 15:12:08,21.93047,73.342263,56.1,59.44,Running
VEH_0075,2026-09-30 14:07:08,15.829176,79.331361,63.54,87.0,Running
VEH_0075,2026-09-30 14:42:08,18.607529,78.425447,61.14,79.0,Running
VEH_0075,2026-09-30 14:51:08,21.371225,77.535869,65.46,71.0,Running
VEH_0075,2026-09-30 15:12:08,24.15957,76.657443,41.1,63.0,Running
VEH_0044,2026-09-30 13:27:08,14.040642,78.720152,46.55,90.56,Running
VEH_0044,2026-09-30 13:21:08,15.107948,79.91625,60.95,86.11,Running
VEH_0044,2026-09-30 14:09:08,16.192229,81.127263,49.85,81.67,Running
VEH_0044,2026-09-30 14:37:08,17.262182,82.350098,45.27,77.22,Running
VEH_0044,2026-09-30 14:51:08,18.354096,83.543617,47.35,72.78,Running
VEH_0044,2026-09-30 15:03:08,19.435394,84.764848,41.52,68.33,Running
VEH_0044,2026-09-30 15:05:08,20.498768,85.951737,62.38,63.89,Running
VEH_0044,2026-09-30 15:18:08,21.581827,87.147547,54.94,59.44,Running
VEH_0037,2026-09-30 14:17:08,13.269486,76.89186,47.14,90.0,Running
VEH_0037,2026-09-30 14:15:08,15.492943,76.944471,41.39,85.0,Running
VEH_0037,2026-09-30 14:37:08,17.703918,76.970787,45.34,80.0,Running
VEH_0037,2026-09-30 14:15:08,19.92004,76.983186,42.75,75.0,Running
VEH_0037,2026-09-30 14:51:08,22.135616,77.026034,47.35,70.0,Running
VEH_0037,2026-09-30 15:01:08,24.340893,77.053908,41.15,65.0,Running
VEH_0037,2026-09-30 15:16:08,26.564783,77.067702,47.66,60.0,Running
VEH_0026,2026-09-30 13:51:08,11.011449,75.911158,68.37,90.56,Running
VEH_0026,2026-09-30 13:56:08,12.032606,75.526378,69.07,86.11,Running
VEH_0026,2026-09-30 14:21:08,13.028218,75.162618,63.33,81.67,Running
VEH_0026,2026-09-30 14:07:08,14.052868,74.778173,40.17,77.22,Running
VEH_0026,2026-09-30 14:55:08,15.081569,74.416299,67.83,72.78,Running
VEH_0026,2026-09-30 14:33:08,16.090917,74.045208,65.37,68.33,Running
VEH_0026,2026-09-30 14:59:08,17.101541,73.662237,59.38,63.89,Running
VEH_0026,2026-09-30 15:11:08,18.118675,73.294919,53.83,59.44,Running
VEH_0029,2026-09-30 14:32:08,18.474129,73.897029,43.84,88.33,Running
VEH_0029,2026-09-30 14:19:08,18.476488,73.894601,50.61,81.67,Running
VEH_0029,2026-09-30 14:39:08,18.48159,73.871216,67.69,75.0,Running
VEH_0029,2026-09-30 14:53:08,18.490848,73.849278,63.16,68.33,Running
VEH_0029,2026-09-30 15:15:08,18.47575,73.847739,59.32,61.67,Running
VEH_0012,2026-09-30 13:28:08,13.279451,77.003288,70.18,90.0,Running
VEH_0012,2026-09-30 13:51:08,15.471493,77.019726,43.47,85.0,Running
VEH_0012,2026-09-30 14:27:08,17.677113,77.016899,59.05,80.0,Running
VEH_0012,2026-09-30 14:31:08,19.893092,77.040958,54.42,75.0,Running
VEH_0012,2026-09-30 15:00:08,22.115762,77.037691,41.64,70.0,Running
VEH_0012,2026-09-30 14:55:08,24.301451,77.057964,53.85,65.0,Running
VEH_0012,2026-09-30 15:19:08,26.528385,77.086205,40.03,60.0,Running
VEH_0063,2026-09-30 13:07:08,18.765031,78.340184,67.85,90.0,Running
VEH_0063,2026-09-30 14:27:08,20.194917,78.136861,69.7,85.0,Running
VEH_0063,2026-09-30 14:27:08,21.615342,77.973859,40.76,80.0,Running
VEH_0063,2026-09-30 14:19:08,23.052361,77.789593,59.43,75.0,Running
VEH_0063,2026-09-30 14:48:08,24.489813,77.629216,39.49,70.0,Running
VEH_0063,2026-09-30 15:03:08,25.912862,77.445158,71.91,65.0,Running
VEH_0063,2026-09-30 15:18:08,27.349602,77.259846,53.46,60.0,Running
VEH_0026,2026-09-30 13:56:08,14.215683,78.282624,43.24,90.0,Running
VEH_0026,2026-09-30 14:15:08,15.462494,77.470181,41.26,85.0,Running
VEH_0026,2026-09-30 14:22:08,16.723715,76.647005,38.03,80.0,Running
VEH_0026,2026-09-30 14:39:08,17.996569,75.827504,42.66,75.0,Running
VEH_0026,2026-09-30 14:39:08,19.281255,75.008859,45.74,70.0,Running
VEH_0026,2026-09-30 14:53:08,20.534742,74.206529,38.08,65.0,Running
VEH_0026,2026-09-30 15:12:08,21.809692,73.363356,42.17,60.0,Running
VEH_0027,2026-09-30 13:45:08,10.299657,76.629373,61.99,89.29,Running
VEH_0027,2026-09-30 14:47:08,10.720339,77.072838,54.07,83.57,Running
VEH_0027,2026-09-30 14:07:08,11.161863,77.494511,43.32,77.86,Running
VEH_0027,2026-09-30 14:36:08,11.580109,77.9247,49.39,72.14,Running
VEH_0027,2026-09-30 15:01:08,12.006879,78.343953,62.17,66.43,Running
VEH_0027,2026-09-30 15:19:08,12.453403,78.770002,43.67,60.71,Running
VEH_0073,2026-09-30 14:33:08,19.935273,74.365655,59.95,89.29,Running
VEH_0073,2026-09-30 13:47:08,21.40226,74.843937,70.85,83.57,Running
VEH_0073,2026-09-30 14:51:08,22.88049,75.283223,53.08,77.86,Running
VEH_0073,2026-09-30 14:48:08,24.359907,75.728388,57.36,72.14,Running
VEH_0073,2026-09-30 14:47:08,25.820144,76.194621,60.8,66.43,Running
VEH_0073,2026-09-30 15:07:08,27.303744,76.643644,63.89,60.71,Running
VEH_0020,2026-09-30 13:51:08,11.925538,77.964925,61.96,89.29,Running
VEH_0020,2026-09-30 14:22:08,13.003539,77.280376,63.64,83.57,Running
VEH_0020,2026-09-30 14:55:08,14.103383,76.617264,50.37,77.86,Running
VEH_0020,2026-09-30 14:54:08,15.194518,75.931055,46.1,72.14,Running
VEH_0020,2026-09-30 14:51:08,16.290913,75.2621,69.2,66.43,Running
VEH_0020,2026-09-30 15:18:08,17.371113,74.600375,55.93,60.71,Running
VEH_0068,2026-09-30 14:15:08,12.507732,77.006937,64.23,87.0,Running
VEH_0068,2026-09-30 14:33:08,15.123846,75.918133,49.62,79.0,Running
VEH_0068,2026-09-30 15:03:08,17.738222,74.794256,62.0,71.0,Running
VEH_0068,2026-09-30 15:09:08,20.338164,73.69983,66.36,63.0,Running
VEH_0001,2026-09-30 14:12:08,24.561318,76.492671,57.79,88.33,Running
VEH_0001,2026-09-30 14:55:08,22.267879,77.235569,70.14,81.67,Running
VEH_0001,2026-09-30 14:36:08,19.969958,77.998607,50.02,75.0,Running
VEH_0001,2026-09-30 14:51:08,17.662222,78.722136,69.18,68.33,Running
VEH_0001,2026-09-30 15:09:08,15.360094,79.481334,51.2,61.67,Running
VEH_0045,2026-09-30 14:32:08,26.868489,75.766893,60.94,88.33,Running
VEH_0045,2026-09-30 14:19:08,26.905531,75.77105,54.06,81.67,Running
VEH_0045,2026-09-30 15:00:08,26.91373,75.800827,62.22,75.0,Running
VEH_0045,2026-09-30 14:51:08,26.902848,75.824547,43.08,68.33,Running
VEH_0045,2026-09-30 15:18:08,26.927654,75.819528,47.81,61.67,Running
VEH_0041,2026-09-30 13:21:08,22.969891,72.545527,66.19,90.0,Running
VEH_0041,2026-09-30 13:57:08,22.995321,72.539876,59.35,85.0,Running
VEH_0041,2026-09-30 14:32:08,22.984993,72.569761,65.94,80.0,Running
VEH_0041,2026-09-30 14:15:08,23.021836,72.560233,43.67,75.0,Running
VEH_0041,2026-09-30 14:45:08,23.017539,72.568905,43.58,70.0,Running
VEH_0041,2026-09-30 15:07:08,23.03487,72.559075,63.09,65.0,Running
VEH_0041,2026-09-30 15:11:08,23.062458,72.565177,47.75,60.0,Running
VEH_0014,2026-09-30 13:57:08,12.585871,79.02861,41.8,89.29,Running
VEH_0014,2026-09-30 14:12:08,12.303004,78.96729,71.56,83.57,Running
VEH_0014,2026-09-30 14:31:08,12.011176,78.878184,46.62,77.86,Running
VEH_0014,2026-09-30 14:30:08,11.708149,78.827462,60.37,72.14,Running
VEH_0014,2026-09-30 14:51:08,11.404544,78.771564,64.69,66.43,Running
VEH_0014,2026-09-30 15:13:08,11.109349,78.686075,50.0,60.71,Running
VEH_0006,2026-09-30 13:51:08,13.348506,79.241855,69.9,90.56,Running
VEH_0006,2026-09-30 13:21:08,13.149778,79.121407,71.13,86.11,Running
VEH_0006,2026-09-30 13:51:08,12.910965,78.956579,63.16,81.67,Running
VEH_0006,2026-09-30 13:47:08,12.702723,78.83882,67.3,77.22,Running
VEH_0006,2026-09-30 14:07:08,12.487309,78.687863,43.99,72.78,Running
VEH_0006,2026-09-30 14:39:08,12.286118,78.530759,40.41,68.33,Running
VEH_0006,2026-09-30 15:07:08,12.060725,78.389059,48.62,63.89,Running
VEH_0006,2026-09-30 15:14:08,11.838981,78.266769,71.76,59.44,Running
VEH_0053,2026-09-30 14:55:08,17.666818,77.321255,40.58,87.0,Running
VEH_0053,2026-09-30 14:51:08,18.012402,76.23636,41.87,79.0,Running
VEH_0053,2026-09-30 15:03:08,18.361684,75.124294,48.27,71.0,Running
VEH_0053,2026-09-30 15:10:08,18.741791,74.022656,50.83,63.0,Running
VEH_0063,2026-09-30 13:11:08,26.989512,77.422723,60.33,90.56,Running
VEH_0063,2026-09-30 14:17:08,25.257429,77.795371,69.98,86.11,Running
VEH_0063,2026-09-30 14:21:08,23.486981,78.133372,63.93,81.67,Running
VEH_0063,2026-09-30 14:07:08,21.758813,78.490366,50.38,77.22,Running
VEH_0063,2026-09-30 14:07:08,20.003087,78.831297,59.38,72.78,Running
VEH_0063,2026-09-30 14:54:08,18.27104,79.173145,60.32,68.33,Running
VEH_0063,2026-09-30 15:11:08,16.528886,79.519661,66.39,63.89,Running
VEH_0063,2026-09-30 15:17:08,14.777574,79.884164,38.82,59.44,Running
VEH_0030,2026-09-30 14:35:08,15.868978,79.383485,52.0,87.0,Running
VEH_0030,2026-09-30 14:48:08,18.621361,78.473373,70.36,79.0,Running
VEH_0030,2026-09-30 15:01:08,21.366919,77.562058,51.55,71.0,Running
VEH_0030,2026-09-30 15:12:08,24.110735,76.664917,40.78,63.0,Running
VEH_0062,2026-09-30 14:23:08,21.511635,73.171434,56.03,90.56,Running
VEH_0062,2026-09-30 13:35:08,20.067893,73.796981,39.29,86.11,Running
VEH_0062,2026-09-30 13:51:08,18.618261,74.415889,51.94,81.67,Running
VEH_0062,2026-09-30 14:22:08,17.151888,75.021565,66.73,77.22,Running
VEH_0062,2026-09-30 14:15:08,15.71467,75.644066,70.71,72.78,Running
VEH_0062,2026-09-30 15:00:08,14.256144,76.276397,60.69,68.33,Running
VEH_0062,2026-09-30 15:11:08,12.799825,76.881353,49.63,63.89,Running
VEH_0062,2026-09-30 15:18:08,11.369227,77.499214,67.96,59.44,Running
VEH_0062,2026-09-30 14:09:08,26.510769,77.39727,42.47,89.29,Running
VEH_0062,2026-09-30 14:42:08,24.258352,77.679074,49.19,83.57,Running
VEH_0062,2026-09-30 14:31:08,21.99672,77.959536,38.38,77.86,Running
VEH_0062,2026-09-30 14:57:08,19.737799,78.233291,56.69,72.14,Running
VEH_0062,2026-09-30 15:05:08,17.452325,78.540128,47.38,66.43,Running
VEH_0062,2026-09-30 15:11:08,15.201947,78.830933,60.75,60.71,Running
VEH_0042,2026-09-30 14:17:08,13.000892,79.228967,53.39,88.33,Running
VEH_0042,2026-09-30 14:27:08,13.111499,79.274565,59.39,81.67,Running
VEH_0042,2026-09-30 14:57:08,13.234244,79.292882,42.28,75.0,Running
VEH_0042,2026-09-30 15:09:08,13.339963,79.333361,48.06,68.33,Running
VEH_0042,2026-09-30 15:15:08,13.459457,79.358232,63.45,61.67,Running
VEH_0023,2026-09-30 14:39:08,17.988266,74.194154,44.33,87.0,Running
VEH_0023,2026-09-30 15:00:08,16.867765,75.511864,56.93,79.0,Running
VEH_0023,2026-09-30 14:57:08,15.785673,76.811113,42.94,71.0,Running
VEH_0023,2026-09-30 15:13:08,14.688604,78.109428,40.05,63.0,Running
VEH_0052,2026-09-30 13:59:08,11.450265,75.867744,52.81,90.56,Running
VEH_0052,2026-09-30 13:14:08,12.896391,75.459371,53.0,86.11,Running
VEH_0052,2026-09-30 14:33:08,14.346102,75.028332,68.15,81.67,Running
VEH_0052,2026-09-30 14:07:08,15.808148,74.623348,62.31,77.22,Running
VEH_0052,2026-09-30 14:51:08,17.247116,74.20403,59.13,72.78,Running
VEH_0052,2026-09-30 14:39:08,18.71916,73.785601,71.6,68.33,Running
VEH_0052,2026-09-30 15:03:08,20.154346,73.383802,46.43,63.89,Running
VEH_0052,2026-09-30 15:10:08,21.607249,72.986352,40.01,59.44,Running
VEH_0009,2026-09-30 14:15:08,14.203776,76.593437,57.38,87.0,Running
VEH_0009,2026-09-30 14:33:08,15.437129,75.683438,49.16,79.0,Running
VEH_0009,2026-09-30 14:51:08,16.654542,74.757785,51.45,71.0,Running
VEH_0009,2026-09-30 15:07:08,17.889307,73.836964,43.68,63.0,Running
VEH_0039,2026-09-30 12:47:08,18.932621,75.405036,39.19,90.56,Running
VEH_0039,2026-09-30 13:14:08,19.409656,77.03535,41.64,86.11,Running
VEH_0039,2026-09-30 13:45:08,19.88185,78.629463,57.87,81.67,Running
VEH_0039,2026-09-30 14:22:08,20.32701,80.275887,43.98,77.22,Running
VEH_0039,2026-09-30 14:31:08,20.811508,81.889704,40.98,72.78,Running
VEH_0039,2026-09-30 14:30:08,21.267702,83.516008,66.18,68.33,Running
VEH_0039,2026-09-30 15:07:08,21.709686,85.117502,69.16,63.89,Running
VEH_0039,2026-09-30 15:08:08,22.181301,86.738249,55.87,59.44,Running
VEH_0038,2026-09-30 13:59:08,16.519724,78.471021,40.79,90.56,Running
VEH_0038,2026-09-30 14:03:08,15.684126,78.408207,58.99,86.11,Running
VEH_0038,2026-09-30 13:57:08,14.854319,78.37566,42.46,81.67,Running
VEH_0038,2026-09-30 14:32:08,14.044447,78.333746,38.6,77.22,Running
VEH_0038,2026-09-30 14:15:08,13.201969,78.29005,62.28,72.78,Running
VEH_0038,2026-09-30 15:03:08,12.370977,78.255041,56.35,68.33,Running
VEH_0038,2026-09-30 15:07:08,11.55448,78.214946,62.18,63.89,Running
VEH_0038,2026-09-30 15:12:08,10.733266,78.180044,52.92,59.44,Running
VEH_0012,2026-09-30 14:09:08,11.075866,77.087273,45.72,89.29,Running
VEH_0012,2026-09-30 14:37:08,11.180952,77.254905,47.56,83.57,Running
VEH_0012,2026-09-30 14:19:08,11.250655,77.433291,43.58,77.86,Running
VEH_0012,2026-09-30 14:45:08,11.3565,77.595987,59.5,72.14,Running
VEH_0012,2026-09-30 14:55:08,11.445652,77.761469,38.2,66.43,Running
VEH_0012,2026-09-30 15:09:08,11.544357,77.938688,66.61,60.71,Running
VEH_0019,2026-09-30 14:43:08,17.364593,74.559018,46.92,87.0,Running
VEH_0019,2026-09-30 15:03:08,16.263799,75.304484,58.83,79.0,Running
VEH_0019,2026-09-30 14:53:08,15.151615,76.061885,44.98,71.0,Running
VEH_0019,2026-09-30 15:07:08,14.038885,76.837787,69.96,63.0,Running
VEH_0069,2026-09-30 14:47:08,14.66406,77.667018,40.03,87.0,Running
VEH_0069,2026-09-30 14:57:08,17.72412,77.200654,67.11,79.0,Running
VEH_0069,2026-09-30 14:59:08,20.802895,76.74396,60.28,71.0,Running
VEH_0069,2026-09-30 15:12:08,23.853274,76.289827,44.14,63.0,Running
VEH_0066,2026-09-30 13:45:08,11.839926,75.753765,44.77,89.29,Running
VEH_0066,2026-09-30 14:12:08,13.693255,75.219317,43.14,83.57,Running
VEH_0066,2026-09-30 14:51:08,15.556839,74.693678,58.69,77.86,Running
VEH_0066,2026-09-30 14:42:08,17.404534,74.163836,63.21,72.14,Running
VEH_0066,2026-09-30 14:57:08,19.235336,73.615567,61.89,66.43,Running
VEH_0066,2026-09-30 15:07:08,21.111705,73.07847,66.47,60.71,Running
VEH_0079,2026-09-30 14:07:08,16.511992,78.301603,38.0,87.0,Running
VEH_0079,2026-09-30 14:27:08,15.622018,78.132665,69.98,79.0,Running
VEH_0079,2026-09-30 14:53:08,14.711912,77.962653,65.47,71.0,Running
VEH_0079,2026-09-30 15:09:08,13.811402,77.783525,64.42,63.0,Running
VEH_0062,2026-09-30 13:07:08,11.632002,75.814666,48.2,90.0,Running
VEH_0062,2026-09-30 14:03:08,13.244245,75.355775,50.84,85.0,Running
VEH_0062,2026-09-30 14:47:08,14.901853,74.882363,52.94,80.0,Running
VEH_0062,2026-09-30 14:23:08,16.527859,74.409821,71.38,75.0,Running
VEH_0062,2026-09-30 14:57:08,18.157519,73.962431,40.43,70.0,Running
VEH_0062,2026-09-30 14:49:08,19.788392,73.475196,39.27,65.0,Running
VEH_0062,2026-09-30 15:12:08,21.448254,73.012269,47.78,60.0,Running
VEH_0044,2026-09-30 13:19:08,10.743778,78.443473,62.86,90.56,Running
VEH_0044,2026-09-30 13:07:08,10.635533,78.153368,42.75,86.11,Running
VEH_0044,2026-09-30 13:33:08,10.528937,77.876001,47.26,81.67,Running
VEH_0044,2026-09-30 14:42:08,10.426774,77.585833,60.99,77.22,Running
VEH_0044,2026-09-30 14:47:08,10.31222,77.3187,49.26,72.78,Running
VEH_0044,2026-09-30 14:27:08,10.204862,77.042229,61.8,68.33,Running
VEH_0044,2026-09-30 14:49:08,10.089724,76.771154,69.51,63.89,Running
VEH_0044,2026-09-30 15:10:08,9.977608,76.490368,41.4,59.44,Running
VEH_0065,2026-09-30 13:45:08,15.279835,79.785318,41.56,89.29,Running
VEH_0065,2026-09-30 13:47:08,17.535289,79.346521,69.93,83.57,Running
VEH_0065,2026-09-30 14:31:08,19.781156,78.891896,38.32,77.86,Running
VEH_0065,2026-09-30 14:33:08,22.032926,78.45134,41.36,72.14,Running
VEH_0065,2026-09-30 15:05:08,24.289339,77.984772,62.61,66.43,Running
VEH_0065,2026-09-30 15:12:08,26.512431,77.542866,48.75,60.71,Running
VEH_0055,2026-09-30 14:22:08,10.805307,77.105049,64.91,88.33,Running
VEH_0055,2026-09-30 14:11:08,10.640949,77.323832,42.83,81.67,Running
VEH_0055,2026-09-30 14:33:08,10.466685,77.556098,67.46,75.0,Running
VEH_0055,2026-09-30 15:05:08,10.283755,77.764715,58.42,68.33,Running
VEH_0055,2026-09-30 15:13:08,10.117921,77.972976,46.4,61.67,Running
VEH_0007,2026-09-30 13:14:08,12.938623,79.248013,50.72,90.0,Running
VEH_0007,2026-09-30 14:33:08,12.954597,79.378274,70.46,85.0,Running
VEH_0007,2026-09-30 14:17:08,12.979728,79.51593,51.78,80.0,Running
VEH_0007,2026-09-30 14:55:08,12.984946,79.681167,47.93,75.0,Running
VEH_0007,2026-09-30 14:57:08,13.018483,79.806517,48.38,70.0,Running
VEH_0007,2026-09-30 15:09:08,13.010402,79.961555,69.03,65.0,Running
VEH_0007,2026-09-30 15:08:08,13.018198,80.084729,69.22,60.0,Running
VEH_0037,2026-09-30 14:27:08,11.099937,77.106224,62.69,88.33,Running
VEH_0037,2026-09-30 14:27:08,11.208255,77.290931,47.75,81.67,Running
VEH_0037,2026-09-30 14:39:08,11.29955,77.50141,68.87,75.0,Running
VEH_0037,2026-09-30 14:53:08,11.394503,77.709289,53.33,68.33,Running
VEH_0037,2026-09-30 15:16:08,11.496236,77.902343,41.0,61.67,Running
VEH_0037,2026-09-30 14:11:08,10.643278,78.537794,39.85,87.0,Running
VEH_0037,2026-09-30 14:42:08,10.468326,78.424903,64.6,79.0,Running
VEH_0037,2026-09-30 15:05:08,10.281309,78.320331,62.24,71.0,Running
VEH_0037,2026-09-30 15:19:08,10.097556,78.221056,70.5,63.0,Running
VEH_0033,2026-09-30 13:28:08,11.25178,77.299828,55.9,90.0,Running
VEH_0033,2026-09-30 13:51:08,11.521229,77.718402,56.58,85.0,Running
VEH_0033,2026-09-30 13:57:08,11.792759,78.136558,70.44,80.0,Running
VEH_0033,2026-09-30 14:07:08,12.053535,78.54714,64.37,75.0,Running
VEH_0033,2026-09-30 14:57:08,12.303226,78.946382,57.27,70.0,Running
VEH_0033,2026-09-30 14:57:08,12.572834,79.385936,67.18,65.0,Running
VEH_0033,2026-09-30 15:17:08,12.853617,79.768978,47.29,60.0,Running
VEH_0011,2026-09-30 14:23:08,16.605672,78.527804,41.92,90.56,Running
VEH_0011,2026-09-30 13:35:08,15.889194,78.554484,54.46,86.11,Running
VEH_0011,2026-09-30 14:21:08,15.187735,78.585019,43.47,81.67,Running
VEH_0011,2026-09-30 13:57:08,14.441824,78.594812,70.8,77.22,Running
VEH_0011,2026-09-30 14:39:08,13.731828,78.633502,52.51,72.78,Running
VEH_0011,2026-09-30 15:03:08,13.020253,78.644442,70.68,68.33,Running
VEH_0011,2026-09-30 14:59:08,12.298944,78.658039,64.09,63.89,Running
VEH_0011,2026-09-30 15:08:08,11.578763,78.698669,42.82,59.44,Running
VEH_0019,2026-09-30 14:31:08,19.597467,72.868789,53.03,90.0,Running
VEH_0019,2026-09-30 14:39:08,20.07614,72.827085,47.08,85.0,Running
VEH_0019,2026-09-30 14:02:08,20.588845,72.780928,47.22,80.0,Running
VEH_0019,2026-09-30 14:47:08,21.066935,72.729417,56.93,75.0,Running
VEH_0019,2026-09-30 15:03:08,21.575855,72.691568,50.49,70.0,Running
VEH_0019,2026-09-30 14:47:08,22.08619,72.63532,55.47,65.0,Running
VEH_0019,2026-09-30 15:10:08,22.582185,72.599918,40.06,60.0,Running
VEH_0059,2026-09-30 13:35:08,18.920575,75.391285,49.83,90.56,Running
VEH_0059,2026-09-30 13:42:08,19.363655,77.002964,67.39,86.11,Running
VEH_0059,2026-09-30 13:33:08,19.828547,78.621952,48.98,81.67,Running
VEH_0059,2026-09-30 14:22:08,20.261733,80.229829,50.07,77.22,Running
VEH_0059,2026-09-30 14:35:08,20.713687,81.847872,66.95,72.78,Running
VEH_0059,2026-09-30 14:42:08,21.156567,83.453957,67.52,68.33,Running
VEH_0059,2026-09-30 14:47:08,21.600305,85.081096,49.36,63.89,Running
VEH_0059,2026-09-30 15:09:08,22.053755,86.677186,53.87,59.44,Running
VEH_0024,2026-09-30 13:03:08,12.968073,79.139321,56.02,90.56,Running
VEH_0024,2026-09-30 14:24:08,13.060874,79.176268,46.55,86.11,Running
VEH_0024,2026-09-30 13:27:08,13.11436,79.2129,71.94,81.67,Running
VEH_0024,2026-09-30 14:17:08,13.205004,79.236899,55.35,77.22,Running
VEH_0024,2026-09-30 14:51:08,13.275363,79.289323,42.41,72.78,Running
VEH_0024,2026-09-30 14:27:08,13.34993,79.337826,41.39,68.33,Running
VEH_0024,2026-09-30 14:55:08,13.417318,79.373462,56.48,63.89,Running
VEH_0024,2026-09-30 15:09:08,13.500261,79.404377,39.56,59.44,Running
VEH_0069,2026-09-30 14:15:08,13.602982,80.103456,45.89,90.56,Running
VEH_0069,2026-09-30 13:42:08,14.057436,79.901573,61.18,86.11,Running
VEH_0069,2026-09-30 14:15:08,14.531379,79.689132,70.73,81.67,Running
VEH_0069,2026-09-30 14:12:08,14.999786,79.511536,46.66,77.22,Running
VEH_0069,2026-09-30 14:31:08,15.47803,79.305013,70.47,72.78,Running
VEH_0069,2026-09-30 14:39:08,15.94506,79.092896,49.68,68.33,Running
VEH_0069,2026-09-30 15:07:08,16.413073,78.888739,40.16,63.89,Running
VEH_0069,2026-09-30 15:16:08,16.875924,78.689174,60.73,59.44,Running
VEH_0025,2026-09-30 14:09:08,13.181569,80.170711,60.58,89.29,Running
VEH_0025,2026-09-30 14:07:08,13.262431,80.069894,64.31,83.57,Running
VEH_0025,2026-09-30 14:19:08,13.319767,79.944536,52.82,77.86,Running
VEH_0025,2026-09-30 14:45:08,13.370676,79.809239,52.5,72.14,Running
VEH_0025,2026-09-30 14:57:08,13.440018,79.698883,60.53,66.43,Running
VEH_0025,2026-09-30 15:17:08,13.503917,79.565972,47.54,60.71,Running
VEH_0057,2026-09-30 14:17:08,10.46267,76.781145,54.22,88.33,Running
VEH_0057,2026-09-30 14:11:08,10.961368,77.265244,53.95,81.67,Running
VEH_0057,2026-09-30 14:27:08,11.437919,77.72922,40.32,75.0,Running
VEH_0057,2026-09-30 14:47:08,11.914533,78.238951,50.27,68.33,Running
VEH_0057,2026-09-30 15:18:08,12.391624,78.701983,60.08,61.67,Running
VEH_0057,2026-09-30 14:27:08,20.162215,74.30533,64.9,87.0,Running
VEH_0057,2026-09-30 14:45:08,21.844296,74.652874,67.96,79.0,Running
VEH_0057,2026-09-30 14:55:08,23.548415,75.022785,68.47,71.0,Running
VEH_0057,2026-09-30 15:10:08,25.239682,75.383637,62.48,63.0,Running
VEH_0003,2026-09-30 14:27:08,17.563962,77.566819,61.5,87.0,Running
VEH_0003,2026-09-30 14:36:08,17.780202,76.599827,42.86,79.0,Running
VEH_0003,2026-09-30 14:51:08,18.033355,75.662075,65.06,71.0,Running
VEH_0003,2026-09-30 15:13:08,18.261124,74.736014,62.27,63.0,Running
VEH_0002,2026-09-30 14:27:08,12.293572,78.916028,50.49,87.0,Running
VEH_0002,2026-09-30 14:42:08,11.715495,78.729938,53.39,79.0,Running
VEH_0002,2026-09-30 14:55:08,11.115226,78.55665,46.19,71.0,Running
VEH_0002,2026-09-30 15:09:08,10.512243,78.378804,41.14,63.0,Running
VEH_0053,2026-09-30 14:35:08,19.107894,72.912833,47.24,87.0,Running
VEH_0053,2026-09-30 14:33:08,19.09701,72.907831,60.89,79.0,Running
VEH_0053,2026-09-30 15:07:08,19.109622,72.930798,49.03,71.0,Running
VEH_0053,2026-09-30 15:11:08,19.136288,72.914722,39.91,63.0,Running
VEH_0029,2026-09-30 14:43:08,17.904653,73.826416,50.03,87.0,Running
VEH_0029,2026-09-30 14:54:08,16.653512,74.762728,70.17,79.0,Running
VEH_0029,2026-09-30 15:07:08,15.431217,75.683808,48.99,71.0,Running
VEH_0029,2026-09-30 15:10:08,14.180291,76.585651,52.72,63.0,Running
VEH_0045,2026-09-30 14:31:08,17.799027,74.608221,41.11,90.0,Running
VEH_0045,2026-09-30 14:39:08,17.149875,75.4117,51.58,85.0,Running
VEH_0045,2026-09-30 13:47:08,16.474083,76.220816,61.16,80.0,Running
VEH_0045,2026-09-30 14:47:08,15.789768,77.029146,66.07,75.0,Running
VEH_0045,2026-09-30 14:39:08,15.134011,77.8662,59.0,70.0,Running
VEH_0045,2026-09-30 15:07:08,14.451821,78.670672,43.88,65.0,Running
VEH_0045,2026-09-30 15:09:08,13.783985,79.471845,71.88,60.0,Running
VEH_0067,2026-09-30 14:31:08,16.095505,78.534981,59.54,87.0,Running
VEH_0067,2026-09-30 14:57:08,14.777941,78.558165,41.99,79.0,Running
VEH_0067,2026-09-30 14:59:08,13.449095,78.574468,65.36,71.0,Running
VEH_0067,2026-09-30 15:18:08,12.127479,78.615908,70.95,63.0,Running
VEH_0039,2026-09-30 14:31:08,12.696158,79.939599,58.08,90.0,Running
VEH_0039,2026-09-30 13:33:08,12.30219,79.681622,65.2,85.0,Running
VEH_0039,2026-09-30 14:47:08,11.916128,79.411524,46.82,80.0,Running
VEH_0039,2026-09-30 14:55:08,11.490783,79.173208,51.28,75.0,Running
VEH_0039,2026-09-30 14:45:08,11.096987,78.896514,54.9,70.0,Running
VEH_0039,2026-09-30 15:09:08,10.691163,78.651395,51.8,65.0,Running
VEH_0039,2026-09-30 15:10:08,10.318784,78.373686,62.45,60.0,Running
VEH_0010,2026-09-30 13:33:08,12.662118,77.687848,44.78,89.29,Running
VEH_0010,2026-09-30 14:02:08,12.346709,77.851909,38.3,83.57,Running
VEH_0010,2026-09-30 14:31:08,12.056998,77.983463,69.75,77.86,Running
VEH_0010,2026-09-30 14:51:08,11.731667,78.155424,42.09,72.14,Running
VEH_0010,2026-09-30 15:07:08,11.437891,78.312192,59.91,66.43,Running
VEH_0010,2026-09-30 15:12:08,11.132771,78.463535,59.28,60.71,Running
VEH_0027,2026-09-30 14:07:08,21.272468,73.659518,67.2,88.33,Running
VEH_0027,2026-09-30 14:07:08,19.594389,74.765965,64.59,81.67,Running
VEH_0027,2026-09-30 14:36:08,17.902338,75.888965,63.58,75.0,Running
VEH_0027,2026-09-30 15:01:08,16.25181,76.997018,62.13,68.33,Running
VEH_0027,2026-09-30 15:17:08,14.565437,78.097901,59.65,61.67,Running
VEH_0080,2026-09-30 14:47:08,17.637837,73.789162,63.98,88.33,Running
VEH_0080,2026-09-30 14:23:08,16.09724,74.638414,53.6,81.67,Running
VEH_0080,2026-09-30 14:30:08,14.552685,75.519686,58.89,75.0,Running
VEH_0080,2026-09-30 15:01:08,13.024016,76.418451,55.42,68.33,Running
VEH_0080,2026-09-30 15:19:08,11.490975,77.29013,55.67,61.67,Running
VEH_0079,2026-09-30 13:19:08,17.718385,74.250297,52.63,90.56,Running
VEH_0079,2026-09-30 14:31:08,16.95127,74.742848,48.13,86.11,Running
VEH_0079,2026-09-30 13:33:08,16.182496,75.217811,45.12,81.67,Running
VEH_0079,2026-09-30 14:47:08,15.407325,75.705592,70.1,77.22,Running
VEH_0079,2026-09-30 14:07:08,14.661591,76.173061,44.37,72.78,Running
VEH_0079,2026-09-30 14:30:08,13.906196,76.673489,45.64,68.33,Running
VEH_0079,2026-09-30 14:53:08,13.129567,77.150911,68.72,63.89,Running
VEH_0079,2026-09-30 15:11:08,12.365579,77.643402,64.02,59.44,Running
VEH_0044,2026-09-30 13:57:08,26.316319,77.22775,56.71,89.29,Running
VEH_0044,2026-09-30 14:07:08,23.860473,77.383302,52.59,83.57,Running
VEH_0044,2026-09-30 14:39:08,21.403905,77.514578,42.75,77.86,Running
VEH_0044,2026-09-30 14:33:08,18.95514,77.66721,55.64,72.14,Running
VEH_0044,2026-09-30 15:01:08,16.505441,77.820794,38.6,66.43,Running
VEH_0044,2026-09-30 15:16:08,14.068965,77.965,57.73,60.71,Running
VEH_0068,2026-09-30 14:07:08,14.67572,77.648648,50.02,87.0,Running
VEH_0068,2026-09-30 14:36:08,17.742114,77.2178,68.92,79.0,Running
VEH_0068,2026-09-30 14:53:08,20.781803,76.749386,53.25,71.0,Running
VEH_0068,2026-09-30 15:08:08,23.845983,76.307929,53.22,63.0,Running
VEH_0026,2026-09-30 14:17:08,10.913315,76.508599,59.46,90.0,Running
VEH_0026,2026-09-30 14:27:08,11.821942,76.79365,59.67,85.0,Running
VEH_0026,2026-09-30 14:27:08,12.733271,77.070888,71.1,80.0,Running
VEH_0026,2026-09-30 14:43:08,13.654569,77.334757,56.56,75.0,Running
VEH_0026,2026-09-30 14:51:08,14.584611,77.604369,53.27,70.0,Running
VEH_0026,2026-09-30 14:51:08,15.496895,77.897016,63.85,65.0,Running
VEH_0026,2026-09-30 15:14:08,16.384341,78.162771,69.7,60.0,Running
VEH_0016,2026-09-30 13:39:08,17.412582,74.268871,56.06,89.29,Running
VEH_0016,2026-09-30 14:12:08,16.346334,74.704568,39.43,83.57,Running
VEH_0016,2026-09-30 14:31:08,15.275084,75.148382,54.59,77.86,Running
VEH_0016,2026-09-30 15:03:08,14.198266,75.590525,61.02,72.14,Running
VEH_0016,2026-09-30 15:01:08,13.122254,76.013405,66.66,66.43,Running
VEH_0016,2026-09-30 15:18:08,12.059007,76.464462,71.6,60.71,Running
VEH_0045,2026-09-30 13:27:08,25.825485,75.425971,64.12,89.29,Running
VEH_0045,2026-09-30 14:12:08,24.705666,75.012779,46.23,83.57,Running
VEH_0045,2026-09-30 14:23:08,23.580521,74.607991,59.91,77.86,Running
VEH_0045,2026-09-30 14:27:08,22.466185,74.17376,40.65,72.14,Running
VEH_0045,2026-09-30 15:05:08,21.367346,73.767986,48.31,66.43,Running
VEH_0045,2026-09-30 15:10:08,20.254664,73.340288,56.83,60.71,Running
VEH_0038,2026-09-30 14:15:08,10.598899,76.505135,54.92,87.0,Running
VEH_0038,2026-09-30 14:54:08,11.16119,76.770152,69.68,79.0,Running
VEH_0038,2026-09-30 14:59:08,11.755041,77.043263,40.88,71.0,Running
VEH_0038,2026-09-30 15:07:08,12.346964,77.325387,43.76,63.0,Running
VEH_0008,2026-09-30 14:24:08,21.427957,87.21325,46.93,90.0,Running
VEH_0008,2026-09-30 14:09:08,20.299844,86.08346,39.05,85.0,Running
VEH_0008,2026-09-30 13:52:08,19.193624,84.97873,61.27,80.0,Running
VEH_0008,2026-09-30 14:35:08,18.071339,83.854445,63.86,75.0,Running
VEH_0008,2026-09-30 14:39:08,16.953622,82.731724,50.63,70.0,Running
VEH_0008,2026-09-30 14:53:08,15.832416,81.635492,62.67,65.0,Running
VEH_0008,2026-09-30 15:15:08,14.692232,80.502397,46.58,60.0,Running
VEH_0011,2026-09-30 14:07:08,14.55955,78.338902,71.62,87.0,Running
VEH_0011,2026-09-30 14:27:08,15.541703,77.194182,50.07,79.0,Running
VEH_0011,2026-09-30 15:07:08,16.532094,76.080377,39.5,71.0,Running
VEH_0011,2026-09-30 15:08:08,17.514662,74.957009,65.69,63.0,Running
VEH_0063,2026-09-30 13:35:08,19.002377,75.724097,50.19,90.0,Running
VEH_0063,2026-09-30 14:03:08,19.533137,77.533621,44.09,85.0,Running
VEH_0063,2026-09-30 14:42:08,20.044411,79.332161,70.07,80.0,Running
VEH_0063,2026-09-30 14:15:08,20.550837,81.155763,39.4,75.0,Running
VEH_0063,2026-09-30 14:33:08,21.084322,82.95442,53.71,70.0,Running
VEH_0063,2026-09-30 15:03:08,21.598826,84.761993,40.63,65.0,Running
VEH_0063,2026-09-30 15:07:08,22.124578,86.567956,68.12,60.0,Running
VEH_0061,2026-09-30 13:56:08,10.847783,78.18235,41.47,90.0,Running
VEH_0061,2026-09-30 13:39:08,11.783824,78.23273,50.05,85.0,Running
VEH_0061,2026-09-30 14:37:08,12.730676,78.271202,50.33,80.0,Running
VEH_0061,2026-09-30 14:15:08,13.662784,78.320489,53.4,75.0,Running
VEH_0061,2026-09-30 14:45:08,14.609615,78.35015,49.18,70.0,Running
VEH_0061,2026-09-30 14:51:08,15.520897,78.401168,53.0,65.0,Running
VEH_0061,2026-09-30 15:18:08,16.469812,78.460672,50.25,60.0,Running
VEH_0011,2026-09-30 13:11:08,19.439406,74.045416,52.35,90.56,Running
VEH_0011,2026-09-30 13:14:08,20.374829,74.265344,67.97,86.11,Running
VEH_0011,2026-09-30 14:09:08,21.292679,74.511352,55.1,81.67,Running
VEH_0011,2026-09-30 14:12:08,22.251977,74.734608,38.51,77.22,Running
VEH_0011,2026-09-30 14:47:08,23.184317,74.937107,68.24,72.78,Running
VEH_0011,2026-09-30 14:27:08,24.12749,75.182749,52.02,68.33,Running
VEH_0011,2026-09-30 15:03:08,25.060469,75.408033,41.5,63.89,Running
VEH_0011,2026-09-30 15:13:08,25.986441,75.613567,50.97,59.44,Running
VEH_0038,2026-09-30 14:12:08,20.437429,86.62081,47.03,88.33,Running
VEH_0038,2026-09-30 14:47:08,18.346794,84.921558,58.12,81.67,Running
VEH_0038,2026-09-30 14:27:08,16.219051,83.235581,60.66,75.0,Running
VEH_0038,2026-09-30 14:53:08,14.111254,81.532022,51.28,68.33,Running
VEH_0038,2026-09-30 15:11:08,12.026594,79.817429,58.1,61.67,Running
VEH_0022,2026-09-30 14:27:08,13.787379,78.200123,45.02,89.29,Running
VEH_0022,2026-09-30 13:47:08,14.692201,77.310191,46.38,83.57,Running
VEH_0022,2026-09-30 14:11:08,15.567425,76.445544,54.43,77.86,Running
VEH_0022,2026-09-30 14:42:08,16.468321,75.551165,62.87,72.14,Running
VEH_0022,2026-09-30 14:55:08,17.356969,74.665649,56.83,66.43,Running
VEH_0022,2026-09-30 15:09:08,18.262992,73.792429,68.0,60.71,Running
VEH_0027,2026-09-30 14:39:08,23.743279,73.245698,44.63,87.0,Running
VEH_0027,2026-09-30 15:03:08,24.551574,73.897959,44.38,79.0,Running
VEH_0027,2026-09-30 15:03:08,25.334598,74.544913,47.47,71.0,Running
VEH_0027,2026-09-30 15:14:08,26.143002,75.204197,40.41,63.0,Running
VEH_0053,2026-09-30 13:39:08,20.51281,73.526445,63.08,89.29,Running
VEH_0053,2026-09-30 13:52:08,21.886471,74.111981,56.02,83.57,Running
VEH_0053,2026-09-30 14:23:08,23.236221,74.703794,39.32,77.86,Running
VEH_0053,2026-09-30 15:00:08,24.61186,75.292293,50.15,72.14,Running
VEH_0053,2026-09-30 14:57:08,25.990869,75.884045,53.03,66.43,Running
VEH_0053,2026-09-30 15:13:08,27.356434,76.488931,43.74,60.71,Running
VEH_0045,2026-09-30 13:49:08,12.734687,79.802753,42.54,90.0,Running
VEH_0045,2026-09-30 13:45:08,12.33995,79.297979,54.54,85.0,Running
VEH_0045,2026-09-30 14:07:08,11.940597,78.773568,42.97,80.0,Running
VEH_0045,2026-09-30 14:15:08,11.559617,78.273442,63.35,75.0,Running
VEH_0045,2026-09-30 14:57:08,11.181792,77.776493,56.5,70.0,Running
VEH_0045,2026-09-30 15:09:08,10.768495,77.254098,54.59,65.0,Running
VEH_0045,2026-09-30 15:18:08,10.390782,76.749698,70.72,60.0,Running
VEH_0015,2026-09-30 14:12:08,12.204686,77.667727,53.12,88.33,Running
VEH_0015,2026-09-30 14:55:08,13.582857,76.738319,41.27,81.67,Running
VEH_0015,2026-09-30 14:42:08,14.977665,75.772732,70.78,75.0,Running
VEH_0015,2026-09-30 14:47:08,16.363473,74.839034,67.04,68.33,Running
VEH_0015,2026-09-30 15:12:08,17.731735,73.884753,40.11,61.67,Running
VEH_0043,2026-09-30 14:17:08,11.847599,78.455959,46.66,88.33,Running
VEH_0043,2026-09-30 14:35:08,12.089023,78.816393,53.56,81.67,Running
VEH_0043,2026-09-30 15:00:08,12.361332,79.155419,58.99,75.0,Running
VEH_0043,2026-09-30 14:53:08,12.61354,79.498713,57.07,68.33,Running
VEH_0043,2026-09-30 15:12:08,12.847633,79.85141,47.03,61.67,Running
VEH_0027,2026-09-30 13:43:08,10.816751,75.926633,45.54,90.56,Running
VEH_0027,2026-09-30 13:42:08,11.784183,75.674127,66.47,86.11,Running
VEH_0027,2026-09-30 14:09:08,12.737074,75.406332,40.93,81.67,Running
VEH_0027,2026-09-30 14:42:08,13.706362,75.124148,63.65,77.22,Running
VEH_0027,2026-09-30 14:19:08,14.649583,74.872398,52.62,72.78,Running
VEH_0027,2026-09-30 14:33:08,15.59735,74.59946,45.0,68.33,Running
VEH_0027,2026-09-30 14:51:08,16.570615,74.310845,57.71,63.89,Running
VEH_0027,2026-09-30 15:18:08,17.517157,74.041381,59.71,59.44,Running
VEH_0048,2026-09-30 14:27:08,18.048481,73.93381,52.96,88.33,Running
VEH_0048,2026-09-30 14:19:08,17.023064,74.989094,62.98,81.67,Running
VEH_0048,2026-09-30 15:03:08,16.017114,76.004547,56.27,75.0,Running
VEH_0048,2026-09-30 14:59:08,14.977529,77.041458,57.55,68.33,Running
VEH_0048,2026-09-30 15:12:08,13.955775,78.089959,39.02,61.67,Running
VEH_0051,2026-09-30 14:31:08,13.890204,77.720277,46.11,87.0,Running
VEH_0051,2026-09-30 14:36:08,14.741093,77.882648,62.46,79.0,Running
VEH_0051,2026-09-30 14:55:08,15.588042,78.075981,60.78,71.0,Running
VEH_0051,2026-09-30 15:15:08,16.452111,78.269495,38.13,63.0,Running
VEH_0072,2026-09-30 14:07:08,28.080036,78.352321,39.61,90.56,Running
VEH_0072,2026-09-30 13:35:08,27.38093,79.594095,55.53,86.11,Running
VEH_0072,2026-09-30 14:09:08,26.686823,80.841737,56.03,81.67,Running
VEH_0072,2026-09-30 14:07:08,26.002542,82.09774,61.63,77.22,Running
VEH_0072,2026-09-30 14:35:08,25.308843,83.327613,42.83,72.78,Running
VEH_0072,2026-09-30 14:33:08,24.642273,84.576339,68.88,68.33,Running
VEH_0072,2026-09-30 14:55:08,23.935074,85.811048,60.89,63.89,Running
VEH_0072,2026-09-30 15:15:08,23.237889,87.079392,62.43,59.44,Running
VEH_0060,2026-09-30 13:45:08,19.072147,75.872169,67.77,89.29,Running
VEH_0060,2026-09-30 14:42:08,19.66702,77.942185,50.54,83.57,Running
VEH_0060,2026-09-30 14:47:08,20.251711,80.033405,50.38,77.86,Running
VEH_0060,2026-09-30 14:57:08,20.87413,82.10181,71.03,72.14,Running
VEH_0060,2026-09-30 15:09:08,21.46201,84.187902,64.34,66.43,Running
VEH_0060,2026-09-30 15:17:08,22.069211,86.293156,56.19,60.71,Running
